run_id,app_source_id,app_name,app_id,country,language,review_key,source_review_id,is_missing_review_id,user_name,rating,thumbs_up_count,review_created_at,app_version,developer_reply_content,developer_replied_at,raw_text,cleaned_text,raw_text_hash,cleaned_text_hash,raw_response_json
run5_day3_20260704_032957,1,YouTube,com.google.android.youtube,us,en,acc6806582d3c7df81f8bcb52211f5f49992b583e5ea5011c6904435fff6d239,878d384b-be09-4dc4-b416-4d07d253b014,0,Morsalin Islam,5,0,2026-07-03T03:28:03+00:00,17.11.34,,,Nice,Nice,fdc96ffbf256523aec8846ae56321053c7ab751c99eb766e6bb4a7d362a4f060,fdc96ffbf256523aec8846ae56321053c7ab751c99eb766e6bb4a7d362a4f060,"{""reviewId"": ""878d384b-be09-4dc4-b416-4d07d253b014"", ""userName"": ""Morsalin Islam"", ""userImage"": ""https://play-lh.googleusercontent.com/a/ACg8ocL8COMbtABQ6OLHJtjCGFnvUy5U8v_AceZ2Gg81g9KCOoe7CQ=mo"", ""content"": ""Nice"", ""score"": 5, ""thumbsUpCount"": 0, ""reviewCreatedVersion"": ""17.11.34"", ""at"": ""2026-07-03 03:28:03"", ""replyContent"": null, ""repliedAt"": null, ""appVersion"": ""17.11.34""}"
run5_day3_20260704_032957,1,YouTube,com.google.android.youtube,us,en,b5e982e56ce6fd03bafe1c0f2775f821c3aa919219d039b68cff1053c4652399,ea572bf9-ad5a-4bcd-b388-4132425622a3,0,Amina Bibi,5,0,2026-07-03T03:27:24+00:00,17.07.35,,,YouTube is very important app YouTube is very important in life,YouTube is very important app YouTube is very important in life,253300d1503a144a0bbd9c1aacc0fc02b21df2f4deb96b31cb85a689f13230f4,253300d1503a144a0bbd9c1aacc0fc02b21df2f4deb96b31cb85a689f13230f4,"{""reviewId"": ""ea572bf9-ad5a-4bcd-b388-4132425622a3"", ""userName"": ""Amina Bibi"", ""userImage"": ""https://play-lh.googleusercontent.com/a/ACg8ocJqztcjiI66BkiDnO5fO9Irx2gO_3i8xVIu1d48dbwvZOdtOg=mo"", ""content"": ""YouTube is very important app YouTube is very important in life"", ""score"": 5, ""thumbsUpCount"": 0, ""reviewCreatedVersion"": ""17.07.35"", ""at"": ""2026-07-03 03:27:24"", ""replyContent"": null, ""repliedAt"": null, ""appVersion"": ""17.07.35""}"
run5_day3_20260704_032957,1,YouTube,com.google.android.youtube,us,en,9634b7c825c1078c5e4317820c08148e29edab377bea6341062b6c4f9d9526d8,651c95a1-7801-4b4f-8bdf-a03927414e1b,0,gms chitadungra,5,0,2026-07-03T03:26:17+00:00,21.25.523,,,Very good Excellent,Very good Excellent,9683dbc0f175277e315ae9503cf7fc8423967c1c10e77854e8ae23c7d1b91a9d,9683dbc0f175277e315ae9503cf7fc8423967c1c10e77854e8ae23c7d1b91a9d,"{""reviewId"": ""651c95a1-7801-4b4f-8bdf-a03927414e1b"", ""userName"": ""gms chitadungra"", ""userImage"": ""https://play-lh.googleusercontent.com/a-/ALV-UjV8wbm4hBhdEnP5O1gWkc4mpHHCUXw6QCqj7GW25iH_-cEtspU"", ""content"": ""Very good Excellent"", ""score"": 5, ""thumbsUpCount"": 0, ""reviewCreatedVersion"": ""21.25.523"", ""at"": ""2026-07-03 03:26:17"", ""replyContent"": null, ""repliedAt"": null, ""appVersion"": ""21.25.523""}"
run5_day3_20260704_032957,1,YouTube,com.google.android.youtube,us,en,3367a8bc21f8a6c56a9f3aa33721be22ef6dc4cda106f89bba90dd3f9c0bf935,9d4214e4-f646-4b6d-92a5-18457047b00a,0,Jatin Khatik,5,0,2026-07-03T03:23:27+00:00,21.21.83,,,best app in world,best app in world,35a1fb9ce9f56fc024c4607e1fc8c4ec9f510203ff57d855aff28c3975cdb952,35a1fb9ce9f56fc024c4607e1fc8c4ec9f510203ff57d855aff28c3975cdb952,"{""reviewId"": ""9d4214e4-f646-4b6d-92a5-18457047b00a"", ""userName"": ""Jatin Khatik"", ""userImage"": ""https://play-lh.googleusercontent.com/a/ACg8ocKDAO3EfTqENU912QuX98EKfmPvG4BVHeTgTjUChELS--WGLg=mo"", ""content"": ""best app in world"", ""score"": 5, ""thumbsUpCount"": 0, ""reviewCreatedVersion"": ""21.21.83"", ""at"": ""2026-07-03 03:23:27"", ""replyContent"": null, ""repliedAt"": null, ""appVersion"": ""21.21.83""}"
run5_day3_20260704_032957,1,YouTube,com.google.android.youtube,us,en,2cb291cafc4e58793f8e0db8fa0aca25d43c9dd07bd29e8959691a9c0683cd4a,d7e734af-59f2-4391-bacc-08a0f5e562c2,0,Ashish Verma,5,0,2026-07-03T03:21:47+00:00,21.26.364,,,"this app was very good,but only downloaded videos properly not working 😕","this app was very good,but only downloaded videos properly not working 😕",f66c9993c1d54abfdbe7c8a3a3326de72fdb763878fbb5491ac0b38472eaf462,f66c9993c1d54abfdbe7c8a3a3326de72fdb763878fbb5491ac0b38472eaf462,"{""reviewId"": ""d7e734af-59f2-4391-bacc-08a0f5e562c2"", ""userName"": ""Ashish Verma"", ""userImage"": ""https://play-lh.googleusercontent.com/a/ACg8ocLUVXiXv-Rf93Ce7NrUMdpEY0CoJnKnHLfWcX9ZzzVK7vtnDg=mo"", ""content"": ""this app was very good,but only downloaded videos properly not working 😕"", ""score"": 5, ""thumbsUpCount"": 0, ""reviewCreatedVersion"": ""21.26.364"", ""at"": ""2026-07-03 03:21:47"", ""replyContent"": null, ""repliedAt"": null, ""appVersion"": ""21.26.364""}"
run5_day3_20260704_032957,1,YouTube,com.google.android.youtube,us,en,36663d00f47e08281f41451b654323953b216045f3aef45419a61dcd1eb6988e,e8f5ecef-a8d8-4b7c-bc0f-00badfd80cc3,0,Westley Reed,1,0,2026-07-03T03:21:47+00:00,21.26.364,,,there's no dislike button so now all you get is AI slop in your algorithm,there's no dislike button so now all you get is AI slop in your algorithm,75982db43b9ac47a4847acd3f2408241148034e41b02f0a6ca92f8e261e4b63c,75982db43b9ac47a4847acd3f2408241148034e41b02f0a6ca92f8e261e4b63c,"{""reviewId"": ""e8f5ecef-a8d8-4b7c-bc0f-00badfd80cc3"", ""userName"": ""Westley Reed"", ""userImage"": ""https://play-lh.googleusercontent.com/a/ACg8ocKPFg2TyEatRAlwpSCMXbsau4I1cMGeBxaMn_qxnuXGak1szA=mo"", ""content"": ""there's no dislike button so now all you get is AI slop in your algorithm"", ""score"": 1, ""thumbsUpCount"": 0, ""reviewCreatedVersion"": ""21.26.364"", ""at"": ""2026-07-03 03:21:47"", ""replyContent"": null, ""repliedAt"": null, ""appVersion"": ""21.26.364""}"
run5_day3_20260704_032957,1,YouTube,com.google.android.youtube,us,en,1fdfe886c6b97ae1a1eea2f3c9901817cf454df437cfbc28e35a6bbb5fc3a3ac,755dff31-dcb3-445b-8277-9ada68bfe707,0,Mish Al Rahman,1,0,2026-07-03T03:21:31+00:00,21.25.523,,,why youtube??? why did u remove the dislike button?? and why is there somany trash videos in my feed. i don't want these bullsh!t AI generated videos.,why youtube??? why did u remove the dislike button?? and why is there somany trash videos in my feed. i don't want these bullsh!t AI generated videos.,010fd96c8f2e02e1043906def621aa0b7cee4f0f9de41e4b91266f3195e68ba1,010fd96c8f2e02e1043906def621aa0b7cee4f0f9de41e4b91266f3195e68ba1,"{""reviewId"": ""755dff31-dcb3-445b-8277-9ada68bfe707"", ""userName"": ""Mish Al Rahman"", ""userImage"": ""https://play-lh.googleusercontent.com/a-/ALV-UjV6j2OsiAXJ2tAVuKZL1CjfKAIi1-43H0IIU0rnGtjyTJ5NBbk"", ""content"": ""why youtube??? why did u remove the dislike button?? and why is there somany trash videos in my feed. i don't want these bullsh!t AI generated videos."", ""score"": 1, ""thumbsUpCount"": 0, ""reviewCreatedVersion"": ""21.25.523"", ""at"": ""2026-07-03 03:21:31"", ""replyContent"": null, ""repliedAt"": null, ""appVersion"": ""21.25.523""}"
run5_day3_20260704_032957,1,YouTube,com.google.android.youtube,us,en,ae853ec2b5898d40f76b9c94afdfa511160d7e1bf3533b79b63293c2f25ba1fc,88ceff46-fa13-4e0c-9a62-12092e170b42,0,Saurabh Gupta,1,0,2026-07-03T03:21:04+00:00,21.25.523,,,very bad 2026,very bad 2026,fd7bf3f94efadd5bef1cb39b005c12913476ac845e02c04ad4faa1e9c01f51d9,fd7bf3f94efadd5bef1cb39b005c12913476ac845e02c04ad4faa1e9c01f51d9,"{""reviewId"": ""88ceff46-fa13-4e0c-9a62-12092e170b42"", ""userName"": ""Saurabh Gupta"", ""userImage"": ""https://play-lh.googleusercontent.com/a-/ALV-UjWAvTR1ZQV_mz2k8DMeo4ik-BCCA8hkcK4kQqSzQfYtrzlnHbA"", ""content"": ""very bad 2026"", ""score"": 1, ""thumbsUpCount"": 0, ""reviewCreatedVersion"": ""21.25.523"", ""at"": ""2026-07-03 03:21:04"", ""replyContent"": null, ""repliedAt"": null, ""appVersion"": ""21.25.523""}"
run5_day3_20260704_032957,1,YouTube,com.google.android.youtube,us,en,4339660c9477e48aaf2a8af557eca6e9a7ac2eaed327b64b4d7c33a365a669e8,0caa50ee-7e7e-4f8e-b1c6-eb62cdd86fc1,0,Deillep,5,0,2026-07-03T03:21:01+00:00,21.21.90,,,nice app,nice app,d4b2a436a54d521dc1f6a9d78ae4b159f2b092cf4ee0705ae6b6be9c495d09db,d4b2a436a54d521dc1f6a9d78ae4b159f2b092cf4ee0705ae6b6be9c495d09db,"{""reviewId"": ""0caa50ee-7e7e-4f8e-b1c6-eb62cdd86fc1"", ""userName"": ""Deillep"", ""userImage"": ""https://play-lh.googleusercontent.com/a-/ALV-UjWitMjpwWPOKNk80RIcsm4gnqJcILMfmNcSjITCGHXHtoAHSnut"", ""content"": ""nice app"", ""score"": 5, ""thumbsUpCount"": 0, ""reviewCreatedVersion"": ""21.21.90"", ""at"": ""2026-07-03 03:21:01"", ""replyContent"": null, ""repliedAt"": null, ""appVersion"": ""21.21.90""}"
run5_day3_20260704_032957,1,YouTube,com.google.android.youtube,us,en,dd6650d9be635122cfda77bdf064a24e9e0ad29b4ff64a49a7ec572bc19c560a,1072f67c-fd84-424b-94ae-b861485ab0ca,0,Nita Febbie Chibale,5,0,2026-07-03T03:20:43+00:00,21.26.364,,,I have had an awesome experience for years now,I have had an awesome experience for years now,0d4e13562f07d09037ea7ed1a2875c7a7b3b07c0e2b3f1feb72744323fce7d75,0d4e13562f07d09037ea7ed1a2875c7a7b3b07c0e2b3f1feb72744323fce7d75,"{""reviewId"": ""1072f67c-fd84-424b-94ae-b861485ab0ca"", ""userName"": ""Nita Febbie Chibale"", ""userImage"": ""https://play-lh.googleusercontent.com/a-/ALV-UjW-MhQvgasX6e6a7sqXoO2byMgsHfjJfl1Wdj1ekJBOamorx95R"", ""content"": ""I have had an awesome experience for years now"", ""score"": 5, ""thumbsUpCount"": 0, ""reviewCreatedVersion"": ""21.26.364"", ""at"": ""2026-07-03 03:20:43"", ""replyContent"": null, ""repliedAt"": null, ""appVersion"": ""21.26.364""}"
run5_day3_20260704_032957,1,YouTube,com.google.android.youtube,us,en,13fa2d7b5c1732bc64627e7bf8446808c1c73347a108d8590aa0cc86cb15c2f8,8a107aae-b098-4649-a9d2-900c906090d5,0,Gaurav Sahu,5,0,2026-07-03T03:20:05+00:00,11.04.56,,,My YouTube,My YouTube,92c0cc0c3e3ce2ac1c8f75ca30baae579e92517e177882260abe99625224b6bf,92c0cc0c3e3ce2ac1c8f75ca30baae579e92517e177882260abe99625224b6bf,"{""reviewId"": ""8a107aae-b098-4649-a9d2-900c906090d5"", ""userName"": ""Gaurav Sahu"", ""userImage"": ""https://play-lh.googleusercontent.com/a/ACg8ocJ9wFuc6ljCEJuPshfP8U9sRzqZ8dHBh_rNzUqO4Yk_puc_YQ=mo"", ""content"": ""My YouTube"", ""score"": 5, ""thumbsUpCount"": 0, ""reviewCreatedVersion"": ""11.04.56"", ""at"": ""2026-07-03 03:20:05"", ""replyContent"": null, ""repliedAt"": null, ""appVersion"": ""11.04.56""}"
run5_day3_20260704_032957,1,YouTube,com.google.android.youtube,us,en,2ee4ade6c02b9b80ee72080b3ecf2d7dc4d1081eb751d8157f211efb6d385ee8,5bc8b51d-e26f-4278-a029-b580995fd569,0,L Fleming,1,6,2026-07-03T03:18:54+00:00,21.26.364,,,They finally did it and removed the dislike button for shorts. Just when I thought YouTube couldn't get any worse than it already was...,They finally did it and removed the dislike button for shorts. Just when I thought YouTube couldn't get any worse than it already was...,6b29e37da777bcc10163b4f047bda3a0fdce4a6cb6d146b8ef578856b0a8fe0b,6b29e37da777bcc10163b4f047bda3a0fdce4a6cb6d146b8ef578856b0a8fe0b,"{""reviewId"": ""5bc8b51d-e26f-4278-a029-b580995fd569"", ""userName"": ""L Fleming"", ""userImage"": ""https://play-lh.googleusercontent.com/a-/ALV-UjUjT7toHZ3LBo3hASMXwWiVGrM_uK1sCgKE9ETAIcclDzj9uwQ"", ""content"": ""They finally did it and removed the dislike button for shorts. Just when I thought YouTube couldn't get any worse than it already was..."", ""score"": 1, ""thumbsUpCount"": 6, ""reviewCreatedVersion"": ""21.26.364"", ""at"": ""2026-07-03 03:18:54"", ""replyContent"": null, ""repliedAt"": null, ""appVersion"": ""21.26.364""}"
run5_day3_20260704_032957,1,YouTube,com.google.android.youtube,us,en,5117561e385339eb3487aee500a0373181941c120bb2277ba1033573deb703ad,9a635747-5c08-43bb-b157-5591a58ac18f,0,Zifflezoovop,1,0,2026-07-03T03:18:06+00:00,21.26.364,,,I don't know what they did in this last update but the layout is buggy and I have to close out of the app to get back to my homepage. They took away the dislike button completely and I've had an unacceptable increase of AI slop being forced into my algorithm. I've used YouTube for the majority of my entertainment and music since 2008. But I'm seriously considering deleting it and never looking back if they don't straighten up and put dislikes back and either remove or clearly label Ai videos.,I don't know what they did in this last update but the layout is buggy and I have to close out of the app to get back to my homepage. They took away the dislike button completely and I've had an unacceptable increase of AI slop being forced into my algorithm. I've used YouTube for the majority of my entertainment and music since 2008. But I'm seriously considering deleting it and never looking back if they don't straighten up and put dislikes back and either remove or clearly label Ai videos.,4548a16cc27ee313d3deccf3d1792e5df6e5d87f65139b6436722f6a0723bc93,4548a16cc27ee313d3deccf3d1792e5df6e5d87f65139b6436722f6a0723bc93,"{""reviewId"": ""9a635747-5c08-43bb-b157-5591a58ac18f"", ""userName"": ""Zifflezoovop"", ""userImage"": ""https://play-lh.googleusercontent.com/a-/ALV-UjVCBhaeym_2U6EYCMUBA1_2EVx1ooY5I2FVIsnJFoeHVjRuds_9"", ""content"": ""I don't know what they did in this last update but the layout is buggy and I have to close out of the app to get back to my homepage. They took away the dislike button completely and I've had an unacceptable increase of AI slop being forced into my algorithm. I've used YouTube for the majority of my entertainment and music since 2008. But I'm seriously considering deleting it and never looking back if they don't straighten up and put dislikes back and either remove or clearly label Ai videos."", ""score"": 1, ""thumbsUpCount"": 0, ""reviewCreatedVersion"": ""21.26.364"", ""at"": ""2026-07-03 03:18:06"", ""replyContent"": null, ""repliedAt"": null, ""appVersion"": ""21.26.364""}"
run5_day3_20260704_032957,1,YouTube,com.google.android.youtube,us,en,8edde9eb986221565908495337fd7c1f884ec72851f27c219182e1e41fecc032,6ca61e69-4e1a-47f8-a404-304d1817ca7a,0,Georgia Hutchins,1,41,2026-07-03T03:17:29+00:00,21.26.364,,,"STILL bad. Comments can get deleted by ads coming on. Said ads are longer & without skips. The unwanted AI autodubbing feature keeps confusing English songs for foreign ones. AI filters get put on ppl's vids without consent. Filter buttons 4 videos may jump to my prior search. Comments I make on a short or post may pop into the comments of the short, post, or vid I was on prior. Bot issues. AI ads—I can't report—stay up while YouTubers get crippled by strict rules & stolen by AI ""reimagining.""","STILL bad. Comments can get deleted by ads coming on. Said ads are longer & without skips. The unwanted AI autodubbing feature keeps confusing English songs for foreign ones. AI filters get put on ppl's vids without consent. Filter buttons 4 videos may jump to my prior search. Comments I make on a short or post may pop into the comments of the short, post, or vid I was on prior. Bot issues. AI ads—I can't report—stay up while YouTubers get crippled by strict rules & stolen by AI ""reimagining.""",68f2afeb4c71169241e6aa099b67bf50549aae7d38f2c7b087878824edf8f6b0,68f2afeb4c71169241e6aa099b67bf50549aae7d38f2c7b087878824edf8f6b0,"{""reviewId"": ""6ca61e69-4e1a-47f8-a404-304d1817ca7a"", ""userName"": ""Georgia Hutchins"", ""userImage"": ""https://play-lh.googleusercontent.com/a/ACg8ocIUQvysnwLT4fbziDh5zsrzIXGJWieatvUWsRMCLobjmGg49Q=mo"", ""content"": ""STILL bad. Comments can get deleted by ads coming on. Said ads are longer & without skips. The unwanted AI autodubbing feature keeps confusing English songs for foreign ones. AI filters get put on ppl's vids without consent. Filter buttons 4 videos may jump to my prior search. Comments I make on a short or post may pop into the comments of the short, post, or vid I was on prior. Bot issues. AI ads—I can't report—stay up while YouTubers get crippled by strict rules & stolen by AI \""reimagining.\"""", ""score"": 1, ""thumbsUpCount"": 41, ""reviewCreatedVersion"": ""21.26.364"", ""at"": ""2026-07-03 03:17:29"", ""replyContent"": null, ""repliedAt"": null, ""appVersion"": ""21.26.364""}"
run5_day3_20260704_032957,1,YouTube,com.google.android.youtube,us,en,a0ae4624d323cf47d0c41c4f49208bf8ff6e394e1cee3cceff15135e233a2165,dfa2056c-fc47-4622-a37c-f3db183fcba9,0,Vatsal,4,0,2026-07-03T03:16:52+00:00,21.22.165,,,please free 2KHD video on,please free 2KHD video on,a0c5bbe2b024b5ee593b687fd5302c5da34a3b44ea3d49974cbbe70eac96de19,a0c5bbe2b024b5ee593b687fd5302c5da34a3b44ea3d49974cbbe70eac96de19,"{""reviewId"": ""dfa2056c-fc47-4622-a37c-f3db183fcba9"", ""userName"": ""Vatsal"", ""userImage"": ""https://play-lh.googleusercontent.com/a-/ALV-UjXcwDXGjz_a0PUcR5BB1VmXOWG6nTPnO-gWvUkQ6O9iulRea68"", ""content"": ""please free 2KHD video on"", ""score"": 4, ""thumbsUpCount"": 0, ""reviewCreatedVersion"": ""21.22.165"", ""at"": ""2026-07-03 03:16:52"", ""replyContent"": null, ""repliedAt"": null, ""appVersion"": ""21.22.165""}"
run5_day3_20260704_032957,1,YouTube,com.google.android.youtube,us,en,9762c661e49d3cb29105ff5073dd05419504282078be51c4bfdea53686ecfa29,8133a584-ace1-483c-a072-0c927ff1634a,0,[ØNI] Stelar,1,0,2026-07-03T03:16:42+00:00,21.26.364,,,I am a vary active user of this app especially when one short turns in to 10 to 100 but I then ran across a problem I see a Ai video and normally I'll leave a dislike and don't recommend this channel but there's no dislike button. WHERE is my dislike button for YouTube shorts!?!?,I am a vary active user of this app especially when one short turns in to 10 to 100 but I then ran across a problem I see a Ai video and normally I'll leave a dislike and don't recommend this channel but there's no dislike button. WHERE is my dislike button for YouTube shorts!?!?,4e35aa3032432a1db4be2fc9ad425c6ff8941c79e1392c2091e6a077330a9c8a,4e35aa3032432a1db4be2fc9ad425c6ff8941c79e1392c2091e6a077330a9c8a,"{""reviewId"": ""8133a584-ace1-483c-a072-0c927ff1634a"", ""userName"": ""[ØNI] Stelar"", ""userImage"": ""https://play-lh.googleusercontent.com/a-/ALV-UjV2MY5US3sxP1tRJl3Dr7o9zEW3NNzl3owrZ4Ooxcz5O-1X6hW2"", ""content"": ""I am a vary active user of this app especially when one short turns in to 10 to 100 but I then ran across a problem I see a Ai video and normally I'll leave a dislike and don't recommend this channel but there's no dislike button. WHERE is my dislike button for YouTube shorts!?!?"", ""score"": 1, ""thumbsUpCount"": 0, ""reviewCreatedVersion"": ""21.26.364"", ""at"": ""2026-07-03 03:16:42"", ""replyContent"": null, ""repliedAt"": null, ""appVersion"": ""21.26.364""}"
run5_day3_20260704_032957,1,YouTube,com.google.android.youtube,us,en,d200fa51b7f5d54570a1f91f7e1e48f08f82334274ecbf67c673f474edc5f516,aadc752f-1218-44e9-b41f-21ef5b6be235,0,md shohel,5,0,2026-07-03T03:15:01+00:00,20.02.40,,,Nice,Nice,fdc96ffbf256523aec8846ae56321053c7ab751c99eb766e6bb4a7d362a4f060,fdc96ffbf256523aec8846ae56321053c7ab751c99eb766e6bb4a7d362a4f060,"{""reviewId"": ""aadc752f-1218-44e9-b41f-21ef5b6be235"", ""userName"": ""md shohel"", ""userImage"": ""https://play-lh.googleusercontent.com/a-/ALV-UjWWRuA4lL61KRehT_8lkTxEVWQYY6p3m72eyKB5_2ieN0aV8Qo"", ""content"": ""Nice"", ""score"": 5, ""thumbsUpCount"": 0, ""reviewCreatedVersion"": ""20.02.40"", ""at"": ""2026-07-03 03:15:01"", ""replyContent"": null, ""repliedAt"": null, ""appVersion"": ""20.02.40""}"
run5_day3_20260704_032957,1,YouTube,com.google.android.youtube,us,en,afd3cd9ba16141217b31c63d4e654c21cf6e7b685eb340cb15714668a8940507,b5fb5689-769b-4562-acf5-b4ad82970658,0,Sheila Riecke Hargis,5,0,2026-07-03T03:14:12+00:00,21.25.523,,,to many app updates but content and video excellent clear sounding and many to choose from the free you tube,to many app updates but content and video excellent clear sounding and many to choose from the free you tube,e00ba01d5e486efab4ce94345797cd02f063eb263d0e2c5621dd0b7f9c534084,e00ba01d5e486efab4ce94345797cd02f063eb263d0e2c5621dd0b7f9c534084,"{""reviewId"": ""b5fb5689-769b-4562-acf5-b4ad82970658"", ""userName"": ""Sheila Riecke Hargis"", ""userImage"": ""https://play-lh.googleusercontent.com/a/ACg8ocJmmab7QTzOfilcB_fqlR7qu1NX9DVSVxLzeR8jKbI7unAWnw=mo"", ""content"": ""to many app updates but content and video excellent clear sounding and many to choose from the free you tube"", ""score"": 5, ""thumbsUpCount"": 0, ""reviewCreatedVersion"": ""21.25.523"", ""at"": ""2026-07-03 03:14:12"", ""replyContent"": null, ""repliedAt"": null, ""appVersion"": ""21.25.523""}"
run5_day3_20260704_032957,1,YouTube,com.google.android.youtube,us,en,d8810283d529d24c87404102735f76019ad25f7c545ad0d481c7ad98d2137552,3c27c6e4-9fc5-423f-9e7d-1d3005a5244e,0,Pasyhw Sebastian,2,0,2026-07-03T03:13:36+00:00,21.23.483,,,We need the dislike button back on shorts,We need the dislike button back on shorts,adfe7d821dd167ece852828b8b8c7ab54450c661bbf70cae6556db1baa665464,adfe7d821dd167ece852828b8b8c7ab54450c661bbf70cae6556db1baa665464,"{""reviewId"": ""3c27c6e4-9fc5-423f-9e7d-1d3005a5244e"", ""userName"": ""Pasyhw Sebastian"", ""userImage"": ""https://play-lh.googleusercontent.com/a-/ALV-UjU2-JDW2kJrWrxiT13s5UhKUG2AhqWzF7UugWP-8JTu3QbK6T5k"", ""content"": ""We need the dislike button back on shorts"", ""score"": 2, ""thumbsUpCount"": 0, ""reviewCreatedVersion"": ""21.23.483"", ""at"": ""2026-07-03 03:13:36"", ""replyContent"": null, ""repliedAt"": null, ""appVersion"": ""21.23.483""}"
run5_day3_20260704_032957,1,YouTube,com.google.android.youtube,us,en,2f8d3fd9174b31410c6f3d7b2a43caee1198cdb46405d160d8efcd5cdfed3ed4,e37def70-014d-4fdb-bb36-1c4a94159cf2,0,Abhinand Raj C,1,0,2026-07-03T03:12:30+00:00,21.26.364,,,Bring back the dislike button and it's counter.,Bring back the dislike button and it's counter.,e76df4b3c8520eb862d636d5eb72c1be55ecefd34c3799e2fda496b787ca87e2,e76df4b3c8520eb862d636d5eb72c1be55ecefd34c3799e2fda496b787ca87e2,"{""reviewId"": ""e37def70-014d-4fdb-bb36-1c4a94159cf2"", ""userName"": ""Abhinand Raj C"", ""userImage"": ""https://play-lh.googleusercontent.com/a-/ALV-UjXpvHm5f4L9KyzJYqX3guGwGXf65vfi2eYJWURxphP5KjqIcwrX"", ""content"": ""Bring back the dislike button and it's counter."", ""score"": 1, ""thumbsUpCount"": 0, ""reviewCreatedVersion"": ""21.26.364"", ""at"": ""2026-07-03 03:12:30"", ""replyContent"": null, ""repliedAt"": null, ""appVersion"": ""21.26.364""}"
run5_day3_20260704_032957,1,YouTube,com.google.android.youtube,us,en,24df9211792185a82c4696f3aa0b31402d60902bcaa77ab29fd79bc795a39c3e,3184961e-ce31-43cf-b714-bbf263e65542,0,Landon Hernandez,1,0,2026-07-03T03:11:22+00:00,21.26.364,,,You took away the dislike button.,You took away the dislike button.,5cb988d9e4a9691c9991d1f60814c2b199753c4140eeee1eaa68a09f95bc2986,5cb988d9e4a9691c9991d1f60814c2b199753c4140eeee1eaa68a09f95bc2986,"{""reviewId"": ""3184961e-ce31-43cf-b714-bbf263e65542"", ""userName"": ""Landon Hernandez"", ""userImage"": ""https://play-lh.googleusercontent.com/a/ACg8ocKoU04gQOZD1XKoK7lt-22WFa0FDRfWdib6DXpmLE7HmZf-Wg=mo"", ""content"": ""You took away the dislike button."", ""score"": 1, ""thumbsUpCount"": 0, ""reviewCreatedVersion"": ""21.26.364"", ""at"": ""2026-07-03 03:11:22"", ""replyContent"": null, ""repliedAt"": null, ""appVersion"": ""21.26.364""}"
run5_day3_20260704_032957,1,YouTube,com.google.android.youtube,us,en,4561ef9a0116201295dff250d95e3a99b71029300f93d79b6e1e3c4fd951ec41,c122ec0e-d04d-4229-947b-ebfe8a2ac7ed,0,KOHATI GAMER 1,1,0,2026-07-03T03:11:14+00:00,15.26.34,,,not updat,not updat,f5ff8ad0dfdd54b90382f91edba95e3e873994739dd4fcb3bb2f53550f8cfa10,f5ff8ad0dfdd54b90382f91edba95e3e873994739dd4fcb3bb2f53550f8cfa10,"{""reviewId"": ""c122ec0e-d04d-4229-947b-ebfe8a2ac7ed"", ""userName"": ""KOHATI GAMER 1"", ""userImage"": ""https://play-lh.googleusercontent.com/a/ACg8ocIHejzT1Cyb3uZnSwohsICmb8RZRClY2vde8_Su9NZIquoZ0A=mo"", ""content"": ""not updat"", ""score"": 1, ""thumbsUpCount"": 0, ""reviewCreatedVersion"": ""15.26.34"", ""at"": ""2026-07-03 03:11:14"", ""replyContent"": null, ""repliedAt"": null, ""appVersion"": ""15.26.34""}"
run5_day3_20260704_032957,1,YouTube,com.google.android.youtube,us,en,307a642f8cbea3794f6bff0e6a65515caddb250d49ac01815fb0e18ae93c3d80,56451e9d-c301-4d2f-91c7-77b76809d259,0,Komal Yalamarthi,5,0,2026-07-03T03:09:17+00:00,21.26.364,,,Nice,Nice,fdc96ffbf256523aec8846ae56321053c7ab751c99eb766e6bb4a7d362a4f060,fdc96ffbf256523aec8846ae56321053c7ab751c99eb766e6bb4a7d362a4f060,"{""reviewId"": ""56451e9d-c301-4d2f-91c7-77b76809d259"", ""userName"": ""Komal Yalamarthi"", ""userImage"": ""https://play-lh.googleusercontent.com/a/ACg8ocI9L1_FRrJqT716qBtBWk91YGluwQK84Mwwmd72lMmA025-bQ=mo"", ""content"": ""Nice"", ""score"": 5, ""thumbsUpCount"": 0, ""reviewCreatedVersion"": ""21.26.364"", ""at"": ""2026-07-03 03:09:17"", ""replyContent"": null, ""repliedAt"": null, ""appVersion"": ""21.26.364""}"
run5_day3_20260704_032957,1,YouTube,com.google.android.youtube,us,en,cab3b97fcc3add54a214e8e7b54305088905c460d750335c6771334265b29ae3,7542bac8-1f25-49b1-8cee-68c1c0c92020,0,Jose Juliano Magpusao (Hoju),2,0,2026-07-03T03:07:03+00:00,21.26.364,,,Still getting the auto-dimming bug. They also removed the dislike button in the shorts. Not just the app but YT itself becoming sht. Sadly the alternatives aren't great either.,Still getting the auto-dimming bug. They also removed the dislike button in the shorts. Not just the app but YT itself becoming sht. Sadly the alternatives aren't great either.,065d83184fc0513dfe8cd08d2cad7ecd0acd50bb9ed61d63144cda4feb591b86,065d83184fc0513dfe8cd08d2cad7ecd0acd50bb9ed61d63144cda4feb591b86,"{""reviewId"": ""7542bac8-1f25-49b1-8cee-68c1c0c92020"", ""userName"": ""Jose Juliano Magpusao (Hoju)"", ""userImage"": ""https://play-lh.googleusercontent.com/a/ACg8ocJsrxGeuBankma9hsUaVY5ZKnv3C45oTTM5QMefxStvfskr5w=mo"", ""content"": ""Still getting the auto-dimming bug. They also removed the dislike button in the shorts. Not just the app but YT itself becoming sht. Sadly the alternatives aren't great either."", ""score"": 2, ""thumbsUpCount"": 0, ""reviewCreatedVersion"": ""21.26.364"", ""at"": ""2026-07-03 03:07:03"", ""replyContent"": null, ""repliedAt"": null, ""appVersion"": ""21.26.364""}"
run5_day3_20260704_032957,1,YouTube,com.google.android.youtube,us,en,98f90a49d02e972ddd07b25476920d64c8cadada59b94dc4f75c3b7ac1b5685f,6320e820-dfdd-4234-8e60-d51364a5675c,0,CHARLES ZIELSDORF,1,0,2026-07-03T03:05:53+00:00,21.25.527,,,"dislike button gone, uninstall.","dislike button gone, uninstall.",785cd39d63eb584783066543f6f126bee8276644864ff251242a6b1065f7b19b,785cd39d63eb584783066543f6f126bee8276644864ff251242a6b1065f7b19b,"{""reviewId"": ""6320e820-dfdd-4234-8e60-d51364a5675c"", ""userName"": ""CHARLES ZIELSDORF"", ""userImage"": ""https://play-lh.googleusercontent.com/a-/ALV-UjU9Y1fDjQxOibhaT0TSHJkanZzWcYPlFhBVMxxdpse7EiRdJDnAgQ"", ""content"": ""dislike button gone, uninstall."", ""score"": 1, ""thumbsUpCount"": 0, ""reviewCreatedVersion"": ""21.25.527"", ""at"": ""2026-07-03 03:05:53"", ""replyContent"": null, ""repliedAt"": null, ""appVersion"": ""21.25.527""}"
run5_day3_20260704_032957,1,YouTube,com.google.android.youtube,us,en,09b7e8d64fe613288c75b696918b88ca52b69878abbdc1827027d01b8f05960e,ae751f86-79a2-4bbc-9674-eb463e299271,0,TAMANNA AKTHER TAHMINA,5,0,2026-07-03T03:05:43+00:00,19.17.34,,,বেষ্ট,বেষ্ট,822c98b229b5b9e0792cd52fc0f88348bbfe2b3115498f42d6b8a9b6b9897210,822c98b229b5b9e0792cd52fc0f88348bbfe2b3115498f42d6b8a9b6b9897210,"{""reviewId"": ""ae751f86-79a2-4bbc-9674-eb463e299271"", ""userName"": ""TAMANNA AKTHER TAHMINA"", ""userImage"": ""https://play-lh.googleusercontent.com/a/ACg8ocKjEXk56S7vAebgIldAVePeMOkicnS-zoV_WkBSTvTqmPP_FQ=mo"", ""content"": ""বেষ্ট"", ""score"": 5, ""thumbsUpCount"": 0, ""reviewCreatedVersion"": ""19.17.34"", ""at"": ""2026-07-03 03:05:43"", ""replyContent"": null, ""repliedAt"": null, ""appVersion"": ""19.17.34""}"
run5_day3_20260704_032957,1,YouTube,com.google.android.youtube,us,en,9c0e0cb4217f221518e2ced0f6b8185068a6fbd6c2a82ede13454146a96b8528,04a24b54-78c8-4e0c-b077-1c0a63328d14,0,Ramji Kumar,5,0,2026-07-03T03:05:16+00:00,21.25.528,,,Social media best platform,Social media best platform,e6df5079ebbb8b5fee0e8e100d51887466effc8cb1977232eccae16d1fe31def,e6df5079ebbb8b5fee0e8e100d51887466effc8cb1977232eccae16d1fe31def,"{""reviewId"": ""04a24b54-78c8-4e0c-b077-1c0a63328d14"", ""userName"": ""Ramji Kumar"", ""userImage"": ""https://play-lh.googleusercontent.com/a/ACg8ocIYDrHIpjSurO47IqfDtkXosSJF53p1z45QMWmfPQg1pTBixg=mo"", ""content"": ""Social media best platform"", ""score"": 5, ""thumbsUpCount"": 0, ""reviewCreatedVersion"": ""21.25.528"", ""at"": ""2026-07-03 03:05:16"", ""replyContent"": null, ""repliedAt"": null, ""appVersion"": ""21.25.528""}"
run5_day3_20260704_032957,1,YouTube,com.google.android.youtube,us,en,fd4c1f2eedbe6861c6c78051ec431fb698bb396840c9d1cfa6350fc9330133bb,f851214e-e657-4cf0-8db0-324e85cd116b,0,Kuljit Kaur,5,0,2026-07-03T03:05:15+00:00,21.23.483,,,good,good,770e607624d689265ca6c44884d0807d9b054d23c473c106c72be9de08b7376c,770e607624d689265ca6c44884d0807d9b054d23c473c106c72be9de08b7376c,"{""reviewId"": ""f851214e-e657-4cf0-8db0-324e85cd116b"", ""userName"": ""Kuljit Kaur"", ""userImage"": ""https://play-lh.googleusercontent.com/a/ACg8ocJU5eatwLavDabcwZLEQoqMmauDh-3QRrgb5Y9Lpidzajn1hw=mo"", ""content"": ""good"", ""score"": 5, ""thumbsUpCount"": 0, ""reviewCreatedVersion"": ""21.23.483"", ""at"": ""2026-07-03 03:05:15"", ""replyContent"": null, ""repliedAt"": null, ""appVersion"": ""21.23.483""}"
run5_day3_20260704_032957,1,YouTube,com.google.android.youtube,us,en,f03bc9d5fed616c9257d0c84ef1810f77bc92ad2bb42912892bc0e3faccde756,b1e9e21c-8dc7-4766-941e-e6990f51611c,0,Ramesh Ramesh,1,0,2026-07-03T03:04:36+00:00,18.09.37,,,my YouTube not open,my YouTube not open,dafcbc3a9bf6e62fbf798eb989f83b6782936a4a884424be3cf2f42ee159507c,dafcbc3a9bf6e62fbf798eb989f83b6782936a4a884424be3cf2f42ee159507c,"{""reviewId"": ""b1e9e21c-8dc7-4766-941e-e6990f51611c"", ""userName"": ""Ramesh Ramesh"", ""userImage"": ""https://play-lh.googleusercontent.com/a/ACg8ocIltoaz_aFUMDjgM_xw-RUx2u1IpN781jb5Jx99unYKVfN0DQ=mo"", ""content"": ""my YouTube not open"", ""score"": 1, ""thumbsUpCount"": 0, ""reviewCreatedVersion"": ""18.09.37"", ""at"": ""2026-07-03 03:04:36"", ""replyContent"": null, ""repliedAt"": null, ""appVersion"": ""18.09.37""}"
run5_day3_20260704_032957,1,YouTube,com.google.android.youtube,us,en,f3ea269e7e70b53be4a0ebcc22be7cef86dc3335ab233b93f8a9a8eee42f7da7,e9348fb6-e621-4a34-961b-fd74c8efc3f1,0,Akash Patel,1,2,2026-07-03T03:04:28+00:00,21.26.364-SECONDARY,,,Bring back dislike button.,Bring back dislike button.,93dc1d1a19c683f4b3bdb340d271b7c3036f1cea1d0f8774dd48b43f7cbb7c37,93dc1d1a19c683f4b3bdb340d271b7c3036f1cea1d0f8774dd48b43f7cbb7c37,"{""reviewId"": ""e9348fb6-e621-4a34-961b-fd74c8efc3f1"", ""userName"": ""Akash Patel"", ""userImage"": ""https://play-lh.googleusercontent.com/a/ACg8ocL2J-9JZcvj9QPqEtTHA1oecZduJDQpWXooxE5-RtT3GWX0mA=mo"", ""content"": ""Bring back dislike button."", ""score"": 1, ""thumbsUpCount"": 2, ""reviewCreatedVersion"": ""21.26.364-SECONDARY"", ""at"": ""2026-07-03 03:04:28"", ""replyContent"": null, ""repliedAt"": null, ""appVersion"": ""21.26.364-SECONDARY""}"
run5_day3_20260704_032957,1,YouTube,com.google.android.youtube,us,en,8073bc6f96ff56d91f422518029ddd484a072c217a733901dcc6cd5352db5dbc,6cdb4a41-a93b-4f24-8226-1266dc487a10,0,juragan kijang,1,1,2026-07-03T03:03:40+00:00,21.26.364,,,"Stupid dev, like to change the UI, makes my life harder 😔","Stupid dev, like to change the UI, makes my life harder 😔",6a65f79ca10e9447ad5f54d6dab3a21edc2d469103ac65f90cbcd58d07735372,6a65f79ca10e9447ad5f54d6dab3a21edc2d469103ac65f90cbcd58d07735372,"{""reviewId"": ""6cdb4a41-a93b-4f24-8226-1266dc487a10"", ""userName"": ""juragan kijang"", ""userImage"": ""https://play-lh.googleusercontent.com/a/ACg8ocJihO4e0bmivoz6Fw4Fm-qGgXdfmM1P_JB6sLdul7aLGMY6gA=mo"", ""content"": ""Stupid dev, like to change the UI, makes my life harder 😔"", ""score"": 1, ""thumbsUpCount"": 1, ""reviewCreatedVersion"": ""21.26.364"", ""at"": ""2026-07-03 03:03:40"", ""replyContent"": null, ""repliedAt"": null, ""appVersion"": ""21.26.364""}"
run5_day3_20260704_032957,1,YouTube,com.google.android.youtube,us,en,54cad247f58c450d882791ae2bd80a249b5cea26da5400fd990539a66767bfc2,1baf69c4-e432-4f31-a353-eeb3f1c3a25d,0,Mahim Islam,5,0,2026-07-03T03:03:30+00:00,13.07.55,,,ebar to thik ho,ebar to thik ho,554d1e467471634d90ba421dd08bf1276e469c0036b1e7b92276a0b4bdf6708d,554d1e467471634d90ba421dd08bf1276e469c0036b1e7b92276a0b4bdf6708d,"{""reviewId"": ""1baf69c4-e432-4f31-a353-eeb3f1c3a25d"", ""userName"": ""Mahim Islam"", ""userImage"": ""https://play-lh.googleusercontent.com/a/ACg8ocJFvg-JYfMJ_oZ6zg4dpYK-4z6F_V9S6d0QJUPaMUy9cnUEqQ=mo"", ""content"": ""ebar to thik ho"", ""score"": 5, ""thumbsUpCount"": 0, ""reviewCreatedVersion"": ""13.07.55"", ""at"": ""2026-07-03 03:03:30"", ""replyContent"": null, ""repliedAt"": null, ""appVersion"": ""13.07.55""}"
run5_day3_20260704_032957,1,YouTube,com.google.android.youtube,us,en,30c1c332f3fde0a0435886027f6261a9bdc0e6416aa8b0ed2b8d4466823980aa,286dc486-cb40-465f-accf-dd69ac960522,0,Tramaine Cameron,1,0,2026-07-03T03:02:12+00:00,20.02.40,,,the app is not bad but it keeps showing small creatorsfor the past one day in my feed is only showing small creators,the app is not bad but it keeps showing small creatorsfor the past one day in my feed is only showing small creators,e62956dc7f6d609561741bb78fc9f6efaa091f7852cec353867efd19366fd341,e62956dc7f6d609561741bb78fc9f6efaa091f7852cec353867efd19366fd341,"{""reviewId"": ""286dc486-cb40-465f-accf-dd69ac960522"", ""userName"": ""Tramaine Cameron"", ""userImage"": ""https://play-lh.googleusercontent.com/a/ACg8ocKbbg_-pKaUXZD4bASEkJyXhax-giJs6PCEppoeUJHWg9n4cA=mo"", ""content"": ""the app is not bad but it keeps showing small creatorsfor the past one day in my feed is only showing small creators"", ""score"": 1, ""thumbsUpCount"": 0, ""reviewCreatedVersion"": ""20.02.40"", ""at"": ""2026-07-03 03:02:12"", ""replyContent"": null, ""repliedAt"": null, ""appVersion"": ""20.02.40""}"
run5_day3_20260704_032957,1,YouTube,com.google.android.youtube,us,en,3d23dd303f23318702eff5c1e14f9fb825236ac97beb9a416e6bfadf1b707f75,62a7283c-f1a4-4f8a-8667-914f0cfa39df,0,Yuvii Sharma,5,0,2026-07-03T02:58:20+00:00,21.26.364,,,❤️ nice app,❤️ nice app,7f1e81817c341b5aaa3fe3914adbc5efd7fad2d4e8bb16ff50ea59d612ef6923,7f1e81817c341b5aaa3fe3914adbc5efd7fad2d4e8bb16ff50ea59d612ef6923,"{""reviewId"": ""62a7283c-f1a4-4f8a-8667-914f0cfa39df"", ""userName"": ""Yuvii Sharma"", ""userImage"": ""https://play-lh.googleusercontent.com/a/ACg8ocJ1UsFq2Pe7-29PF02H2XWCWqIyraaK4o2f1X73iNy-srSiNw=mo"", ""content"": ""❤️ nice app"", ""score"": 5, ""thumbsUpCount"": 0, ""reviewCreatedVersion"": ""21.26.364"", ""at"": ""2026-07-03 02:58:20"", ""replyContent"": null, ""repliedAt"": null, ""appVersion"": ""21.26.364""}"
run5_day3_20260704_032957,1,YouTube,com.google.android.youtube,us,en,4785d63ba59cc728ae241eb8ff9389bd04a71037bf368f29bbca7ccee2cdf8c1,44cc12c7-4c35-441f-b711-e948c6d8c795,0,Tom Ellis,2,76,2026-07-03T02:55:53+00:00,21.26.364-SECONDARY,,,YouTube on Roku is down here and the phone isn't acting correct using Google search bar.. television is down,YouTube on Roku is down here and the phone isn't acting correct using Google search bar.. television is down,ed16303b663b7eda906516b037259d40c6994a3fc82865d0c0c8bf42b518e97d,ed16303b663b7eda906516b037259d40c6994a3fc82865d0c0c8bf42b518e97d,"{""reviewId"": ""44cc12c7-4c35-441f-b711-e948c6d8c795"", ""userName"": ""Tom Ellis"", ""userImage"": ""https://play-lh.googleusercontent.com/a-/ALV-UjWrmAFbO95rpVQYqVXrn2HTTxvTrr80agwbCoyykp_6b2Umcy_hFQ"", ""content"": ""YouTube on Roku is down here and the phone isn't acting correct using Google search bar.. television is down"", ""score"": 2, ""thumbsUpCount"": 76, ""reviewCreatedVersion"": ""21.26.364-SECONDARY"", ""at"": ""2026-07-03 02:55:53"", ""replyContent"": null, ""repliedAt"": null, ""appVersion"": ""21.26.364-SECONDARY""}"
run5_day3_20260704_032957,1,YouTube,com.google.android.youtube,us,en,7207242719abb924e38aa08abd7a3147e6b64ea213a164fc0ae6fcfbd238d91b,ae4ceabe-e7bb-4170-84a2-fc979d7ce081,0,Allen Ansari,1,1,2026-07-03T02:55:38+00:00,21.26.364,,,"Since the latest update, the app is almost unusable. When I open any video, the comments section and video description don't load at all. I've tried restarting the app and my phone, but the issue remains. Please fix this bug as soon as possible.","Since the latest update, the app is almost unusable. When I open any video, the comments section and video description don't load at all. I've tried restarting the app and my phone, but the issue remains. Please fix this bug as soon as possible.",ba1436ea11883d90629e8970d1e3fbc116ffb589a8c702fdcb10be68fdbb8c53,ba1436ea11883d90629e8970d1e3fbc116ffb589a8c702fdcb10be68fdbb8c53,"{""reviewId"": ""ae4ceabe-e7bb-4170-84a2-fc979d7ce081"", ""userName"": ""Allen Ansari"", ""userImage"": ""https://play-lh.googleusercontent.com/a/ACg8ocK-s162YHtY0bhaVXdUyZUMAPbKF97r6tjSvi-BR_3wdJJlVg=mo"", ""content"": ""Since the latest update, the app is almost unusable. When I open any video, the comments section and video description don't load at all. I've tried restarting the app and my phone, but the issue remains. Please fix this bug as soon as possible."", ""score"": 1, ""thumbsUpCount"": 1, ""reviewCreatedVersion"": ""21.26.364"", ""at"": ""2026-07-03 02:55:38"", ""replyContent"": null, ""repliedAt"": null, ""appVersion"": ""21.26.364""}"
run5_day3_20260704_032957,1,YouTube,com.google.android.youtube,us,en,ed1b3e130848f45aabd6df0874b6468b7f12e7c9369efa26e99ee582ab57a83e,c1415fa1-48c4-4c14-83c9-c7484a9c5353,0,L McE,1,1,2026-07-03T02:54:44+00:00,21.26.364,,,"Well done getting rid of the dislike button and forcing people to start over with the algorithm, terrific job... NOT","Well done getting rid of the dislike button and forcing people to start over with the algorithm, terrific job... NOT",d68114db16ee506977881b8d4a3a128d6cc9f988817d55aa2ed726efa2a2215f,d68114db16ee506977881b8d4a3a128d6cc9f988817d55aa2ed726efa2a2215f,"{""reviewId"": ""c1415fa1-48c4-4c14-83c9-c7484a9c5353"", ""userName"": ""L McE"", ""userImage"": ""https://play-lh.googleusercontent.com/a/ACg8ocJ9IExtg_KBEwpv_8rjaA0zz1YLL9LJFHkD-_w2TvOD804llg=mo"", ""content"": ""Well done getting rid of the dislike button and forcing people to start over with the algorithm, terrific job... NOT"", ""score"": 1, ""thumbsUpCount"": 1, ""reviewCreatedVersion"": ""21.26.364"", ""at"": ""2026-07-03 02:54:44"", ""replyContent"": null, ""repliedAt"": null, ""appVersion"": ""21.26.364""}"
run5_day3_20260704_032957,1,YouTube,com.google.android.youtube,us,en,75bb4187b29eb1c18632cbb1ccc2e65179c09b597e04b6e95278eb5880fc94d6,ce20453a-2e49-4098-b840-e93af524b7a0,0,CEO Of Sethlou,1,0,2026-07-03T02:53:50+00:00,21.25.523,,,BRING BACK VALKO,BRING BACK VALKO,897d244d0c05f28fd285d71c9841c022b0be4e52c8f295e764f45c07715dbbee,897d244d0c05f28fd285d71c9841c022b0be4e52c8f295e764f45c07715dbbee,"{""reviewId"": ""ce20453a-2e49-4098-b840-e93af524b7a0"", ""userName"": ""CEO Of Sethlou"", ""userImage"": ""https://play-lh.googleusercontent.com/a-/ALV-UjWscFM_H6jejVae6K271jynTmQyxTXQ5c0TlEm2v_-91x3nFag"", ""content"": ""BRING BACK VALKO"", ""score"": 1, ""thumbsUpCount"": 0, ""reviewCreatedVersion"": ""21.25.523"", ""at"": ""2026-07-03 02:53:50"", ""replyContent"": null, ""repliedAt"": null, ""appVersion"": ""21.25.523""}"
run5_day3_20260704_032957,1,YouTube,com.google.android.youtube,us,en,c3beeea370a36d6d1cbcd84655c948d5977433c5bf50812c3a3ed2448101e393,3e71d93c-80c4-4d4d-be4a-2157defc3f3d,0,Donald Johnson,1,0,2026-07-03T02:53:14+00:00,21.21.87,,,good,good,770e607624d689265ca6c44884d0807d9b054d23c473c106c72be9de08b7376c,770e607624d689265ca6c44884d0807d9b054d23c473c106c72be9de08b7376c,"{""reviewId"": ""3e71d93c-80c4-4d4d-be4a-2157defc3f3d"", ""userName"": ""Donald Johnson"", ""userImage"": ""https://play-lh.googleusercontent.com/a/ACg8ocL2P40OLu89MzEVI_d8Idu4_2k4c3_uY_B5ItapADvqASG8cw=mo"", ""content"": ""good"", ""score"": 1, ""thumbsUpCount"": 0, ""reviewCreatedVersion"": ""21.21.87"", ""at"": ""2026-07-03 02:53:14"", ""replyContent"": null, ""repliedAt"": null, ""appVersion"": ""21.21.87""}"
run5_day3_20260704_032957,1,YouTube,com.google.android.youtube,us,en,917ee538a24e7af60d2151700910fa44753cb871ac772527eacf7b06dcbafd4c,fc2cbf66-a1a3-4f75-bb14-6785790990c3,0,Bruce,1,0,2026-07-03T02:53:13+00:00,21.26.364,,,Bring back the thumbs down button.,Bring back the thumbs down button.,9c6d5c58533284b153cb047bdf0c0bda3920f761c5a10a37756abfe035d322ee,9c6d5c58533284b153cb047bdf0c0bda3920f761c5a10a37756abfe035d322ee,"{""reviewId"": ""fc2cbf66-a1a3-4f75-bb14-6785790990c3"", ""userName"": ""Bruce"", ""userImage"": ""https://play-lh.googleusercontent.com/a/ACg8ocL1t6OqihdJaWuDHS_BgVI5IjDHkXHur5UrIyUcu8X4o6-uDA=mo"", ""content"": ""Bring back the thumbs down button."", ""score"": 1, ""thumbsUpCount"": 0, ""reviewCreatedVersion"": ""21.26.364"", ""at"": ""2026-07-03 02:53:13"", ""replyContent"": null, ""repliedAt"": null, ""appVersion"": ""21.26.364""}"
run5_day3_20260704_032957,1,YouTube,com.google.android.youtube,us,en,4373e63f5528f27aa885b97536e1fe4bc4de994e0f845d71b51370b3a1201774,cdf2ccee-0300-40f4-9ea0-2ea4ea54ab78,0,Shubham Kumar verma,1,0,2026-07-03T02:53:11+00:00,21.25.529,,,video chalate-chalate network error dekha raha hai kisi kisi video pe. jab ki dusara video chalane pe chalane lagata hai. oor vapus vahi video chalane par fir se network problem dekhane lagata hai,video chalate-chalate network error dekha raha hai kisi kisi video pe. jab ki dusara video chalane pe chalane lagata hai. oor vapus vahi video chalane par fir se network problem dekhane lagata hai,6f2f052bddb3a752c5d5cff2148d2a298852c2ce5de4d6b45cbef80f9253644d,6f2f052bddb3a752c5d5cff2148d2a298852c2ce5de4d6b45cbef80f9253644d,"{""reviewId"": ""cdf2ccee-0300-40f4-9ea0-2ea4ea54ab78"", ""userName"": ""Shubham Kumar verma"", ""userImage"": ""https://play-lh.googleusercontent.com/a-/ALV-UjVGZWwRm2YKKWrTV-rikmElMPohDCwjzYCGP0K3H4eTJSmxHFU"", ""content"": ""video chalate-chalate network error dekha raha hai kisi kisi video pe. jab ki dusara video chalane pe chalane lagata hai. oor vapus vahi video chalane par fir se network problem dekhane lagata hai"", ""score"": 1, ""thumbsUpCount"": 0, ""reviewCreatedVersion"": ""21.25.529"", ""at"": ""2026-07-03 02:53:11"", ""replyContent"": null, ""repliedAt"": null, ""appVersion"": ""21.25.529""}"
run5_day3_20260704_032957,1,YouTube,com.google.android.youtube,us,en,59869ceba4e29bb9906a5f98954c605eca38bd92b07341e7f0352c78581cd147,e5a2c0d5-8642-442b-ab57-111b8173a32d,0,Jonny Espinosa,1,0,2026-07-03T02:52:22+00:00,21.26.364,,,wheres the dislike button.,wheres the dislike button.,8683d690ec1496c55d3cff6e0b3802e709cc4ccb54e2a1c113dcd9b1c9eca75b,8683d690ec1496c55d3cff6e0b3802e709cc4ccb54e2a1c113dcd9b1c9eca75b,"{""reviewId"": ""e5a2c0d5-8642-442b-ab57-111b8173a32d"", ""userName"": ""Jonny Espinosa"", ""userImage"": ""https://play-lh.googleusercontent.com/a-/ALV-UjX5gBVjGa0_cP0Bzg5FJeGeJ2X56DN9-2ATAPWCvtTwgicm4EsN"", ""content"": ""wheres the dislike button."", ""score"": 1, ""thumbsUpCount"": 0, ""reviewCreatedVersion"": ""21.26.364"", ""at"": ""2026-07-03 02:52:22"", ""replyContent"": null, ""repliedAt"": null, ""appVersion"": ""21.26.364""}"
run5_day3_20260704_032957,1,YouTube,com.google.android.youtube,us,en,1e3a75bb20073ef7881fdc52852b8c7716430052f7fc3ca0da8ee1022b00c4c2,a07fcfb1-1d4f-46a3-b4be-986a367926ac,0,Thinnakorn Chaisri,4,0,2026-07-03T02:48:55+00:00,21.26.364,,,Good,Good,c939327ca16dcf97ca32521d8b834bf1de16573d21deda3bb2a337cf403787a6,c939327ca16dcf97ca32521d8b834bf1de16573d21deda3bb2a337cf403787a6,"{""reviewId"": ""a07fcfb1-1d4f-46a3-b4be-986a367926ac"", ""userName"": ""Thinnakorn Chaisri"", ""userImage"": ""https://play-lh.googleusercontent.com/a-/ALV-UjXv-lixnpDh2SHwzf1tylX3YH7jFNXwSCEVw5LXRBkyfclDojk"", ""content"": ""Good"", ""score"": 4, ""thumbsUpCount"": 0, ""reviewCreatedVersion"": ""21.26.364"", ""at"": ""2026-07-03 02:48:55"", ""replyContent"": null, ""repliedAt"": null, ""appVersion"": ""21.26.364""}"
run5_day3_20260704_032957,1,YouTube,com.google.android.youtube,us,en,b76cc337dfd9efe814641a90fbffa217bb07913fc2a8a96e06d062298c0d3a70,04b32398-940f-428b-90bd-54c0599c54ea,0,Sanju,1,0,2026-07-03T02:45:40+00:00,21.25.523,,,"why gemini reply when I say ""assalam walekum"" reply with ""walaikum assalam"" but it's not giving a reply of "" jai shree RAM. "" why fix this otherwise I will delete my all google account right now. i hope you resolve this .","why gemini reply when I say ""assalam walekum"" reply with ""walaikum assalam"" but it's not giving a reply of "" jai shree RAM. "" why fix this otherwise I will delete my all google account right now. i hope you resolve this .",e82bff138afa020c52f58f70a83edde1db689b8a6b9d5a09f94085bfda99af51,e82bff138afa020c52f58f70a83edde1db689b8a6b9d5a09f94085bfda99af51,"{""reviewId"": ""04b32398-940f-428b-90bd-54c0599c54ea"", ""userName"": ""Sanju"", ""userImage"": ""https://play-lh.googleusercontent.com/a-/ALV-UjU8t9YglSKn6Y3YayxYwAnHPPJZCtUe6bgRx81O8kF0LvuRY8owrQ"", ""content"": ""why gemini reply when I say \""assalam walekum\"" reply with \""walaikum assalam\"" but it's not giving a reply of \"" jai shree RAM. \"" why fix this otherwise I will delete my all google account right now. i hope you resolve this ."", ""score"": 1, ""thumbsUpCount"": 0, ""reviewCreatedVersion"": ""21.25.523"", ""at"": ""2026-07-03 02:45:40"", ""replyContent"": null, ""repliedAt"": null, ""appVersion"": ""21.25.523""}"
run5_day3_20260704_032957,1,YouTube,com.google.android.youtube,us,en,08da86a61d1fc8f1f2350ad92c95c7f08bbc6122e545ade6104c6bd4a7788d7d,b390034d-932f-45ce-beb4-7caa5e66254d,0,Lal bahadur Sah,5,1,2026-07-03T02:45:20+00:00,12.37.59,,,Good,Good,c939327ca16dcf97ca32521d8b834bf1de16573d21deda3bb2a337cf403787a6,c939327ca16dcf97ca32521d8b834bf1de16573d21deda3bb2a337cf403787a6,"{""reviewId"": ""b390034d-932f-45ce-beb4-7caa5e66254d"", ""userName"": ""Lal bahadur Sah"", ""userImage"": ""https://play-lh.googleusercontent.com/a/ACg8ocKjJYeRcTQrzWspAN66h1DRkahfhjTOCPoqSmWGmqiwfP-buw=mo"", ""content"": ""Good"", ""score"": 5, ""thumbsUpCount"": 1, ""reviewCreatedVersion"": ""12.37.59"", ""at"": ""2026-07-03 02:45:20"", ""replyContent"": null, ""repliedAt"": null, ""appVersion"": ""12.37.59""}"
run5_day3_20260704_032957,1,YouTube,com.google.android.youtube,us,en,7af2249dee995f6db633bc8b7f79cf56003abd09e66c4b21bdbfa45e1b752d1f,5fdc3d3d-eb39-480a-a13c-d7b9067f8e8b,0,Fatima Noor,5,0,2026-07-03T02:44:56+00:00,21.26.364,,,Nice,Nice,fdc96ffbf256523aec8846ae56321053c7ab751c99eb766e6bb4a7d362a4f060,fdc96ffbf256523aec8846ae56321053c7ab751c99eb766e6bb4a7d362a4f060,"{""reviewId"": ""5fdc3d3d-eb39-480a-a13c-d7b9067f8e8b"", ""userName"": ""Fatima Noor"", ""userImage"": ""https://play-lh.googleusercontent.com/a/ACg8ocKD5h_8ViJFr1datlP8O35BwMzQyZJF4lRB1uQJHmupqR4Z-Q=mo"", ""content"": ""Nice"", ""score"": 5, ""thumbsUpCount"": 0, ""reviewCreatedVersion"": ""21.26.364"", ""at"": ""2026-07-03 02:44:56"", ""replyContent"": null, ""repliedAt"": null, ""appVersion"": ""21.26.364""}"
run5_day3_20260704_032957,1,YouTube,com.google.android.youtube,us,en,281a06f9074ccc18ae05cdef1da80426be95f0e6ae4c04a78a3153407f117849,d3ca19db-4214-4a91-8e6b-0a907c20e76e,0,Hamza Wali,5,0,2026-07-03T02:44:40+00:00,21.25.523,,,best app forever ♾️,best app forever ♾️,79bc6cf77e1399fa3fbfc40757d6583d9d62cee79a4a4091906e2aa8b5a9aa3d,79bc6cf77e1399fa3fbfc40757d6583d9d62cee79a4a4091906e2aa8b5a9aa3d,"{""reviewId"": ""d3ca19db-4214-4a91-8e6b-0a907c20e76e"", ""userName"": ""Hamza Wali"", ""userImage"": ""https://play-lh.googleusercontent.com/a/ACg8ocKUjZcf_edti-dFAMdS35MEWbeT1zRXZZmXyhA00zwImIfLAA=mo"", ""content"": ""best app forever ♾️"", ""score"": 5, ""thumbsUpCount"": 0, ""reviewCreatedVersion"": ""21.25.523"", ""at"": ""2026-07-03 02:44:40"", ""replyContent"": null, ""repliedAt"": null, ""appVersion"": ""21.25.523""}"
run5_day3_20260704_032957,1,YouTube,com.google.android.youtube,us,en,39c92969f0996132f2dd3e9addf893221a572a8fc645bc30707b983ff0666c7b,0e3781ae-38e1-4c4e-a8a2-862bc86c66a3,0,Md Al-Amin,1,0,2026-07-03T02:44:28+00:00,21.26.364,,,where is my dislike button,where is my dislike button,1c9e238f68c7568607bce21c658783deaeb4987d5cd8bec7213fbf2afb1017ff,1c9e238f68c7568607bce21c658783deaeb4987d5cd8bec7213fbf2afb1017ff,"{""reviewId"": ""0e3781ae-38e1-4c4e-a8a2-862bc86c66a3"", ""userName"": ""Md Al-Amin"", ""userImage"": ""https://play-lh.googleusercontent.com/a/ACg8ocJRZf4UYgANoWI6HKQLnHTIkuMcLNFutcXnh9FW-CwVsS-1Tw=mo"", ""content"": ""where is my dislike button"", ""score"": 1, ""thumbsUpCount"": 0, ""reviewCreatedVersion"": ""21.26.364"", ""at"": ""2026-07-03 02:44:28"", ""replyContent"": null, ""repliedAt"": null, ""appVersion"": ""21.26.364""}"
run5_day3_20260704_032957,1,YouTube,com.google.android.youtube,us,en,8954f94a9a9c54c0590b09f7d70042e1e7dc5750a01d214bf662f89d59c38627,1ca1d941-b672-417e-80b9-befeb2df6983,0,gulshan yadav,1,0,2026-07-03T02:43:36+00:00,21.25.523,,,youtube hamre channel per sirf comunity strike hi deta mera 2 channel per bina vajah ke hi 2 comunity strike dedi aur vajah bhi nhi batate ye log sachme mai yutube se bahot desspoint hua hu,youtube hamre channel per sirf comunity strike hi deta mera 2 channel per bina vajah ke hi 2 comunity strike dedi aur vajah bhi nhi batate ye log sachme mai yutube se bahot desspoint hua hu,ee7c19169b2f12d69b152e528ba25f7a8e68716f74941ac50029fd89f253aff2,ee7c19169b2f12d69b152e528ba25f7a8e68716f74941ac50029fd89f253aff2,"{""reviewId"": ""1ca1d941-b672-417e-80b9-befeb2df6983"", ""userName"": ""gulshan yadav"", ""userImage"": ""https://play-lh.googleusercontent.com/a/ACg8ocKq3_36YOhUbgQUeCQuyoS47D77IxD8mqztpWj-uno3DpfxuA=mo"", ""content"": ""youtube hamre channel per sirf comunity strike hi deta mera 2 channel per bina vajah ke hi 2 comunity strike dedi aur vajah bhi nhi batate ye log sachme mai yutube se bahot desspoint hua hu"", ""score"": 1, ""thumbsUpCount"": 0, ""reviewCreatedVersion"": ""21.25.523"", ""at"": ""2026-07-03 02:43:36"", ""replyContent"": null, ""repliedAt"": null, ""appVersion"": ""21.25.523""}"
run5_day3_20260704_032957,1,YouTube,com.google.android.youtube,us,en,c4b0939acef87ab94347a0a769cae47bf4d50916377e27f106883678da34b506,b81021a9-2b0b-4126-bd59-b4affe55a1bb,0,alex Brinegar,5,0,2026-07-03T02:38:23+00:00,21.26.364,,,I can actually make videos,I can actually make videos,91dc3e7ba01c4903b5e8664a575fa3205a9e78fd534115d83f7663171fa19aab,91dc3e7ba01c4903b5e8664a575fa3205a9e78fd534115d83f7663171fa19aab,"{""reviewId"": ""b81021a9-2b0b-4126-bd59-b4affe55a1bb"", ""userName"": ""alex Brinegar"", ""userImage"": ""https://play-lh.googleusercontent.com/a/ACg8ocIPGFk7ghYR5c_C0OgGJPQ2K0KLFF2f5bfBfpZ6eQeaHZS71A=mo"", ""content"": ""I can actually make videos"", ""score"": 5, ""thumbsUpCount"": 0, ""reviewCreatedVersion"": ""21.26.364"", ""at"": ""2026-07-03 02:38:23"", ""replyContent"": null, ""repliedAt"": null, ""appVersion"": ""21.26.364""}"
run5_day3_20260704_032957,1,YouTube,com.google.android.youtube,us,en,62794cf49ca99a89dc406dd60a0487388612bde004844e4065e68bfc83dec017,17f8ffbd-dfa8-42af-8e6c-1a9e08d83704,0,Jiya Ansari,5,0,2026-07-03T02:38:23+00:00,13.07.55,,,not working,not working,df19064d96673a4c6aa65516690233cb04499cc829d0db538e2256382146aa96,df19064d96673a4c6aa65516690233cb04499cc829d0db538e2256382146aa96,"{""reviewId"": ""17f8ffbd-dfa8-42af-8e6c-1a9e08d83704"", ""userName"": ""Jiya Ansari"", ""userImage"": ""https://play-lh.googleusercontent.com/a/ACg8ocJV0-GQ8EeKftpIVEqSVZYG6SJXwpAQjZ0-Zwz9hIJY2iAM1g=mo"", ""content"": ""not working"", ""score"": 5, ""thumbsUpCount"": 0, ""reviewCreatedVersion"": ""13.07.55"", ""at"": ""2026-07-03 02:38:23"", ""replyContent"": null, ""repliedAt"": null, ""appVersion"": ""13.07.55""}"
run5_day3_20260704_032957,1,YouTube,com.google.android.youtube,us,en,2c3b252017b2908ba34e7d1507c8af393ef626792c08f6e2e637c22314dd9e50,62fbe34a-4bfc-4360-8a61-17db0204e9a3,0,Thamara Malwana,1,0,2026-07-03T02:36:37+00:00,21.25.523,,,too many ads,too many ads,71931a1f9312d74a2ec17e472113f123ea38f04effad9c6782d51cb48a2c54fe,71931a1f9312d74a2ec17e472113f123ea38f04effad9c6782d51cb48a2c54fe,"{""reviewId"": ""62fbe34a-4bfc-4360-8a61-17db0204e9a3"", ""userName"": ""Thamara Malwana"", ""userImage"": ""https://play-lh.googleusercontent.com/a/ACg8ocKBboOBW89dcj67CwOb7RohKX6EdyQd4_FCp0FJGLa5m-oGVw=mo"", ""content"": ""too many ads"", ""score"": 1, ""thumbsUpCount"": 0, ""reviewCreatedVersion"": ""21.25.523"", ""at"": ""2026-07-03 02:36:37"", ""replyContent"": null, ""repliedAt"": null, ""appVersion"": ""21.25.523""}"
run5_day3_20260704_032957,1,YouTube,com.google.android.youtube,us,en,c3a8f7c6c7d8f4c871cce9357b35422dc0537fb413cad880ede358e7b5190773,d4fc3744-07d1-4b03-9789-86d690b9543e,0,Dave F,3,0,2026-07-03T02:34:10+00:00,21.25.523,,,When you update to the latest version when you try to fast forward to the commercial dot...it disappears where you usually can go to and you have to fool around to find the end of the commercial. LAME,When you update to the latest version when you try to fast forward to the commercial dot...it disappears where you usually can go to and you have to fool around to find the end of the commercial. LAME,b928af1020859974862559ab61888625a2940c1eb564e86d9e8a3deb5793b226,b928af1020859974862559ab61888625a2940c1eb564e86d9e8a3deb5793b226,"{""reviewId"": ""d4fc3744-07d1-4b03-9789-86d690b9543e"", ""userName"": ""Dave F"", ""userImage"": ""https://play-lh.googleusercontent.com/a-/ALV-UjXin2H_g6b9UFORaG-w-46JBCQN5vmxlp-zcGsRES2dV2UiWip0"", ""content"": ""When you update to the latest version when you try to fast forward to the commercial dot...it disappears where you usually can go to and you have to fool around to find the end of the commercial. LAME"", ""score"": 3, ""thumbsUpCount"": 0, ""reviewCreatedVersion"": ""21.25.523"", ""at"": ""2026-07-03 02:34:10"", ""replyContent"": null, ""repliedAt"": null, ""appVersion"": ""21.25.523""}"
run5_day3_20260704_032957,1,YouTube,com.google.android.youtube,us,en,4c175d9abc57d997eb3976d68855c407c06798a8eaaa8817e6cf41540b0abcf9,7de45c16-3990-4bf5-abeb-d2fed8670842,0,Lyka Adobas,5,0,2026-07-03T02:33:57+00:00,12.37.59,,,Fun,Fun,c960563f683a14202dc212ae6554753a03c6cd6ab9df8c27ebd818ba848ab9ef,c960563f683a14202dc212ae6554753a03c6cd6ab9df8c27ebd818ba848ab9ef,"{""reviewId"": ""7de45c16-3990-4bf5-abeb-d2fed8670842"", ""userName"": ""Lyka Adobas"", ""userImage"": ""https://play-lh.googleusercontent.com/a/ACg8ocI6iYbqQPKewGO4UOiwRoG9ap8SD8xIumCndDBIojwtfLQXjw=mo"", ""content"": ""Fun"", ""score"": 5, ""thumbsUpCount"": 0, ""reviewCreatedVersion"": ""12.37.59"", ""at"": ""2026-07-03 02:33:57"", ""replyContent"": null, ""repliedAt"": null, ""appVersion"": ""12.37.59""}"
run5_day3_20260704_032957,1,YouTube,com.google.android.youtube,us,en,9ce35c808bfaea25bd4fbfb6997d41d40e1b18cfadb9561f63fbb33f72aba419,f9d25964-ff32-4a67-bec7-8f8d4f612087,0,akinnayajofunbi,5,0,2026-07-03T02:33:43+00:00,21.24.366,,,the add is much than expected,the add is much than expected,b8abf39b70a6a36f17a276cbc3d2136815636d4d2b90dedf60cf7e1af41bc7cf,b8abf39b70a6a36f17a276cbc3d2136815636d4d2b90dedf60cf7e1af41bc7cf,"{""reviewId"": ""f9d25964-ff32-4a67-bec7-8f8d4f612087"", ""userName"": ""akinnayajofunbi"", ""userImage"": ""https://play-lh.googleusercontent.com/a/ACg8ocJWZs2PoR3IijDXsg5ovfsahZDmP4DZaUyEQDTwye_7kVM2hw=mo"", ""content"": ""the add is much than expected"", ""score"": 5, ""thumbsUpCount"": 0, ""reviewCreatedVersion"": ""21.24.366"", ""at"": ""2026-07-03 02:33:43"", ""replyContent"": null, ""repliedAt"": null, ""appVersion"": ""21.24.366""}"
run5_day3_20260704_032957,1,YouTube,com.google.android.youtube,us,en,ecff459d404bba1509660024ee322e5d1cda29bff4c4505ae021373b15143c7d,2e841e88-469f-4e73-9dd7-88ed26b557b8,0,Hahacute,5,0,2026-07-03T02:27:56+00:00,21.26.364,,,because you can watch a videos,because you can watch a videos,5b438e092926d5c32e38c63f665208530a18ae4cdcb148a2ce8f3a8e16245ece,5b438e092926d5c32e38c63f665208530a18ae4cdcb148a2ce8f3a8e16245ece,"{""reviewId"": ""2e841e88-469f-4e73-9dd7-88ed26b557b8"", ""userName"": ""Hahacute"", ""userImage"": ""https://play-lh.googleusercontent.com/a-/ALV-UjV9xnn1CXcPTx-SHQAFEjrn_FrdlGy5B-S_AQ7LWZqWtjTGkC8"", ""content"": ""because you can watch a videos"", ""score"": 5, ""thumbsUpCount"": 0, ""reviewCreatedVersion"": ""21.26.364"", ""at"": ""2026-07-03 02:27:56"", ""replyContent"": null, ""repliedAt"": null, ""appVersion"": ""21.26.364""}"
run5_day3_20260704_032957,1,YouTube,com.google.android.youtube,us,en,d6eee758cd32cddedb57858573b110060a3e48105d7d112ec2db9867d5dc8b3f,e33022c3-bb2e-4313-8a01-233d0f3291dc,0,Z,1,0,2026-07-03T02:27:53+00:00,21.26.364,,,"dozens of ads, expensive YouTube premium, shutting down original creators for kitty bs and AI use, constantly bugging out ""premium"" awards if you do use premium constantly bugging out clearing que, demonizing wrong videos, and supporting brain rot. and stop with the auto fill bs on the search bar, xbox, and mobile.","dozens of ads, expensive YouTube premium, shutting down original creators for kitty bs and AI use, constantly bugging out ""premium"" awards if you do use premium constantly bugging out clearing que, demonizing wrong videos, and supporting brain rot. and stop with the auto fill bs on the search bar, xbox, and mobile.",54425fd53343e9d73a711a3b90b3ff33aa2778b869c1b9948447466674599d81,54425fd53343e9d73a711a3b90b3ff33aa2778b869c1b9948447466674599d81,"{""reviewId"": ""e33022c3-bb2e-4313-8a01-233d0f3291dc"", ""userName"": ""Z"", ""userImage"": ""https://play-lh.googleusercontent.com/a-/ALV-UjUS9HhNVCgUWel6dZahxlVFNCdNDsWSPL9uytZT8J7xMcLFwQJxrA"", ""content"": ""dozens of ads, expensive YouTube premium, shutting down original creators for kitty bs and AI use, constantly bugging out \""premium\"" awards if you do use premium constantly bugging out clearing que, demonizing wrong videos, and supporting brain rot. and stop with the auto fill bs on the search bar, xbox, and mobile."", ""score"": 1, ""thumbsUpCount"": 0, ""reviewCreatedVersion"": ""21.26.364"", ""at"": ""2026-07-03 02:27:53"", ""replyContent"": null, ""repliedAt"": null, ""appVersion"": ""21.26.364""}"
run5_day3_20260704_032957,1,YouTube,com.google.android.youtube,us,en,7fe1e774020c5618ec98b98c665580f182fbcc149a54549f84656d77a5383f0d,aed33846-510e-4264-8af6-1e16c1177321,0,bananana cookiedo,1,2,2026-07-03T02:27:23+00:00,21.26.364,,,"Stop censoring YouTube. Making it where I cant enjoy YouTube at all with the constant censoring of cussing,etc. People are adults using this app.There is a reason there is YouTube kids absolute trash app. 16 bucks for YouTube premium is not worth the price at all. Also why remove the dislike button probably for your woke agendas.If I could rate this app any lower I would.","Stop censoring YouTube. Making it where I cant enjoy YouTube at all with the constant censoring of cussing,etc. People are adults using this app.There is a reason there is YouTube kids absolute trash app. 16 bucks for YouTube premium is not worth the price at all. Also why remove the dislike button probably for your woke agendas.If I could rate this app any lower I would.",de834086848280ee28a2ce61b2c85ef487bc2ae93a3bc67d35c72f3238e81a7f,de834086848280ee28a2ce61b2c85ef487bc2ae93a3bc67d35c72f3238e81a7f,"{""reviewId"": ""aed33846-510e-4264-8af6-1e16c1177321"", ""userName"": ""bananana cookiedo"", ""userImage"": ""https://play-lh.googleusercontent.com/a-/ALV-UjW7Ajqub2MOy5r3TW1vyRqAkffcYL5qFwb2Qpeh9XjR87ceNMk"", ""content"": ""Stop censoring YouTube. Making it where I cant enjoy YouTube at all with the constant censoring of cussing,etc. People are adults using this app.There is a reason there is YouTube kids absolute trash app. 16 bucks for YouTube premium is not worth the price at all. Also why remove the dislike button probably for your woke agendas.If I could rate this app any lower I would."", ""score"": 1, ""thumbsUpCount"": 2, ""reviewCreatedVersion"": ""21.26.364"", ""at"": ""2026-07-03 02:27:23"", ""replyContent"": null, ""repliedAt"": null, ""appVersion"": ""21.26.364""}"
run5_day3_20260704_032957,1,YouTube,com.google.android.youtube,us,en,e728b045041d6b14a559933951760200cb0f10b6f94599902623146263bb47e3,eed3b049-aec8-476a-899f-9bb4db488c4e,0,Ignas Luambano,5,0,2026-07-03T02:27:12+00:00,21.26.364,,,I wish you people remove the six seven meme because it is too much,I wish you people remove the six seven meme because it is too much,5d455187749c718cd5cee695957f7cc174d36f3824c66b2e8874337be892e2ba,5d455187749c718cd5cee695957f7cc174d36f3824c66b2e8874337be892e2ba,"{""reviewId"": ""eed3b049-aec8-476a-899f-9bb4db488c4e"", ""userName"": ""Ignas Luambano"", ""userImage"": ""https://play-lh.googleusercontent.com/a/ACg8ocJUKJfxK1gJzi2TWlgBc6hh0sUIu60YytYdfan-jomfzHrOPaU=mo"", ""content"": ""I wish you people remove the six seven meme because it is too much"", ""score"": 5, ""thumbsUpCount"": 0, ""reviewCreatedVersion"": ""21.26.364"", ""at"": ""2026-07-03 02:27:12"", ""replyContent"": null, ""repliedAt"": null, ""appVersion"": ""21.26.364""}"
run5_day3_20260704_032957,1,YouTube,com.google.android.youtube,us,en,7edb0ecf8f316aaa92e9a6d596247919b7f3476926813a30ac6f2713a7b4c0c5,9509b0f0-6a7c-4da6-b7a3-a745ca9fee7c,0,Christopher Grayson,1,1,2026-07-03T02:26:17+00:00,21.24.368,,,"I cancelled my subscription due to my being on a fixed income, and YouTube is still attempting to force payment from my account. they attempted several times per day.","I cancelled my subscription due to my being on a fixed income, and YouTube is still attempting to force payment from my account. they attempted several times per day.",78e4d4d1c29851d29dded8fa8126cd5cb613e60149b5ec54850abd05dc8bcb5d,78e4d4d1c29851d29dded8fa8126cd5cb613e60149b5ec54850abd05dc8bcb5d,"{""reviewId"": ""9509b0f0-6a7c-4da6-b7a3-a745ca9fee7c"", ""userName"": ""Christopher Grayson"", ""userImage"": ""https://play-lh.googleusercontent.com/a/ACg8ocKqemJR5eXt8XY9mIlnLWsQAUJOJgB_lzLbW42T7hMSbEQmSQ=mo"", ""content"": ""I cancelled my subscription due to my being on a fixed income, and YouTube is still attempting to force payment from my account. they attempted several times per day."", ""score"": 1, ""thumbsUpCount"": 1, ""reviewCreatedVersion"": ""21.24.368"", ""at"": ""2026-07-03 02:26:17"", ""replyContent"": null, ""repliedAt"": null, ""appVersion"": ""21.24.368""}"
run5_day3_20260704_032957,1,YouTube,com.google.android.youtube,us,en,6c4cbd5a3d913ae25167df029fa77caef8bb646847cd28cb02a1a0a712f2c7e3,10d0b79b-0877-4fe2-ae88-bc2743a15d63,0,Shubham kumar,5,0,2026-07-03T02:25:10+00:00,21.25.523,,,good,good,770e607624d689265ca6c44884d0807d9b054d23c473c106c72be9de08b7376c,770e607624d689265ca6c44884d0807d9b054d23c473c106c72be9de08b7376c,"{""reviewId"": ""10d0b79b-0877-4fe2-ae88-bc2743a15d63"", ""userName"": ""Shubham kumar"", ""userImage"": ""https://play-lh.googleusercontent.com/a-/ALV-UjUmQy_U8gXMzqoffU3nUutg0IoqO_KPpb2E6NLW6hm9-Nrn7n2C"", ""content"": ""good"", ""score"": 5, ""thumbsUpCount"": 0, ""reviewCreatedVersion"": ""21.25.523"", ""at"": ""2026-07-03 02:25:10"", ""replyContent"": null, ""repliedAt"": null, ""appVersion"": ""21.25.523""}"
run5_day3_20260704_032957,1,YouTube,com.google.android.youtube,us,en,4acdeacc6dbb85c4f9085f8653ade8a67cfeed770247a6e6b08c993915c83493,2213052a-9eda-4574-bcbd-d53f22aa106a,0,Bipana Budha xettri,5,0,2026-07-03T02:24:51+00:00,20.02.40,,,wow,wow,b6dc933311bc2357cc5fc636a4dbe41a01b7a33b583d043a7f870f3440697e27,b6dc933311bc2357cc5fc636a4dbe41a01b7a33b583d043a7f870f3440697e27,"{""reviewId"": ""2213052a-9eda-4574-bcbd-d53f22aa106a"", ""userName"": ""Bipana Budha xettri"", ""userImage"": ""https://play-lh.googleusercontent.com/a/ACg8ocINTt3VP8c4HP7W0sMjFVr8FoTtEYRDv25IQIkPmwv9sabOig=mo"", ""content"": ""wow"", ""score"": 5, ""thumbsUpCount"": 0, ""reviewCreatedVersion"": ""20.02.40"", ""at"": ""2026-07-03 02:24:51"", ""replyContent"": null, ""repliedAt"": null, ""appVersion"": ""20.02.40""}"
run5_day3_20260704_032957,1,YouTube,com.google.android.youtube,us,en,f948690fae4cc98688370a6e9503180f9f0b8c66492af96d83133185960075b0,bfa3ac64-8fef-4069-af3f-0b05c033448c,0,Tarun Goswami,5,0,2026-07-03T02:23:17+00:00,21.19.286,,,GOOD 👍😊,GOOD 👍😊,cb06a2f7b4b6bcae993926183861afdba496a743d8abd8fd7ac9baece565bbbe,cb06a2f7b4b6bcae993926183861afdba496a743d8abd8fd7ac9baece565bbbe,"{""reviewId"": ""bfa3ac64-8fef-4069-af3f-0b05c033448c"", ""userName"": ""Tarun Goswami"", ""userImage"": ""https://play-lh.googleusercontent.com/a/ACg8ocIjhBF0YUSqauHJyRaxuKjviRM8DRAFYeTkIbX3QSzsnWoUeQ=mo"", ""content"": ""GOOD 👍😊"", ""score"": 5, ""thumbsUpCount"": 0, ""reviewCreatedVersion"": ""21.19.286"", ""at"": ""2026-07-03 02:23:17"", ""replyContent"": null, ""repliedAt"": null, ""appVersion"": ""21.19.286""}"
run5_day3_20260704_032957,1,YouTube,com.google.android.youtube,us,en,b72fcff3957845755a954cac2fd6e0056aea5cb5f00fd022790dbf19d39f36fa,fde122fa-ef19-46e1-8a9e-d201c70de850,0,Yamin shaikh Yamin shaikh,5,0,2026-07-03T02:22:53+00:00,21.25.527,,,Good,Good,c939327ca16dcf97ca32521d8b834bf1de16573d21deda3bb2a337cf403787a6,c939327ca16dcf97ca32521d8b834bf1de16573d21deda3bb2a337cf403787a6,"{""reviewId"": ""fde122fa-ef19-46e1-8a9e-d201c70de850"", ""userName"": ""Yamin shaikh Yamin shaikh"", ""userImage"": ""https://play-lh.googleusercontent.com/a/ACg8ocKsh_gBkYpYELS8QG0ccm-nYzHVoxyVoWyq1hCrH-Y0xSVSvw=mo"", ""content"": ""Good"", ""score"": 5, ""thumbsUpCount"": 0, ""reviewCreatedVersion"": ""21.25.527"", ""at"": ""2026-07-03 02:22:53"", ""replyContent"": null, ""repliedAt"": null, ""appVersion"": ""21.25.527""}"
run5_day3_20260704_032957,1,YouTube,com.google.android.youtube,us,en,344d17a8e09c4cf917a1baa408521ff1b4b3988e2cc4397581b4fcc77dbcc317,9e9fe0be-c554-4a36-a45e-b5b655a312ff,0,Christian Emmanuel,5,0,2026-07-03T02:22:00+00:00,21.26.364,,,looks like a good place to spend time,looks like a good place to spend time,640a32fc6d6a06fafc709f0687b9a715c804a99f1af1af747794a79751943f85,640a32fc6d6a06fafc709f0687b9a715c804a99f1af1af747794a79751943f85,"{""reviewId"": ""9e9fe0be-c554-4a36-a45e-b5b655a312ff"", ""userName"": ""Christian Emmanuel"", ""userImage"": ""https://play-lh.googleusercontent.com/a-/ALV-UjWBxmrLj_AVZ_bEydaOgUpjE8Mn4huxh1XGfkNkQIUzRWuhQG3r"", ""content"": ""looks like a good place to spend time"", ""score"": 5, ""thumbsUpCount"": 0, ""reviewCreatedVersion"": ""21.26.364"", ""at"": ""2026-07-03 02:22:00"", ""replyContent"": null, ""repliedAt"": null, ""appVersion"": ""21.26.364""}"
run5_day3_20260704_032957,1,YouTube,com.google.android.youtube,us,en,79ebd82b9e270fca39f789a407118b45c36c443cf0e6fffb1005ae525fbfb616,c1680698-9d29-4068-be24-10c51456aa1a,0,Harven Morales,5,0,2026-07-03T02:21:20+00:00,12.37.59,,,Intertaining,Intertaining,fab4782c1eed9c3ab382facf4e09708cf720f45d383d8fa40f026c32f0abf3e7,fab4782c1eed9c3ab382facf4e09708cf720f45d383d8fa40f026c32f0abf3e7,"{""reviewId"": ""c1680698-9d29-4068-be24-10c51456aa1a"", ""userName"": ""Harven Morales"", ""userImage"": ""https://play-lh.googleusercontent.com/a/ACg8ocKQJBX_n0vPK4LuDkbjaUNU36_Pu2LmJEfk5IvXMtvJXSO6LA=mo"", ""content"": ""Intertaining"", ""score"": 5, ""thumbsUpCount"": 0, ""reviewCreatedVersion"": ""12.37.59"", ""at"": ""2026-07-03 02:21:20"", ""replyContent"": null, ""repliedAt"": null, ""appVersion"": ""12.37.59""}"
run5_day3_20260704_032957,1,YouTube,com.google.android.youtube,us,en,3f2c0914956ac99e737b92f62cb48b61a32acd940951f37224bc70e4394fc9f8,c1680442-a07a-4a60-9df7-48585b6a2a2a,0,Jonathan Vezinat,1,16,2026-07-03T02:21:01+00:00,21.26.364,,,No dislike button. Shorts are filled with AI slop and a lot of videos are blatantly false info. At least google the actual fact before posting. Complete garbage except for youtube music,No dislike button. Shorts are filled with AI slop and a lot of videos are blatantly false info. At least google the actual fact before posting. Complete garbage except for youtube music,cf14e05f09b454a9e9ec4b491732430db9feea36b4f2f4db8bf91535ba895a2c,cf14e05f09b454a9e9ec4b491732430db9feea36b4f2f4db8bf91535ba895a2c,"{""reviewId"": ""c1680442-a07a-4a60-9df7-48585b6a2a2a"", ""userName"": ""Jonathan Vezinat"", ""userImage"": ""https://play-lh.googleusercontent.com/a/ACg8ocItlZo-Jh7QeH-sD3KC1ONPzoPrsxSgze6Qt1NRuvvgMqnTioQ=mo"", ""content"": ""No dislike button. Shorts are filled with AI slop and a lot of videos are blatantly false info. At least google the actual fact before posting. Complete garbage except for youtube music"", ""score"": 1, ""thumbsUpCount"": 16, ""reviewCreatedVersion"": ""21.26.364"", ""at"": ""2026-07-03 02:21:01"", ""replyContent"": null, ""repliedAt"": null, ""appVersion"": ""21.26.364""}"
run5_day3_20260704_032957,1,YouTube,com.google.android.youtube,us,en,0ffd10c63f8ff594452ca4ed062621b17fe8a037a380b5407d70728b7d318301,b1caf505-9ab5-4c26-8ca7-0cbb7e3bd09e,0,Roan Christian Rollo Gerpacio,1,1,2026-07-03T02:19:59+00:00,21.24.366,,,bring back the dislike button,bring back the dislike button,647c2e2c16a7bcc0fbb81dede0ab54d408feadf3e0e02260fcc831de7f0d877c,647c2e2c16a7bcc0fbb81dede0ab54d408feadf3e0e02260fcc831de7f0d877c,"{""reviewId"": ""b1caf505-9ab5-4c26-8ca7-0cbb7e3bd09e"", ""userName"": ""Roan Christian Rollo Gerpacio"", ""userImage"": ""https://play-lh.googleusercontent.com/a-/ALV-UjXyR6OYBODlKCXWdCOrjdJLW3wov9YAynvw9YOFp-5ZtKKRO6qW"", ""content"": ""bring back the dislike button"", ""score"": 1, ""thumbsUpCount"": 1, ""reviewCreatedVersion"": ""21.24.366"", ""at"": ""2026-07-03 02:19:59"", ""replyContent"": null, ""repliedAt"": null, ""appVersion"": ""21.24.366""}"
run5_day3_20260704_032957,1,YouTube,com.google.android.youtube,us,en,62f629b102f59f17601c8a96fd07d01b312d9ab78ebbf18a0c7b61adeb926cf7,90dddf3f-6db8-450b-9b37-098e35767931,0,Eric Benaresh,2,0,2026-07-03T02:19:46+00:00,21.26.364,,,"Removed essential tool. By removing the dislike button on shorts, you have essentially removed the capacity to curate my experience. That's a really bad design choice.","Removed essential tool. By removing the dislike button on shorts, you have essentially removed the capacity to curate my experience. That's a really bad design choice.",e8905d9bf0c8f6fcf199fc5d65c6a1418f58d252f48d69e767d07339c90e49fd,e8905d9bf0c8f6fcf199fc5d65c6a1418f58d252f48d69e767d07339c90e49fd,"{""reviewId"": ""90dddf3f-6db8-450b-9b37-098e35767931"", ""userName"": ""Eric Benaresh"", ""userImage"": ""https://play-lh.googleusercontent.com/a-/ALV-UjXFB9Jhz4UBkrfP_jVEqPkD6OjiGd9vNMV53VIYAEf-Mcj2Y9-8"", ""content"": ""Removed essential tool. By removing the dislike button on shorts, you have essentially removed the capacity to curate my experience. That's a really bad design choice."", ""score"": 2, ""thumbsUpCount"": 0, ""reviewCreatedVersion"": ""21.26.364"", ""at"": ""2026-07-03 02:19:46"", ""replyContent"": null, ""repliedAt"": null, ""appVersion"": ""21.26.364""}"
run5_day3_20260704_032957,1,YouTube,com.google.android.youtube,us,en,b17c9d75641ccc40cab18e454cf7b38f7e83026c78f2b6bc7a11d391c9ed1ce6,7b1e1b85-354f-4d13-9b42-620a02172050,0,Brian M.,2,47,2026-07-03T02:19:37+00:00,21.26.364,,,"Decreased my rating from 3 to 2 stars. YouTube seriously has an ad problem. Now it sometimes takes at most 15 seconds to skip an ad instead of the usual 5 seconds. YouTube will seriously do anything to force users to watch ads or pay for premium. I am seriously getting an adblocker if the ads get worse. And another thing besides the ads, pressing on chapters in a video doesnt work anymore. On computer, it works fine. How the hell do you screw that up?","Decreased my rating from 3 to 2 stars. YouTube seriously has an ad problem. Now it sometimes takes at most 15 seconds to skip an ad instead of the usual 5 seconds. YouTube will seriously do anything to force users to watch ads or pay for premium. I am seriously getting an adblocker if the ads get worse. And another thing besides the ads, pressing on chapters in a video doesnt work anymore. On computer, it works fine. How the hell do you screw that up?",b2c5cfbce4617dd28c75ee832b39e6978a6361a5dbe9b12e85069432383e119e,b2c5cfbce4617dd28c75ee832b39e6978a6361a5dbe9b12e85069432383e119e,"{""reviewId"": ""7b1e1b85-354f-4d13-9b42-620a02172050"", ""userName"": ""Brian M."", ""userImage"": ""https://play-lh.googleusercontent.com/a-/ALV-UjW7YhV07DDpvCQ7617GGjjEt8Jh28Z2ipFlTWp6hUaRwv26MZpb"", ""content"": ""Decreased my rating from 3 to 2 stars. YouTube seriously has an ad problem. Now it sometimes takes at most 15 seconds to skip an ad instead of the usual 5 seconds. YouTube will seriously do anything to force users to watch ads or pay for premium. I am seriously getting an adblocker if the ads get worse. And another thing besides the ads, pressing on chapters in a video doesnt work anymore. On computer, it works fine. How the hell do you screw that up?"", ""score"": 2, ""thumbsUpCount"": 47, ""reviewCreatedVersion"": ""21.26.364"", ""at"": ""2026-07-03 02:19:37"", ""replyContent"": null, ""repliedAt"": null, ""appVersion"": ""21.26.364""}"
run5_day3_20260704_032957,1,YouTube,com.google.android.youtube,us,en,1f308f73a8f1f2fee7ad33444560f952b788712ea1c8247d483514bfcba2e2d3,1d7d875b-3930-4813-8b8c-473584596f6b,0,Brantley Forrest,1,1,2026-07-03T02:18:06+00:00,21.26.364,,,new font is so bad,new font is so bad,e4a8585f3b2102ef6cc0f19724c10022c057d068e66f8016696c12f92deb0d4d,e4a8585f3b2102ef6cc0f19724c10022c057d068e66f8016696c12f92deb0d4d,"{""reviewId"": ""1d7d875b-3930-4813-8b8c-473584596f6b"", ""userName"": ""Brantley Forrest"", ""userImage"": ""https://play-lh.googleusercontent.com/a-/ALV-UjUMcAT6EsX9flGt9tbasrnxbr0tChSL7NrD04X76gDo-pyb7VMnBw"", ""content"": ""new font is so bad"", ""score"": 1, ""thumbsUpCount"": 1, ""reviewCreatedVersion"": ""21.26.364"", ""at"": ""2026-07-03 02:18:06"", ""replyContent"": null, ""repliedAt"": null, ""appVersion"": ""21.26.364""}"
run5_day3_20260704_032957,1,YouTube,com.google.android.youtube,us,en,8cc063239460503a03ee650fcbb3374f4f53f5fdf9e2805655fbfc0615e4234e,22bc60cd-6bdf-41f5-ac3e-cf9191b1cdae,0,Michi Senpai,3,1,2026-07-03T02:15:31+00:00,21.08.265,,,you better have good reason for removing the dislike button like wht is wrong with you people,you better have good reason for removing the dislike button like wht is wrong with you people,71428515dc80d091385c45f402498840ea42d02ff9ea09893b1e80459f9dafc7,71428515dc80d091385c45f402498840ea42d02ff9ea09893b1e80459f9dafc7,"{""reviewId"": ""22bc60cd-6bdf-41f5-ac3e-cf9191b1cdae"", ""userName"": ""Michi Senpai"", ""userImage"": ""https://play-lh.googleusercontent.com/a/ACg8ocIadvXtCAL4BWChT-aXxuBBfuraQ6Fvpcr7Fj3VJprpOlwqEA=mo"", ""content"": ""you better have good reason for removing the dislike button like wht is wrong with you people"", ""score"": 3, ""thumbsUpCount"": 1, ""reviewCreatedVersion"": ""21.08.265"", ""at"": ""2026-07-03 02:15:31"", ""replyContent"": null, ""repliedAt"": null, ""appVersion"": ""21.08.265""}"
run5_day3_20260704_032957,1,YouTube,com.google.android.youtube,us,en,7d21b981a2ca5a46f2fd4c7d2841c583edff154dbaadc35bd2cb7abfa3e39a96,e33ca69c-2806-4746-adcb-b01e8fa1b207,0,Matthew john,1,1,2026-07-03T02:14:22+00:00,21.25.527,,,fix your app,fix your app,1533b4c8db0ca66bec3b85da749e3a455cf180e222b1cf02204c2734a8cb5d5f,1533b4c8db0ca66bec3b85da749e3a455cf180e222b1cf02204c2734a8cb5d5f,"{""reviewId"": ""e33ca69c-2806-4746-adcb-b01e8fa1b207"", ""userName"": ""Matthew john"", ""userImage"": ""https://play-lh.googleusercontent.com/a-/ALV-UjVnM4HEkE6N3zhUM68B29AFmGsh1d-wOYVGAKC3m_A81OZJ-eE"", ""content"": ""fix your app"", ""score"": 1, ""thumbsUpCount"": 1, ""reviewCreatedVersion"": ""21.25.527"", ""at"": ""2026-07-03 02:14:22"", ""replyContent"": null, ""repliedAt"": null, ""appVersion"": ""21.25.527""}"
run5_day3_20260704_032957,1,YouTube,com.google.android.youtube,us,en,53274d2464cfb1e207623eb2ba0214736e445550ba3b2f8b3cb9d32bcb513e81,61da401b-2b08-47be-867a-d24624ff6f43,0,Abhimanu Kumar,5,0,2026-07-03T02:14:19+00:00,12.37.59,,,Very good experience,Very good experience,e5a1a83eb2e1f268bf6e3af704d6e66b8dff5edc465c2fa43c6a4eac230eea2e,e5a1a83eb2e1f268bf6e3af704d6e66b8dff5edc465c2fa43c6a4eac230eea2e,"{""reviewId"": ""61da401b-2b08-47be-867a-d24624ff6f43"", ""userName"": ""Abhimanu Kumar"", ""userImage"": ""https://play-lh.googleusercontent.com/a/ACg8ocJnUi4oeCM0YtO8oZsR6nL7RaIeslQ6LH9al4MeCaCGWqDOgg=mo"", ""content"": ""Very good experience"", ""score"": 5, ""thumbsUpCount"": 0, ""reviewCreatedVersion"": ""12.37.59"", ""at"": ""2026-07-03 02:14:19"", ""replyContent"": null, ""repliedAt"": null, ""appVersion"": ""12.37.59""}"
run5_day3_20260704_032957,1,YouTube,com.google.android.youtube,us,en,a2e257073a6fa3403cfff72a4a0b44e672f42c5e5059c3c555ea2505d95e420c,d0ef75c7-ccbc-4b0c-956e-538c4c66c662,0,Lyndal Cox,5,7,2026-07-03T02:13:37+00:00,21.25.528,,,"The app is obviously amazing, but I've noticed the buttons at the bottom of the screen like Home and Profile have been too low and almost entirely covered by the ▼ ● ■ buttons making getting to some thing incredibly tedious and annoying, please fix this","The app is obviously amazing, but I've noticed the buttons at the bottom of the screen like Home and Profile have been too low and almost entirely covered by the ▼ ● ■ buttons making getting to some thing incredibly tedious and annoying, please fix this",622038ed28973158300aa90046caaa2f9d756e45cddd0d2253916d54dc2fe3f8,622038ed28973158300aa90046caaa2f9d756e45cddd0d2253916d54dc2fe3f8,"{""reviewId"": ""d0ef75c7-ccbc-4b0c-956e-538c4c66c662"", ""userName"": ""Lyndal Cox"", ""userImage"": ""https://play-lh.googleusercontent.com/a-/ALV-UjUi1P3PhOUshZk_D-96wCkOfrh9rKaGudwe5YMrURrCeRg5B10"", ""content"": ""The app is obviously amazing, but I've noticed the buttons at the bottom of the screen like Home and Profile have been too low and almost entirely covered by the ▼ ● ■ buttons making getting to some thing incredibly tedious and annoying, please fix this"", ""score"": 5, ""thumbsUpCount"": 7, ""reviewCreatedVersion"": ""21.25.528"", ""at"": ""2026-07-03 02:13:37"", ""replyContent"": null, ""repliedAt"": null, ""appVersion"": ""21.25.528""}"
run5_day3_20260704_032957,1,YouTube,com.google.android.youtube,us,en,de1d9ed22070ff2d05f8c56e55b5469007a80e1049fd9bcda33c37de5dcdbf47,25e5fc76-e917-4ff4-b966-26cbb003ab33,0,Farzana Hanif,5,0,2026-07-03T02:13:32+00:00,21.23.488,,,good app ha,good app ha,139621f93df8142225008073c20f0eb3c0f1224fba0d76e4a3307706de7f807f,139621f93df8142225008073c20f0eb3c0f1224fba0d76e4a3307706de7f807f,"{""reviewId"": ""25e5fc76-e917-4ff4-b966-26cbb003ab33"", ""userName"": ""Farzana Hanif"", ""userImage"": ""https://play-lh.googleusercontent.com/a-/ALV-UjUnY1imMAnSO3ckZsvWEkOdq971SZ0UvEN6siI8Q_Z4ppDYN-oF"", ""content"": ""good app ha"", ""score"": 5, ""thumbsUpCount"": 0, ""reviewCreatedVersion"": ""21.23.488"", ""at"": ""2026-07-03 02:13:32"", ""replyContent"": null, ""repliedAt"": null, ""appVersion"": ""21.23.488""}"
run5_day3_20260704_032957,1,YouTube,com.google.android.youtube,us,en,98f6f67e6518932001bed35c4d7a617580d060c64b9b4fcb5ae58f812e649031,4640634b-bcaf-4dc4-bde3-aaf56cd21680,0,Bimla Sahu,5,0,2026-07-03T02:06:29+00:00,21.13.163,,,Very good,Very good,06a2935e6f57d4494a9017393d4f3b5a7a3d4df4e26b25f853b27b6ae1d6f821,06a2935e6f57d4494a9017393d4f3b5a7a3d4df4e26b25f853b27b6ae1d6f821,"{""reviewId"": ""4640634b-bcaf-4dc4-bde3-aaf56cd21680"", ""userName"": ""Bimla Sahu"", ""userImage"": ""https://play-lh.googleusercontent.com/a/ACg8ocJcMa-MIJqKbI1CQz8h9XzwLoNS9qi1PS_nTXfJxJcLu3n59Q=mo"", ""content"": ""Very good"", ""score"": 5, ""thumbsUpCount"": 0, ""reviewCreatedVersion"": ""21.13.163"", ""at"": ""2026-07-03 02:06:29"", ""replyContent"": null, ""repliedAt"": null, ""appVersion"": ""21.13.163""}"
run5_day3_20260704_032957,1,YouTube,com.google.android.youtube,us,en,52f15fe6b102fef77776998828bc076880a14b4dc5fd0f964abeee927db2678a,b6c21691-68d5-47fe-a127-007f7928041f,0,U Pyae Phyo Aung,5,0,2026-07-03T02:06:18+00:00,21.25.523,,,good,good,770e607624d689265ca6c44884d0807d9b054d23c473c106c72be9de08b7376c,770e607624d689265ca6c44884d0807d9b054d23c473c106c72be9de08b7376c,"{""reviewId"": ""b6c21691-68d5-47fe-a127-007f7928041f"", ""userName"": ""U Pyae Phyo Aung"", ""userImage"": ""https://play-lh.googleusercontent.com/a-/ALV-UjUeeM1GSFtRrjRzTVbFnmLONB1aOEBFosQaQvrayErRIeLLaPyD"", ""content"": ""good"", ""score"": 5, ""thumbsUpCount"": 0, ""reviewCreatedVersion"": ""21.25.523"", ""at"": ""2026-07-03 02:06:18"", ""replyContent"": null, ""repliedAt"": null, ""appVersion"": ""21.25.523""}"
run5_day3_20260704_032957,1,YouTube,com.google.android.youtube,us,en,a3b8cfc554fc78f18ef4e3f8edfa1f8e3823b01b5f2507955c8625cde40c2046,3732246e-f6c3-4b1e-bd5c-89ffffaa09c4,0,Borhan Bakar,1,1,2026-07-03T02:05:33+00:00,21.26.364,,,i was putting a 5 yt shorts video on yt shorts video only playlist and when i try to put a long video on other playlist the system not even give me a menu screen which playlist i want to put the video on.Its instantly put the long video on a yt shorts only playlist it was so annoying and there is nothing to do because i can't turn off that feature even after i updated my YouTube the feature still there,i was putting a 5 yt shorts video on yt shorts video only playlist and when i try to put a long video on other playlist the system not even give me a menu screen which playlist i want to put the video on.Its instantly put the long video on a yt shorts only playlist it was so annoying and there is nothing to do because i can't turn off that feature even after i updated my YouTube the feature still there,f945cdc4514e8c00d6e3a1c68ce3e98083f9ecd9f54cf541d3aed38a4489d473,f945cdc4514e8c00d6e3a1c68ce3e98083f9ecd9f54cf541d3aed38a4489d473,"{""reviewId"": ""3732246e-f6c3-4b1e-bd5c-89ffffaa09c4"", ""userName"": ""Borhan Bakar"", ""userImage"": ""https://play-lh.googleusercontent.com/a-/ALV-UjU3YACz4FX824E_WVhL5Sdqm8RpiAXJ406Cet5JYuPS0eFtHT4Q"", ""content"": ""i was putting a 5 yt shorts video on yt shorts video only playlist and when i try to put a long video on other playlist the system not even give me a menu screen which playlist i want to put the video on.Its instantly put the long video on a yt shorts only playlist it was so annoying and there is nothing to do because i can't turn off that feature even after i updated my YouTube the feature still there"", ""score"": 1, ""thumbsUpCount"": 1, ""reviewCreatedVersion"": ""21.26.364"", ""at"": ""2026-07-03 02:05:33"", ""replyContent"": null, ""repliedAt"": null, ""appVersion"": ""21.26.364""}"
run5_day3_20260704_032957,1,YouTube,com.google.android.youtube,us,en,2c8f7ce48463639f5cda3ae1741711557900ddc7aca11ed3038a88fbe605e109,ca9cbd6b-9916-4b6d-bfa9-66017cda48fb,0,DIKUL BAGE,1,0,2026-07-03T02:05:00+00:00,20.40.41,,,Notopen,Notopen,5a6b4712066862ffd98aebeefd1fae5eb8f1303aaf892e93f7c101775466242f,5a6b4712066862ffd98aebeefd1fae5eb8f1303aaf892e93f7c101775466242f,"{""reviewId"": ""ca9cbd6b-9916-4b6d-bfa9-66017cda48fb"", ""userName"": ""DIKUL BAGE"", ""userImage"": ""https://play-lh.googleusercontent.com/a/ACg8ocL759gkj-pG43H3ciyuY0awSswbtccIAshVImRbwM6xz8PrWg=mo"", ""content"": ""Notopen"", ""score"": 1, ""thumbsUpCount"": 0, ""reviewCreatedVersion"": ""20.40.41"", ""at"": ""2026-07-03 02:05:00"", ""replyContent"": null, ""repliedAt"": null, ""appVersion"": ""20.40.41""}"
run5_day3_20260704_032957,1,YouTube,com.google.android.youtube,us,en,526a45d2b4ed0700a6f760b5cc04a2418e9c4244e6e2d10662f225c5a773bebd,a07ffb72-3997-4f5e-b92a-23af528b3f53,0,Pierre Love,5,0,2026-07-03T02:03:49+00:00,17.11.34,,,Tankyou,Tankyou,c2a8acf9457fb72796f4839584263fa649058bfbfe4b87f86476fa805a80835b,c2a8acf9457fb72796f4839584263fa649058bfbfe4b87f86476fa805a80835b,"{""reviewId"": ""a07ffb72-3997-4f5e-b92a-23af528b3f53"", ""userName"": ""Pierre Love"", ""userImage"": ""https://play-lh.googleusercontent.com/a/ACg8ocI-25tBVxMdO2O4-uS4NVOxEYKjdGSJDIeGi6kJbxl9aYpLHA=mo"", ""content"": ""Tankyou"", ""score"": 5, ""thumbsUpCount"": 0, ""reviewCreatedVersion"": ""17.11.34"", ""at"": ""2026-07-03 02:03:49"", ""replyContent"": null, ""repliedAt"": null, ""appVersion"": ""17.11.34""}"
run5_day3_20260704_032957,1,YouTube,com.google.android.youtube,us,en,5fd5acb207df1b07f63074242ec7c53baf08666d7731a79e4ba16be1f283d36f,4d508daa-9ba8-4df7-b096-f52ba939e754,0,Radio Sound,5,0,2026-07-03T02:02:59+00:00,21.25.523,,,very nice this app very helpful,very nice this app very helpful,860f0a2d9f4c187bd91c4cca5615d1e2bf8d06f2996bb63d3befe7c27a57fc2a,860f0a2d9f4c187bd91c4cca5615d1e2bf8d06f2996bb63d3befe7c27a57fc2a,"{""reviewId"": ""4d508daa-9ba8-4df7-b096-f52ba939e754"", ""userName"": ""Radio Sound"", ""userImage"": ""https://play-lh.googleusercontent.com/a/ACg8ocLaP9dLbgnCgeA3ITVKxrLKJ3yLi7TKx7Qrb3Dycl3LBYO5oA=mo"", ""content"": ""very nice this app very helpful"", ""score"": 5, ""thumbsUpCount"": 0, ""reviewCreatedVersion"": ""21.25.523"", ""at"": ""2026-07-03 02:02:59"", ""replyContent"": null, ""repliedAt"": null, ""appVersion"": ""21.25.523""}"
run5_day3_20260704_032957,1,YouTube,com.google.android.youtube,us,en,85c426c02d4dbe729397f936a592ce27db013885c7aca904059d02982f35c417,3222f019-1aaa-4e21-bca9-56523059b44d,0,Daniel Teck,1,1,2026-07-03T02:02:34+00:00,20.02.40,,,very bad,very bad,81f1a179149981cbd4410cbce0485b03a74054a0ca72b843c45f957577e56c39,81f1a179149981cbd4410cbce0485b03a74054a0ca72b843c45f957577e56c39,"{""reviewId"": ""3222f019-1aaa-4e21-bca9-56523059b44d"", ""userName"": ""Daniel Teck"", ""userImage"": ""https://play-lh.googleusercontent.com/a/ACg8ocJd_2we4XvW_cWm5fSBepAyfQArVYjWKjufXEEOFPPZyWhyHA=mo"", ""content"": ""very bad"", ""score"": 1, ""thumbsUpCount"": 1, ""reviewCreatedVersion"": ""20.02.40"", ""at"": ""2026-07-03 02:02:34"", ""replyContent"": null, ""repliedAt"": null, ""appVersion"": ""20.02.40""}"
run5_day3_20260704_032957,1,YouTube,com.google.android.youtube,us,en,0e9545fccaa2fc37dea952a7682318447da193e923125fe068556f96f3c2c0a2,1d6ce966-25ce-48db-8bb6-ca756958221e,0,Stacey Ortiz,5,0,2026-07-03T02:01:31+00:00,21.26.364,,,ts peak🤞🏼🥺,ts peak🤞🏼🥺,34dbd5fa7ec920de738f4a0a3538da923c1b6ecc21970567ee85f2ffd8a66125,34dbd5fa7ec920de738f4a0a3538da923c1b6ecc21970567ee85f2ffd8a66125,"{""reviewId"": ""1d6ce966-25ce-48db-8bb6-ca756958221e"", ""userName"": ""Stacey Ortiz"", ""userImage"": ""https://play-lh.googleusercontent.com/a-/ALV-UjWDetp7PA3F9-128G07mDRSUHbKsH5_UsIaVGE2KVW4ZpCCpnM"", ""content"": ""ts peak🤞🏼🥺"", ""score"": 5, ""thumbsUpCount"": 0, ""reviewCreatedVersion"": ""21.26.364"", ""at"": ""2026-07-03 02:01:31"", ""replyContent"": null, ""repliedAt"": null, ""appVersion"": ""21.26.364""}"
run5_day3_20260704_032957,1,YouTube,com.google.android.youtube,us,en,37bd48d2c6f48a12786332cf6b20ef8dd20eaa41431987b55c9e3a3c6b0c0f12,3663cf71-cffe-4084-b069-95ee93c8f8a3,0,Shakira,5,0,2026-07-03T02:01:17+00:00,20.02.40,,,I love YouTube,I love YouTube,9616e69eae88756e725cf56203e7baa268cf456b3231c586eef56d81b5662127,9616e69eae88756e725cf56203e7baa268cf456b3231c586eef56d81b5662127,"{""reviewId"": ""3663cf71-cffe-4084-b069-95ee93c8f8a3"", ""userName"": ""Shakira"", ""userImage"": ""https://play-lh.googleusercontent.com/a/ACg8ocJRW3x6QGv9KqWcNsFIY04kYTBJdaMXlZ1TqjwH_ymqqMrQ=mo"", ""content"": ""I love YouTube"", ""score"": 5, ""thumbsUpCount"": 0, ""reviewCreatedVersion"": ""20.02.40"", ""at"": ""2026-07-03 02:01:17"", ""replyContent"": null, ""repliedAt"": null, ""appVersion"": ""20.02.40""}"
run5_day3_20260704_032957,1,YouTube,com.google.android.youtube,us,en,b7bbcbe5428e59866d74f5495bc936417968b7088408a1473b3865809db97b4c,f97d27b8-3696-4b03-a0bc-47e6d4b084df,0,Govind Emliyar,5,0,2026-07-03T02:00:56+00:00,17.07.35,,,😍,😍,453cb3b789e7b403d4cb5342bc1469fb418be79e1ef74f30b79e6f699f20a39d,453cb3b789e7b403d4cb5342bc1469fb418be79e1ef74f30b79e6f699f20a39d,"{""reviewId"": ""f97d27b8-3696-4b03-a0bc-47e6d4b084df"", ""userName"": ""Govind Emliyar"", ""userImage"": ""https://play-lh.googleusercontent.com/a/ACg8ocIon7XRnAZUvRncaCSA8YBgloIJCVBAux4GRJ4Le92upJClYw=mo"", ""content"": ""😍"", ""score"": 5, ""thumbsUpCount"": 0, ""reviewCreatedVersion"": ""17.07.35"", ""at"": ""2026-07-03 02:00:56"", ""replyContent"": null, ""repliedAt"": null, ""appVersion"": ""17.07.35""}"
run5_day3_20260704_032957,1,YouTube,com.google.android.youtube,us,en,3ebd343df27b3b889874067734c233b76959d8fb432d3da6f7e467cfe1b29930,2d4dddb6-c9f5-4d4e-b8d8-41b1daf93131,0,Anjuga,1,1,2026-07-03T01:58:26+00:00,13.46.53,,,everyday asking for update,everyday asking for update,ea051f86e6519b50732ec03f04fdd3de8deca3213fa4d72ff3e94d74e146364e,ea051f86e6519b50732ec03f04fdd3de8deca3213fa4d72ff3e94d74e146364e,"{""reviewId"": ""2d4dddb6-c9f5-4d4e-b8d8-41b1daf93131"", ""userName"": ""Anjuga"", ""userImage"": ""https://play-lh.googleusercontent.com/a/ACg8ocKy2r4Ga_JWoZE85Vsj0G7ZwjUCa3gAw7oqQVA2AdEpwJJT3NE=mo"", ""content"": ""everyday asking for update"", ""score"": 1, ""thumbsUpCount"": 1, ""reviewCreatedVersion"": ""13.46.53"", ""at"": ""2026-07-03 01:58:26"", ""replyContent"": null, ""repliedAt"": null, ""appVersion"": ""13.46.53""}"
run5_day3_20260704_032957,1,YouTube,com.google.android.youtube,us,en,5fd9b5e8d2b73f5912265c98c44148b86f5ac46c10309e138c4714a8e5feccfe,5e5b10f4-8331-4288-a430-97a67e6c441a,0,Rich,5,0,2026-07-03T01:58:03+00:00,21.26.364,,,good,good,770e607624d689265ca6c44884d0807d9b054d23c473c106c72be9de08b7376c,770e607624d689265ca6c44884d0807d9b054d23c473c106c72be9de08b7376c,"{""reviewId"": ""5e5b10f4-8331-4288-a430-97a67e6c441a"", ""userName"": ""Rich"", ""userImage"": ""https://play-lh.googleusercontent.com/a/ACg8ocIhZKEQyZ7DUX3QhIrohJd42QZGCgDATuzhh3tryWDGyxxDrw=mo"", ""content"": ""good"", ""score"": 5, ""thumbsUpCount"": 0, ""reviewCreatedVersion"": ""21.26.364"", ""at"": ""2026-07-03 01:58:03"", ""replyContent"": null, ""repliedAt"": null, ""appVersion"": ""21.26.364""}"
run5_day3_20260704_032957,1,YouTube,com.google.android.youtube,us,en,b04510e678b6eb89ea80ecc955acb2bcaa9ed6c624ba7ec35112ab7053fe61d5,c8516c44-8ee6-4ac3-8cec-4af19c7b8d3d,0,Unknow.J,1,0,2026-07-03T01:57:45+00:00,21.25.523,,,I can't download it,I can't download it,a0ecd14d4d73fbe9e1ee13623818fb1ea9a851a58d604715e4be039bde33d228,a0ecd14d4d73fbe9e1ee13623818fb1ea9a851a58d604715e4be039bde33d228,"{""reviewId"": ""c8516c44-8ee6-4ac3-8cec-4af19c7b8d3d"", ""userName"": ""Unknow.J"", ""userImage"": ""https://play-lh.googleusercontent.com/a-/ALV-UjUNv5be5WdGhgQFCvnvEaJwPi1FlSkoABVOSen1_-x4p4ZXhjluLw"", ""content"": ""I can't download it"", ""score"": 1, ""thumbsUpCount"": 0, ""reviewCreatedVersion"": ""21.25.523"", ""at"": ""2026-07-03 01:57:45"", ""replyContent"": null, ""repliedAt"": null, ""appVersion"": ""21.25.523""}"
run5_day3_20260704_032957,1,YouTube,com.google.android.youtube,us,en,a638df6c96344391b9bdb1d1d371993e2fd87d8f65b61e0aaeb4fa6f7d25894b,03950e51-17a5-41fa-8f3f-50dd99779f3c,0,FallowFloof,1,339,2026-07-03T01:57:09+00:00,20.47.46,,,"The amount of ads this app has is insane- there's now ads that you can't close while in full screen mode, back-to-back unskippable 60 second ads, literal porn site advertisements, etc. There's porn bots in EVERY SINGLE comments section as well. The buttons on the bottom of the screen keep disappearing while on the home page and don't come back. Disabling captions also doesn't actually disable them anymore. Newest update: they got rid of the dislike button, making the algorithm even worse.","The amount of ads this app has is insane- there's now ads that you can't close while in full screen mode, back-to-back unskippable 60 second ads, literal porn site advertisements, etc. There's porn bots in EVERY SINGLE comments section as well. The buttons on the bottom of the screen keep disappearing while on the home page and don't come back. Disabling captions also doesn't actually disable them anymore. Newest update: they got rid of the dislike button, making the algorithm even worse.",b3fc2622fbda0e0e326216f9d3c871a72a06cbab8032b4defa798dbb8561535a,b3fc2622fbda0e0e326216f9d3c871a72a06cbab8032b4defa798dbb8561535a,"{""reviewId"": ""03950e51-17a5-41fa-8f3f-50dd99779f3c"", ""userName"": ""FallowFloof"", ""userImage"": ""https://play-lh.googleusercontent.com/a-/ALV-UjWcJOZELuB-rNJCnjx8cHhFtLXX5qFBqrAdC0750FfTGedBzhBG"", ""content"": ""The amount of ads this app has is insane- there's now ads that you can't close while in full screen mode, back-to-back unskippable 60 second ads, literal porn site advertisements, etc. There's porn bots in EVERY SINGLE comments section as well. The buttons on the bottom of the screen keep disappearing while on the home page and don't come back. Disabling captions also doesn't actually disable them anymore. Newest update: they got rid of the dislike button, making the algorithm even worse."", ""score"": 1, ""thumbsUpCount"": 339, ""reviewCreatedVersion"": ""20.47.46"", ""at"": ""2026-07-03 01:57:09"", ""replyContent"": null, ""repliedAt"": null, ""appVersion"": ""20.47.46""}"
run5_day3_20260704_032957,1,YouTube,com.google.android.youtube,us,en,c7ae67b5e03d8261014d84a763af95ac1888558a1595de576ba728c166cc6e70,bc26cad3-5fc0-4ea3-8ba3-bb965e738ef2,0,Orange Swell,1,63,2026-07-03T01:56:46+00:00,21.26.364,,,AGE VERIFICATION HAS RUINED THIS APP. YouTube keeps asking me to verify my age. They already know my age. I have cancelled premium as a result of this insessant and infuriating screen that keeps jumping in front of my videos. Even ones I created and uploaded myself. I'm also cancelling my Google Apps for business accounts for my companies. I'm done with Google now. goodbye.,AGE VERIFICATION HAS RUINED THIS APP. YouTube keeps asking me to verify my age. They already know my age. I have cancelled premium as a result of this insessant and infuriating screen that keeps jumping in front of my videos. Even ones I created and uploaded myself. I'm also cancelling my Google Apps for business accounts for my companies. I'm done with Google now. goodbye.,76dc74590b325092fa8bcf6f2a5efb6c54bf65cb99d66db15605cb012fe8d27a,76dc74590b325092fa8bcf6f2a5efb6c54bf65cb99d66db15605cb012fe8d27a,"{""reviewId"": ""bc26cad3-5fc0-4ea3-8ba3-bb965e738ef2"", ""userName"": ""Orange Swell"", ""userImage"": ""https://play-lh.googleusercontent.com/a/ACg8ocKbF6dqWekR9RWaYXGhbMdslVayiR6I7R7PotSdAx8JlthB1w=mo"", ""content"": ""AGE VERIFICATION HAS RUINED THIS APP. YouTube keeps asking me to verify my age. They already know my age. I have cancelled premium as a result of this insessant and infuriating screen that keeps jumping in front of my videos. Even ones I created and uploaded myself. I'm also cancelling my Google Apps for business accounts for my companies. I'm done with Google now. goodbye."", ""score"": 1, ""thumbsUpCount"": 63, ""reviewCreatedVersion"": ""21.26.364"", ""at"": ""2026-07-03 01:56:46"", ""replyContent"": null, ""repliedAt"": null, ""appVersion"": ""21.26.364""}"
run5_day3_20260704_032957,1,YouTube,com.google.android.youtube,us,en,7f5664c89209241b14155c1d4f3af60514c8a15eb78fdeed27a3d428b79a2a87,45922ad8-0f61-4842-8c36-462e4ff74f83,0,Shereya Shereya,5,0,2026-07-03T01:50:02+00:00,21.26.364,,,super,super,73d1b1b1bc1dabfb97f216d897b7968e44b06457920f00f2dc6c1ed3be25ad4c,73d1b1b1bc1dabfb97f216d897b7968e44b06457920f00f2dc6c1ed3be25ad4c,"{""reviewId"": ""45922ad8-0f61-4842-8c36-462e4ff74f83"", ""userName"": ""Shereya Shereya"", ""userImage"": ""https://play-lh.googleusercontent.com/a/ACg8ocIP2_MeJvgvZ2M7v58TJbayDlH0fQg-qyS7qPLbt078ER2gSA=mo"", ""content"": ""super"", ""score"": 5, ""thumbsUpCount"": 0, ""reviewCreatedVersion"": ""21.26.364"", ""at"": ""2026-07-03 01:50:02"", ""replyContent"": null, ""repliedAt"": null, ""appVersion"": ""21.26.364""}"
run5_day3_20260704_032957,1,YouTube,com.google.android.youtube,us,en,84a5950c8087242ca9dd4bc99d5f45dfcb1eeabcf4f4371e058f6d6c3a101c02,9d131f50-9213-434d-b9ea-a8140c65d7aa,0,Asyief Bactiar,1,1,2026-07-03T01:48:13+00:00,21.26.364,,,"why tf did the ui change constantly, just when peoplebstart to get the hang of the new ui you just change it again after like 2 months. This new ui is so bad that when you watch a video in the subscription tab, when you minimize the whole slide on the top disappeared and you were forced to close and open the app in order for it to appear again and this cycle doesn't end btw it will do this until you fix this ui or change it back to the previous one which is already better to begin with","why tf did the ui change constantly, just when peoplebstart to get the hang of the new ui you just change it again after like 2 months. This new ui is so bad that when you watch a video in the subscription tab, when you minimize the whole slide on the top disappeared and you were forced to close and open the app in order for it to appear again and this cycle doesn't end btw it will do this until you fix this ui or change it back to the previous one which is already better to begin with",fdb4f3a1e71939f7dcf1c00fcb1774302437c1f5016260e9fb6de1d7de841df8,fdb4f3a1e71939f7dcf1c00fcb1774302437c1f5016260e9fb6de1d7de841df8,"{""reviewId"": ""9d131f50-9213-434d-b9ea-a8140c65d7aa"", ""userName"": ""Asyief Bactiar"", ""userImage"": ""https://play-lh.googleusercontent.com/a-/ALV-UjXvKREbYv9-IuQxK8-d-5FZ9inN4z6Nt0IIk7SLYfGtmoNBtZwO"", ""content"": ""why tf did the ui change constantly, just when peoplebstart to get the hang of the new ui you just change it again after like 2 months. This new ui is so bad that when you watch a video in the subscription tab, when you minimize the whole slide on the top disappeared and you were forced to close and open the app in order for it to appear again and this cycle doesn't end btw it will do this until you fix this ui or change it back to the previous one which is already better to begin with"", ""score"": 1, ""thumbsUpCount"": 1, ""reviewCreatedVersion"": ""21.26.364"", ""at"": ""2026-07-03 01:48:13"", ""replyContent"": null, ""repliedAt"": null, ""appVersion"": ""21.26.364""}"
run5_day3_20260704_032957,1,YouTube,com.google.android.youtube,us,en,874b780e5eb9c9481cdd6591dbf782cd9f37408202230f6fd0f2fb7f93bddc16,d0d898f9-ad92-4040-9f6c-183bfa40aa41,0,bhuwan agrawal,1,1,2026-07-03T01:47:12+00:00,21.26.364,,,"Dislike button, earlier youtube had a dislike button on shorts but later youtube removed it. It's sad and disappointing.","Dislike button, earlier youtube had a dislike button on shorts but later youtube removed it. It's sad and disappointing.",6c23b6ef758e91228cf21f2f4e689eec20f119d13553d8fc81a8ec55023e841d,6c23b6ef758e91228cf21f2f4e689eec20f119d13553d8fc81a8ec55023e841d,"{""reviewId"": ""d0d898f9-ad92-4040-9f6c-183bfa40aa41"", ""userName"": ""bhuwan agrawal"", ""userImage"": ""https://play-lh.googleusercontent.com/a/ACg8ocIm69KuloYE5gvYr9nIXgpqKJz9FJTd3yaRR1F4_23P1zPv8-Y=mo"", ""content"": ""Dislike button, earlier youtube had a dislike button on shorts but later youtube removed it. It's sad and disappointing."", ""score"": 1, ""thumbsUpCount"": 1, ""reviewCreatedVersion"": ""21.26.364"", ""at"": ""2026-07-03 01:47:12"", ""replyContent"": null, ""repliedAt"": null, ""appVersion"": ""21.26.364""}"
run5_day3_20260704_032957,1,YouTube,com.google.android.youtube,us,en,c78bdd62c501ed456132cca53bdd2d1fd9c273fa8b69f687bfecea552eadeef4,92e98520-fd0f-4449-b5a3-b8ad7c7e7f0c,0,editx byy,1,1,2026-07-03T01:45:59+00:00,21.26.364,,,"Now, we simply have a TON of ads, btw the display has a lot of erros!","Now, we simply have a TON of ads, btw the display has a lot of erros!",0320e5f57f8fc29f31a33426fe9ae1b9e0722abf89893f996e14b15d00a68dd8,0320e5f57f8fc29f31a33426fe9ae1b9e0722abf89893f996e14b15d00a68dd8,"{""reviewId"": ""92e98520-fd0f-4449-b5a3-b8ad7c7e7f0c"", ""userName"": ""editx byy"", ""userImage"": ""https://play-lh.googleusercontent.com/a-/ALV-UjWgWI1iMqNprjl1nKU21pZ6Bk3syeCynQe_y-fQrvmOWpkzLlL8nA"", ""content"": ""Now, we simply have a TON of ads, btw the display has a lot of erros!"", ""score"": 1, ""thumbsUpCount"": 1, ""reviewCreatedVersion"": ""21.26.364"", ""at"": ""2026-07-03 01:45:59"", ""replyContent"": null, ""repliedAt"": null, ""appVersion"": ""21.26.364""}"
run5_day3_20260704_032957,1,YouTube,com.google.android.youtube,us,en,55484d1ccd59f213fc3bd98617eacd6cf9c5da5b21957723f42728fab96195f8,18195170-ddfa-480b-8ba4-695266cf5e4c,0,Hasmat Ali,5,1,2026-07-03T01:45:51+00:00,12.05.53,,,You tube close open please,You tube close open please,b7a9959eb6dcd6f3df1eb31ff3f5612216eae57b825c4fe90313c3ee63209330,b7a9959eb6dcd6f3df1eb31ff3f5612216eae57b825c4fe90313c3ee63209330,"{""reviewId"": ""18195170-ddfa-480b-8ba4-695266cf5e4c"", ""userName"": ""Hasmat Ali"", ""userImage"": ""https://play-lh.googleusercontent.com/a/ACg8ocIGKO1yCWkpa0tFWL9OZd0ehYb5t3CzKdmOabhapyuFcJU8tA=mo"", ""content"": ""You tube close open please"", ""score"": 5, ""thumbsUpCount"": 1, ""reviewCreatedVersion"": ""12.05.53"", ""at"": ""2026-07-03 01:45:51"", ""replyContent"": null, ""repliedAt"": null, ""appVersion"": ""12.05.53""}"
run5_day3_20260704_032957,1,YouTube,com.google.android.youtube,us,en,59ac553d2371a0163f1ee623e499f452ae5317402b1f766648252c7db0380334,76ca6b80-c0da-4b1c-9fd0-b1a5b4d792af,0,Shanmukha Boyina,2,0,2026-07-03T01:43:51+00:00,21.25.523,,,not video up lode,not video up lode,c4560bf8f769b96e133416c41119ce8e8452061e34e966bafde6d9789eaaee01,c4560bf8f769b96e133416c41119ce8e8452061e34e966bafde6d9789eaaee01,"{""reviewId"": ""76ca6b80-c0da-4b1c-9fd0-b1a5b4d792af"", ""userName"": ""Shanmukha Boyina"", ""userImage"": ""https://play-lh.googleusercontent.com/a-/ALV-UjWXzASHuSiVG0jCD5xjgmc227KJcV6CEIRgbzdqmm1S-QkV8Cor4g"", ""content"": ""not video up lode"", ""score"": 2, ""thumbsUpCount"": 0, ""reviewCreatedVersion"": ""21.25.523"", ""at"": ""2026-07-03 01:43:51"", ""replyContent"": null, ""repliedAt"": null, ""appVersion"": ""21.25.523""}"
run5_day3_20260704_032957,1,YouTube,com.google.android.youtube,us,en,af836cd5aca4470d2f874cd68cbcf4c4e2f8b5c11afe96b79c891997860cf0ab,3c889db1-ba5a-44f9-8d8c-4bf631a70cc1,0,Abdullah Shahid,1,1,2026-07-03T01:42:57+00:00,21.25.523,,,some time you tube do not show caption,some time you tube do not show caption,34dfac2c2f1298a37d99b5d1e1f510de546a41b6b9aea56b249aec586aed098c,34dfac2c2f1298a37d99b5d1e1f510de546a41b6b9aea56b249aec586aed098c,"{""reviewId"": ""3c889db1-ba5a-44f9-8d8c-4bf631a70cc1"", ""userName"": ""Abdullah Shahid"", ""userImage"": ""https://play-lh.googleusercontent.com/a-/ALV-UjUEK0297UWHMtuxB9VJMnmjS0UyhYFRwzltlO5kfmuUueWzcwY"", ""content"": ""some time you tube do not show caption"", ""score"": 1, ""thumbsUpCount"": 1, ""reviewCreatedVersion"": ""21.25.523"", ""at"": ""2026-07-03 01:42:57"", ""replyContent"": null, ""repliedAt"": null, ""appVersion"": ""21.25.523""}"
run5_day3_20260704_032957,1,YouTube,com.google.android.youtube,us,en,9fa24f063dc7c73072b6e26a4072ff2a682f48a4641d9b464a2addb9935a6c13,d48e2e69-ea82-473c-ae81-ba194c4f2292,0,Daniel Zapp,5,9,2026-07-03T01:42:52+00:00,21.26.364,,,(TOP PRIORITY) please update YouTube because the video is rewinding 20 seconds every time when I'm on a video on Xbox please fix the Xbox version please & can you please add the advance video settings & please fix the problem with the playlist in the settings on YouTube app please & fix the mobile too,(TOP PRIORITY) please update YouTube because the video is rewinding 20 seconds every time when I'm on a video on Xbox please fix the Xbox version please & can you please add the advance video settings & please fix the problem with the playlist in the settings on YouTube app please & fix the mobile too,15aaf450d7b0ed65165ab434894feecc6acbd06b7133000586e0a1dc179a1235,15aaf450d7b0ed65165ab434894feecc6acbd06b7133000586e0a1dc179a1235,"{""reviewId"": ""d48e2e69-ea82-473c-ae81-ba194c4f2292"", ""userName"": ""Daniel Zapp"", ""userImage"": ""https://play-lh.googleusercontent.com/a/ACg8ocL-580vq9-yNwBgCa7zg7DuFDhn65wmYw5WppCC0yI9pb1AXA=mo"", ""content"": ""(TOP PRIORITY) please update YouTube because the video is rewinding 20 seconds every time when I'm on a video on Xbox please fix the Xbox version please & can you please add the advance video settings & please fix the problem with the playlist in the settings on YouTube app please & fix the mobile too"", ""score"": 5, ""thumbsUpCount"": 9, ""reviewCreatedVersion"": ""21.26.364"", ""at"": ""2026-07-03 01:42:52"", ""replyContent"": null, ""repliedAt"": null, ""appVersion"": ""21.26.364""}"
run5_day3_20260704_032957,1,YouTube,com.google.android.youtube,us,en,b6fae231a5c8b6a2198b8c385173e7c2d7bfc5fb40702a634236607d029934a9,6506d4c2-341d-4cbd-b339-3b016545025d,0,Avula Nandini,1,0,2026-07-03T01:39:35+00:00,12.37.59,,,Like,Like,64f915cb8bfcf2d0a471b9559a9d08f7349413813a72a78e053062377e29b8f5,64f915cb8bfcf2d0a471b9559a9d08f7349413813a72a78e053062377e29b8f5,"{""reviewId"": ""6506d4c2-341d-4cbd-b339-3b016545025d"", ""userName"": ""Avula Nandini"", ""userImage"": ""https://play-lh.googleusercontent.com/a/ACg8ocLaFRxNDtgUiXdI648n9s14xfKJMUrEcSi-hL9iUZws1gswVQ=mo"", ""content"": ""Like"", ""score"": 1, ""thumbsUpCount"": 0, ""reviewCreatedVersion"": ""12.37.59"", ""at"": ""2026-07-03 01:39:35"", ""replyContent"": null, ""repliedAt"": null, ""appVersion"": ""12.37.59""}"
run5_day3_20260704_032957,2,TikTok,com.zhiliaoapp.musically,us,en,c426dccee7bd6b90badfe0546e078f85bd31de046d82f7a88933b3371e5bb906,8001ed0b-d6a9-46d8-9e21-2df8fc6c4538,0,Diggi_Vali,1,1,2026-07-03T03:24:21+00:00,45.7.3,,,the app keeps closing,the app keeps closing,f46f4a65bb1d2e30151317e1299bd68785877e4c795d69f9427da47e05285d4b,f46f4a65bb1d2e30151317e1299bd68785877e4c795d69f9427da47e05285d4b,"{""reviewId"": ""8001ed0b-d6a9-46d8-9e21-2df8fc6c4538"", ""userName"": ""Diggi_Vali"", ""userImage"": ""https://play-lh.googleusercontent.com/a-/ALV-UjUiwS5ZI7FovyOLNVyaQD6pBgugvgtT8E-uvxhaX29prxC6uZr8"", ""content"": ""the app keeps closing"", ""score"": 1, ""thumbsUpCount"": 1, ""reviewCreatedVersion"": ""45.7.3"", ""at"": ""2026-07-03 03:24:21"", ""replyContent"": null, ""repliedAt"": null, ""appVersion"": ""45.7.3""}"
run5_day3_20260704_032957,2,TikTok,com.zhiliaoapp.musically,us,en,61ea1f3a5dcef8d72f8d0fcd689398aa89e8508c9d8b1c0f2c8c260d1bc4a242,54df7802-f605-435f-825f-a11f2cffc92a,0,Bulut Ozdemir,5,1,2026-07-03T03:19:35+00:00,45.7.3,Hi! Thanks for taking the time to share your feedback. Your support is greatly appreciated.,2026-07-03T03:40:11+00:00,so good,so good,1003bef40087acdc2f462718699886cf81372904bb5192001172f84c75f98bab,1003bef40087acdc2f462718699886cf81372904bb5192001172f84c75f98bab,"{""reviewId"": ""54df7802-f605-435f-825f-a11f2cffc92a"", ""userName"": ""Bulut Ozdemir"", ""userImage"": ""https://play-lh.googleusercontent.com/a/ACg8ocLlelBjsXNHi8AYKS_JnO6S8sX22ejVx8fCcn4qm0Be1UAiAA=mo"", ""content"": ""so good"", ""score"": 5, ""thumbsUpCount"": 1, ""reviewCreatedVersion"": ""45.7.3"", ""at"": ""2026-07-03 03:19:35"", ""replyContent"": ""Hi! Thanks for taking the time to share your feedback. Your support is greatly appreciated."", ""repliedAt"": ""2026-07-03 03:40:11"", ""appVersion"": ""45.7.3""}"
run5_day3_20260704_032957,2,TikTok,com.zhiliaoapp.musically,us,en,ec866a72a162e6a0a38af01101657d0f1bd2bba5676ae0fae7f9cb6a8da1137d,65cafb3c-985f-4452-bed8-79ab37b85cc3,0,Detective Mozin,5,0,2026-07-03T03:19:00+00:00,45.5.4,Hi! Thanks for taking the time to share your feedback. Your support is greatly appreciated.,2026-07-03T03:40:11+00:00,Please TikTok team give some support 🙏,Please TikTok team give some support 🙏,81ba16d8d4246d358f70cc4a10e35c33772631464a0f67392cdaf27bdba42ae1,81ba16d8d4246d358f70cc4a10e35c33772631464a0f67392cdaf27bdba42ae1,"{""reviewId"": ""65cafb3c-985f-4452-bed8-79ab37b85cc3"", ""userName"": ""Detective Mozin"", ""userImage"": ""https://play-lh.googleusercontent.com/a/ACg8ocLAceyex9nNotywD80XZcNnP1tH_z7Jk0Jmy8tQGIRh8gCJ_Q=mo"", ""content"": ""Please TikTok team give some support 🙏"", ""score"": 5, ""thumbsUpCount"": 0, ""reviewCreatedVersion"": ""45.5.4"", ""at"": ""2026-07-03 03:19:00"", ""replyContent"": ""Hi! Thanks for taking the time to share your feedback. Your support is greatly appreciated."", ""repliedAt"": ""2026-07-03 03:40:11"", ""appVersion"": ""45.5.4""}"
run5_day3_20260704_032957,2,TikTok,com.zhiliaoapp.musically,us,en,1b09b02137b70206e055f32071ef70664d7b10ad8467a332cad7534b4219367b,50936157-3867-40bc-849b-f1396b828dcb,0,Rafique Khoso,5,0,2026-07-03T03:18:26+00:00,32.4.3,Hi! Thanks for taking the time to share your feedback. Your support is greatly appreciated.,2026-07-03T03:40:12+00:00,TikTok is good plat form butt one problem is in my country pakistan we not get live option plz solve my problem...,TikTok is good plat form butt one problem is in my country pakistan we not get live option plz solve my problem...,dfdc540c88b6d547f46d3952a7e7c77900fc08b211570d0930328a3b515690f8,dfdc540c88b6d547f46d3952a7e7c77900fc08b211570d0930328a3b515690f8,"{""reviewId"": ""50936157-3867-40bc-849b-f1396b828dcb"", ""userName"": ""Rafique Khoso"", ""userImage"": ""https://play-lh.googleusercontent.com/a-/ALV-UjXiT3EC0kISPhSh23GspKmoosNZmbIIHy_dHFcVnh0T0aVztLHe"", ""content"": ""TikTok is good plat form butt one problem is in my country pakistan we not get live option plz solve my problem..."", ""score"": 5, ""thumbsUpCount"": 0, ""reviewCreatedVersion"": ""32.4.3"", ""at"": ""2026-07-03 03:18:26"", ""replyContent"": ""Hi! Thanks for taking the time to share your feedback. Your support is greatly appreciated."", ""repliedAt"": ""2026-07-03 03:40:12"", ""appVersion"": ""32.4.3""}"
run5_day3_20260704_032957,2,TikTok,com.zhiliaoapp.musically,us,en,bd3c94b92e4d6258db97f9247631c23ccf5f2a9ac81db258bc4a6561955060ce,32090160-ba93-4e11-b8c3-3e7fe9de2c98,0,NADEEM MUSHTAQ,3,0,2026-07-03T03:16:06+00:00,45.7.3,"Hi, thanks for your feedback!
We'll be sure to share your suggestion with our team for consideration. We appreciate your input, and we're always working to improve the TikTok experience!",2026-07-03T03:40:11+00:00,The app was functioning somewhat fine. But since last 2 or three days the uploaded videos do not play completely. Not only mine but from others too. Can you fix this issue. Or this issue is normal from your side. Kindly do not say that I check my Internet service whether its working properly. Its not the issue of my Internet service. Coz at the same time my youtube and whatsapp videos play properly. Regards,The app was functioning somewhat fine. But since last 2 or three days the uploaded videos do not play completely. Not only mine but from others too. Can you fix this issue. Or this issue is normal from your side. Kindly do not say that I check my Internet service whether its working properly. Its not the issue of my Internet service. Coz at the same time my youtube and whatsapp videos play properly. Regards,04e9fb8f1420374f813b30781674833da0a45c19c11d664bee291d0687d05887,04e9fb8f1420374f813b30781674833da0a45c19c11d664bee291d0687d05887,"{""reviewId"": ""32090160-ba93-4e11-b8c3-3e7fe9de2c98"", ""userName"": ""NADEEM MUSHTAQ"", ""userImage"": ""https://play-lh.googleusercontent.com/a/ACg8ocIvt2-wbZx5LW_v-ufbjwvo6dBldkZU41HyEael4HJMyT8HE4u_=mo"", ""content"": ""The app was functioning somewhat fine. But since last 2 or three days the uploaded videos do not play completely. Not only mine but from others too. Can you fix this issue. Or this issue is normal from your side. Kindly do not say that I check my Internet service whether its working properly. Its not the issue of my Internet service. Coz at the same time my youtube and whatsapp videos play properly. Regards"", ""score"": 3, ""thumbsUpCount"": 0, ""reviewCreatedVersion"": ""45.7.3"", ""at"": ""2026-07-03 03:16:06"", ""replyContent"": ""Hi, thanks for your feedback!\nWe'll be sure to share your suggestion with our team for consideration. We appreciate your input, and we're always working to improve the TikTok experience!"", ""repliedAt"": ""2026-07-03 03:40:11"", ""appVersion"": ""45.7.3""}"
run5_day3_20260704_032957,2,TikTok,com.zhiliaoapp.musically,us,en,7a6e603034a171969c2196b4f3bb34fd0bdc957e3cb6a3155e6e75b9db37583d,1af0fbe7-fb5d-41b4-9c47-578b370ac4ba,0,Mstbristyakther Mstbristyakther,5,0,2026-07-03T03:13:35+00:00,45.7.3,,,THIS IS THE GOOD APP FOR WORLD,THIS IS THE GOOD APP FOR WORLD,1a0c97ae4550a963ca0bf16f1ef3264484e13ad38c0cf449219e0617bbba2d4d,1a0c97ae4550a963ca0bf16f1ef3264484e13ad38c0cf449219e0617bbba2d4d,"{""reviewId"": ""1af0fbe7-fb5d-41b4-9c47-578b370ac4ba"", ""userName"": ""Mstbristyakther Mstbristyakther"", ""userImage"": ""https://play-lh.googleusercontent.com/a/ACg8ocJ4jqcAp8dxby_SU032KtUgBpDVNdTNqxI6rwXqXcLmykWO9A=mo"", ""content"": ""THIS IS THE GOOD APP FOR WORLD"", ""score"": 5, ""thumbsUpCount"": 0, ""reviewCreatedVersion"": ""45.7.3"", ""at"": ""2026-07-03 03:13:35"", ""replyContent"": null, ""repliedAt"": null, ""appVersion"": ""45.7.3""}"
run5_day3_20260704_032957,2,TikTok,com.zhiliaoapp.musically,us,en,e3bb3ec44cf02f2660e908340a2793851d39e5a586085f2db44c5a4e4c89881f,93232ac2-2c25-4299-a564-fe4d0ba44a72,0,Salma Begum,5,0,2026-07-03T03:10:02+00:00,45.7.3,,,Good,Good,c939327ca16dcf97ca32521d8b834bf1de16573d21deda3bb2a337cf403787a6,c939327ca16dcf97ca32521d8b834bf1de16573d21deda3bb2a337cf403787a6,"{""reviewId"": ""93232ac2-2c25-4299-a564-fe4d0ba44a72"", ""userName"": ""Salma Begum"", ""userImage"": ""https://play-lh.googleusercontent.com/a-/ALV-UjWcAQknUM8_aQ3Hbx9SNtuMXZde4dxav57diGz-aS1Wo9ms3Cs"", ""content"": ""Good"", ""score"": 5, ""thumbsUpCount"": 0, ""reviewCreatedVersion"": ""45.7.3"", ""at"": ""2026-07-03 03:10:02"", ""replyContent"": null, ""repliedAt"": null, ""appVersion"": ""45.7.3""}"
run5_day3_20260704_032957,2,TikTok,com.zhiliaoapp.musically,us,en,dd4245946450ba2d289387ba846930bc388456a12f37add15487c7947ad50b6d,ee586a26-e160-479f-ae2b-016c7b0a7c27,0,Uzeriah NEDJYARK,5,0,2026-07-03T02:57:33+00:00,,Hi! Thanks for taking the time to share your feedback. Your support is greatly appreciated.,2026-07-03T03:20:11+00:00,please let me on tiktok,please let me on tiktok,502ca65bc8f17381dee5159f8099db3a7fc13d597b386982ab95b5ef4e28a6cb,502ca65bc8f17381dee5159f8099db3a7fc13d597b386982ab95b5ef4e28a6cb,"{""reviewId"": ""ee586a26-e160-479f-ae2b-016c7b0a7c27"", ""userName"": ""Uzeriah NEDJYARK"", ""userImage"": ""https://play-lh.googleusercontent.com/a-/ALV-UjUzPZkybCEeslVxhq4bp9Qb0g4WuN70UJjS1weo8jx1bY177zM"", ""content"": ""please let me on tiktok"", ""score"": 5, ""thumbsUpCount"": 0, ""reviewCreatedVersion"": null, ""at"": ""2026-07-03 02:57:33"", ""replyContent"": ""Hi! Thanks for taking the time to share your feedback. Your support is greatly appreciated."", ""repliedAt"": ""2026-07-03 03:20:11"", ""appVersion"": null}"
run5_day3_20260704_032957,2,TikTok,com.zhiliaoapp.musically,us,en,1a06729d5fefdb3d0425f1a73486586470fd296890e5f698e69fcc4769ef0c7d,58b9bf0a-c564-46ab-a464-ff7b1c0e4c43,0,Junia Ritu,3,0,2026-07-03T02:49:27+00:00,40.0.0,"Hi, thanks for your feedback!
We'll be sure to share your suggestion with our team for consideration. We appreciate your input, and we're always working to improve the TikTok experience!",2026-07-03T03:00:11+00:00,Better,Better,7bf8c23d17f1f1c0fdfb1e797057acb4bde3d9096d9830be47647a708b0371f9,7bf8c23d17f1f1c0fdfb1e797057acb4bde3d9096d9830be47647a708b0371f9,"{""reviewId"": ""58b9bf0a-c564-46ab-a464-ff7b1c0e4c43"", ""userName"": ""Junia Ritu"", ""userImage"": ""https://play-lh.googleusercontent.com/a/ACg8ocKXMG5qRm5Ldi8oNkpLTrKT-myq4fsF2qgWNcJWVZBRUDCVYg=mo"", ""content"": ""Better"", ""score"": 3, ""thumbsUpCount"": 0, ""reviewCreatedVersion"": ""40.0.0"", ""at"": ""2026-07-03 02:49:27"", ""replyContent"": ""Hi, thanks for your feedback!\nWe'll be sure to share your suggestion with our team for consideration. We appreciate your input, and we're always working to improve the TikTok experience!"", ""repliedAt"": ""2026-07-03 03:00:11"", ""appVersion"": ""40.0.0""}"
run5_day3_20260704_032957,2,TikTok,com.zhiliaoapp.musically,us,en,987dc4ce2ae86ad42995a434d76da74fddb745d24987573b1fc507445a33442a,8c17a271-9ea6-4be3-b984-e1e1ca0c6ef4,0,Sagun Lamichhane,2,0,2026-07-03T02:43:39+00:00,,"Hi, thanks for your feedback!
We'll be sure to share your suggestion with our team for consideration. We appreciate your input, and we're always working to improve the TikTok experience!",2026-07-03T03:00:11+00:00,nice,nice,e186022d0931afe9fe0690857e32f85e50165e7fbe0966d49609ef1981f920c6,e186022d0931afe9fe0690857e32f85e50165e7fbe0966d49609ef1981f920c6,"{""reviewId"": ""8c17a271-9ea6-4be3-b984-e1e1ca0c6ef4"", ""userName"": ""Sagun Lamichhane"", ""userImage"": ""https://play-lh.googleusercontent.com/a/ACg8ocIxj7ozxlvGSlUtnCGTkYD4K2QS1Q2480zgOXyOmWIZKbg3Xw=mo"", ""content"": ""nice"", ""score"": 2, ""thumbsUpCount"": 0, ""reviewCreatedVersion"": null, ""at"": ""2026-07-03 02:43:39"", ""replyContent"": ""Hi, thanks for your feedback!\nWe'll be sure to share your suggestion with our team for consideration. We appreciate your input, and we're always working to improve the TikTok experience!"", ""repliedAt"": ""2026-07-03 03:00:11"", ""appVersion"": null}"
run5_day3_20260704_032957,2,TikTok,com.zhiliaoapp.musically,us,en,55850ec4f6c9d7e67483e3b107e39c32e7c7c04aa1a2dbf78e325ae9be78cedf,62505bd6-6c5b-45e0-a680-6af558fdc703,0,Fida Hussain,1,0,2026-07-03T02:42:58+00:00,45.7.3,"Hi, thanks for your feedback!
We'll be sure to share your suggestion with our team for consideration. We appreciate your input, and we're always working to improve the TikTok experience!",2026-07-03T03:00:11+00:00,bht gndi chl re ha💔🤕,bht gndi chl re ha💔🤕,744720dc5679f2237355047703d5b9c9a27828be5f5c41666e86ef37f6ef7223,744720dc5679f2237355047703d5b9c9a27828be5f5c41666e86ef37f6ef7223,"{""reviewId"": ""62505bd6-6c5b-45e0-a680-6af558fdc703"", ""userName"": ""Fida Hussain"", ""userImage"": ""https://play-lh.googleusercontent.com/a-/ALV-UjX7H3wbtySwGslpJrX4P-hHja3BMZ5ibGkyPRSvTYhCVMgKxC1l"", ""content"": ""bht gndi chl re ha💔🤕"", ""score"": 1, ""thumbsUpCount"": 0, ""reviewCreatedVersion"": ""45.7.3"", ""at"": ""2026-07-03 02:42:58"", ""replyContent"": ""Hi, thanks for your feedback!\nWe'll be sure to share your suggestion with our team for consideration. We appreciate your input, and we're always working to improve the TikTok experience!"", ""repliedAt"": ""2026-07-03 03:00:11"", ""appVersion"": ""45.7.3""}"
run5_day3_20260704_032957,2,TikTok,com.zhiliaoapp.musically,us,en,39dafe9d414df865a9ff2aa01df2b0b6104145d0db1e0472638b7a6ae99c813d,2d70a359-6838-4b71-93db-9442e3598772,0,Abuzar,5,0,2026-07-03T02:40:26+00:00,45.7.3,Hi! Thanks for taking the time to share your feedback. Your support is greatly appreciated.,2026-07-03T03:00:11+00:00,you love,you love,bf2d2f29ac63634ad4dcd39afcc25450773f67106cd9dd1ac250089fef5c5362,bf2d2f29ac63634ad4dcd39afcc25450773f67106cd9dd1ac250089fef5c5362,"{""reviewId"": ""2d70a359-6838-4b71-93db-9442e3598772"", ""userName"": ""Abuzar"", ""userImage"": ""https://play-lh.googleusercontent.com/a-/ALV-UjXieXT6Z1kiM6lXTDZD1DfQt2sWIRpZCER3g1vY_OUwis5g4H4"", ""content"": ""you love"", ""score"": 5, ""thumbsUpCount"": 0, ""reviewCreatedVersion"": ""45.7.3"", ""at"": ""2026-07-03 02:40:26"", ""replyContent"": ""Hi! Thanks for taking the time to share your feedback. Your support is greatly appreciated."", ""repliedAt"": ""2026-07-03 03:00:11"", ""appVersion"": ""45.7.3""}"
run5_day3_20260704_032957,2,TikTok,com.zhiliaoapp.musically,us,en,8e50f13297c46c8b450b52de557ea58bf6651e435ffb69c80397488abbe9d51f,b3c5c776-673b-4aaa-ad48-467fa767bbb4,0,Eddie Yates,5,0,2026-07-03T02:37:17+00:00,45.7.3,Hi! Thanks for taking the time to share your feedback. Your support is greatly appreciated.,2026-07-03T03:00:12+00:00,alls good,alls good,a21d8c5f261f888ad5abea16a7525efb429b2e3a536da60cd7a87b7c0341850e,a21d8c5f261f888ad5abea16a7525efb429b2e3a536da60cd7a87b7c0341850e,"{""reviewId"": ""b3c5c776-673b-4aaa-ad48-467fa767bbb4"", ""userName"": ""Eddie Yates"", ""userImage"": ""https://play-lh.googleusercontent.com/a-/ALV-UjXDV7JRSIb2b15iaAB48rmRP3Ur6cQ-alNfV3UghqMYBmYVhYM"", ""content"": ""alls good"", ""score"": 5, ""thumbsUpCount"": 0, ""reviewCreatedVersion"": ""45.7.3"", ""at"": ""2026-07-03 02:37:17"", ""replyContent"": ""Hi! Thanks for taking the time to share your feedback. Your support is greatly appreciated."", ""repliedAt"": ""2026-07-03 03:00:12"", ""appVersion"": ""45.7.3""}"
run5_day3_20260704_032957,2,TikTok,com.zhiliaoapp.musically,us,en,bf6e51cc927daf4f965a6cc2fd932ff5df1ebe5a083f33480380f3a65b68e8f9,95d9114d-911f-44f1-a552-c186534e954d,0,John Johnson,1,1,2026-07-03T02:18:51+00:00,,,,"horrible ad, I said ""shoot, don't need to ask"" in a comment and got an account strike so it's only moderated by bots that are inconceivably retarded and does not support any type of free speech since it was bought recently. would not recommend tl anyone and quite honestly the worst experience I've ever had in my life with an application on my 30 dollar phone. I would rate lower if I could.","horrible ad, I said ""shoot, don't need to ask"" in a comment and got an account strike so it's only moderated by bots that are inconceivably retarded and does not support any type of free speech since it was bought recently. would not recommend tl anyone and quite honestly the worst experience I've ever had in my life with an application on my 30 dollar phone. I would rate lower if I could.",2060928fbe6c19e8751f0041f2c3cd67f21a987e8df27ded198210f60125a147,2060928fbe6c19e8751f0041f2c3cd67f21a987e8df27ded198210f60125a147,"{""reviewId"": ""95d9114d-911f-44f1-a552-c186534e954d"", ""userName"": ""John Johnson"", ""userImage"": ""https://play-lh.googleusercontent.com/a/ACg8ocLOG2vMxk_Of0CHKSVuRmp5JcG7gq0RSr4Zc7bq5-L1sj1vKw=mo"", ""content"": ""horrible ad, I said \""shoot, don't need to ask\"" in a comment and got an account strike so it's only moderated by bots that are inconceivably retarded and does not support any type of free speech since it was bought recently. would not recommend tl anyone and quite honestly the worst experience I've ever had in my life with an application on my 30 dollar phone. I would rate lower if I could."", ""score"": 1, ""thumbsUpCount"": 1, ""reviewCreatedVersion"": null, ""at"": ""2026-07-03 02:18:51"", ""replyContent"": null, ""repliedAt"": null, ""appVersion"": null}"
run5_day3_20260704_032957,2,TikTok,com.zhiliaoapp.musically,us,en,141fccaf5a311fb0ecc068f6ccf000f27856df0959c3a5bb6f256e61b19ad103,b57bfd00-6913-4430-b8bd-8f8900a12d22,0,Cole J,1,0,2026-07-03T02:16:04+00:00,45.7.3,,,latest update COMPLETELY broke my fyp.,latest update COMPLETELY broke my fyp.,bdac6645fb40389b790ab4af98891e08f59eda541895a4ad0a6e28b9fba429ca,bdac6645fb40389b790ab4af98891e08f59eda541895a4ad0a6e28b9fba429ca,"{""reviewId"": ""b57bfd00-6913-4430-b8bd-8f8900a12d22"", ""userName"": ""Cole J"", ""userImage"": ""https://play-lh.googleusercontent.com/a-/ALV-UjXm6fNits3B3WwkqgKAY7_sVEzJs_K22oftUKv_bvQIzov-2B_P"", ""content"": ""latest update COMPLETELY broke my fyp."", ""score"": 1, ""thumbsUpCount"": 0, ""reviewCreatedVersion"": ""45.7.3"", ""at"": ""2026-07-03 02:16:04"", ""replyContent"": null, ""repliedAt"": null, ""appVersion"": ""45.7.3""}"
run5_day3_20260704_032957,2,TikTok,com.zhiliaoapp.musically,us,en,a785afdc5d7ba4326cd146da923f9ef1a7adf455872285f486193e117c1a75ca,74d01a80-2080-4379-990c-54bb735b1be1,0,Gabriel Herrera,5,0,2026-07-03T02:14:06+00:00,45.7.3,¡Hola! Gracias por tomarte el tiempo de compartir tus comentarios. Apreciamos mucho tu apoyo.,2026-07-03T02:40:11+00:00,me gusta,me gusta,7bf13806330334b3db67bdd3466e82d6e856938c552fee8dc83d05983d6f6368,7bf13806330334b3db67bdd3466e82d6e856938c552fee8dc83d05983d6f6368,"{""reviewId"": ""74d01a80-2080-4379-990c-54bb735b1be1"", ""userName"": ""Gabriel Herrera"", ""userImage"": ""https://play-lh.googleusercontent.com/a-/ALV-UjWV5WdmpLkc12sV1VqKUJC9drpXHbGvcXdkNGkhD6Mszmtz5Qc"", ""content"": ""me gusta"", ""score"": 5, ""thumbsUpCount"": 0, ""reviewCreatedVersion"": ""45.7.3"", ""at"": ""2026-07-03 02:14:06"", ""replyContent"": ""¡Hola! Gracias por tomarte el tiempo de compartir tus comentarios. Apreciamos mucho tu apoyo."", ""repliedAt"": ""2026-07-03 02:40:11"", ""appVersion"": ""45.7.3""}"
run5_day3_20260704_032957,2,TikTok,com.zhiliaoapp.musically,us,en,80cbbb6e86f28947bc65ed3882a6ea5e692abd356842e82ef84976b41011ad15,086598ea-99f5-47cd-be67-3d5bc7ae4d54,0,Takina Tokito,4,0,2026-07-03T02:06:20+00:00,45.7.3,,,where's the comments stickers ???!!!!!,where's the comments stickers ???!!!!!,9f3dd2c8ef5634698ee713530af029edec53673ceebbbdaec2de90c563a4b9b2,9f3dd2c8ef5634698ee713530af029edec53673ceebbbdaec2de90c563a4b9b2,"{""reviewId"": ""086598ea-99f5-47cd-be67-3d5bc7ae4d54"", ""userName"": ""Takina Tokito"", ""userImage"": ""https://play-lh.googleusercontent.com/a-/ALV-UjX88J_q6ZIwrr5qlZqiGckh88bPvpI5PtSm0rtlssKPYpQ9rec"", ""content"": ""where's the comments stickers ???!!!!!"", ""score"": 4, ""thumbsUpCount"": 0, ""reviewCreatedVersion"": ""45.7.3"", ""at"": ""2026-07-03 02:06:20"", ""replyContent"": null, ""repliedAt"": null, ""appVersion"": ""45.7.3""}"
run5_day3_20260704_032957,2,TikTok,com.zhiliaoapp.musically,us,en,cf3700cb5826a6eb1550bb3f4d0136e03c21664983f19a5aecb91d78127f4d38,1715c837-dcc8-4ea8-8be6-4c58450bf47a,0,Md milon Sk,5,0,2026-07-03T02:03:18+00:00,,Hi! Thanks for taking the time to share your feedback. Your support is greatly appreciated.,2026-07-03T02:20:11+00:00,😍😍😍,😍😍😍,1b3609cdd175e9eaf234e2f48dfef80e8c6d1b91d357f0104524e9a80da52d04,1b3609cdd175e9eaf234e2f48dfef80e8c6d1b91d357f0104524e9a80da52d04,"{""reviewId"": ""1715c837-dcc8-4ea8-8be6-4c58450bf47a"", ""userName"": ""Md milon Sk"", ""userImage"": ""https://play-lh.googleusercontent.com/a/ACg8ocLXbTjOQHvEg1pYeq-e6FyakYO5TSzt97SomObrGUtFKIO39Q=mo"", ""content"": ""😍😍😍"", ""score"": 5, ""thumbsUpCount"": 0, ""reviewCreatedVersion"": null, ""at"": ""2026-07-03 02:03:18"", ""replyContent"": ""Hi! Thanks for taking the time to share your feedback. Your support is greatly appreciated."", ""repliedAt"": ""2026-07-03 02:20:11"", ""appVersion"": null}"
run5_day3_20260704_032957,2,TikTok,com.zhiliaoapp.musically,us,en,d09822d3729d37af4fde254fc3d4ad019edd6f027e6e114c9807656acbd31c12,1623f2be-af79-4919-ab78-fdb506d61def,0,Talayla,5,0,2026-07-03T01:56:13+00:00,45.7.3,Hi! Thanks for taking the time to share your feedback. Your support is greatly appreciated.,2026-07-03T02:20:12+00:00,best app ever. you can make your fyp whatever you want and watch how long you want,best app ever. you can make your fyp whatever you want and watch how long you want,6429b395631ecbe637f013ad378d5eb58b27182c007dbf81a4923c10c4c8b880,6429b395631ecbe637f013ad378d5eb58b27182c007dbf81a4923c10c4c8b880,"{""reviewId"": ""1623f2be-af79-4919-ab78-fdb506d61def"", ""userName"": ""Talayla"", ""userImage"": ""https://play-lh.googleusercontent.com/a-/ALV-UjX1oFDvzVgvoh0KK6XT675zB7l09fMEFLHSfuyDZskGX6SqpwW4"", ""content"": ""best app ever. you can make your fyp whatever you want and watch how long you want"", ""score"": 5, ""thumbsUpCount"": 0, ""reviewCreatedVersion"": ""45.7.3"", ""at"": ""2026-07-03 01:56:13"", ""replyContent"": ""Hi! Thanks for taking the time to share your feedback. Your support is greatly appreciated."", ""repliedAt"": ""2026-07-03 02:20:12"", ""appVersion"": ""45.7.3""}"
run5_day3_20260704_032957,2,TikTok,com.zhiliaoapp.musically,us,en,5234c22150ac3018a1747f1d791af6c3098b192f5e31fcb2d09ba51904364c7f,c07dc35a-82bc-484a-8149-80feee1b25cb,0,Lisset Violeta,5,0,2026-07-03T01:54:36+00:00,41.5.3,Hi! Thanks for taking the time to share your feedback. Your support is greatly appreciated.,2026-07-03T02:20:11+00:00,noice,noice,c1c2174d29233673fea22179c9fcaf938cf2f8b000d2b7c43233610c4e88bdad,c1c2174d29233673fea22179c9fcaf938cf2f8b000d2b7c43233610c4e88bdad,"{""reviewId"": ""c07dc35a-82bc-484a-8149-80feee1b25cb"", ""userName"": ""Lisset Violeta"", ""userImage"": ""https://play-lh.googleusercontent.com/a-/ALV-UjXLFQhu3uK-0iu2rl2kI4O-R1B_9KEbBRg0yEy8vjmBiDmyrJlY"", ""content"": ""noice"", ""score"": 5, ""thumbsUpCount"": 0, ""reviewCreatedVersion"": ""41.5.3"", ""at"": ""2026-07-03 01:54:36"", ""replyContent"": ""Hi! Thanks for taking the time to share your feedback. Your support is greatly appreciated."", ""repliedAt"": ""2026-07-03 02:20:11"", ""appVersion"": ""41.5.3""}"
run5_day3_20260704_032957,2,TikTok,com.zhiliaoapp.musically,us,en,ac6aaedf4d67a084f09b08b90aad7c00561c4227827e7aeb674688eb24055fcf,19a3b5c8-3f47-4db1-996b-9d8285f36140,0,Ruth Andor,5,0,2026-07-03T01:44:00+00:00,35.7.3,Hi! Thanks for taking the time to share your feedback. Your support is greatly appreciated.,2026-07-03T02:00:11+00:00,The best,The best,974bd95070dcc849d213d78a3719af1c59b2800ee8de69e59c5a17ceb4df82ef,974bd95070dcc849d213d78a3719af1c59b2800ee8de69e59c5a17ceb4df82ef,"{""reviewId"": ""19a3b5c8-3f47-4db1-996b-9d8285f36140"", ""userName"": ""Ruth Andor"", ""userImage"": ""https://play-lh.googleusercontent.com/a/ACg8ocLmqIJ9HqICPQ5uuEreP6i9MaAz9NkNtJBGJ4SBGfoD2meGQg=mo"", ""content"": ""The best"", ""score"": 5, ""thumbsUpCount"": 0, ""reviewCreatedVersion"": ""35.7.3"", ""at"": ""2026-07-03 01:44:00"", ""replyContent"": ""Hi! Thanks for taking the time to share your feedback. Your support is greatly appreciated."", ""repliedAt"": ""2026-07-03 02:00:11"", ""appVersion"": ""35.7.3""}"
run5_day3_20260704_032957,2,TikTok,com.zhiliaoapp.musically,us,en,79afc5a117f005624ae955907deb5d70a0bf8c6c033b9b597926c1449a454688,5c546cb5-41a4-48f2-bfaa-57012f2242a5,0,Francis,1,0,2026-07-03T01:42:56+00:00,45.7.3,"Hi, sorry for the inconvenience. To help us look into this properly, please report your issue directly through the TikTok app:
Go to your Profile, tap Menu, Settings and Privacy, then Help Center.
We truly appreciate your patience and look forward to getting this resolved.",2026-07-03T02:00:11+00:00,logged in from a different phone and I'm suspended for not using my ID or something with no way to regain account. I try to do face verification but the camera never loads.,logged in from a different phone and I'm suspended for not using my ID or something with no way to regain account. I try to do face verification but the camera never loads.,6c65e4eb31c9d1c1823ab12e5965372335ebfb127616398f980b1e2d2b70e689,6c65e4eb31c9d1c1823ab12e5965372335ebfb127616398f980b1e2d2b70e689,"{""reviewId"": ""5c546cb5-41a4-48f2-bfaa-57012f2242a5"", ""userName"": ""Francis"", ""userImage"": ""https://play-lh.googleusercontent.com/a-/ALV-UjU9ppJLRcFipsfOcdg62QGsY3ETFDyhxvlX2Vn2FX_oxqYRJ3M2"", ""content"": ""logged in from a different phone and I'm suspended for not using my ID or something with no way to regain account. I try to do face verification but the camera never loads."", ""score"": 1, ""thumbsUpCount"": 0, ""reviewCreatedVersion"": ""45.7.3"", ""at"": ""2026-07-03 01:42:56"", ""replyContent"": ""Hi, sorry for the inconvenience. To help us look into this properly, please report your issue directly through the TikTok app:\nGo to your Profile, tap Menu, Settings and Privacy, then Help Center.\nWe truly appreciate your patience and look forward to getting this resolved."", ""repliedAt"": ""2026-07-03 02:00:11"", ""appVersion"": ""45.7.3""}"
run5_day3_20260704_032957,2,TikTok,com.zhiliaoapp.musically,us,en,2b25c0a8086290252c450705be51f5babed283d405eb4f9299bed765e8c7ffc9,d3d7e59c-d051-4ce7-b79b-5508b44edca3,0,Javed Sumalani,2,2,2026-07-03T01:42:22+00:00,45.7.3,"Hi, thanks for your feedback!
We'll be sure to share your suggestion with our team for consideration. We appreciate your input, and we're always working to improve the TikTok experience!",2026-06-27T18:00:11+00:00,My TikTok account has been frozen. Please review my account and restore it as soon as possible. Thank you. And videos views problems plzz foryo my videos 😔😔,My TikTok account has been frozen. Please review my account and restore it as soon as possible. Thank you. And videos views problems plzz foryo my videos 😔😔,592d6cee63bffc6c543a8162ef04e3ef8d75b7ff24c037988f51bbf42b003f3b,592d6cee63bffc6c543a8162ef04e3ef8d75b7ff24c037988f51bbf42b003f3b,"{""reviewId"": ""d3d7e59c-d051-4ce7-b79b-5508b44edca3"", ""userName"": ""Javed Sumalani"", ""userImage"": ""https://play-lh.googleusercontent.com/a/ACg8ocJHINJDP5giuQcCibloYnNZJZs3pnI3NTvNgHGYfC7P5lo5eQ=mo"", ""content"": ""My TikTok account has been frozen. Please review my account and restore it as soon as possible. Thank you. And videos views problems plzz foryo my videos 😔😔"", ""score"": 2, ""thumbsUpCount"": 2, ""reviewCreatedVersion"": ""45.7.3"", ""at"": ""2026-07-03 01:42:22"", ""replyContent"": ""Hi, thanks for your feedback!\nWe'll be sure to share your suggestion with our team for consideration. We appreciate your input, and we're always working to improve the TikTok experience!"", ""repliedAt"": ""2026-06-27 18:00:11"", ""appVersion"": ""45.7.3""}"
run5_day3_20260704_032957,2,TikTok,com.zhiliaoapp.musically,us,en,051bfa90171ea10be01ce2597c570dd63b5676a6ad8ad45d9966213b451eae13,101cc519-34e3-41cd-bc44-c64dd46891d6,0,Vui Violet Tereora,5,0,2026-07-03T01:41:57+00:00,45.7.3,Hi! Thanks for taking the time to share your feedback. Your support is greatly appreciated.,2026-07-03T02:00:10+00:00,thanks for your support,thanks for your support,01a37c5f019ca450baabd247404b7cc8764c298c36bcb99c43d4ce735837e815,01a37c5f019ca450baabd247404b7cc8764c298c36bcb99c43d4ce735837e815,"{""reviewId"": ""101cc519-34e3-41cd-bc44-c64dd46891d6"", ""userName"": ""Vui Violet Tereora"", ""userImage"": ""https://play-lh.googleusercontent.com/a/ACg8ocJtvceBlJrLORyCU-2XAPc5u2VYitYzQug5OCjFYEHxBJkdzQ=mo"", ""content"": ""thanks for your support"", ""score"": 5, ""thumbsUpCount"": 0, ""reviewCreatedVersion"": ""45.7.3"", ""at"": ""2026-07-03 01:41:57"", ""replyContent"": ""Hi! Thanks for taking the time to share your feedback. Your support is greatly appreciated."", ""repliedAt"": ""2026-07-03 02:00:10"", ""appVersion"": ""45.7.3""}"
run5_day3_20260704_032957,2,TikTok,com.zhiliaoapp.musically,us,en,2be1bc3c186be40fa7b665468997a1437b387f9f2fa8f5a85059b5ecf52b0748,014bd698-e25c-4900-af69-92b063727e05,0,Garib Dewan,5,0,2026-07-03T01:40:37+00:00,45.7.3,Hi! Thanks for taking the time to share your feedback. Your support is greatly appreciated.,2026-07-03T02:00:10+00:00,tiktok mast app,tiktok mast app,7740beedd2a2ea29530512e132467244938b4b19c12c4915f2fa3db00067f230,7740beedd2a2ea29530512e132467244938b4b19c12c4915f2fa3db00067f230,"{""reviewId"": ""014bd698-e25c-4900-af69-92b063727e05"", ""userName"": ""Garib Dewan"", ""userImage"": ""https://play-lh.googleusercontent.com/a/ACg8ocKlo5LDxxFjgCX7QAM7LK8pr1MolPk7jKzvxQvzys7L_R5aFnHV=mo"", ""content"": ""tiktok mast app"", ""score"": 5, ""thumbsUpCount"": 0, ""reviewCreatedVersion"": ""45.7.3"", ""at"": ""2026-07-03 01:40:37"", ""replyContent"": ""Hi! Thanks for taking the time to share your feedback. Your support is greatly appreciated."", ""repliedAt"": ""2026-07-03 02:00:10"", ""appVersion"": ""45.7.3""}"
run5_day3_20260704_032957,2,TikTok,com.zhiliaoapp.musically,us,en,a499822c70fa3f49d672a21d67d83c20d74e98aecafe4e4bb907a109491c601d,a5db2ab7-41ed-43c9-bd82-e3ab7231f851,0,Sahil Mobile,5,0,2026-07-03T01:35:07+00:00,45.5.4,Hi! Thanks for taking the time to share your feedback. Your support is greatly appreciated.,2026-07-03T02:00:11+00:00,nice app,nice app,d4b2a436a54d521dc1f6a9d78ae4b159f2b092cf4ee0705ae6b6be9c495d09db,d4b2a436a54d521dc1f6a9d78ae4b159f2b092cf4ee0705ae6b6be9c495d09db,"{""reviewId"": ""a5db2ab7-41ed-43c9-bd82-e3ab7231f851"", ""userName"": ""Sahil Mobile"", ""userImage"": ""https://play-lh.googleusercontent.com/a/ACg8ocLuF-TyISrCZlPzajQmnp-5Ji5p9pyXYpXLa6miho5vegfPjg=mo"", ""content"": ""nice app"", ""score"": 5, ""thumbsUpCount"": 0, ""reviewCreatedVersion"": ""45.5.4"", ""at"": ""2026-07-03 01:35:07"", ""replyContent"": ""Hi! Thanks for taking the time to share your feedback. Your support is greatly appreciated."", ""repliedAt"": ""2026-07-03 02:00:11"", ""appVersion"": ""45.5.4""}"
run5_day3_20260704_032957,2,TikTok,com.zhiliaoapp.musically,us,en,9b861285b322fe74827e7a4efa669ecc366d2a71ac090ed3e77441310a34634c,f9bef152-ad36-495e-b581-13d4751cb037,0,Muhammad Abdullah,5,1,2026-07-03T01:31:17+00:00,45.7.3,Hi! Thanks for taking the time to share your feedback. Your support is greatly appreciated.,2026-07-03T02:00:11+00:00,good ap,good ap,083f3847bee2181f094bb12e04bab8d90d293ab444c85856f3ec1c67849541d9,083f3847bee2181f094bb12e04bab8d90d293ab444c85856f3ec1c67849541d9,"{""reviewId"": ""f9bef152-ad36-495e-b581-13d4751cb037"", ""userName"": ""Muhammad Abdullah"", ""userImage"": ""https://play-lh.googleusercontent.com/a/ACg8ocLemx2EU3jtU7dzZ7mTLvuQaXCeeuMelQOysiwaCK0QNP_m4A=mo"", ""content"": ""good ap"", ""score"": 5, ""thumbsUpCount"": 1, ""reviewCreatedVersion"": ""45.7.3"", ""at"": ""2026-07-03 01:31:17"", ""replyContent"": ""Hi! Thanks for taking the time to share your feedback. Your support is greatly appreciated."", ""repliedAt"": ""2026-07-03 02:00:11"", ""appVersion"": ""45.7.3""}"
run5_day3_20260704_032957,2,TikTok,com.zhiliaoapp.musically,us,en,113d0d9e49092e5fc39cb6b76134c55d215bf4a09cac87ce77654519d4d32ccc,f0a24507-3ff8-4a98-8b4e-12e33cb097e5,0,Vivian Strader,1,5,2026-07-03T01:23:30+00:00,45.7.3,,,I don't want the god forsaken AI. what is do I have for AI in this app? the button for it is in a horrible place and it clogs up the screen by suggesting I ask the most inane things. it's clearly going downhill since it's been sold the inability to disable these press and hold features is awful too,I don't want the god forsaken AI. what is do I have for AI in this app? the button for it is in a horrible place and it clogs up the screen by suggesting I ask the most inane things. it's clearly going downhill since it's been sold the inability to disable these press and hold features is awful too,7f8343451ff6efd5fac8efb360e7c1773d2cd56f42e83cd16f9a5f85c1637151,7f8343451ff6efd5fac8efb360e7c1773d2cd56f42e83cd16f9a5f85c1637151,"{""reviewId"": ""f0a24507-3ff8-4a98-8b4e-12e33cb097e5"", ""userName"": ""Vivian Strader"", ""userImage"": ""https://play-lh.googleusercontent.com/a-/ALV-UjW_ogech6L76Y4xgflit3JZ7dMqJtF4Xrospk-KfJ0NqxAn4XLp"", ""content"": ""I don't want the god forsaken AI. what is do I have for AI in this app? the button for it is in a horrible place and it clogs up the screen by suggesting I ask the most inane things. it's clearly going downhill since it's been sold the inability to disable these press and hold features is awful too"", ""score"": 1, ""thumbsUpCount"": 5, ""reviewCreatedVersion"": ""45.7.3"", ""at"": ""2026-07-03 01:23:30"", ""replyContent"": null, ""repliedAt"": null, ""appVersion"": ""45.7.3""}"
run5_day3_20260704_032957,2,TikTok,com.zhiliaoapp.musically,us,en,47daec7c7641a015ea22e1e472b0637d9614e5a52ad6d464ff1789b616b81322,59f0be8c-fa91-497d-93c1-cd47e4a426d6,0,Imasha Sewwandi,1,0,2026-07-03T01:21:57+00:00,,"Hi, thanks for your feedback!
We'll be sure to share your suggestion with our team for consideration. We appreciate your input, and we're always working to improve the TikTok experience!",2026-07-03T01:40:11+00:00,tiktok is good but sri lankan peoples very crazy 😂😂,tiktok is good but sri lankan peoples very crazy 😂😂,12e27218678d9194497680300e514b66268e6b2e3afcca1fe9d5b50ac752af6e,12e27218678d9194497680300e514b66268e6b2e3afcca1fe9d5b50ac752af6e,"{""reviewId"": ""59f0be8c-fa91-497d-93c1-cd47e4a426d6"", ""userName"": ""Imasha Sewwandi"", ""userImage"": ""https://play-lh.googleusercontent.com/a/ACg8ocKumxgj7NYub-lRYhE0h4W_L4PGgFWszWwa9pMvbwmwQTr0LA=mo"", ""content"": ""tiktok is good but sri lankan peoples very crazy 😂😂"", ""score"": 1, ""thumbsUpCount"": 0, ""reviewCreatedVersion"": null, ""at"": ""2026-07-03 01:21:57"", ""replyContent"": ""Hi, thanks for your feedback!\nWe'll be sure to share your suggestion with our team for consideration. We appreciate your input, and we're always working to improve the TikTok experience!"", ""repliedAt"": ""2026-07-03 01:40:11"", ""appVersion"": null}"
run5_day3_20260704_032957,2,TikTok,com.zhiliaoapp.musically,us,en,1a22d7cfe5e45a15d40028830e38a144f1fc9add4ab1eb70a749aaebc78c4ba6,72c89234-efb9-44c0-a20e-ffd9b6b4fd1c,0,Rose Mary,5,0,2026-07-03T01:19:11+00:00,30.3.4,,,Amazing 😍 App,Amazing 😍 App,f54a63e6860167bb2166569a3fb05f2b9deb63bc4317e49bf197af2425c07f98,f54a63e6860167bb2166569a3fb05f2b9deb63bc4317e49bf197af2425c07f98,"{""reviewId"": ""72c89234-efb9-44c0-a20e-ffd9b6b4fd1c"", ""userName"": ""Rose Mary"", ""userImage"": ""https://play-lh.googleusercontent.com/a/ACg8ocIY4S_OvPm82IYRHS7-twytjqoCnvyk4IFqZGjJ8pGVQdgQ=mo"", ""content"": ""Amazing 😍 App"", ""score"": 5, ""thumbsUpCount"": 0, ""reviewCreatedVersion"": ""30.3.4"", ""at"": ""2026-07-03 01:19:11"", ""replyContent"": null, ""repliedAt"": null, ""appVersion"": ""30.3.4""}"
run5_day3_20260704_032957,2,TikTok,com.zhiliaoapp.musically,us,en,a6ac7e9350734b6d07f49889b5581f102e190af8c67c0f82a58b2f2c2ef7d1f3,7037b3c3-3cbe-4ee0-900d-5cd2e039f297,0,kaytee motsepe,5,0,2026-07-03T01:18:54+00:00,45.7.3,Hi! Thanks for taking the time to share your feedback. Your support is greatly appreciated.,2026-07-03T01:40:11+00:00,the videos are so good,the videos are so good,cdbf0e652f1a371bc621adb7fa4e67e42233259ffbde9f0f8f737cbff9649516,cdbf0e652f1a371bc621adb7fa4e67e42233259ffbde9f0f8f737cbff9649516,"{""reviewId"": ""7037b3c3-3cbe-4ee0-900d-5cd2e039f297"", ""userName"": ""kaytee motsepe"", ""userImage"": ""https://play-lh.googleusercontent.com/a-/ALV-UjW-8oE6qZoKrLDldLZ3LGNYtZjuLjeU-x2FslFa3dO0IcNEtWw"", ""content"": ""the videos are so good"", ""score"": 5, ""thumbsUpCount"": 0, ""reviewCreatedVersion"": ""45.7.3"", ""at"": ""2026-07-03 01:18:54"", ""replyContent"": ""Hi! Thanks for taking the time to share your feedback. Your support is greatly appreciated."", ""repliedAt"": ""2026-07-03 01:40:11"", ""appVersion"": ""45.7.3""}"
run5_day3_20260704_032957,2,TikTok,com.zhiliaoapp.musically,us,en,f75caec91c2ec327308717222f7fa9e3e2cf95020bedd0f68cceadfa2926a30c,a46d7281-bc71-4f7e-a018-7cae2f8fc548,0,Makayla Litteral,3,0,2026-07-03T01:15:00+00:00,45.7.3,"Hi, thanks for your feedback!
We'll be sure to share your suggestion with our team for consideration. We appreciate your input, and we're always working to improve the TikTok experience!",2026-07-03T01:40:11+00:00,I gave this a 3 because I do love tiktok. Im on it constantly. but now I havnt been getting all my comments. I post videos and it shows me the I have a new comment but when I check its not there. so I get on my other device and check my profile and see someone commented. so it wont let me see some of them. I update it and I even asked for help on the tiktok help thing and it still doesnt work. I tried alot. and i dont know why its not working.,I gave this a 3 because I do love tiktok. Im on it constantly. but now I havnt been getting all my comments. I post videos and it shows me the I have a new comment but when I check its not there. so I get on my other device and check my profile and see someone commented. so it wont let me see some of them. I update it and I even asked for help on the tiktok help thing and it still doesnt work. I tried alot. and i dont know why its not working.,c59c3542cbc533325f5523ae275945e88e756ea92072bcca57c51010001e6c4f,c59c3542cbc533325f5523ae275945e88e756ea92072bcca57c51010001e6c4f,"{""reviewId"": ""a46d7281-bc71-4f7e-a018-7cae2f8fc548"", ""userName"": ""Makayla Litteral"", ""userImage"": ""https://play-lh.googleusercontent.com/a-/ALV-UjWo2hhzLpue5HBS2jaZkRjUyZIh0bFagGqocQ0-b3chfKZ9hM-mzw"", ""content"": ""I gave this a 3 because I do love tiktok. Im on it constantly. but now I havnt been getting all my comments. I post videos and it shows me the I have a new comment but when I check its not there. so I get on my other device and check my profile and see someone commented. so it wont let me see some of them. I update it and I even asked for help on the tiktok help thing and it still doesnt work. I tried alot. and i dont know why its not working."", ""score"": 3, ""thumbsUpCount"": 0, ""reviewCreatedVersion"": ""45.7.3"", ""at"": ""2026-07-03 01:15:00"", ""replyContent"": ""Hi, thanks for your feedback!\nWe'll be sure to share your suggestion with our team for consideration. We appreciate your input, and we're always working to improve the TikTok experience!"", ""repliedAt"": ""2026-07-03 01:40:11"", ""appVersion"": ""45.7.3""}"
run5_day3_20260704_032957,2,TikTok,com.zhiliaoapp.musically,us,en,6b180bd5166d8396c2ebc083488d334ec7056cd10ae6b617a66325e6421a2ec0,0f903510-bbbc-4139-9646-cf730c28c632,0,Joshua Rubidoux,5,0,2026-07-03T01:14:02+00:00,45.7.3,Hi! Thanks for taking the time to share your feedback. Your support is greatly appreciated.,2026-07-03T01:40:11+00:00,I love this!!!!!!!!!!!!!!!!!!!!!!!!!!!,I love this!!!!!!!!!!!!!!!!!!!!!!!!!!!,40c7c35859a8988d236f59b1cd4ac77ce43e42098eacad55adaf769fdf936e2f,40c7c35859a8988d236f59b1cd4ac77ce43e42098eacad55adaf769fdf936e2f,"{""reviewId"": ""0f903510-bbbc-4139-9646-cf730c28c632"", ""userName"": ""Joshua Rubidoux"", ""userImage"": ""https://play-lh.googleusercontent.com/a/ACg8ocLMuzP1MFs2tG9QX4-6fYOEoyhBAOZ2iAtS8HPfEWj_yd1lIA=mo"", ""content"": ""I love this!!!!!!!!!!!!!!!!!!!!!!!!!!!"", ""score"": 5, ""thumbsUpCount"": 0, ""reviewCreatedVersion"": ""45.7.3"", ""at"": ""2026-07-03 01:14:02"", ""replyContent"": ""Hi! Thanks for taking the time to share your feedback. Your support is greatly appreciated."", ""repliedAt"": ""2026-07-03 01:40:11"", ""appVersion"": ""45.7.3""}"
run5_day3_20260704_032957,2,TikTok,com.zhiliaoapp.musically,us,en,3c9f61a7e668c5aa762d837ebc1085ebe0a6c8b6b17b4e9e06102a05a511910e,d6d4cd1d-cdba-4e67-b03a-19e983a4f088,0,Elliethe K9,1,1,2026-07-03T01:08:57+00:00,45.7.3,"Hi, sorry for the inconvenience. To help us look into this properly, please report your issue directly through the TikTok app:
Go to your Profile, tap Menu, Settings and Privacy, then Help Center.
We truly appreciate your patience and look forward to getting this resolved.",2026-07-03T01:20:13+00:00,"App crashes constantly, like every few videos. When it's not crashing it's being very slow and laggy. App is updated and I have strong internet. It's gotten to a point where my phone system keeps telling me to put it in deep sleep to prevent issues to the rest of my phone.","App crashes constantly, like every few videos. When it's not crashing it's being very slow and laggy. App is updated and I have strong internet. It's gotten to a point where my phone system keeps telling me to put it in deep sleep to prevent issues to the rest of my phone.",6cc8710a65258679c22815f522a942da5b24eb832a5e3e1721275b0c2e2ea6c1,6cc8710a65258679c22815f522a942da5b24eb832a5e3e1721275b0c2e2ea6c1,"{""reviewId"": ""d6d4cd1d-cdba-4e67-b03a-19e983a4f088"", ""userName"": ""Elliethe K9"", ""userImage"": ""https://play-lh.googleusercontent.com/a-/ALV-UjV8syjs5VdSPD2tV0tJSEfG6n2MtbXAF62wc3Iv0nQtiD03B2k"", ""content"": ""App crashes constantly, like every few videos. When it's not crashing it's being very slow and laggy. App is updated and I have strong internet. It's gotten to a point where my phone system keeps telling me to put it in deep sleep to prevent issues to the rest of my phone."", ""score"": 1, ""thumbsUpCount"": 1, ""reviewCreatedVersion"": ""45.7.3"", ""at"": ""2026-07-03 01:08:57"", ""replyContent"": ""Hi, sorry for the inconvenience. To help us look into this properly, please report your issue directly through the TikTok app:\nGo to your Profile, tap Menu, Settings and Privacy, then Help Center.\nWe truly appreciate your patience and look forward to getting this resolved."", ""repliedAt"": ""2026-07-03 01:20:13"", ""appVersion"": ""45.7.3""}"
run5_day3_20260704_032957,2,TikTok,com.zhiliaoapp.musically,us,en,08f0ef96eef0e8a3779cc8e65db4d9cece4b9b3c853b42bf98a15ae18d8d4457,180d695f-e086-4cd8-be8d-98b266c960d6,0,David Dickson,5,0,2026-07-03T01:06:25+00:00,,,,good,good,770e607624d689265ca6c44884d0807d9b054d23c473c106c72be9de08b7376c,770e607624d689265ca6c44884d0807d9b054d23c473c106c72be9de08b7376c,"{""reviewId"": ""180d695f-e086-4cd8-be8d-98b266c960d6"", ""userName"": ""David Dickson"", ""userImage"": ""https://play-lh.googleusercontent.com/a/ACg8ocIrz2c01EyoI8YUoX4n117lICh-b5BsQ5TudGj-_rTuAJxOuw=mo"", ""content"": ""good"", ""score"": 5, ""thumbsUpCount"": 0, ""reviewCreatedVersion"": null, ""at"": ""2026-07-03 01:06:25"", ""replyContent"": null, ""repliedAt"": null, ""appVersion"": null}"
run5_day3_20260704_032957,2,TikTok,com.zhiliaoapp.musically,us,en,61e6a8d213052cffca949c7937b7d20fe74d96d3a5da843ac62ebde219dee746,19b448c9-c3ce-4b14-9934-e422379a9107,0,Tharaka Sadaruwn,1,0,2026-07-03T01:05:43+00:00,,"Hi, thanks for your feedback!
We'll be sure to share your suggestion with our team for consideration. We appreciate your input, and we're always working to improve the TikTok experience!",2026-07-03T01:20:12+00:00,❤️‍🩹❤️‍🩹,❤️‍🩹❤️‍🩹,1ea3ae49569c5c0ee59d06885a3f81f3f87da494637d399cec4ce7d6f8630283,1ea3ae49569c5c0ee59d06885a3f81f3f87da494637d399cec4ce7d6f8630283,"{""reviewId"": ""19b448c9-c3ce-4b14-9934-e422379a9107"", ""userName"": ""Tharaka Sadaruwn"", ""userImage"": ""https://play-lh.googleusercontent.com/a/ACg8ocJ7cKHMl-y1cMK6CYMOs0ZPbwPoxOtK9oNV3j1wrHWELTQfYg=mo"", ""content"": ""❤️‍🩹❤️‍🩹"", ""score"": 1, ""thumbsUpCount"": 0, ""reviewCreatedVersion"": null, ""at"": ""2026-07-03 01:05:43"", ""replyContent"": ""Hi, thanks for your feedback!\nWe'll be sure to share your suggestion with our team for consideration. We appreciate your input, and we're always working to improve the TikTok experience!"", ""repliedAt"": ""2026-07-03 01:20:12"", ""appVersion"": null}"
run5_day3_20260704_032957,2,TikTok,com.zhiliaoapp.musically,us,en,58ed69c321bde17b470d3bacde205c6638eca8f51c420e85544dabe6c6a33202,789e4dd6-2a43-4f75-920b-afbe590a9ed1,0,Bryson Devost,5,0,2026-07-03T01:03:41+00:00,45.7.3,Hi! Thanks for taking the time to share your feedback. Your support is greatly appreciated.,2026-07-03T01:20:13+00:00,nice app 👌,nice app 👌,85e3b9c3ea1ac5c51120a4184d519016d9f83a0406a8d67334216e50cbf73f48,85e3b9c3ea1ac5c51120a4184d519016d9f83a0406a8d67334216e50cbf73f48,"{""reviewId"": ""789e4dd6-2a43-4f75-920b-afbe590a9ed1"", ""userName"": ""Bryson Devost"", ""userImage"": ""https://play-lh.googleusercontent.com/a/ACg8ocIoy5CS8dIbKdASpuj3K-JHp6jSLei2qM0hVyv5rIJx68rZNg=mo"", ""content"": ""nice app 👌"", ""score"": 5, ""thumbsUpCount"": 0, ""reviewCreatedVersion"": ""45.7.3"", ""at"": ""2026-07-03 01:03:41"", ""replyContent"": ""Hi! Thanks for taking the time to share your feedback. Your support is greatly appreciated."", ""repliedAt"": ""2026-07-03 01:20:13"", ""appVersion"": ""45.7.3""}"
run5_day3_20260704_032957,2,TikTok,com.zhiliaoapp.musically,us,en,5c16e83bf65221d5bcca8f3ee5d6ad5efc3421419556f736aea6c1b80cdf26e3,c70c7fc4-d1d7-4e46-a370-63ef0e380d85,0,Jeramy Gorman,1,0,2026-07-03T00:59:57+00:00,45.7.3,"Hi, thanks for your feedback!
We'll be sure to share your suggestion with our team for consideration. We appreciate your input, and we're always working to improve the TikTok experience!",2026-07-03T01:20:13+00:00,"constantly will cycle through the same 10 posts over and over, play audio when I close the app (not in a live), loosing the feature to use stickers constantly. fix your sh, I like this app and you make sooo much money off it why is there so many problems?","constantly will cycle through the same 10 posts over and over, play audio when I close the app (not in a live), loosing the feature to use stickers constantly. fix your sh, I like this app and you make sooo much money off it why is there so many problems?",65c08a4d444164cd632f91603705c70af96757478c33c0e1335f189ed6be5cc6,65c08a4d444164cd632f91603705c70af96757478c33c0e1335f189ed6be5cc6,"{""reviewId"": ""c70c7fc4-d1d7-4e46-a370-63ef0e380d85"", ""userName"": ""Jeramy Gorman"", ""userImage"": ""https://play-lh.googleusercontent.com/a-/ALV-UjVDPGn-PnArUTd3ReFonWgav4CKym2rWT2KCxdGyn__WtLOm6XV"", ""content"": ""constantly will cycle through the same 10 posts over and over, play audio when I close the app (not in a live), loosing the feature to use stickers constantly. fix your sh, I like this app and you make sooo much money off it why is there so many problems?"", ""score"": 1, ""thumbsUpCount"": 0, ""reviewCreatedVersion"": ""45.7.3"", ""at"": ""2026-07-03 00:59:57"", ""replyContent"": ""Hi, thanks for your feedback!\nWe'll be sure to share your suggestion with our team for consideration. We appreciate your input, and we're always working to improve the TikTok experience!"", ""repliedAt"": ""2026-07-03 01:20:13"", ""appVersion"": ""45.7.3""}"
run5_day3_20260704_032957,2,TikTok,com.zhiliaoapp.musically,us,en,3086044141c6939559e05be6a5a829a965c20853ce963cdc116b2f6fcefd364d,80c0bdda-aa99-4a8a-92aa-6994c2875ea7,0,Shah Shah,3,0,2026-07-03T00:57:10+00:00,,"Hi, thanks for your feedback!
We'll be sure to share your suggestion with our team for consideration. We appreciate your input, and we're always working to improve the TikTok experience!",2026-07-03T01:20:12+00:00,Amazing Experience,Amazing Experience,7b062167a41570fdab6b5d7e148e81c60e80b9bd888be5e6438e04785e7a5e8e,7b062167a41570fdab6b5d7e148e81c60e80b9bd888be5e6438e04785e7a5e8e,"{""reviewId"": ""80c0bdda-aa99-4a8a-92aa-6994c2875ea7"", ""userName"": ""Shah Shah"", ""userImage"": ""https://play-lh.googleusercontent.com/a/ACg8ocKSQz5vvfGtkMfSu4IPUatfbyg6-QMW0FBpwixDClTEJcU-mg=mo"", ""content"": ""Amazing Experience"", ""score"": 3, ""thumbsUpCount"": 0, ""reviewCreatedVersion"": null, ""at"": ""2026-07-03 00:57:10"", ""replyContent"": ""Hi, thanks for your feedback!\nWe'll be sure to share your suggestion with our team for consideration. We appreciate your input, and we're always working to improve the TikTok experience!"", ""repliedAt"": ""2026-07-03 01:20:12"", ""appVersion"": null}"
run5_day3_20260704_032957,2,TikTok,com.zhiliaoapp.musically,us,en,ee37832d69f3664b7b6d1233846fa23d75a1d1d7721a56c1403405899cc715f2,2a11a76f-4b6d-4f80-8759-056c80f3ed52,0,Sufyan Khan,5,0,2026-07-03T00:54:53+00:00,,Hi! Thanks for taking the time to share your feedback. Your support is greatly appreciated.,2026-07-03T01:20:12+00:00,wow nice app,wow nice app,5cfd82c2c386d90e407438340cd6f489865bf542f2bcdbaa8940a1c7423a2148,5cfd82c2c386d90e407438340cd6f489865bf542f2bcdbaa8940a1c7423a2148,"{""reviewId"": ""2a11a76f-4b6d-4f80-8759-056c80f3ed52"", ""userName"": ""Sufyan Khan"", ""userImage"": ""https://play-lh.googleusercontent.com/a/ACg8ocLbSjRYNokUQBJRo55TjpIlhqzQvwFTFBQo41hDB6b-uAQyDQ=mo"", ""content"": ""wow nice app"", ""score"": 5, ""thumbsUpCount"": 0, ""reviewCreatedVersion"": null, ""at"": ""2026-07-03 00:54:53"", ""replyContent"": ""Hi! Thanks for taking the time to share your feedback. Your support is greatly appreciated."", ""repliedAt"": ""2026-07-03 01:20:12"", ""appVersion"": null}"
run5_day3_20260704_032957,2,TikTok,com.zhiliaoapp.musically,us,en,6db3cf9e33bd8a377456368c4952636b2065213d9b69b0d7e3a92992a25d8a2b,9bc0a784-c0cf-46a2-a229-98b311c056c5,0,Imran Bay,4,0,2026-07-03T00:53:35+00:00,,"Hi, thanks for your feedback!
We'll be sure to share your suggestion with our team for consideration. We appreciate your input, and we're always working to improve the TikTok experience!",2026-07-03T01:20:12+00:00,ño need,ño need,b001955f30d455fbc14ebd541ee64545de7073ac5360aad331228ea11b839e9a,b001955f30d455fbc14ebd541ee64545de7073ac5360aad331228ea11b839e9a,"{""reviewId"": ""9bc0a784-c0cf-46a2-a229-98b311c056c5"", ""userName"": ""Imran Bay"", ""userImage"": ""https://play-lh.googleusercontent.com/a/ACg8ocJkEq9-AvQou-lAqjuTIuNm7agWWjXqPYXcRywp5WjHZkm-Ew=mo"", ""content"": ""ño need"", ""score"": 4, ""thumbsUpCount"": 0, ""reviewCreatedVersion"": null, ""at"": ""2026-07-03 00:53:35"", ""replyContent"": ""Hi, thanks for your feedback!\nWe'll be sure to share your suggestion with our team for consideration. We appreciate your input, and we're always working to improve the TikTok experience!"", ""repliedAt"": ""2026-07-03 01:20:12"", ""appVersion"": null}"
run5_day3_20260704_032957,2,TikTok,com.zhiliaoapp.musically,us,en,51a652e178337dfe435762a07e2ec68c711e62793af2f56d14e0f68bd39892ca,064cd805-11c9-43f3-b17d-977ba986d50a,0,Ali Sahib,5,1,2026-07-03T00:44:45+00:00,,Hi! Thanks for taking the time to share your feedback. Your support is greatly appreciated.,2026-07-03T01:00:12+00:00,unable follow me user,unable follow me user,33776ecb7c3e26fa51bb06c3c388449b232bf467e5621a9d068059e8e7c6af65,33776ecb7c3e26fa51bb06c3c388449b232bf467e5621a9d068059e8e7c6af65,"{""reviewId"": ""064cd805-11c9-43f3-b17d-977ba986d50a"", ""userName"": ""Ali Sahib"", ""userImage"": ""https://play-lh.googleusercontent.com/a-/ALV-UjU0rc_mAVkbUU-9Oa9TCL9rH9axz7sd51iuzppuO2Seb2o-uKo"", ""content"": ""unable follow me user"", ""score"": 5, ""thumbsUpCount"": 1, ""reviewCreatedVersion"": null, ""at"": ""2026-07-03 00:44:45"", ""replyContent"": ""Hi! Thanks for taking the time to share your feedback. Your support is greatly appreciated."", ""repliedAt"": ""2026-07-03 01:00:12"", ""appVersion"": null}"
run5_day3_20260704_032957,2,TikTok,com.zhiliaoapp.musically,us,en,80dfd6b53bf56644bece59da018b584956896b16f30f82bd62c71c699fc66611,86fc12c9-2835-41b1-bad6-37a316f3a593,0,Nunu Pretorius,5,0,2026-07-03T00:43:48+00:00,,Hi! Thanks for taking the time to share your feedback. Your support is greatly appreciated.,2026-07-03T01:00:12+00:00,this app is so good and it's very easy for you to use but the adds are not the best 😅,this app is so good and it's very easy for you to use but the adds are not the best 😅,958e7b7a2d490daf81a95dd4dd462525cf2f6049a169079d9e492c2b5a180a88,958e7b7a2d490daf81a95dd4dd462525cf2f6049a169079d9e492c2b5a180a88,"{""reviewId"": ""86fc12c9-2835-41b1-bad6-37a316f3a593"", ""userName"": ""Nunu Pretorius"", ""userImage"": ""https://play-lh.googleusercontent.com/a/ACg8ocJNxO0WcRsSTp8Epn879U16yuUoTTsGRs1f3VSP49rM-sEMow=mo"", ""content"": ""this app is so good and it's very easy for you to use but the adds are not the best 😅"", ""score"": 5, ""thumbsUpCount"": 0, ""reviewCreatedVersion"": null, ""at"": ""2026-07-03 00:43:48"", ""replyContent"": ""Hi! Thanks for taking the time to share your feedback. Your support is greatly appreciated."", ""repliedAt"": ""2026-07-03 01:00:12"", ""appVersion"": null}"
run5_day3_20260704_032957,2,TikTok,com.zhiliaoapp.musically,us,en,ea47ad51175ea1365b902253514a4b0e94b5ee60dba5cd490c9647f62fa4c65d,4baaa76c-f3d1-4818-8830-2775c0630a76,0,Aziana Rafi,5,0,2026-07-03T00:36:59+00:00,36.3.3,Hi! Thanks for taking the time to share your feedback. Your support is greatly appreciated.,2026-07-03T01:00:12+00:00,i love it,i love it,898a8c802384e3ad4b6be0480db81de31c995139362f3da52ca2302eec12515d,898a8c802384e3ad4b6be0480db81de31c995139362f3da52ca2302eec12515d,"{""reviewId"": ""4baaa76c-f3d1-4818-8830-2775c0630a76"", ""userName"": ""Aziana Rafi"", ""userImage"": ""https://play-lh.googleusercontent.com/a/ACg8ocIn84kiCk8TPyTrMjVUJKXlKs5u1OoMAUWs-XefDIgEdt_M5w=mo"", ""content"": ""i love it"", ""score"": 5, ""thumbsUpCount"": 0, ""reviewCreatedVersion"": ""36.3.3"", ""at"": ""2026-07-03 00:36:59"", ""replyContent"": ""Hi! Thanks for taking the time to share your feedback. Your support is greatly appreciated."", ""repliedAt"": ""2026-07-03 01:00:12"", ""appVersion"": ""36.3.3""}"
run5_day3_20260704_032957,2,TikTok,com.zhiliaoapp.musically,us,en,10a5afea2b4d723b645197a7990854a2db2fbc3e1988cd4366e05eb4be1b8fd6,0724ca62-85d2-49fa-82af-9dd6de181fb3,0,ay leee,1,1,2026-07-03T00:29:21+00:00,,"Hi, thanks for your feedback!
We'll be sure to share your suggestion with our team for consideration. We appreciate your input, and we're always working to improve the TikTok experience!",2026-07-03T00:40:11+00:00,best app,best app,537edf774949f41f4d9e1b0677a50833de4698ac2c099df9a5cd7ea3b455f112,537edf774949f41f4d9e1b0677a50833de4698ac2c099df9a5cd7ea3b455f112,"{""reviewId"": ""0724ca62-85d2-49fa-82af-9dd6de181fb3"", ""userName"": ""ay leee"", ""userImage"": ""https://play-lh.googleusercontent.com/a/ACg8ocLn_IwMp5h-T6xGyWVZd4ofhHrOy7jIa6w9EGJeOVJG24WKqQ=mo"", ""content"": ""best app"", ""score"": 1, ""thumbsUpCount"": 1, ""reviewCreatedVersion"": null, ""at"": ""2026-07-03 00:29:21"", ""replyContent"": ""Hi, thanks for your feedback!\nWe'll be sure to share your suggestion with our team for consideration. We appreciate your input, and we're always working to improve the TikTok experience!"", ""repliedAt"": ""2026-07-03 00:40:11"", ""appVersion"": null}"
run5_day3_20260704_032957,2,TikTok,com.zhiliaoapp.musically,us,en,4b382386813c8d03ead7adb2f9902964e78ca7af2fe29cb2f95697d5f957038c,ece179f7-0e21-4bae-8307-b919bc226831,0,Maddie Turner,1,0,2026-07-03T00:28:21+00:00,,,,"I try to turn on my profile views and im 18 I've been waiting longer than 30 days and still nothing I even cleared my cache and everything still doesn't work I even swiped out of the app and to get back in to fix the the problem but STILL doesn't work, the app is updated and my age is even clarified and I don't have up to 5 or 4 or 3 or 2 or 1 million followers so it should be working at this point im about to delete the app it's just disappointing me at this point.","I try to turn on my profile views and im 18 I've been waiting longer than 30 days and still nothing I even cleared my cache and everything still doesn't work I even swiped out of the app and to get back in to fix the the problem but STILL doesn't work, the app is updated and my age is even clarified and I don't have up to 5 or 4 or 3 or 2 or 1 million followers so it should be working at this point im about to delete the app it's just disappointing me at this point.",4513b28d2b574a4558c13490fd1b66d8eb30f745942b13a31bd8469774fdab48,4513b28d2b574a4558c13490fd1b66d8eb30f745942b13a31bd8469774fdab48,"{""reviewId"": ""ece179f7-0e21-4bae-8307-b919bc226831"", ""userName"": ""Maddie Turner"", ""userImage"": ""https://play-lh.googleusercontent.com/a/ACg8ocJuGiT5_y89BQX2jQlV2bHz61sHgQN7CfirqKW_pnFi5W3QMA=mo"", ""content"": ""I try to turn on my profile views and im 18 I've been waiting longer than 30 days and still nothing I even cleared my cache and everything still doesn't work I even swiped out of the app and to get back in to fix the the problem but STILL doesn't work, the app is updated and my age is even clarified and I don't have up to 5 or 4 or 3 or 2 or 1 million followers so it should be working at this point im about to delete the app it's just disappointing me at this point."", ""score"": 1, ""thumbsUpCount"": 0, ""reviewCreatedVersion"": null, ""at"": ""2026-07-03 00:28:21"", ""replyContent"": null, ""repliedAt"": null, ""appVersion"": null}"
run5_day3_20260704_032957,2,TikTok,com.zhiliaoapp.musically,us,en,20533abf77d29e183c3b90be2c9e4b46de4fcc8b8ed1a4564254aadbdc3eddcf,d80ea5eb-3f43-4857-9c0c-ffd5769f6295,0,Michael oie1234to6,5,1,2026-07-03T00:22:22+00:00,45.7.3,Hi! Thanks for taking the time to share your feedback. Your support is greatly appreciated.,2026-07-03T00:40:11+00:00,for teens only,for teens only,e2b00dd044ae8c973154d950cd4118cb90d238e47544d2a1f524f1844cd8da7c,e2b00dd044ae8c973154d950cd4118cb90d238e47544d2a1f524f1844cd8da7c,"{""reviewId"": ""d80ea5eb-3f43-4857-9c0c-ffd5769f6295"", ""userName"": ""Michael oie1234to6"", ""userImage"": ""https://play-lh.googleusercontent.com/a/ACg8ocLGGPCCD5ioPt6aX5FI3y9XcuyPQ4zhJr1zWGZhfHT_GgiteA=mo"", ""content"": ""for teens only"", ""score"": 5, ""thumbsUpCount"": 1, ""reviewCreatedVersion"": ""45.7.3"", ""at"": ""2026-07-03 00:22:22"", ""replyContent"": ""Hi! Thanks for taking the time to share your feedback. Your support is greatly appreciated."", ""repliedAt"": ""2026-07-03 00:40:11"", ""appVersion"": ""45.7.3""}"
run5_day3_20260704_032957,2,TikTok,com.zhiliaoapp.musically,us,en,d4033dd9cb7a62ada5b04cce45ffeedde6983c4b672517923ca46fbcde573e3a,8eeb2c86-50da-4717-9859-0b059ab12653,0,Fardeen Khan,5,0,2026-07-03T00:14:34+00:00,45.4.3,Hi! Thanks for taking the time to share your feedback. Your support is greatly appreciated.,2026-07-03T00:40:11+00:00,good👍 look,good👍 look,939661336ee6d2183aa2650f43362e54489ef35485a61731c57bc90804b692f3,939661336ee6d2183aa2650f43362e54489ef35485a61731c57bc90804b692f3,"{""reviewId"": ""8eeb2c86-50da-4717-9859-0b059ab12653"", ""userName"": ""Fardeen Khan"", ""userImage"": ""https://play-lh.googleusercontent.com/a/ACg8ocLINYqsQtklBcm2w0KVkq18gYPEHJEYSYFKdvJR3BpSQhNjpg=mo"", ""content"": ""good👍 look"", ""score"": 5, ""thumbsUpCount"": 0, ""reviewCreatedVersion"": ""45.4.3"", ""at"": ""2026-07-03 00:14:34"", ""replyContent"": ""Hi! Thanks for taking the time to share your feedback. Your support is greatly appreciated."", ""repliedAt"": ""2026-07-03 00:40:11"", ""appVersion"": ""45.4.3""}"
run5_day3_20260704_032957,2,TikTok,com.zhiliaoapp.musically,us,en,0f80dd4ee8ce1bed5d1e3b703f765b90c92c7e76b95b66ea62394c071c8decce,b05e161a-b46a-41c9-95cd-50491dc368c3,0,Dustin Dubose,5,0,2026-07-03T00:10:54+00:00,45.7.3,Hi! Thanks for taking the time to share your feedback. Your support is greatly appreciated.,2026-07-03T00:40:12+00:00,very good,very good,624d026dc13e1e189f9ea4ca66a065466d3f438dd94250ee8bc45ab57566374e,624d026dc13e1e189f9ea4ca66a065466d3f438dd94250ee8bc45ab57566374e,"{""reviewId"": ""b05e161a-b46a-41c9-95cd-50491dc368c3"", ""userName"": ""Dustin Dubose"", ""userImage"": ""https://play-lh.googleusercontent.com/a-/ALV-UjVtSO2MgX4rf5Iw6PJQpTc11HiSn5EVXOyudVVLr2YSj1JYBoIP"", ""content"": ""very good"", ""score"": 5, ""thumbsUpCount"": 0, ""reviewCreatedVersion"": ""45.7.3"", ""at"": ""2026-07-03 00:10:54"", ""replyContent"": ""Hi! Thanks for taking the time to share your feedback. Your support is greatly appreciated."", ""repliedAt"": ""2026-07-03 00:40:12"", ""appVersion"": ""45.7.3""}"
run5_day3_20260704_032957,2,TikTok,com.zhiliaoapp.musically,us,en,2b5fd97bd3307df0efe63ea88c03dee4c4f0b62b49f32bc60b6f0c56d6c2ac24,3d654a93-be24-49dd-ae2f-915b1318dc25,0,Rick Thompson,1,0,2026-07-03T00:09:47+00:00,,"Hi, thanks for your feedback!
We'll be sure to share your suggestion with our team for consideration. We appreciate your input, and we're always working to improve the TikTok experience!",2026-07-03T00:20:11+00:00,very poor,very poor,956d14bbda44947154a2a3fddfb4d74adcb27dbb3c1cc590aa19dff16690dd4b,956d14bbda44947154a2a3fddfb4d74adcb27dbb3c1cc590aa19dff16690dd4b,"{""reviewId"": ""3d654a93-be24-49dd-ae2f-915b1318dc25"", ""userName"": ""Rick Thompson"", ""userImage"": ""https://play-lh.googleusercontent.com/a/ACg8ocJIfGvmMS5ycGBloPVYqEMlWORwKpvJDSKwzaKTew28W9QirA=mo"", ""content"": ""very poor"", ""score"": 1, ""thumbsUpCount"": 0, ""reviewCreatedVersion"": null, ""at"": ""2026-07-03 00:09:47"", ""replyContent"": ""Hi, thanks for your feedback!\nWe'll be sure to share your suggestion with our team for consideration. We appreciate your input, and we're always working to improve the TikTok experience!"", ""repliedAt"": ""2026-07-03 00:20:11"", ""appVersion"": null}"
run5_day3_20260704_032957,2,TikTok,com.zhiliaoapp.musically,us,en,89a3805d4eb322c95babcf62919aa42208cee2149f28ccbee02a321c73837218,079528bf-fa05-4a1f-94b8-61eb6e5ba6ba,0,Silver,1,0,2026-07-03T00:05:21+00:00,45.7.3,,,Ads every 2-3 videos. Pathetic.,Ads every 2-3 videos. Pathetic.,9aaac058503fcc5d78875d5e4179802c7b8a8f06f4d7349c8fcade54fc192694,9aaac058503fcc5d78875d5e4179802c7b8a8f06f4d7349c8fcade54fc192694,"{""reviewId"": ""079528bf-fa05-4a1f-94b8-61eb6e5ba6ba"", ""userName"": ""Silver"", ""userImage"": ""https://play-lh.googleusercontent.com/a/ACg8ocKBkBVLu2H-cSjevCDU-Rybt1jiQwopbikvt2OFBFols2aC1w=mo"", ""content"": ""Ads every 2-3 videos. Pathetic."", ""score"": 1, ""thumbsUpCount"": 0, ""reviewCreatedVersion"": ""45.7.3"", ""at"": ""2026-07-03 00:05:21"", ""replyContent"": null, ""repliedAt"": null, ""appVersion"": ""45.7.3""}"
run5_day3_20260704_032957,2,TikTok,com.zhiliaoapp.musically,us,en,5975fdce6493feef02349ec2cab9136345770f12ddd6ab00eb326c2ae4636818,e957c8c1-0fc7-4e1e-af21-906db4afea91,0,Yolanda Morris,5,0,2026-07-02T23:59:23+00:00,45.7.3,Hi! Thanks for taking the time to share your feedback. Your support is greatly appreciated.,2026-07-03T00:20:11+00:00,good,good,770e607624d689265ca6c44884d0807d9b054d23c473c106c72be9de08b7376c,770e607624d689265ca6c44884d0807d9b054d23c473c106c72be9de08b7376c,"{""reviewId"": ""e957c8c1-0fc7-4e1e-af21-906db4afea91"", ""userName"": ""Yolanda Morris"", ""userImage"": ""https://play-lh.googleusercontent.com/a-/ALV-UjWfoktGo95pzbFIHzYxUSMU3jajN6Gmw0FWpk7rqPL1GgoWFzqM"", ""content"": ""good"", ""score"": 5, ""thumbsUpCount"": 0, ""reviewCreatedVersion"": ""45.7.3"", ""at"": ""2026-07-02 23:59:23"", ""replyContent"": ""Hi! Thanks for taking the time to share your feedback. Your support is greatly appreciated."", ""repliedAt"": ""2026-07-03 00:20:11"", ""appVersion"": ""45.7.3""}"
run5_day3_20260704_032957,2,TikTok,com.zhiliaoapp.musically,us,en,ac9e84b26de5dce31fa01dfeb89609ccae9c18485faeb54c884bce407ce2728a,f4809c11-48c4-49b5-ad65-ac3fa8ebc14b,0,Gemma Crump,1,0,2026-07-02T23:58:12+00:00,,"Hi, thanks for your feedback!
We'll be sure to share your suggestion with our team for consideration. We appreciate your input, and we're always working to improve the TikTok experience!",2026-07-03T00:20:11+00:00,it was horrible never again,it was horrible never again,aed9764fb89d123c25bb2aa52fa449487c161278fa191b72fd7f08c0f304a7a3,aed9764fb89d123c25bb2aa52fa449487c161278fa191b72fd7f08c0f304a7a3,"{""reviewId"": ""f4809c11-48c4-49b5-ad65-ac3fa8ebc14b"", ""userName"": ""Gemma Crump"", ""userImage"": ""https://play-lh.googleusercontent.com/a/ACg8ocJTux1wlvH8CeXumHXLdmglB6oaMpplHhuVfkJ9Lu5_rKQWpQ=mo"", ""content"": ""it was horrible never again"", ""score"": 1, ""thumbsUpCount"": 0, ""reviewCreatedVersion"": null, ""at"": ""2026-07-02 23:58:12"", ""replyContent"": ""Hi, thanks for your feedback!\nWe'll be sure to share your suggestion with our team for consideration. We appreciate your input, and we're always working to improve the TikTok experience!"", ""repliedAt"": ""2026-07-03 00:20:11"", ""appVersion"": null}"
run5_day3_20260704_032957,2,TikTok,com.zhiliaoapp.musically,us,en,54776d6a407807a378d45913c12ae314daa002e76b3abf63ba87bca61751abc6,4b3778ae-093d-4460-9080-e83b8c01850b,0,Aqib Hussain otho,1,2,2026-07-02T23:44:53+00:00,45.7.3,,,viral videos nh horahi tiktok team please viral my videos and views problem,viral videos nh horahi tiktok team please viral my videos and views problem,cd15bd3452500a7d30a6b908787c3e6dcc73f2cc86fb41ccc86ae1ae89bb561a,cd15bd3452500a7d30a6b908787c3e6dcc73f2cc86fb41ccc86ae1ae89bb561a,"{""reviewId"": ""4b3778ae-093d-4460-9080-e83b8c01850b"", ""userName"": ""Aqib Hussain otho"", ""userImage"": ""https://play-lh.googleusercontent.com/a-/ALV-UjXBghlgsvNOnGYzoZ_iQHd2Q8NOefa_5b8X0TzqHtsCpdiXXq6j"", ""content"": ""viral videos nh horahi tiktok team please viral my videos and views problem"", ""score"": 1, ""thumbsUpCount"": 2, ""reviewCreatedVersion"": ""45.7.3"", ""at"": ""2026-07-02 23:44:53"", ""replyContent"": null, ""repliedAt"": null, ""appVersion"": ""45.7.3""}"
run5_day3_20260704_032957,2,TikTok,com.zhiliaoapp.musically,us,en,821e7e61515f09ae3c4b2f0dd654c3ebc8cd36a17e03afb94016c20468b549e2,99e77b7c-fff9-4742-b983-4d0b8fb8dbe2,0,Felix DANSO,4,0,2026-07-02T23:37:48+00:00,45.7.3,"Hi, thanks for your feedback!
We'll be sure to share your suggestion with our team for consideration. We appreciate your input, and we're always working to improve the TikTok experience!",2026-07-03T00:00:13+00:00,Good,Good,c939327ca16dcf97ca32521d8b834bf1de16573d21deda3bb2a337cf403787a6,c939327ca16dcf97ca32521d8b834bf1de16573d21deda3bb2a337cf403787a6,"{""reviewId"": ""99e77b7c-fff9-4742-b983-4d0b8fb8dbe2"", ""userName"": ""Felix DANSO"", ""userImage"": ""https://play-lh.googleusercontent.com/a-/ALV-UjWk-8MnyK8Gx003nLmxorXwcbvxYNd4MM2SnXYgJT61wwo3MZGK1Q"", ""content"": ""Good"", ""score"": 4, ""thumbsUpCount"": 0, ""reviewCreatedVersion"": ""45.7.3"", ""at"": ""2026-07-02 23:37:48"", ""replyContent"": ""Hi, thanks for your feedback!\nWe'll be sure to share your suggestion with our team for consideration. We appreciate your input, and we're always working to improve the TikTok experience!"", ""repliedAt"": ""2026-07-03 00:00:13"", ""appVersion"": ""45.7.3""}"
run5_day3_20260704_032957,2,TikTok,com.zhiliaoapp.musically,us,en,a17f5216f7e80481fb27fcca308cc3daeccce3983f1eb2a7d873a5ad6ef7429d,a39e7429-34ba-4ed0-83a5-4854de0f1c6f,0,Day Day,5,0,2026-07-02T23:37:22+00:00,,Hi! Thanks for taking the time to share your feedback. Your support is greatly appreciated.,2026-07-03T00:00:12+00:00,best app,best app,537edf774949f41f4d9e1b0677a50833de4698ac2c099df9a5cd7ea3b455f112,537edf774949f41f4d9e1b0677a50833de4698ac2c099df9a5cd7ea3b455f112,"{""reviewId"": ""a39e7429-34ba-4ed0-83a5-4854de0f1c6f"", ""userName"": ""Day Day"", ""userImage"": ""https://play-lh.googleusercontent.com/a-/ALV-UjXZv0e2kwMTX4G_q0AaSo2Oqnm9Lgz2n4hqHnUvYrBqGeb7bUQ"", ""content"": ""best app"", ""score"": 5, ""thumbsUpCount"": 0, ""reviewCreatedVersion"": null, ""at"": ""2026-07-02 23:37:22"", ""replyContent"": ""Hi! Thanks for taking the time to share your feedback. Your support is greatly appreciated."", ""repliedAt"": ""2026-07-03 00:00:12"", ""appVersion"": null}"
run5_day3_20260704_032957,2,TikTok,com.zhiliaoapp.musically,us,en,63e72d81fae7a11ca0e1938b737539464c4e189719fda7eace8746b1bb90ec3d,5ba15854-4d8d-4f1c-b3c0-be678668664b,0,Sanah N,5,2,2026-07-02T23:33:26+00:00,45.7.3,,,I like that you can chat on it,I like that you can chat on it,39048036a6efc7ff34ed2ddb245d52f28d178c17fb12b24fc261f2f57d6a9fd1,39048036a6efc7ff34ed2ddb245d52f28d178c17fb12b24fc261f2f57d6a9fd1,"{""reviewId"": ""5ba15854-4d8d-4f1c-b3c0-be678668664b"", ""userName"": ""Sanah N"", ""userImage"": ""https://play-lh.googleusercontent.com/a-/ALV-UjXUqXRbqRBV-Hc-fzw2kSE4FLmxrO4TtjjAGspZR_tCj3kVumpMYQ"", ""content"": ""I like that you can chat on it"", ""score"": 5, ""thumbsUpCount"": 2, ""reviewCreatedVersion"": ""45.7.3"", ""at"": ""2026-07-02 23:33:26"", ""replyContent"": null, ""repliedAt"": null, ""appVersion"": ""45.7.3""}"
run5_day3_20260704_032957,2,TikTok,com.zhiliaoapp.musically,us,en,94db04181c8ee381426a72e60ca73505ae9af6849fe5a6f87d6f4e5c103ccf46,a68e4107-8da5-4d68-863d-33729de8eaf4,0,Jorge Flores matias,1,0,2026-07-02T23:29:24+00:00,45.7.3,"Hi, thanks for your feedback!
We'll be sure to share your suggestion with our team for consideration. We appreciate your input, and we're always working to improve the TikTok experience!",2026-07-02T23:40:11+00:00,"my old liked videos dont load please fix this i have like 9,000 videos I can't see","my old liked videos dont load please fix this i have like 9,000 videos I can't see",ece4368e68c1a4bb285eaa4f9a435141736601ce8e14d3511ccdb1406f07c6d8,ece4368e68c1a4bb285eaa4f9a435141736601ce8e14d3511ccdb1406f07c6d8,"{""reviewId"": ""a68e4107-8da5-4d68-863d-33729de8eaf4"", ""userName"": ""Jorge Flores matias"", ""userImage"": ""https://play-lh.googleusercontent.com/a-/ALV-UjU6_FxoMipw_wXJFdIij3NFhCeB2nfvpe1DI9hsuAHRJtn7ey6c"", ""content"": ""my old liked videos dont load please fix this i have like 9,000 videos I can't see"", ""score"": 1, ""thumbsUpCount"": 0, ""reviewCreatedVersion"": ""45.7.3"", ""at"": ""2026-07-02 23:29:24"", ""replyContent"": ""Hi, thanks for your feedback!\nWe'll be sure to share your suggestion with our team for consideration. We appreciate your input, and we're always working to improve the TikTok experience!"", ""repliedAt"": ""2026-07-02 23:40:11"", ""appVersion"": ""45.7.3""}"
run5_day3_20260704_032957,2,TikTok,com.zhiliaoapp.musically,us,en,f1d554254086e2a5c00a449355e78a4ded295dc79f927aad2bde5ce3a6464b82,a3abd3ad-86c2-4dbd-8970-afe778e4ba7c,0,Mk Alt,5,0,2026-07-02T23:28:10+00:00,,Hi! Thanks for taking the time to share your feedback. Your support is greatly appreciated.,2026-07-02T23:40:11+00:00,its a good entertaining informational app,its a good entertaining informational app,cebcf6eef00e4f3c28408bba160ad6557ccba31f7da21c6cebee4d18599501d9,cebcf6eef00e4f3c28408bba160ad6557ccba31f7da21c6cebee4d18599501d9,"{""reviewId"": ""a3abd3ad-86c2-4dbd-8970-afe778e4ba7c"", ""userName"": ""Mk Alt"", ""userImage"": ""https://play-lh.googleusercontent.com/a/ACg8ocLTeh_KueiU1FDNsdT8BiX3ZkMd3baco3Z8CyU-3DtWiR5zWw=mo"", ""content"": ""its a good entertaining informational app"", ""score"": 5, ""thumbsUpCount"": 0, ""reviewCreatedVersion"": null, ""at"": ""2026-07-02 23:28:10"", ""replyContent"": ""Hi! Thanks for taking the time to share your feedback. Your support is greatly appreciated."", ""repliedAt"": ""2026-07-02 23:40:11"", ""appVersion"": null}"
run5_day3_20260704_032957,2,TikTok,com.zhiliaoapp.musically,us,en,bfcc840426e887a9f760c8e42bb129699650a137d90b78d5ac0418dd735a3a1e,a1dbb96b-2185-4028-ab21-fd8ea3f4febf,0,Junior Sana,5,0,2026-07-02T23:17:15+00:00,44.4.3,,,You can search whatever you want on it that's why I like it and it's interesting and entertaining,You can search whatever you want on it that's why I like it and it's interesting and entertaining,941aba5234cdf6c7b4a711e6f78f614f48aca8c2d2f15ad1fcfcaedd6b26565a,941aba5234cdf6c7b4a711e6f78f614f48aca8c2d2f15ad1fcfcaedd6b26565a,"{""reviewId"": ""a1dbb96b-2185-4028-ab21-fd8ea3f4febf"", ""userName"": ""Junior Sana"", ""userImage"": ""https://play-lh.googleusercontent.com/a/ACg8ocJCdqeUkCMo4tzdPLctrvG-0D9LQjVgUkxkSWPfegebVOExRg=mo"", ""content"": ""You can search whatever you want on it that's why I like it and it's interesting and entertaining"", ""score"": 5, ""thumbsUpCount"": 0, ""reviewCreatedVersion"": ""44.4.3"", ""at"": ""2026-07-02 23:17:15"", ""replyContent"": null, ""repliedAt"": null, ""appVersion"": ""44.4.3""}"
run5_day3_20260704_032957,2,TikTok,com.zhiliaoapp.musically,us,en,eb03f5894e656aeadd7f383685e12cb6d66fe919f9dcbe2661b642ccfd8435b7,9d0c553a-25aa-420f-a0af-143ecf181cc1,0,Анастасія-Валентіна Реземіні-Морська (The_iXeLy_Rey),1,0,2026-07-02T23:07:28+00:00,,,,"There is way too much inappropriate and sexual content on here. The developers need to moderate this app much better. Even young users (13+) are being sexualized on TikTok. Please fix this, I can't stand seeing it anymore. I also strongly suggest removing the feature that allows photos in the comments. It’s full of toxic and dirty content, as people clearly don't use it for good intentions. I'm officially deleting this app and I will never download it again","There is way too much inappropriate and sexual content on here. The developers need to moderate this app much better. Even young users (13+) are being sexualized on TikTok. Please fix this, I can't stand seeing it anymore. I also strongly suggest removing the feature that allows photos in the comments. It’s full of toxic and dirty content, as people clearly don't use it for good intentions. I'm officially deleting this app and I will never download it again",91d2cd01d93ed58603655d6666a291b70cfa6d071d52dc4e70a2b1290d62f18f,91d2cd01d93ed58603655d6666a291b70cfa6d071d52dc4e70a2b1290d62f18f,"{""reviewId"": ""9d0c553a-25aa-420f-a0af-143ecf181cc1"", ""userName"": ""Анастасія-Валентіна Реземіні-Морська (The_iXeLy_Rey)"", ""userImage"": ""https://play-lh.googleusercontent.com/a-/ALV-UjXGjWINrbrHiqMwjbtkGVZ76eVTHawTMnWunpQFOEvrptvDmR4a"", ""content"": ""There is way too much inappropriate and sexual content on here. The developers need to moderate this app much better. Even young users (13+) are being sexualized on TikTok. Please fix this, I can't stand seeing it anymore. I also strongly suggest removing the feature that allows photos in the comments. It’s full of toxic and dirty content, as people clearly don't use it for good intentions. I'm officially deleting this app and I will never download it again"", ""score"": 1, ""thumbsUpCount"": 0, ""reviewCreatedVersion"": null, ""at"": ""2026-07-02 23:07:28"", ""replyContent"": null, ""repliedAt"": null, ""appVersion"": null}"
run5_day3_20260704_032957,2,TikTok,com.zhiliaoapp.musically,us,en,7b82eac4fff11922da8e8c16ab278e23da649c3bbbec216450c8322cd7f5312f,b9617c59-0616-4828-968c-47510d5a2ce1,0,Intelligent Eli,1,0,2026-07-02T23:01:25+00:00,44.3.3,"Hi, thanks for your feedback!
We'll be sure to share your suggestion with our team for consideration. We appreciate your input, and we're always working to improve the TikTok experience!",2026-07-02T23:20:13+00:00,all my notifications disappeared 😡,all my notifications disappeared 😡,ed3e9fdf986e2e6ab163981ce1c32c8597ceaf5ed47104fef9d03ee7012dcbee,ed3e9fdf986e2e6ab163981ce1c32c8597ceaf5ed47104fef9d03ee7012dcbee,"{""reviewId"": ""b9617c59-0616-4828-968c-47510d5a2ce1"", ""userName"": ""Intelligent Eli"", ""userImage"": ""https://play-lh.googleusercontent.com/a-/ALV-UjUFlScQ7QmbVdcR3GrjdiKSYlOvJxxhlbZJQYP5fBwWW_gkINyd"", ""content"": ""all my notifications disappeared 😡"", ""score"": 1, ""thumbsUpCount"": 0, ""reviewCreatedVersion"": ""44.3.3"", ""at"": ""2026-07-02 23:01:25"", ""replyContent"": ""Hi, thanks for your feedback!\nWe'll be sure to share your suggestion with our team for consideration. We appreciate your input, and we're always working to improve the TikTok experience!"", ""repliedAt"": ""2026-07-02 23:20:13"", ""appVersion"": ""44.3.3""}"
run5_day3_20260704_032957,2,TikTok,com.zhiliaoapp.musically,us,en,27bf7bf99b9b076c091526b71884558a179f13f3a96023b4c815fcab486e81a1,584fade8-35b6-43a9-80d9-9883f1b4fa84,0,Hector Castellanos (Inocuo TV),5,0,2026-07-02T22:53:43+00:00,,¡Hola! Gracias por tomarte el tiempo de compartir tus comentarios. Apreciamos mucho tu apoyo.,2026-07-02T23:20:11+00:00,"Una plataforma GENIAL, dónde me relajo, aprendo y reflexiono. Para hacer dinero lo veo complicado, porque hay que invertir mucho tiempo. Ojalá hubiera algún asesor.","Una plataforma GENIAL, dónde me relajo, aprendo y reflexiono. Para hacer dinero lo veo complicado, porque hay que invertir mucho tiempo. Ojalá hubiera algún asesor.",b4986c1ea4785a5c0513ba1770e7b845d183c1fbe455ab181ec691979b4638dd,b4986c1ea4785a5c0513ba1770e7b845d183c1fbe455ab181ec691979b4638dd,"{""reviewId"": ""584fade8-35b6-43a9-80d9-9883f1b4fa84"", ""userName"": ""Hector Castellanos (Inocuo TV)"", ""userImage"": ""https://play-lh.googleusercontent.com/a-/ALV-UjX7MNQRwm0NOtfCtXizndxeIiUXu1m33Qgm9NBhOuYfo65BrKuH"", ""content"": ""Una plataforma GENIAL, dónde me relajo, aprendo y reflexiono. Para hacer dinero lo veo complicado, porque hay que invertir mucho tiempo. Ojalá hubiera algún asesor."", ""score"": 5, ""thumbsUpCount"": 0, ""reviewCreatedVersion"": null, ""at"": ""2026-07-02 22:53:43"", ""replyContent"": ""¡Hola! Gracias por tomarte el tiempo de compartir tus comentarios. Apreciamos mucho tu apoyo."", ""repliedAt"": ""2026-07-02 23:20:11"", ""appVersion"": null}"
run5_day3_20260704_032957,2,TikTok,com.zhiliaoapp.musically,us,en,5f6960294c04db797545b0b997df04d8b1974925fac8e8644e9c209b6248f2f3,bafec757-0a79-4b7e-acb6-deecd380c598,0,Denise WhiteEagle,5,0,2026-07-02T22:50:31+00:00,45.7.3,Hi! Thanks for taking the time to share your feedback. Your support is greatly appreciated.,2026-07-02T23:20:11+00:00,I love watching videos and taking photos and sharing,I love watching videos and taking photos and sharing,d5128fc7806461503df3b73cb7bc3a5e42da3fd721d916126b80ad343d544a08,d5128fc7806461503df3b73cb7bc3a5e42da3fd721d916126b80ad343d544a08,"{""reviewId"": ""bafec757-0a79-4b7e-acb6-deecd380c598"", ""userName"": ""Denise WhiteEagle"", ""userImage"": ""https://play-lh.googleusercontent.com/a/ACg8ocLJ2vHDjFK9jU0pw8jvQD1tcFIQZxHZf1DAe6qb0GEB0Ql-yg=mo"", ""content"": ""I love watching videos and taking photos and sharing"", ""score"": 5, ""thumbsUpCount"": 0, ""reviewCreatedVersion"": ""45.7.3"", ""at"": ""2026-07-02 22:50:31"", ""replyContent"": ""Hi! Thanks for taking the time to share your feedback. Your support is greatly appreciated."", ""repliedAt"": ""2026-07-02 23:20:11"", ""appVersion"": ""45.7.3""}"
run5_day3_20260704_032957,2,TikTok,com.zhiliaoapp.musically,us,en,8d7ab84249fadfb341bac9077cc332261fdc613c35696e3747d8d502efb3588f,738c3023-9e08-4f91-8493-a531cd635dcb,0,Francine Natal,5,0,2026-07-02T22:48:39+00:00,45.7.3,Hi! Thanks for taking the time to share your feedback. Your support is greatly appreciated.,2026-07-02T23:00:11+00:00,No static i e. an easy format to folloe,No static i e. an easy format to folloe,08b071a868b338984a50a687cb390bc2d618a9fdb757627c556ee5f360f258a0,08b071a868b338984a50a687cb390bc2d618a9fdb757627c556ee5f360f258a0,"{""reviewId"": ""738c3023-9e08-4f91-8493-a531cd635dcb"", ""userName"": ""Francine Natal"", ""userImage"": ""https://play-lh.googleusercontent.com/a-/ALV-UjWUCC8oSm6oMzvXCEFghE7sVpnhNs8ZsJos_W6Pgl_fiQLejX4"", ""content"": ""No static i e. an easy format to folloe"", ""score"": 5, ""thumbsUpCount"": 0, ""reviewCreatedVersion"": ""45.7.3"", ""at"": ""2026-07-02 22:48:39"", ""replyContent"": ""Hi! Thanks for taking the time to share your feedback. Your support is greatly appreciated."", ""repliedAt"": ""2026-07-02 23:00:11"", ""appVersion"": ""45.7.3""}"
run5_day3_20260704_032957,2,TikTok,com.zhiliaoapp.musically,us,en,6da88314d026eba262d29856b6852d398aa4dc7ad42d9a9bc0afa53e4e15a65b,dc14f142-1d81-4a5c-a8e9-81a3dc209957,0,bravecat 1987,1,0,2026-07-02T22:47:16+00:00,,,,"your ad should not force us to the app store! IT IS UNNECESSARY! if we didn't have tiktok already that means we don't want it! SCREW YOUR ADS, It should be illegal to force people to the app store through an ad","your ad should not force us to the app store! IT IS UNNECESSARY! if we didn't have tiktok already that means we don't want it! SCREW YOUR ADS, It should be illegal to force people to the app store through an ad",77500ff967105a3220d1f9e917c37ba304715ed3194f7a2e0c67b6bbaecfc818,77500ff967105a3220d1f9e917c37ba304715ed3194f7a2e0c67b6bbaecfc818,"{""reviewId"": ""dc14f142-1d81-4a5c-a8e9-81a3dc209957"", ""userName"": ""bravecat 1987"", ""userImage"": ""https://play-lh.googleusercontent.com/a/ACg8ocJ_WUSd0Hd9VfHc0LTe4VYB7EuR4xO8Djdyun1JkojUfWH51w=mo"", ""content"": ""your ad should not force us to the app store! IT IS UNNECESSARY! if we didn't have tiktok already that means we don't want it! SCREW YOUR ADS, It should be illegal to force people to the app store through an ad"", ""score"": 1, ""thumbsUpCount"": 0, ""reviewCreatedVersion"": null, ""at"": ""2026-07-02 22:47:16"", ""replyContent"": null, ""repliedAt"": null, ""appVersion"": null}"
run5_day3_20260704_032957,2,TikTok,com.zhiliaoapp.musically,us,en,2929a8eddbd2f0baf829f56fcb273840ab4ef175c15422c070ae506c42c207b5,1c6b8cc3-5d1b-4f0f-8fe4-6d97653739b4,0,yeferson cadena,1,0,2026-07-02T22:46:55+00:00,45.7.3,"¡Hola! Sentimos las molestias ocasionadas. Para ayudarnos a investigarlo bien, informa del problema directamente mediante la aplicación TikTok:
Ve a tu perfil, pulsa Menú, Ajustes y privacidad, Centro de ayuda.
Agradecemos tu paciencia y esperamos resolver el problema.",2026-07-02T23:00:11+00:00,reduce el nivel de retención de información en el cerebro.,reduce el nivel de retención de información en el cerebro.,8d780e2c4a69f03ab4711141b88fe243cc4388f23c50efaa49a2d734be703cd2,8d780e2c4a69f03ab4711141b88fe243cc4388f23c50efaa49a2d734be703cd2,"{""reviewId"": ""1c6b8cc3-5d1b-4f0f-8fe4-6d97653739b4"", ""userName"": ""yeferson cadena"", ""userImage"": ""https://play-lh.googleusercontent.com/a/ACg8ocInoE9xqoMAr1ldBWgccvyYhvXKuLy4gs5KEfAGgiqSp9Dh-w=mo"", ""content"": ""reduce el nivel de retención de información en el cerebro."", ""score"": 1, ""thumbsUpCount"": 0, ""reviewCreatedVersion"": ""45.7.3"", ""at"": ""2026-07-02 22:46:55"", ""replyContent"": ""¡Hola! Sentimos las molestias ocasionadas. Para ayudarnos a investigarlo bien, informa del problema directamente mediante la aplicación TikTok:\nVe a tu perfil, pulsa Menú, Ajustes y privacidad, Centro de ayuda.\nAgradecemos tu paciencia y esperamos resolver el problema."", ""repliedAt"": ""2026-07-02 23:00:11"", ""appVersion"": ""45.7.3""}"
run5_day3_20260704_032957,2,TikTok,com.zhiliaoapp.musically,us,en,777d76f106eb94bbf44d913e6f6e66b6c9e4ca13b565f9322dfd99e556121d00,c2b6eff0-1864-4867-85dd-50854fdf8631,0,Shamir Hassan,5,0,2026-07-02T22:43:46+00:00,,Hi! Thanks for taking the time to share your feedback. Your support is greatly appreciated.,2026-07-02T23:00:11+00:00,Subhan,Subhan,46c41bfbb46f2f259c98f6dbb5beb3496abe7cb0aa775393ae387db0fe76570e,46c41bfbb46f2f259c98f6dbb5beb3496abe7cb0aa775393ae387db0fe76570e,"{""reviewId"": ""c2b6eff0-1864-4867-85dd-50854fdf8631"", ""userName"": ""Shamir Hassan"", ""userImage"": ""https://play-lh.googleusercontent.com/a/ACg8ocIHr8zNUjfrZNX52HPG-k4r9LSP4gvkssbSjFNHph13MMccUg=mo"", ""content"": ""Subhan"", ""score"": 5, ""thumbsUpCount"": 0, ""reviewCreatedVersion"": null, ""at"": ""2026-07-02 22:43:46"", ""replyContent"": ""Hi! Thanks for taking the time to share your feedback. Your support is greatly appreciated."", ""repliedAt"": ""2026-07-02 23:00:11"", ""appVersion"": null}"
run5_day3_20260704_032957,2,TikTok,com.zhiliaoapp.musically,us,en,99798245bbc1e4bc3c586d84d9b27288fa1ee1b5693c31405b22632f3332b152,a2193a40-b03b-4c54-8323-d4802874b60a,0,nuft,2,6,2026-07-02T22:43:11+00:00,45.7.3,"Hi, thanks for your feedback!
We'll be sure to share your suggestion with our team for consideration. We appreciate your input, and we're always working to improve the TikTok experience!",2026-07-02T23:00:11+00:00,"this app would be way better if you added these features: 1. a stronger ""Not Interested"" button. I keep using this button but it doesnt seem to be doing anything. 2. an ""Interested"" button. The opposite of the ""Not Interested"" button for content you want to see more of. I have no clue why this isn't a thing yet, seems like a nobrainer. 3. better search results. I don't want to see same tiktoks everytime I search for something even though there are thousands of tiktoks about that topic. Please.","this app would be way better if you added these features: 1. a stronger ""Not Interested"" button. I keep using this button but it doesnt seem to be doing anything. 2. an ""Interested"" button. The opposite of the ""Not Interested"" button for content you want to see more of. I have no clue why this isn't a thing yet, seems like a nobrainer. 3. better search results. I don't want to see same tiktoks everytime I search for something even though there are thousands of tiktoks about that topic. Please.",e48da68293e9ff58c24dfd3e385d0f41a240c7c68a143c61cb9781b7e7d00019,e48da68293e9ff58c24dfd3e385d0f41a240c7c68a143c61cb9781b7e7d00019,"{""reviewId"": ""a2193a40-b03b-4c54-8323-d4802874b60a"", ""userName"": ""nuft"", ""userImage"": ""https://play-lh.googleusercontent.com/a-/ALV-UjVZcDcacnLbR4JmQ99-Ot2I9eqAAP3HurcJI-dsLkoF0hmyDgI"", ""content"": ""this app would be way better if you added these features: 1. a stronger \""Not Interested\"" button. I keep using this button but it doesnt seem to be doing anything. 2. an \""Interested\"" button. The opposite of the \""Not Interested\"" button for content you want to see more of. I have no clue why this isn't a thing yet, seems like a nobrainer. 3. better search results. I don't want to see same tiktoks everytime I search for something even though there are thousands of tiktoks about that topic. Please."", ""score"": 2, ""thumbsUpCount"": 6, ""reviewCreatedVersion"": ""45.7.3"", ""at"": ""2026-07-02 22:43:11"", ""replyContent"": ""Hi, thanks for your feedback!\nWe'll be sure to share your suggestion with our team for consideration. We appreciate your input, and we're always working to improve the TikTok experience!"", ""repliedAt"": ""2026-07-02 23:00:11"", ""appVersion"": ""45.7.3""}"
run5_day3_20260704_032957,2,TikTok,com.zhiliaoapp.musically,us,en,5ca7bd719ad308fd4336dfff1997bf36b581eecd39bbe45510da4c20a4d004f8,4bcc573e-ac4d-4cb6-8e57-09cd6f375504,0,Richie Kirschner,1,1,2026-07-02T22:40:18+00:00,44.3.3,,,"70% of the videos are just trying to sell you something. The algorithm took a big hit. I no longer have a feed that feels catered to me. When I get the occasional non tiktok shop video trying to sell junk to me, the video is completely a waste of time. This used to be a great app to just swipe thru entertaining content. Now it just wants your money.","70% of the videos are just trying to sell you something. The algorithm took a big hit. I no longer have a feed that feels catered to me. When I get the occasional non tiktok shop video trying to sell junk to me, the video is completely a waste of time. This used to be a great app to just swipe thru entertaining content. Now it just wants your money.",171aa98b890e0bdf0a0562c55d9c24d5ad7e24ad9016f545cfac395a0d8b14a4,171aa98b890e0bdf0a0562c55d9c24d5ad7e24ad9016f545cfac395a0d8b14a4,"{""reviewId"": ""4bcc573e-ac4d-4cb6-8e57-09cd6f375504"", ""userName"": ""Richie Kirschner"", ""userImage"": ""https://play-lh.googleusercontent.com/a-/ALV-UjX10rTuRaBeJDO2ULdhCoAGHcygxYKaS-rmrzpf3xXTbbo7MBMQ"", ""content"": ""70% of the videos are just trying to sell you something. The algorithm took a big hit. I no longer have a feed that feels catered to me. When I get the occasional non tiktok shop video trying to sell junk to me, the video is completely a waste of time. This used to be a great app to just swipe thru entertaining content. Now it just wants your money."", ""score"": 1, ""thumbsUpCount"": 1, ""reviewCreatedVersion"": ""44.3.3"", ""at"": ""2026-07-02 22:40:18"", ""replyContent"": null, ""repliedAt"": null, ""appVersion"": ""44.3.3""}"
run5_day3_20260704_032957,2,TikTok,com.zhiliaoapp.musically,us,en,3893cc87cdfe5c7bb368948da5e85ba8057a1fc0ba0fef7310635c6ad11e3be0,c8197984-bedd-4398-aea0-d95a4d84760a,0,Kid Tablet,3,0,2026-07-02T22:38:53+00:00,45.7.3,"Hi, thanks for your feedback!
We'll be sure to share your suggestion with our team for consideration. We appreciate your input, and we're always working to improve the TikTok experience!",2026-07-02T23:00:11+00:00,Don't let me go on live and I only get to watch 5 hours,Don't let me go on live and I only get to watch 5 hours,892718a18ce55992464935618af91aaec495bffec55568464e98f3afb635492f,892718a18ce55992464935618af91aaec495bffec55568464e98f3afb635492f,"{""reviewId"": ""c8197984-bedd-4398-aea0-d95a4d84760a"", ""userName"": ""Kid Tablet"", ""userImage"": ""https://play-lh.googleusercontent.com/a/ACg8ocIhArDTNzqLT38jVPEZLJC1HV7YYHB-Yq0QJx1KQdVj5O5eHA=mo"", ""content"": ""Don't let me go on live and I only get to watch 5 hours"", ""score"": 3, ""thumbsUpCount"": 0, ""reviewCreatedVersion"": ""45.7.3"", ""at"": ""2026-07-02 22:38:53"", ""replyContent"": ""Hi, thanks for your feedback!\nWe'll be sure to share your suggestion with our team for consideration. We appreciate your input, and we're always working to improve the TikTok experience!"", ""repliedAt"": ""2026-07-02 23:00:11"", ""appVersion"": ""45.7.3""}"
run5_day3_20260704_032957,2,TikTok,com.zhiliaoapp.musically,us,en,d4ec291027f9b1c12742053d3bd6d9e775ffab33c4ed1abde7b37895ff989126,4458b02a-b446-4782-9ba5-2fe4e031405b,0,Salman Ishfaq,5,0,2026-07-02T22:35:04+00:00,,Hi! Thanks for taking the time to share your feedback. Your support is greatly appreciated.,2026-07-02T23:00:11+00:00,good AP,good AP,c32e7883cb34d7747fba37f16448fd912081a3468ae41061ed974207fa237b29,c32e7883cb34d7747fba37f16448fd912081a3468ae41061ed974207fa237b29,"{""reviewId"": ""4458b02a-b446-4782-9ba5-2fe4e031405b"", ""userName"": ""Salman Ishfaq"", ""userImage"": ""https://play-lh.googleusercontent.com/a/ACg8ocIKDkvzyWbfWdkMK988QhmGHauGEI6GobyEgl0jHW6obm4shw=mo"", ""content"": ""good AP"", ""score"": 5, ""thumbsUpCount"": 0, ""reviewCreatedVersion"": null, ""at"": ""2026-07-02 22:35:04"", ""replyContent"": ""Hi! Thanks for taking the time to share your feedback. Your support is greatly appreciated."", ""repliedAt"": ""2026-07-02 23:00:11"", ""appVersion"": null}"
run5_day3_20260704_032957,2,TikTok,com.zhiliaoapp.musically,us,en,5ffe9f1816bccdb243a3c3bdb1b7fbf300212e2736af1a12188c0e3f873b45c5,56535a61-e5e7-48bc-9ca5-63cb747f0a8c,0,Akin Adio,4,0,2026-07-02T22:29:35+00:00,,"Hi, thanks for your feedback!
We'll be sure to share your suggestion with our team for consideration. We appreciate your input, and we're always working to improve the TikTok experience!",2026-07-02T22:40:11+00:00,It run very fast and reliably to use also connect the whole world to gether,It run very fast and reliably to use also connect the whole world to gether,ab7179914c06a678a9d9dc035040c89f469b96747f804b54a29abcab0ba6f0d2,ab7179914c06a678a9d9dc035040c89f469b96747f804b54a29abcab0ba6f0d2,"{""reviewId"": ""56535a61-e5e7-48bc-9ca5-63cb747f0a8c"", ""userName"": ""Akin Adio"", ""userImage"": ""https://play-lh.googleusercontent.com/a/ACg8ocJe7pg2GIHjRRuCjz5mp-fXkZ4q4Kx_AfF_hA31wELk2d2vGg=mo"", ""content"": ""It run very fast and reliably to use also connect the whole world to gether"", ""score"": 4, ""thumbsUpCount"": 0, ""reviewCreatedVersion"": null, ""at"": ""2026-07-02 22:29:35"", ""replyContent"": ""Hi, thanks for your feedback!\nWe'll be sure to share your suggestion with our team for consideration. We appreciate your input, and we're always working to improve the TikTok experience!"", ""repliedAt"": ""2026-07-02 22:40:11"", ""appVersion"": null}"
run5_day3_20260704_032957,2,TikTok,com.zhiliaoapp.musically,us,en,d895d1a34f4df5035d0c37d06ef4a600f52654bf8edbdbdab01028e5f887c909,80c15654-c00f-47ae-a1cc-42133139fc2a,0,Gemma Adams,1,1,2026-07-02T22:23:33+00:00,45.7.3,,,"I'm so sick of the weird ai adverts. they're all weirdly sexual or just unpleasant in general. adverts should be approved before being allowed to be shown on tiktok. even if I report them, nothing happens. the creator has already taken it down before it can be reviewed, yet it always seems to appear again. even when I press not interested on the adverts, they keep appearing. I'm truly sick and fed up with it. not to mention, there are adverts every 3 scrolls.","I'm so sick of the weird ai adverts. they're all weirdly sexual or just unpleasant in general. adverts should be approved before being allowed to be shown on tiktok. even if I report them, nothing happens. the creator has already taken it down before it can be reviewed, yet it always seems to appear again. even when I press not interested on the adverts, they keep appearing. I'm truly sick and fed up with it. not to mention, there are adverts every 3 scrolls.",2824db12edd699ea4e8f74c95ad0da110a8c645144ff1ac805d2d9da67622e33,2824db12edd699ea4e8f74c95ad0da110a8c645144ff1ac805d2d9da67622e33,"{""reviewId"": ""80c15654-c00f-47ae-a1cc-42133139fc2a"", ""userName"": ""Gemma Adams"", ""userImage"": ""https://play-lh.googleusercontent.com/a-/ALV-UjXHGo2xP0DULjozxmtkfMrSW3fUpndf5pI6RoKUVYpejoqGzNYL"", ""content"": ""I'm so sick of the weird ai adverts. they're all weirdly sexual or just unpleasant in general. adverts should be approved before being allowed to be shown on tiktok. even if I report them, nothing happens. the creator has already taken it down before it can be reviewed, yet it always seems to appear again. even when I press not interested on the adverts, they keep appearing. I'm truly sick and fed up with it. not to mention, there are adverts every 3 scrolls."", ""score"": 1, ""thumbsUpCount"": 1, ""reviewCreatedVersion"": ""45.7.3"", ""at"": ""2026-07-02 22:23:33"", ""replyContent"": null, ""repliedAt"": null, ""appVersion"": ""45.7.3""}"
run5_day3_20260704_032957,2,TikTok,com.zhiliaoapp.musically,us,en,d5d111ee6b1e504ca9d052a8b65837e0c954881f0cd70947fa50c5325f3deeb6,6adb5fb0-f87b-43c5-9fc2-78bda9ae00ad,0,Felicia James,1,1,2026-07-02T22:19:09+00:00,,"Hi, thanks for your feedback!
We'll be sure to share your suggestion with our team for consideration. We appreciate your input, and we're always working to improve the TikTok experience!",2026-07-02T22:40:11+00:00,trying to refresh my feed but it's not working it needs an update and also is freezing,trying to refresh my feed but it's not working it needs an update and also is freezing,bc74d60c115f1adf361adaf9207dab7fdb1b3c216f5c54ff1505c4c99697f84a,bc74d60c115f1adf361adaf9207dab7fdb1b3c216f5c54ff1505c4c99697f84a,"{""reviewId"": ""6adb5fb0-f87b-43c5-9fc2-78bda9ae00ad"", ""userName"": ""Felicia James"", ""userImage"": ""https://play-lh.googleusercontent.com/a/ACg8ocJGs9dQdMbk8SkkwC71wRSpCoqAzOuUZmG1h1_dqkEa-Qwk5g=mo"", ""content"": ""trying to refresh my feed but it's not working it needs an update and also is freezing"", ""score"": 1, ""thumbsUpCount"": 1, ""reviewCreatedVersion"": null, ""at"": ""2026-07-02 22:19:09"", ""replyContent"": ""Hi, thanks for your feedback!\nWe'll be sure to share your suggestion with our team for consideration. We appreciate your input, and we're always working to improve the TikTok experience!"", ""repliedAt"": ""2026-07-02 22:40:11"", ""appVersion"": null}"
run5_day3_20260704_032957,2,TikTok,com.zhiliaoapp.musically,us,en,4721301f7b871e95b4c156eb26cec7fb7534d00e3d6c74deca9d5849a35bf692,6d927c8a-78d2-467b-920e-4c322c2e733c,0,Muhammad Umar,3,0,2026-07-02T22:18:29+00:00,27.1.3,"Hi, thanks for your feedback!
We'll be sure to share your suggestion with our team for consideration. We appreciate your input, and we're always working to improve the TikTok experience!",2026-07-02T22:40:11+00:00,nice 🙂,nice 🙂,e53a9f4d881d29f2594cc079bc9b723239e59ff5ddc228423a4f2118c8bc3522,e53a9f4d881d29f2594cc079bc9b723239e59ff5ddc228423a4f2118c8bc3522,"{""reviewId"": ""6d927c8a-78d2-467b-920e-4c322c2e733c"", ""userName"": ""Muhammad Umar"", ""userImage"": ""https://play-lh.googleusercontent.com/a-/ALV-UjXIpmvEgxsDh0z8uf4VL1x75TAkF-A8dm0DbZgG_mJ-1DddrbnfuA"", ""content"": ""nice 🙂"", ""score"": 3, ""thumbsUpCount"": 0, ""reviewCreatedVersion"": ""27.1.3"", ""at"": ""2026-07-02 22:18:29"", ""replyContent"": ""Hi, thanks for your feedback!\nWe'll be sure to share your suggestion with our team for consideration. We appreciate your input, and we're always working to improve the TikTok experience!"", ""repliedAt"": ""2026-07-02 22:40:11"", ""appVersion"": ""27.1.3""}"
run5_day3_20260704_032957,2,TikTok,com.zhiliaoapp.musically,us,en,044719373e333a0d5668032e92e57f86e62c7875998452b616b3881ce858a4b3,aec46684-21ca-4c7f-a76b-9635ebe80cd6,0,Genice Thompson,5,0,2026-07-02T22:18:19+00:00,45.7.3,Hi! Thanks for taking the time to share your feedback. Your support is greatly appreciated.,2026-07-02T22:40:12+00:00,Great product.,Great product.,4c13e6c7ee4b58a84b53226eeff9402f4ca548e4faba6e3c0f8713829268d24f,4c13e6c7ee4b58a84b53226eeff9402f4ca548e4faba6e3c0f8713829268d24f,"{""reviewId"": ""aec46684-21ca-4c7f-a76b-9635ebe80cd6"", ""userName"": ""Genice Thompson"", ""userImage"": ""https://play-lh.googleusercontent.com/a-/ALV-UjWrZgtgS2U4_pvgHO30mZ4zidlvBmXgv4DlklaNLmh6byc1Atf7"", ""content"": ""Great product."", ""score"": 5, ""thumbsUpCount"": 0, ""reviewCreatedVersion"": ""45.7.3"", ""at"": ""2026-07-02 22:18:19"", ""replyContent"": ""Hi! Thanks for taking the time to share your feedback. Your support is greatly appreciated."", ""repliedAt"": ""2026-07-02 22:40:12"", ""appVersion"": ""45.7.3""}"
run5_day3_20260704_032957,2,TikTok,com.zhiliaoapp.musically,us,en,f91470c3fc92cebd4dc11605110333a5ce4a4df780431ebe3fb6dcb152b5d3f0,5eb31d8f-1be4-4d5b-901f-ee55e6b1aff8,0,Gnarly Gnarly,3,1,2026-07-02T22:14:27+00:00,,,,its a good app but tiktok has to do their job because tell me why I saw a innopropitate content and I reported it and days later tiktok told me they seen nothing innopropitate on that content and their are also disgusting and people breaking the policy but you dont do anything,its a good app but tiktok has to do their job because tell me why I saw a innopropitate content and I reported it and days later tiktok told me they seen nothing innopropitate on that content and their are also disgusting and people breaking the policy but you dont do anything,761f5d0fd31fbbe339cbdc007016a874ee24bb28e59926ff947dadab04fac76c,761f5d0fd31fbbe339cbdc007016a874ee24bb28e59926ff947dadab04fac76c,"{""reviewId"": ""5eb31d8f-1be4-4d5b-901f-ee55e6b1aff8"", ""userName"": ""Gnarly Gnarly"", ""userImage"": ""https://play-lh.googleusercontent.com/a/ACg8ocK5mTukY6K4tv4IYVeWsjzUelUQ0D51jprtIReceBjbxtHKZg=mo"", ""content"": ""its a good app but tiktok has to do their job because tell me why I saw a innopropitate content and I reported it and days later tiktok told me they seen nothing innopropitate on that content and their are also disgusting and people breaking the policy but you dont do anything"", ""score"": 3, ""thumbsUpCount"": 1, ""reviewCreatedVersion"": null, ""at"": ""2026-07-02 22:14:27"", ""replyContent"": null, ""repliedAt"": null, ""appVersion"": null}"
run5_day3_20260704_032957,2,TikTok,com.zhiliaoapp.musically,us,en,4de89b15b55f75ed0cb20d620215124989cf7435a15ed8812325849c6eecef06,7dd0f608-06fb-420d-9d5d-c032ad330e8e,0,Kenniel East,5,2,2026-07-02T22:14:09+00:00,45.7.3,Hi! Thanks for taking the time to share your feedback. Your support is greatly appreciated.,2026-06-26T19:00:11+00:00,Good day Sir.tik tok I am right a letter of complain about that you can call on tik tok .So on my FYP I see people saying that you can call on tik tok and I am not seeing that so I want to know what is going on.So if it's true I don't have it or if it is a update I didn't get that update Sir.tik tok. So I am just asking for your help thank you sir have a great day Sir.tik tok but the app is a great app this So can you reach out to me soon as possible thank you. Your Faithfully Kenniel East,Good day Sir.tik tok I am right a letter of complain about that you can call on tik tok .So on my FYP I see people saying that you can call on tik tok and I am not seeing that so I want to know what is going on.So if it's true I don't have it or if it is a update I didn't get that update Sir.tik tok. So I am just asking for your help thank you sir have a great day Sir.tik tok but the app is a great app this So can you reach out to me soon as possible thank you. Your Faithfully Kenniel East,c6c227338611549a738fda3cddff5ea7edce4aa588702e811f6c52c7b604c4b9,c6c227338611549a738fda3cddff5ea7edce4aa588702e811f6c52c7b604c4b9,"{""reviewId"": ""7dd0f608-06fb-420d-9d5d-c032ad330e8e"", ""userName"": ""Kenniel East"", ""userImage"": ""https://play-lh.googleusercontent.com/a/ACg8ocIiSjlqD5N_EGnjxVt1E0HeZZEz5Omue5gAisCLn_YMppn6D5M=mo"", ""content"": ""Good day Sir.tik tok I am right a letter of complain about that you can call on tik tok .So on my FYP I see people saying that you can call on tik tok and I am not seeing that so I want to know what is going on.So if it's true I don't have it or if it is a update I didn't get that update Sir.tik tok. So I am just asking for your help thank you sir have a great day Sir.tik tok but the app is a great app this So can you reach out to me soon as possible thank you. Your Faithfully Kenniel East"", ""score"": 5, ""thumbsUpCount"": 2, ""reviewCreatedVersion"": ""45.7.3"", ""at"": ""2026-07-02 22:14:09"", ""replyContent"": ""Hi! Thanks for taking the time to share your feedback. Your support is greatly appreciated."", ""repliedAt"": ""2026-06-26 19:00:11"", ""appVersion"": ""45.7.3""}"
run5_day3_20260704_032957,2,TikTok,com.zhiliaoapp.musically,us,en,cfddca813e394b0d416453a1d7fbdd575d07a1da9a32ee933f1f05c4dc50a090,7d23d6d8-31f4-4d44-a25c-38359104a598,0,Gamachisa Mamad,5,0,2026-07-02T22:12:44+00:00,,Hi! Thanks for taking the time to share your feedback. Your support is greatly appreciated.,2026-07-02T22:20:13+00:00,ok God,ok God,6a31068077b69e8dcf3e39b14b54597cf177ca5e6da97419dd296804d42ea76f,6a31068077b69e8dcf3e39b14b54597cf177ca5e6da97419dd296804d42ea76f,"{""reviewId"": ""7d23d6d8-31f4-4d44-a25c-38359104a598"", ""userName"": ""Gamachisa Mamad"", ""userImage"": ""https://play-lh.googleusercontent.com/a/ACg8ocKHIDlOcjHWX3K-44mEu3E6plRpjfKBi3U-hM-bD0gVubjARQ=mo"", ""content"": ""ok God"", ""score"": 5, ""thumbsUpCount"": 0, ""reviewCreatedVersion"": null, ""at"": ""2026-07-02 22:12:44"", ""replyContent"": ""Hi! Thanks for taking the time to share your feedback. Your support is greatly appreciated."", ""repliedAt"": ""2026-07-02 22:20:13"", ""appVersion"": null}"
run5_day3_20260704_032957,2,TikTok,com.zhiliaoapp.musically,us,en,c86939d6a049fd9c38314d06410d5a25f25ad955bdc2d119d99adfc0b025f2d6,1f76a1b6-7ab3-47a3-9bc7-6459617d1532,0,Fatema Fatema,5,0,2026-07-02T22:08:17+00:00,45.7.3,مرحبًا! نشكرك على تخصيص جزء من وقتك لمشاركة ملاحظاتك. نقدّر لك حقًا دعمك.,2026-07-02T22:20:12+00:00,جميل,جميل,d989693769ce40c42f34f354af7a595844af716845854366316644cd4c81994c,d989693769ce40c42f34f354af7a595844af716845854366316644cd4c81994c,"{""reviewId"": ""1f76a1b6-7ab3-47a3-9bc7-6459617d1532"", ""userName"": ""Fatema Fatema"", ""userImage"": ""https://play-lh.googleusercontent.com/a/ACg8ocLVzs0BQEvvhZXA5d4Dh-x4l0tX8b8HN8yRsc39QbO3zruXiA=mo"", ""content"": ""جميل"", ""score"": 5, ""thumbsUpCount"": 0, ""reviewCreatedVersion"": ""45.7.3"", ""at"": ""2026-07-02 22:08:17"", ""replyContent"": ""مرحبًا! نشكرك على تخصيص جزء من وقتك لمشاركة ملاحظاتك. نقدّر لك حقًا دعمك."", ""repliedAt"": ""2026-07-02 22:20:12"", ""appVersion"": ""45.7.3""}"
run5_day3_20260704_032957,2,TikTok,com.zhiliaoapp.musically,us,en,869c61a99f225b5991a4bb8144f35240aa910696388af38bc6eeda8734453a13,199765c6-4855-427a-9ae5-510644b8d37b,0,محمود ابو ياسين,5,0,2026-07-02T22:07:18+00:00,45.7.3,Hi! Thanks for taking the time to share your feedback. Your support is greatly appreciated.,2026-07-02T22:20:12+00:00,"I love it so much and I can't do without it, and the offline video updates are amazing and very useful when I don't have internet.","I love it so much and I can't do without it, and the offline video updates are amazing and very useful when I don't have internet.",bc9ab74d8f7bb20290d113c3e48764a44041c05ab629c8c001855ae74774f26b,bc9ab74d8f7bb20290d113c3e48764a44041c05ab629c8c001855ae74774f26b,"{""reviewId"": ""199765c6-4855-427a-9ae5-510644b8d37b"", ""userName"": ""محمود ابو ياسين"", ""userImage"": ""https://play-lh.googleusercontent.com/a/ACg8ocIN3Yna4IA8jypWO8BcyVQhbf7N4CHzoiauG-s809elsZBo=mo"", ""content"": ""I love it so much and I can't do without it, and the offline video updates are amazing and very useful when I don't have internet."", ""score"": 5, ""thumbsUpCount"": 0, ""reviewCreatedVersion"": ""45.7.3"", ""at"": ""2026-07-02 22:07:18"", ""replyContent"": ""Hi! Thanks for taking the time to share your feedback. Your support is greatly appreciated."", ""repliedAt"": ""2026-07-02 22:20:12"", ""appVersion"": ""45.7.3""}"
run5_day3_20260704_032957,2,TikTok,com.zhiliaoapp.musically,us,en,b92ef35283e9e4bc40f0a36877f48a87a37447aec9caa74522f326e92d3fdfb6,3bd0f9ba-20cb-45fb-993c-004d911e7b52,0,Ifeco Money 101,5,0,2026-07-02T22:05:41+00:00,,Hi! Thanks for taking the time to share your feedback. Your support is greatly appreciated.,2026-07-02T22:20:12+00:00,Tikto🙏🙏,Tikto🙏🙏,bdd6fdafd98777f471e3945f0b1adc33664993b86855c1e1708546cb902f63ba,bdd6fdafd98777f471e3945f0b1adc33664993b86855c1e1708546cb902f63ba,"{""reviewId"": ""3bd0f9ba-20cb-45fb-993c-004d911e7b52"", ""userName"": ""Ifeco Money 101"", ""userImage"": ""https://play-lh.googleusercontent.com/a/ACg8ocIOfLfbsL9ZcE2USyvUVG_Jm4nkwzI3q4V6k5eMk4gis0Skqg=mo"", ""content"": ""Tikto🙏🙏"", ""score"": 5, ""thumbsUpCount"": 0, ""reviewCreatedVersion"": null, ""at"": ""2026-07-02 22:05:41"", ""replyContent"": ""Hi! Thanks for taking the time to share your feedback. Your support is greatly appreciated."", ""repliedAt"": ""2026-07-02 22:20:12"", ""appVersion"": null}"
run5_day3_20260704_032957,2,TikTok,com.zhiliaoapp.musically,us,en,41eecf9c66183f720bb55af2cfe632f1849490fa7a5f59b7270a4925e6cb8db4,e456ed10-7204-4676-833d-f12399acb4f9,0,Oreoluwa Ayorinde,2,0,2026-07-02T22:03:21+00:00,,"Hi, thanks for your feedback!
We'll be sure to share your suggestion with our team for consideration. We appreciate your input, and we're always working to improve the TikTok experience!",2026-07-02T22:20:12+00:00,"I can't send direct messages it says community guidelines. Meanwhile, I'm asking about lashes. My comments keep disappearing. I have scanned my account, and it says I don't have any violations. please fix it it'd been going on for 2 months","I can't send direct messages it says community guidelines. Meanwhile, I'm asking about lashes. My comments keep disappearing. I have scanned my account, and it says I don't have any violations. please fix it it'd been going on for 2 months",29ffaff7575797cc493212125260e740669074a390698cdcb92663254d42cd8a,29ffaff7575797cc493212125260e740669074a390698cdcb92663254d42cd8a,"{""reviewId"": ""e456ed10-7204-4676-833d-f12399acb4f9"", ""userName"": ""Oreoluwa Ayorinde"", ""userImage"": ""https://play-lh.googleusercontent.com/a-/ALV-UjVc-s4oCeDZOyJSZFTF3-KGRwRXtKW8zSOosTzmX0ux8qLzQzw"", ""content"": ""I can't send direct messages it says community guidelines. Meanwhile, I'm asking about lashes. My comments keep disappearing. I have scanned my account, and it says I don't have any violations. please fix it it'd been going on for 2 months"", ""score"": 2, ""thumbsUpCount"": 0, ""reviewCreatedVersion"": null, ""at"": ""2026-07-02 22:03:21"", ""replyContent"": ""Hi, thanks for your feedback!\nWe'll be sure to share your suggestion with our team for consideration. We appreciate your input, and we're always working to improve the TikTok experience!"", ""repliedAt"": ""2026-07-02 22:20:12"", ""appVersion"": null}"
run5_day3_20260704_032957,2,TikTok,com.zhiliaoapp.musically,us,en,5fd325d9e611902ecd20dc8c4526b50e892fdf503d9e4abfd0668de63ba753e3,0b2d7010-156f-4b47-9662-7819b1a80dc8,0,Mųąẓ̌ę Ahmed,5,0,2026-07-02T22:01:29+00:00,45.5.4,Hi! Thanks for taking the time to share your feedback. Your support is greatly appreciated.,2026-07-02T22:20:12+00:00,stayle and music,stayle and music,26aa3e34457777e1e46a77373c84b4e32b6e15bb53c1b0279053f3a7cb691a3a,26aa3e34457777e1e46a77373c84b4e32b6e15bb53c1b0279053f3a7cb691a3a,"{""reviewId"": ""0b2d7010-156f-4b47-9662-7819b1a80dc8"", ""userName"": ""Mųąẓ̌ę Ahmed"", ""userImage"": ""https://play-lh.googleusercontent.com/a-/ALV-UjVA4C7RYdzIrzI9bGm98JGJePZYuaiGsLEWFy1WsK8_z9BMMESl"", ""content"": ""stayle and music"", ""score"": 5, ""thumbsUpCount"": 0, ""reviewCreatedVersion"": ""45.5.4"", ""at"": ""2026-07-02 22:01:29"", ""replyContent"": ""Hi! Thanks for taking the time to share your feedback. Your support is greatly appreciated."", ""repliedAt"": ""2026-07-02 22:20:12"", ""appVersion"": ""45.5.4""}"
run5_day3_20260704_032957,2,TikTok,com.zhiliaoapp.musically,us,en,4c86f4a309250a77e2160c3ff249afe0456f6754201fc9db89fa5131de8e4640,5b74b7f7-ec3c-4f7a-b415-c909bb9f527e,0,Andile “Black Note.” Ngwenya,5,0,2026-07-02T21:55:46+00:00,45.8.2,Hi! Thanks for taking the time to share your feedback. Your support is greatly appreciated.,2026-07-02T22:20:12+00:00,"please please please lock rewards exchange cause one would be tapping the screen next thing, ones finger slipped and sent 40 roses by mistake that time I was trying to accumulate rewards. please and thank you.","please please please lock rewards exchange cause one would be tapping the screen next thing, ones finger slipped and sent 40 roses by mistake that time I was trying to accumulate rewards. please and thank you.",1c9c165b0d9705480d656440ee204f6b53847f06e498a7b4b3fd0671aaa2700e,1c9c165b0d9705480d656440ee204f6b53847f06e498a7b4b3fd0671aaa2700e,"{""reviewId"": ""5b74b7f7-ec3c-4f7a-b415-c909bb9f527e"", ""userName"": ""Andile “Black Note.” Ngwenya"", ""userImage"": ""https://play-lh.googleusercontent.com/a-/ALV-UjVmiIIh3MBOwzqc6aH4jMavAYx5qO-U7YrJCuCaGgqznTJHN7M"", ""content"": ""please please please lock rewards exchange cause one would be tapping the screen next thing, ones finger slipped and sent 40 roses by mistake that time I was trying to accumulate rewards. please and thank you."", ""score"": 5, ""thumbsUpCount"": 0, ""reviewCreatedVersion"": ""45.8.2"", ""at"": ""2026-07-02 21:55:46"", ""replyContent"": ""Hi! Thanks for taking the time to share your feedback. Your support is greatly appreciated."", ""repliedAt"": ""2026-07-02 22:20:12"", ""appVersion"": ""45.8.2""}"
run5_day3_20260704_032957,2,TikTok,com.zhiliaoapp.musically,us,en,b7825d7779c12b3fdfc9806f18235170f17e8bdf9c7a813ee08fe302ebeb2bb6,2ba01123-bb9a-4b1d-9211-8b4c8f57ed20,0,Jhanzaib Mughal,5,0,2026-07-02T21:52:50+00:00,45.0.3,Hi! Thanks for taking the time to share your feedback. Your support is greatly appreciated.,2026-07-02T22:20:12+00:00,best app for scrolling entertainment videos make your day 😃,best app for scrolling entertainment videos make your day 😃,b2b1332696452e520912f42969fb23f4ef7749f66ca9b73f494e091cee364438,b2b1332696452e520912f42969fb23f4ef7749f66ca9b73f494e091cee364438,"{""reviewId"": ""2ba01123-bb9a-4b1d-9211-8b4c8f57ed20"", ""userName"": ""Jhanzaib Mughal"", ""userImage"": ""https://play-lh.googleusercontent.com/a/ACg8ocKnKZXfLlqHC8QVnXQv6jI_RgeULTKhaT1a9ZLdrI74BecFTA=mo"", ""content"": ""best app for scrolling entertainment videos make your day 😃"", ""score"": 5, ""thumbsUpCount"": 0, ""reviewCreatedVersion"": ""45.0.3"", ""at"": ""2026-07-02 21:52:50"", ""replyContent"": ""Hi! Thanks for taking the time to share your feedback. Your support is greatly appreciated."", ""repliedAt"": ""2026-07-02 22:20:12"", ""appVersion"": ""45.0.3""}"
run5_day3_20260704_032957,2,TikTok,com.zhiliaoapp.musically,us,en,e0b190c34927badbe846f1d307de6f1da40c021c0325762fd95d173299cd3aa6,872acc3c-9cda-4a71-b018-01ccf9f889dc,0,Miracle Gazaway,5,0,2026-07-02T21:52:46+00:00,45.7.3,Hi! Thanks for taking the time to share your feedback. Your support is greatly appreciated.,2026-07-02T22:20:12+00:00,Super awesome plz download,Super awesome plz download,34119df8ffb3854ad211902fa24c8fb47901e11af1265db6a156d3fac9535e24,34119df8ffb3854ad211902fa24c8fb47901e11af1265db6a156d3fac9535e24,"{""reviewId"": ""872acc3c-9cda-4a71-b018-01ccf9f889dc"", ""userName"": ""Miracle Gazaway"", ""userImage"": ""https://play-lh.googleusercontent.com/a/ACg8ocIeWYQ6cHqe6n9-vL1VANbAoLeOXwNw_SNsM8_Sf1ms0vVk5A=mo"", ""content"": ""Super awesome plz download"", ""score"": 5, ""thumbsUpCount"": 0, ""reviewCreatedVersion"": ""45.7.3"", ""at"": ""2026-07-02 21:52:46"", ""replyContent"": ""Hi! Thanks for taking the time to share your feedback. Your support is greatly appreciated."", ""repliedAt"": ""2026-07-02 22:20:12"", ""appVersion"": ""45.7.3""}"
run5_day3_20260704_032957,2,TikTok,com.zhiliaoapp.musically,us,en,0bfae36bb71ae1c1c0a7c15448fa9f709f8e72cef0172464bfe81da0fb9ad43f,cb23b52b-a07d-4452-ad0b-78d21df70490,0,Noxolo Mafilika,5,1,2026-07-02T21:45:31+00:00,,Hi! Thanks for taking the time to share your feedback. Your support is greatly appreciated.,2026-07-02T22:00:13+00:00,I love this app cause it installs fast,I love this app cause it installs fast,010b60ceaa4f795e301482a4b908feb13cf75c8e4bde602e439e5cdc6de652db,010b60ceaa4f795e301482a4b908feb13cf75c8e4bde602e439e5cdc6de652db,"{""reviewId"": ""cb23b52b-a07d-4452-ad0b-78d21df70490"", ""userName"": ""Noxolo Mafilika"", ""userImage"": ""https://play-lh.googleusercontent.com/a/ACg8ocJ94ET-xixjlhh1c_wbJqZpReqPqdPh-b5j214Raf97RIXDNw=mo"", ""content"": ""I love this app cause it installs fast"", ""score"": 5, ""thumbsUpCount"": 1, ""reviewCreatedVersion"": null, ""at"": ""2026-07-02 21:45:31"", ""replyContent"": ""Hi! Thanks for taking the time to share your feedback. Your support is greatly appreciated."", ""repliedAt"": ""2026-07-02 22:00:13"", ""appVersion"": null}"
run5_day3_20260704_032957,2,TikTok,com.zhiliaoapp.musically,us,en,9bf67ba7a6b9635568fbb6b90528521874e4747879b2eb6e90d566dd22b1ff55,31fbd169-b8db-4c1a-8a02-35635ac5b3d7,0,Fatouta Fati,5,0,2026-07-02T21:45:29+00:00,45.5.4,Hi! Thanks for taking the time to share your feedback. Your support is greatly appreciated.,2026-07-02T22:00:12+00:00,wow,wow,b6dc933311bc2357cc5fc636a4dbe41a01b7a33b583d043a7f870f3440697e27,b6dc933311bc2357cc5fc636a4dbe41a01b7a33b583d043a7f870f3440697e27,"{""reviewId"": ""31fbd169-b8db-4c1a-8a02-35635ac5b3d7"", ""userName"": ""Fatouta Fati"", ""userImage"": ""https://play-lh.googleusercontent.com/a/ACg8ocKPNH2cXPoh944waI1NUgSbsSE548kVU59AjwggWjcsSpmP=mo"", ""content"": ""wow"", ""score"": 5, ""thumbsUpCount"": 0, ""reviewCreatedVersion"": ""45.5.4"", ""at"": ""2026-07-02 21:45:29"", ""replyContent"": ""Hi! Thanks for taking the time to share your feedback. Your support is greatly appreciated."", ""repliedAt"": ""2026-07-02 22:00:12"", ""appVersion"": ""45.5.4""}"
run5_day3_20260704_032957,2,TikTok,com.zhiliaoapp.musically,us,en,6e2af0870f05629b810798166e3db2632d91e6b95a952ee3f6a8b11b3a88fe4a,3fb4f85b-c1fc-4b17-99cb-39e279e3d3a1,0,Junaid S,5,1,2026-07-02T21:40:54+00:00,45.7.3,Hi! Thanks for taking the time to share your feedback. Your support is greatly appreciated.,2026-07-02T22:00:12+00:00,keep secure my mobile ..delete all across devices ..my mobile keep secure,keep secure my mobile ..delete all across devices ..my mobile keep secure,d95f0408f700e99c49a6429d09c4a29b545bbee9e08e5f6577b6044c8e902867,d95f0408f700e99c49a6429d09c4a29b545bbee9e08e5f6577b6044c8e902867,"{""reviewId"": ""3fb4f85b-c1fc-4b17-99cb-39e279e3d3a1"", ""userName"": ""Junaid S"", ""userImage"": ""https://play-lh.googleusercontent.com/a/ACg8ocLDK-VMa9S5HPbzC6XLDxdsLfubzSvhFkVcFrbW0yrZIuvfgw=mo"", ""content"": ""keep secure my mobile ..delete all across devices ..my mobile keep secure"", ""score"": 5, ""thumbsUpCount"": 1, ""reviewCreatedVersion"": ""45.7.3"", ""at"": ""2026-07-02 21:40:54"", ""replyContent"": ""Hi! Thanks for taking the time to share your feedback. Your support is greatly appreciated."", ""repliedAt"": ""2026-07-02 22:00:12"", ""appVersion"": ""45.7.3""}"
run5_day3_20260704_032957,2,TikTok,com.zhiliaoapp.musically,us,en,6359c1c85b67b0abd623ab742b349258295801de1b209f28b9a1d4096e6a67b8,7c1f2e05-acc8-4d61-9191-d6e224cbe949,0,otseonya john,5,0,2026-07-02T21:33:33+00:00,,Hi! Thanks for taking the time to share your feedback. Your support is greatly appreciated.,2026-07-02T22:00:12+00:00,I love it,I love it,46e89f75dec156c07a8685701e4fa023549586dab354701b270066c4d41ed5f4,46e89f75dec156c07a8685701e4fa023549586dab354701b270066c4d41ed5f4,"{""reviewId"": ""7c1f2e05-acc8-4d61-9191-d6e224cbe949"", ""userName"": ""otseonya john"", ""userImage"": ""https://play-lh.googleusercontent.com/a/ACg8ocKBQ2kOOla6gPs9yBFByNUABAJnLcxRqkbk3QVIfvLAmSHA7Q=mo"", ""content"": ""I love it"", ""score"": 5, ""thumbsUpCount"": 0, ""reviewCreatedVersion"": null, ""at"": ""2026-07-02 21:33:33"", ""replyContent"": ""Hi! Thanks for taking the time to share your feedback. Your support is greatly appreciated."", ""repliedAt"": ""2026-07-02 22:00:12"", ""appVersion"": null}"
run5_day3_20260704_032957,2,TikTok,com.zhiliaoapp.musically,us,en,02d78b601c3548e1d3c6cd3d671d046190f31c6f6e89decdc1d23d3b78415642,4bb3f22d-345b-4a9c-9d8f-0e80abb63a6f,0,Inshallah Bismillah,5,0,2026-07-02T21:33:12+00:00,,Hi! Thanks for taking the time to share your feedback. Your support is greatly appreciated.,2026-07-02T22:00:12+00:00,loved it,loved it,7da23a1fb964df37b908e057352e32fb6903cf157f70cdea4734ebca1b0ae772,7da23a1fb964df37b908e057352e32fb6903cf157f70cdea4734ebca1b0ae772,"{""reviewId"": ""4bb3f22d-345b-4a9c-9d8f-0e80abb63a6f"", ""userName"": ""Inshallah Bismillah"", ""userImage"": ""https://play-lh.googleusercontent.com/a/ACg8ocL3yXKFXkCzI19JkZ97ZqaW6wl6Jdj2rMGQXuUuyFhQLmNv7g=mo"", ""content"": ""loved it"", ""score"": 5, ""thumbsUpCount"": 0, ""reviewCreatedVersion"": null, ""at"": ""2026-07-02 21:33:12"", ""replyContent"": ""Hi! Thanks for taking the time to share your feedback. Your support is greatly appreciated."", ""repliedAt"": ""2026-07-02 22:00:12"", ""appVersion"": null}"
run5_day3_20260704_032957,2,TikTok,com.zhiliaoapp.musically,us,en,8382191a02c160bff77fe17d3304be1734303556f054ea3d1db6b8711087fbf3,448f30f5-07a7-43e1-a09a-20a22d9c0bcd,0,Suli Solarkalar,5,0,2026-07-02T21:30:08+00:00,45.7.3,Hi! Thanks for taking the time to share your feedback. Your support is greatly appreciated.,2026-07-02T21:40:12+00:00,very useful,very useful,284f76e49d8108694baf7a0aca00da510c28e1a6c7558344ca832c167ce2d769,284f76e49d8108694baf7a0aca00da510c28e1a6c7558344ca832c167ce2d769,"{""reviewId"": ""448f30f5-07a7-43e1-a09a-20a22d9c0bcd"", ""userName"": ""Suli Solarkalar"", ""userImage"": ""https://play-lh.googleusercontent.com/a/ACg8ocIxhQ-F4-wxg3e4Q-abTYLNcOjm_V_5Rtl0YQbYsAvHlfy9NA=mo"", ""content"": ""very useful"", ""score"": 5, ""thumbsUpCount"": 0, ""reviewCreatedVersion"": ""45.7.3"", ""at"": ""2026-07-02 21:30:08"", ""replyContent"": ""Hi! Thanks for taking the time to share your feedback. Your support is greatly appreciated."", ""repliedAt"": ""2026-07-02 21:40:12"", ""appVersion"": ""45.7.3""}"
run5_day3_20260704_032957,2,TikTok,com.zhiliaoapp.musically,us,en,3ecc5647d65c104021a34a1d1942fad3895f4156c53197f8bc48f701d5ff4ecb,765b2bb9-c56d-454a-b295-af394857da65,0,Star Com,5,1,2026-07-02T21:27:30+00:00,45.7.3,Hi! Thanks for taking the time to share your feedback. Your support is greatly appreciated.,2026-07-02T21:40:12+00:00,nice,nice,e186022d0931afe9fe0690857e32f85e50165e7fbe0966d49609ef1981f920c6,e186022d0931afe9fe0690857e32f85e50165e7fbe0966d49609ef1981f920c6,"{""reviewId"": ""765b2bb9-c56d-454a-b295-af394857da65"", ""userName"": ""Star Com"", ""userImage"": ""https://play-lh.googleusercontent.com/a/ACg8ocKdfJG-69GIgOB0t7FOhaSYfXcKzaiMhbbvTaOYiH1X6HUTxg=mo"", ""content"": ""nice"", ""score"": 5, ""thumbsUpCount"": 1, ""reviewCreatedVersion"": ""45.7.3"", ""at"": ""2026-07-02 21:27:30"", ""replyContent"": ""Hi! Thanks for taking the time to share your feedback. Your support is greatly appreciated."", ""repliedAt"": ""2026-07-02 21:40:12"", ""appVersion"": ""45.7.3""}"
run5_day3_20260704_032957,2,TikTok,com.zhiliaoapp.musically,us,en,3c4916d6df1bc6255378f01fa42b08b5f03f5d07900c27708b5bcbc753e751a8,25c4b0d6-22b1-4dff-b4be-7f62218790c3,0,bilal khan,5,1,2026-07-02T21:27:00+00:00,45.9.2,Hi! Thanks for taking the time to share your feedback. Your support is greatly appreciated.,2026-06-21T20:40:04+00:00,dear Tiktok team please unfreeze please my account dear please help Bilalkhan5730,dear Tiktok team please unfreeze please my account dear please help Bilalkhan5730,754b4d12553af296c8561b4ba881638e8bc94b38a0f2ec9899f2eae4ca93587d,754b4d12553af296c8561b4ba881638e8bc94b38a0f2ec9899f2eae4ca93587d,"{""reviewId"": ""25c4b0d6-22b1-4dff-b4be-7f62218790c3"", ""userName"": ""bilal khan"", ""userImage"": ""https://play-lh.googleusercontent.com/a-/ALV-UjViuqY3lnGXtDF4kYdgA0x2OfpxYvD_oM-nS313NQtjQ9W1WU2B"", ""content"": ""dear Tiktok team please unfreeze please my account dear please help Bilalkhan5730"", ""score"": 5, ""thumbsUpCount"": 1, ""reviewCreatedVersion"": ""45.9.2"", ""at"": ""2026-07-02 21:27:00"", ""replyContent"": ""Hi! Thanks for taking the time to share your feedback. Your support is greatly appreciated."", ""repliedAt"": ""2026-06-21 20:40:04"", ""appVersion"": ""45.9.2""}"
run5_day3_20260704_032957,2,TikTok,com.zhiliaoapp.musically,us,en,9d2d7d421dfafe440c195ed27599247b852b2fdd624f7e4a1c461058bacfa8c5,2f4b7178-452f-4076-998a-17c99658ff56,0,Fernando Herrera,3,0,2026-07-02T21:16:13+00:00,45.7.3,"¡Hola! Gracias por tus comentarios.
Nos aseguraremos de compartir tu sugerencia con nuestro equipo para que la tenga en cuenta. Agradecemos tu opinión. Trabajamos constantemente en mejorar la experiencia en TikTok.",2026-07-02T21:40:12+00:00,me gusta,me gusta,7bf13806330334b3db67bdd3466e82d6e856938c552fee8dc83d05983d6f6368,7bf13806330334b3db67bdd3466e82d6e856938c552fee8dc83d05983d6f6368,"{""reviewId"": ""2f4b7178-452f-4076-998a-17c99658ff56"", ""userName"": ""Fernando Herrera"", ""userImage"": ""https://play-lh.googleusercontent.com/a-/ALV-UjXLJX1QW-qUmNRFPevNw-8QOUdEVUT89T_eR-U1TYlsIeAhLuA"", ""content"": ""me gusta"", ""score"": 3, ""thumbsUpCount"": 0, ""reviewCreatedVersion"": ""45.7.3"", ""at"": ""2026-07-02 21:16:13"", ""replyContent"": ""¡Hola! Gracias por tus comentarios.\nNos aseguraremos de compartir tu sugerencia con nuestro equipo para que la tenga en cuenta. Agradecemos tu opinión. Trabajamos constantemente en mejorar la experiencia en TikTok."", ""repliedAt"": ""2026-07-02 21:40:12"", ""appVersion"": ""45.7.3""}"
run5_day3_20260704_032957,2,TikTok,com.zhiliaoapp.musically,us,en,9a652e92917025585726e0c226ce525310f71144a391c4bdff6e8fed6926ca30,db8c86ec-c43b-4684-ae1f-381809fa3361,0,Bethany wallace,5,0,2026-07-02T21:11:04+00:00,,Hi! Thanks for taking the time to share your feedback. Your support is greatly appreciated.,2026-07-02T21:40:12+00:00,Amazing works perfect,Amazing works perfect,27745fa519fc1227a3b7451f420683f85813d35c7f74b4c075107e1c30d545b8,27745fa519fc1227a3b7451f420683f85813d35c7f74b4c075107e1c30d545b8,"{""reviewId"": ""db8c86ec-c43b-4684-ae1f-381809fa3361"", ""userName"": ""Bethany wallace"", ""userImage"": ""https://play-lh.googleusercontent.com/a/ACg8ocIpu9lnTz8X-qf3HqZb8J6T6Z5gIAbDwrxrpL9vvgw5VfAoOw=mo"", ""content"": ""Amazing works perfect"", ""score"": 5, ""thumbsUpCount"": 0, ""reviewCreatedVersion"": null, ""at"": ""2026-07-02 21:11:04"", ""replyContent"": ""Hi! Thanks for taking the time to share your feedback. Your support is greatly appreciated."", ""repliedAt"": ""2026-07-02 21:40:12"", ""appVersion"": null}"
run5_day3_20260704_032957,2,TikTok,com.zhiliaoapp.musically,us,en,22e29fe2bc7fca738222608e51e9def4847eff22572db36d68dd655bef178810,943eb85f-2518-4e91-b341-2026457d7716,0,Basetsana Phasha,5,0,2026-07-02T21:07:16+00:00,45.7.3,Hi! Thanks for taking the time to share your feedback. Your support is greatly appreciated.,2026-07-02T21:20:13+00:00,when is TikTok 2 coming up?,when is TikTok 2 coming up?,ee5ebb4f8f6fdd1df58ee81cb3e1616abbf2ca6e21623e4ef424719541f628b2,ee5ebb4f8f6fdd1df58ee81cb3e1616abbf2ca6e21623e4ef424719541f628b2,"{""reviewId"": ""943eb85f-2518-4e91-b341-2026457d7716"", ""userName"": ""Basetsana Phasha"", ""userImage"": ""https://play-lh.googleusercontent.com/a/ACg8ocKzGImMtxlKYT0bBs-YkXrqdkH2xGUh1g_RCKh6u4W1otWHmA=mo"", ""content"": ""when is TikTok 2 coming up?"", ""score"": 5, ""thumbsUpCount"": 0, ""reviewCreatedVersion"": ""45.7.3"", ""at"": ""2026-07-02 21:07:16"", ""replyContent"": ""Hi! Thanks for taking the time to share your feedback. Your support is greatly appreciated."", ""repliedAt"": ""2026-07-02 21:20:13"", ""appVersion"": ""45.7.3""}"
run5_day3_20260704_032957,2,TikTok,com.zhiliaoapp.musically,us,en,5cc3d72d75cc30ca86d2dc9da7d9bb939ab27b5f500ed4dd040b62f48fdb5708,84c1e8ff-3c37-4071-bc6e-5dbd8011b120,0,Agbede Bright,5,0,2026-07-02T21:06:36+00:00,,Hi! Thanks for taking the time to share your feedback. Your support is greatly appreciated.,2026-07-02T21:20:11+00:00,it is wonderful,it is wonderful,3fd482be0d419d1009f2a2f57b83f0fbc0ac6624c8bde70e31e9271a8d7d7be1,3fd482be0d419d1009f2a2f57b83f0fbc0ac6624c8bde70e31e9271a8d7d7be1,"{""reviewId"": ""84c1e8ff-3c37-4071-bc6e-5dbd8011b120"", ""userName"": ""Agbede Bright"", ""userImage"": ""https://play-lh.googleusercontent.com/a/ACg8ocLj31KIOaDCONvLyGC7_OxBkogkmosWhI20eH1LZmhWErhe6Q=mo"", ""content"": ""it is wonderful"", ""score"": 5, ""thumbsUpCount"": 0, ""reviewCreatedVersion"": null, ""at"": ""2026-07-02 21:06:36"", ""replyContent"": ""Hi! Thanks for taking the time to share your feedback. Your support is greatly appreciated."", ""repliedAt"": ""2026-07-02 21:20:11"", ""appVersion"": null}"
run5_day3_20260704_032957,3,Spotify,com.spotify.music,us,en,3211621d7208f60609f6b0db204ec2546894d28669d0d0fe6c1a65fa7ef279b7,ded9abe6-075b-4a0c-944b-894507e8b611,0,Mateo Vargas,5,0,2026-07-03T03:29:55+00:00,9.1.60.1970,,,i love it,i love it,898a8c802384e3ad4b6be0480db81de31c995139362f3da52ca2302eec12515d,898a8c802384e3ad4b6be0480db81de31c995139362f3da52ca2302eec12515d,"{""reviewId"": ""ded9abe6-075b-4a0c-944b-894507e8b611"", ""userName"": ""Mateo Vargas"", ""userImage"": ""https://play-lh.googleusercontent.com/a/ACg8ocLgzeu2rUiilxeQHpP2gfzzQgtz6YkdWIPi-760d7hiq4N4xA=mo"", ""content"": ""i love it"", ""score"": 5, ""thumbsUpCount"": 0, ""reviewCreatedVersion"": ""9.1.60.1970"", ""at"": ""2026-07-03 03:29:55"", ""replyContent"": null, ""repliedAt"": null, ""appVersion"": ""9.1.60.1970""}"
run5_day3_20260704_032957,3,Spotify,com.spotify.music,us,en,5116184c544a20ca73ec3a9809df9f1becb0c884a829067ef1ea9511cdf17a98,2ae3782a-54ec-4a07-9f70-7cf552b217a9,0,Tyler Williams,5,0,2026-07-03T03:25:20+00:00,9.1.60.1970,,,"doesn't waste your time like YouTube music. you want music, you get music. no bulls","doesn't waste your time like YouTube music. you want music, you get music. no bulls",f9e0a43e2424b38c0321191eb53eff0d7e180fa641ece5b8f1d6fc9a18f14479,f9e0a43e2424b38c0321191eb53eff0d7e180fa641ece5b8f1d6fc9a18f14479,"{""reviewId"": ""2ae3782a-54ec-4a07-9f70-7cf552b217a9"", ""userName"": ""Tyler Williams"", ""userImage"": ""https://play-lh.googleusercontent.com/a-/ALV-UjV9oKpv4QqFQmNXN3wL7-IhgAwR9yaNLbrUO6JwFiUd2xd69Y5J"", ""content"": ""doesn't waste your time like YouTube music. you want music, you get music. no bulls"", ""score"": 5, ""thumbsUpCount"": 0, ""reviewCreatedVersion"": ""9.1.60.1970"", ""at"": ""2026-07-03 03:25:20"", ""replyContent"": null, ""repliedAt"": null, ""appVersion"": ""9.1.60.1970""}"
run5_day3_20260704_032957,3,Spotify,com.spotify.music,us,en,feb730118e5fb3ae094bec3c79064e2a5c78bec9518f4e6a9e4ac9e278781ed4,06b9f28a-97f4-48cc-bb00-e8c47aa4a53f,0,Lawrence Davis,5,0,2026-07-03T03:14:47+00:00,9.1.60.1970,,,great way to stream music,great way to stream music,8ae309dbd68a8d8a4ca76cd19ba59bec1cadf6606fe730634e4339f479ac0237,8ae309dbd68a8d8a4ca76cd19ba59bec1cadf6606fe730634e4339f479ac0237,"{""reviewId"": ""06b9f28a-97f4-48cc-bb00-e8c47aa4a53f"", ""userName"": ""Lawrence Davis"", ""userImage"": ""https://play-lh.googleusercontent.com/a-/ALV-UjWc9ghQ5Cl9EJVXl-Q7KUHJPYEeWg09_MkPNyvZEiT17ODJ7xw"", ""content"": ""great way to stream music"", ""score"": 5, ""thumbsUpCount"": 0, ""reviewCreatedVersion"": ""9.1.60.1970"", ""at"": ""2026-07-03 03:14:47"", ""replyContent"": null, ""repliedAt"": null, ""appVersion"": ""9.1.60.1970""}"
run5_day3_20260704_032957,3,Spotify,com.spotify.music,us,en,f34436b9beb5086dc2c28924039c192b64270d04609afd751d456c34b9c108a8,d0fad3de-3eb8-4689-82fb-56b9bb89db39,0,Sagar Kumar,1,0,2026-07-03T03:11:20+00:00,9.1.60.1970,,,Free version is Trash,Free version is Trash,2597d7959ae255f845f5a3d968dfe78f8608af4eab27f554bed013225f21f6b3,2597d7959ae255f845f5a3d968dfe78f8608af4eab27f554bed013225f21f6b3,"{""reviewId"": ""d0fad3de-3eb8-4689-82fb-56b9bb89db39"", ""userName"": ""Sagar Kumar"", ""userImage"": ""https://play-lh.googleusercontent.com/a/ACg8ocK17QQS1DioPbNwvNUKFW1Tof1oAPZRmFK_kYuLpJsK6x1oow=mo"", ""content"": ""Free version is Trash"", ""score"": 1, ""thumbsUpCount"": 0, ""reviewCreatedVersion"": ""9.1.60.1970"", ""at"": ""2026-07-03 03:11:20"", ""replyContent"": null, ""repliedAt"": null, ""appVersion"": ""9.1.60.1970""}"
run5_day3_20260704_032957,3,Spotify,com.spotify.music,us,en,766b4d2a816c268aeba50d56460604299525ff42948d47e0d59a3df1bb3e130c,ecb80927-f7d5-45d5-9ddb-393257624753,0,Jeannie,1,0,2026-07-03T03:11:15+00:00,,"Hi. Could you try a clean reinstall? For the steps, just go to ""Reinstalling your Spotify app"" at support.spotify.com. If that doesn't help, you can reach out to our Customer Service by searching “Contact Us” at the same site, and they'll be happy to help.",2026-07-03T12:30:52+00:00,was good until I popped over to podcast.Onve there I was held hostage. Wouldn't stop a podcast only 1 I listen to .But didn't want to.It just lacked me. tried everything to get rid of it I did sign out of Spotify.But the damn podcast stayed on. so that why 1 star and me installing Spotify.,was good until I popped over to podcast.Onve there I was held hostage. Wouldn't stop a podcast only 1 I listen to .But didn't want to.It just lacked me. tried everything to get rid of it I did sign out of Spotify.But the damn podcast stayed on. so that why 1 star and me installing Spotify.,014dc5411875a286e1b3540260be959752f0a30bd640901f2f2b2ae27b051856,014dc5411875a286e1b3540260be959752f0a30bd640901f2f2b2ae27b051856,"{""reviewId"": ""ecb80927-f7d5-45d5-9ddb-393257624753"", ""userName"": ""Jeannie"", ""userImage"": ""https://play-lh.googleusercontent.com/a-/ALV-UjXzMq2r8zIK-yow6951orOijV5Qd4Yc39IFPwT-Q4LxfBdb4MoE"", ""content"": ""was good until I popped over to podcast.Onve there I was held hostage. Wouldn't stop a podcast only 1 I listen to .But didn't want to.It just lacked me. tried everything to get rid of it I did sign out of Spotify.But the damn podcast stayed on. so that why 1 star and me installing Spotify."", ""score"": 1, ""thumbsUpCount"": 0, ""reviewCreatedVersion"": null, ""at"": ""2026-07-03 03:11:15"", ""replyContent"": ""Hi. Could you try a clean reinstall? For the steps, just go to \""Reinstalling your Spotify app\"" at support.spotify.com. If that doesn't help, you can reach out to our Customer Service by searching “Contact Us” at the same site, and they'll be happy to help."", ""repliedAt"": ""2026-07-03 12:30:52"", ""appVersion"": null}"
run5_day3_20260704_032957,3,Spotify,com.spotify.music,us,en,99b20a63c38ec7b19f405e201c45fe96b2380872e21ae0ccd756b5226668c5ac,ec4643bb-de5d-4162-9c40-8a6cc2e1684d,0,Joel Neal,3,0,2026-07-03T03:08:10+00:00,9.1.60.1970,"Hi Joel. We're open to feedback, and we'd like to get some more info about this. If you have the time, give our Customer Service a shout. You can find them by heading to support.spotify.com and searching ""Contact us"".",2026-07-03T12:27:43+00:00,not all songs are there,not all songs are there,4681e3f425262d1420b9352ba5b516cdb922b050c9f4accc1fa4b1505bbd5e56,4681e3f425262d1420b9352ba5b516cdb922b050c9f4accc1fa4b1505bbd5e56,"{""reviewId"": ""ec4643bb-de5d-4162-9c40-8a6cc2e1684d"", ""userName"": ""Joel Neal"", ""userImage"": ""https://play-lh.googleusercontent.com/a-/ALV-UjXSZZwJPlIaO0XHRC7psy1dbgqW64yn0O4s0pAIzAWJQbyRdHQa"", ""content"": ""not all songs are there"", ""score"": 3, ""thumbsUpCount"": 0, ""reviewCreatedVersion"": ""9.1.60.1970"", ""at"": ""2026-07-03 03:08:10"", ""replyContent"": ""Hi Joel. We're open to feedback, and we'd like to get some more info about this. If you have the time, give our Customer Service a shout. You can find them by heading to support.spotify.com and searching \""Contact us\""."", ""repliedAt"": ""2026-07-03 12:27:43"", ""appVersion"": ""9.1.60.1970""}"
run5_day3_20260704_032957,3,Spotify,com.spotify.music,us,en,a273738f915c3c09ebd3cacb9f11e555f940abf722771a6f9e8b9be061e48c70,afd181df-2691-492a-96de-55c16b1e763c,0,Tshepo Serumula,5,0,2026-07-03T03:07:04+00:00,9.1.60.1970,,,This app has never disappointed with an inch,This app has never disappointed with an inch,4dd3b8a1c3dfcc124a7c92c58be141ba06ba1ac04d378d5747e1eed89469021a,4dd3b8a1c3dfcc124a7c92c58be141ba06ba1ac04d378d5747e1eed89469021a,"{""reviewId"": ""afd181df-2691-492a-96de-55c16b1e763c"", ""userName"": ""Tshepo Serumula"", ""userImage"": ""https://play-lh.googleusercontent.com/a/ACg8ocIC_-7yIdgGjdHZXoSx9CYtqFIYSNKeS6wVho2x1YFWiNlRCQ=mo"", ""content"": ""This app has never disappointed with an inch"", ""score"": 5, ""thumbsUpCount"": 0, ""reviewCreatedVersion"": ""9.1.60.1970"", ""at"": ""2026-07-03 03:07:04"", ""replyContent"": null, ""repliedAt"": null, ""appVersion"": ""9.1.60.1970""}"
run5_day3_20260704_032957,3,Spotify,com.spotify.music,us,en,8863102daaf96711028d3130539e0d3d544785aca9a2d567fbbd1bfa09459662,967d0298-55df-47b7-a060-a3d53465fa0e,0,Anthony Bell,1,0,2026-07-03T03:05:14+00:00,9.1.60.1970,,,"u have to buy to do everything, u wanna pick a song u want to listen to, nope u can't, u want to skip a lot of songs to get to the one u want, nope only SIX skips an hour.","u have to buy to do everything, u wanna pick a song u want to listen to, nope u can't, u want to skip a lot of songs to get to the one u want, nope only SIX skips an hour.",8ad46849e46c2f0985dc96d603f426a8fa6f52520ace587166efb3af1b78a58e,8ad46849e46c2f0985dc96d603f426a8fa6f52520ace587166efb3af1b78a58e,"{""reviewId"": ""967d0298-55df-47b7-a060-a3d53465fa0e"", ""userName"": ""Anthony Bell"", ""userImage"": ""https://play-lh.googleusercontent.com/a/ACg8ocIfln_slt_c0aADpyWQY-XJYhuQ9m_MxKlg-8y0maxrRVSbdw=mo"", ""content"": ""u have to buy to do everything, u wanna pick a song u want to listen to, nope u can't, u want to skip a lot of songs to get to the one u want, nope only SIX skips an hour."", ""score"": 1, ""thumbsUpCount"": 0, ""reviewCreatedVersion"": ""9.1.60.1970"", ""at"": ""2026-07-03 03:05:14"", ""replyContent"": null, ""repliedAt"": null, ""appVersion"": ""9.1.60.1970""}"
run5_day3_20260704_032957,3,Spotify,com.spotify.music,us,en,9011f4c79ee2d0c3031fd967b472a48ff8f8f203b8e3506b7afd0ea900a80435,48a44e06-fd35-4717-8838-8f9f7d6ab840,0,Isaiah Green,5,0,2026-07-03T03:04:51+00:00,9.1.60.1970,,,Awesome!!!!,Awesome!!!!,14c23b6daf619ba8bfae9ba102bb47c04ff95b64391c356083a2376dba35a461,14c23b6daf619ba8bfae9ba102bb47c04ff95b64391c356083a2376dba35a461,"{""reviewId"": ""48a44e06-fd35-4717-8838-8f9f7d6ab840"", ""userName"": ""Isaiah Green"", ""userImage"": ""https://play-lh.googleusercontent.com/a/ACg8ocIVpdwHAvOh8Nrptz7ys8coVbrCjCj7nLPV7QOB3BSgIV-MAP4=mo"", ""content"": ""Awesome!!!!"", ""score"": 5, ""thumbsUpCount"": 0, ""reviewCreatedVersion"": ""9.1.60.1970"", ""at"": ""2026-07-03 03:04:51"", ""replyContent"": null, ""repliedAt"": null, ""appVersion"": ""9.1.60.1970""}"
run5_day3_20260704_032957,3,Spotify,com.spotify.music,us,en,ae258b1637a65b5929e535d59d77dfc0482f5057e01d7c508c3a82e23ac85820,5e98b735-c6da-4bf9-a7c9-1a1b3231ab10,0,Byron Pirrie,1,1,2026-07-03T03:02:27+00:00,9.1.60.1970,"Hi, thanks for your feedback. If you're experiencing issues with the widget, just follow the tips on ""Spotify Home screen widget on Android"" at support.spotify.com. You can also reach out to our Customer Service by searching ""Contact Us"" at the same site if you need more help.",2026-07-03T12:10:15+00:00,How come the app still includes the old widget (which worked beautifully before it was cut off) when it redirects you to the new widget that doesn't load half the time and shows none of the album discovery features that it's forcing down our throats,How come the app still includes the old widget (which worked beautifully before it was cut off) when it redirects you to the new widget that doesn't load half the time and shows none of the album discovery features that it's forcing down our throats,ef8e43570a28a229d2b40f615c8261fc83747347cf1ef940412ca88bd9f953cd,ef8e43570a28a229d2b40f615c8261fc83747347cf1ef940412ca88bd9f953cd,"{""reviewId"": ""5e98b735-c6da-4bf9-a7c9-1a1b3231ab10"", ""userName"": ""Byron Pirrie"", ""userImage"": ""https://play-lh.googleusercontent.com/a-/ALV-UjUWy2A3NDPOnhOavQEndn85wRHG80K7nBmIp8I1txKTbNwaenQj"", ""content"": ""How come the app still includes the old widget (which worked beautifully before it was cut off) when it redirects you to the new widget that doesn't load half the time and shows none of the album discovery features that it's forcing down our throats"", ""score"": 1, ""thumbsUpCount"": 1, ""reviewCreatedVersion"": ""9.1.60.1970"", ""at"": ""2026-07-03 03:02:27"", ""replyContent"": ""Hi, thanks for your feedback. If you're experiencing issues with the widget, just follow the tips on \""Spotify Home screen widget on Android\"" at support.spotify.com. You can also reach out to our Customer Service by searching \""Contact Us\"" at the same site if you need more help."", ""repliedAt"": ""2026-07-03 12:10:15"", ""appVersion"": ""9.1.60.1970""}"
run5_day3_20260704_032957,3,Spotify,com.spotify.music,us,en,fe3497bb88af5fc279dbc1db8cbb7bd538298a6da752e04d181f1f36fb830da2,ed40c68d-d0ef-420a-afdd-d47abd365187,0,Harsh Kumar,1,0,2026-07-03T03:01:25+00:00,,,,"too many adds after each song, now it has become disrupted..","too many adds after each song, now it has become disrupted..",f8e8ddd4fc7dc9637f24ef538cd980ff3f55c7631d89e6abf766cde0b802d630,f8e8ddd4fc7dc9637f24ef538cd980ff3f55c7631d89e6abf766cde0b802d630,"{""reviewId"": ""ed40c68d-d0ef-420a-afdd-d47abd365187"", ""userName"": ""Harsh Kumar"", ""userImage"": ""https://play-lh.googleusercontent.com/a/ACg8ocK-K1Up7gqEvY3Eskjc5fnUqoZV7KhcXb1PbPDf74X4WdAILA=mo"", ""content"": ""too many adds after each song, now it has become disrupted.."", ""score"": 1, ""thumbsUpCount"": 0, ""reviewCreatedVersion"": null, ""at"": ""2026-07-03 03:01:25"", ""replyContent"": null, ""repliedAt"": null, ""appVersion"": null}"
run5_day3_20260704_032957,3,Spotify,com.spotify.music,us,en,49a1badad271fe91ea28e0a725f9f26c7f9e220b4b89d7f3f4b2d69dd46ece99,15fc028e-6d6f-4080-b212-6229a54c061f,0,Leiah Jones,5,0,2026-07-03T02:59:57+00:00,9.1.60.1970,,,love it I play all my rock music,love it I play all my rock music,b8cd2267c6974cc74f81337c5352089a4e570b8d2fcca55d98bb45fc3f13773d,b8cd2267c6974cc74f81337c5352089a4e570b8d2fcca55d98bb45fc3f13773d,"{""reviewId"": ""15fc028e-6d6f-4080-b212-6229a54c061f"", ""userName"": ""Leiah Jones"", ""userImage"": ""https://play-lh.googleusercontent.com/a/ACg8ocJsLBYFZXgIgmRcgAQWwKsiMtLya7a7xPz6lfRUMqsaP2eXlw=mo"", ""content"": ""love it I play all my rock music"", ""score"": 5, ""thumbsUpCount"": 0, ""reviewCreatedVersion"": ""9.1.60.1970"", ""at"": ""2026-07-03 02:59:57"", ""replyContent"": null, ""repliedAt"": null, ""appVersion"": ""9.1.60.1970""}"
run5_day3_20260704_032957,3,Spotify,com.spotify.music,us,en,64e182d0ac2310b7e6298b6517b003490daf3f8fbb999eb35e1bb6b9c64cb565,23417b18-ca84-42fd-9ae7-223b20ccc7a1,0,Imam Soeseno,5,0,2026-07-03T02:56:16+00:00,9.1.60.1970,,,Top songs and the very best of memory songs!,Top songs and the very best of memory songs!,d3ca6f6b906876f8ecac4a84eb731cc82691033f91d8102fddfa3f3299cd6ee5,d3ca6f6b906876f8ecac4a84eb731cc82691033f91d8102fddfa3f3299cd6ee5,"{""reviewId"": ""23417b18-ca84-42fd-9ae7-223b20ccc7a1"", ""userName"": ""Imam Soeseno"", ""userImage"": ""https://play-lh.googleusercontent.com/a-/ALV-UjWuvF4vlYUFSQ2TbAbd7DMgXxl7IfHMSqX503i0G8w1_6n7JEY_MA"", ""content"": ""Top songs and the very best of memory songs!"", ""score"": 5, ""thumbsUpCount"": 0, ""reviewCreatedVersion"": ""9.1.60.1970"", ""at"": ""2026-07-03 02:56:16"", ""replyContent"": null, ""repliedAt"": null, ""appVersion"": ""9.1.60.1970""}"
run5_day3_20260704_032957,3,Spotify,com.spotify.music,us,en,0f6fc7805a5297bc12958e0c270e71ed636d314acf7e02bf66dd17ef056f62ea,bab67d1d-8d00-48bd-a2d6-222e5787122b,0,Laura Hathaway,5,0,2026-07-03T02:56:11+00:00,9.1.60.1970,,,love it,love it,a2f1c846b4f1867b0ee4769a44954de5b940f8ef2f5a967523bc23f340aed646,a2f1c846b4f1867b0ee4769a44954de5b940f8ef2f5a967523bc23f340aed646,"{""reviewId"": ""bab67d1d-8d00-48bd-a2d6-222e5787122b"", ""userName"": ""Laura Hathaway"", ""userImage"": ""https://play-lh.googleusercontent.com/a/ACg8ocIDLd81-thdvw_ddMyoKrurqjSBaJADbkis9jq2cpVKvH4Aeg=mo"", ""content"": ""love it"", ""score"": 5, ""thumbsUpCount"": 0, ""reviewCreatedVersion"": ""9.1.60.1970"", ""at"": ""2026-07-03 02:56:11"", ""replyContent"": null, ""repliedAt"": null, ""appVersion"": ""9.1.60.1970""}"
run5_day3_20260704_032957,3,Spotify,com.spotify.music,us,en,9a38d229db4d56c50b5bbd543fbb54944dc5302afe1fd776d5cf6ca56d6cb568,a2151682-8823-49c2-8f96-2d7345d592c3,0,aaron gallardo,1,0,2026-07-03T02:55:52+00:00,9.1.60.1970,,,with the latest update they removed the 4x1 widget and it forces you to update to the widget 4x2. im not sure why it was removed even when you are paying for a subscription. im currently considering of canceling my subscription,with the latest update they removed the 4x1 widget and it forces you to update to the widget 4x2. im not sure why it was removed even when you are paying for a subscription. im currently considering of canceling my subscription,45a9c59a49437a1f6b2400c856a3d68c8bbcabaeee74f8bd942d9d8b1cbcd2ad,45a9c59a49437a1f6b2400c856a3d68c8bbcabaeee74f8bd942d9d8b1cbcd2ad,"{""reviewId"": ""a2151682-8823-49c2-8f96-2d7345d592c3"", ""userName"": ""aaron gallardo"", ""userImage"": ""https://play-lh.googleusercontent.com/a/ACg8ocKhNd_31IeAYPmT5e49qxb3Y9fgUsNQGdE4rl4xI0JhKmM69Q=mo"", ""content"": ""with the latest update they removed the 4x1 widget and it forces you to update to the widget 4x2. im not sure why it was removed even when you are paying for a subscription. im currently considering of canceling my subscription"", ""score"": 1, ""thumbsUpCount"": 0, ""reviewCreatedVersion"": ""9.1.60.1970"", ""at"": ""2026-07-03 02:55:52"", ""replyContent"": null, ""repliedAt"": null, ""appVersion"": ""9.1.60.1970""}"
run5_day3_20260704_032957,3,Spotify,com.spotify.music,us,en,72fc6abb2bf2a7fa9239b5567a868ea625345702b896662f86121aea8642ca32,d083cdc9-08ee-47f1-ba43-6285326e9935,0,Kobina,1,0,2026-07-03T02:53:00+00:00,9.1.2.1253,,,"Spotify's ""free tier"" isn't free, it's a bait-and-switch. You can't even play full tracks without getting funneled toward Premium at every turn. That's not a free service, that's a paywall dressed up as one, and it's exactly why people turn to modded versions. I'd give zero stars if I could. I remember when Spotify actually cared about its users, now it's just another company that let corporate greed replace basic decency. What a shame.","Spotify's ""free tier"" isn't free, it's a bait-and-switch. You can't even play full tracks without getting funneled toward Premium at every turn. That's not a free service, that's a paywall dressed up as one, and it's exactly why people turn to modded versions. I'd give zero stars if I could. I remember when Spotify actually cared about its users, now it's just another company that let corporate greed replace basic decency. What a shame.",eabf1b1efc091e9a3642b23dacc56061725c034392b2317ebfb1f1813aec1315,eabf1b1efc091e9a3642b23dacc56061725c034392b2317ebfb1f1813aec1315,"{""reviewId"": ""d083cdc9-08ee-47f1-ba43-6285326e9935"", ""userName"": ""Kobina"", ""userImage"": ""https://play-lh.googleusercontent.com/a-/ALV-UjVwqu55KgHWPxqR_NPJmofJ2yQpVQCdGstx_EzexusJ9f7r9yI3"", ""content"": ""Spotify's \""free tier\"" isn't free, it's a bait-and-switch. You can't even play full tracks without getting funneled toward Premium at every turn. That's not a free service, that's a paywall dressed up as one, and it's exactly why people turn to modded versions. I'd give zero stars if I could. I remember when Spotify actually cared about its users, now it's just another company that let corporate greed replace basic decency. What a shame."", ""score"": 1, ""thumbsUpCount"": 0, ""reviewCreatedVersion"": ""9.1.2.1253"", ""at"": ""2026-07-03 02:53:00"", ""replyContent"": null, ""repliedAt"": null, ""appVersion"": ""9.1.2.1253""}"
run5_day3_20260704_032957,3,Spotify,com.spotify.music,us,en,55aba72428b38a513bef4eac3e320293748577592bb494292413e54eea268f0f,15350eff-f5c2-45fe-85b8-fd150bf37914,0,REVENGE,5,1,2026-07-03T02:42:59+00:00,9.1.60.1970,,,One of the only monthly subscription services that are worth it. edit: huge fan of the new UI for android auto. Easier access to adding a song and other options.,One of the only monthly subscription services that are worth it. edit: huge fan of the new UI for android auto. Easier access to adding a song and other options.,f7dfa0350ae4142776965c84d365e0d74acb19975a51247cc96c0a91f35698f0,f7dfa0350ae4142776965c84d365e0d74acb19975a51247cc96c0a91f35698f0,"{""reviewId"": ""15350eff-f5c2-45fe-85b8-fd150bf37914"", ""userName"": ""REVENGE"", ""userImage"": ""https://play-lh.googleusercontent.com/a-/ALV-UjWmgMiEMq0zH6YbN_KLO40LaM4k9k3SWjH2QkKVmvms2gVcvMJk"", ""content"": ""One of the only monthly subscription services that are worth it. edit: huge fan of the new UI for android auto. Easier access to adding a song and other options."", ""score"": 5, ""thumbsUpCount"": 1, ""reviewCreatedVersion"": ""9.1.60.1970"", ""at"": ""2026-07-03 02:42:59"", ""replyContent"": null, ""repliedAt"": null, ""appVersion"": ""9.1.60.1970""}"
run5_day3_20260704_032957,3,Spotify,com.spotify.music,us,en,339ba16a7ac861d0cfebe81fb3696ce1df3042c52b0fee472f3214ac69d8efc9,6b865301-7820-4df8-89d1-047853872ba1,0,LOPEZ ROMELYN B.,5,0,2026-07-03T02:38:15+00:00,,,,this is so coll to listen to,this is so coll to listen to,da713fdb246be05e1d55dec1a624cb71ff194d92652ea18315321ad0ad964f49,da713fdb246be05e1d55dec1a624cb71ff194d92652ea18315321ad0ad964f49,"{""reviewId"": ""6b865301-7820-4df8-89d1-047853872ba1"", ""userName"": ""LOPEZ ROMELYN B."", ""userImage"": ""https://play-lh.googleusercontent.com/a/ACg8ocLcN3N4C7c5Vr7eUSnpVQgRzItWDCpwV5PnM5VegrOBZzpCVA=mo"", ""content"": ""this is so coll to listen to"", ""score"": 5, ""thumbsUpCount"": 0, ""reviewCreatedVersion"": null, ""at"": ""2026-07-03 02:38:15"", ""replyContent"": null, ""repliedAt"": null, ""appVersion"": null}"
run5_day3_20260704_032957,3,Spotify,com.spotify.music,us,en,d908ce4488597d092675e02ad7c303c6657b48e2e5ade5b6840de5d3989043fc,7a8cb663-e830-4f4c-84d0-c7fe37afb44d,0,Christopher,5,1,2026-07-03T02:36:02+00:00,9.1.60.1970,,,love it!💜,love it!💜,6135cb5afef9c297b8e68b53b2229d1a68fd31d3fb9f75bbf88cc260cc7ec3e9,6135cb5afef9c297b8e68b53b2229d1a68fd31d3fb9f75bbf88cc260cc7ec3e9,"{""reviewId"": ""7a8cb663-e830-4f4c-84d0-c7fe37afb44d"", ""userName"": ""Christopher"", ""userImage"": ""https://play-lh.googleusercontent.com/a-/ALV-UjWAnuAdIZF73jYSGWUHULQPBwCiDIBj-xtvIYP5wfJornumvw"", ""content"": ""love it!💜"", ""score"": 5, ""thumbsUpCount"": 1, ""reviewCreatedVersion"": ""9.1.60.1970"", ""at"": ""2026-07-03 02:36:02"", ""replyContent"": null, ""repliedAt"": null, ""appVersion"": ""9.1.60.1970""}"
run5_day3_20260704_032957,3,Spotify,com.spotify.music,us,en,9ab8d802439a4093ac517aa55037140fb61bc79955e0f257f4db031759e4652b,6b923947-2f0c-4be2-a2a1-9584a8530b36,0,Nohti Dylan,5,0,2026-07-03T02:34:30+00:00,9.1.60.1970,,,Gives you the vibe all the time...,Gives you the vibe all the time...,4bd90592ed60575acd4f58c534811c6bdd6dfb79494a2e99a8b86c4972388822,4bd90592ed60575acd4f58c534811c6bdd6dfb79494a2e99a8b86c4972388822,"{""reviewId"": ""6b923947-2f0c-4be2-a2a1-9584a8530b36"", ""userName"": ""Nohti Dylan"", ""userImage"": ""https://play-lh.googleusercontent.com/a-/ALV-UjXJZJyoNzsMBvnW6i3nT22xQFPojT3lmtytT34WlSQ6DR5_pWU"", ""content"": ""Gives you the vibe all the time..."", ""score"": 5, ""thumbsUpCount"": 0, ""reviewCreatedVersion"": ""9.1.60.1970"", ""at"": ""2026-07-03 02:34:30"", ""replyContent"": null, ""repliedAt"": null, ""appVersion"": ""9.1.60.1970""}"
run5_day3_20260704_032957,3,Spotify,com.spotify.music,us,en,691a77ad514ebb3b59ea7c1aee6151eb20c85a28119fc55f1b40051665078c38,9ff289d8-42ed-4386-824c-78a495cf0243,0,Rylan,3,1,2026-07-03T02:34:10+00:00,8.9.6.458,,,"I've been using Spotify since late 2019 and have always had premium, but over the years premium has gotten more and more expensive for my dad. making people verify the address? srsly? what about divorced family's? people who don't live together? not to mention how many songs get removed. basic AHH features for premium. you're better off using YouTube music, the only reason I use Spotify is so I can control from my phone, play through speaker connected to my computer. :/","I've been using Spotify since late 2019 and have always had premium, but over the years premium has gotten more and more expensive for my dad. making people verify the address? srsly? what about divorced family's? people who don't live together? not to mention how many songs get removed. basic AHH features for premium. you're better off using YouTube music, the only reason I use Spotify is so I can control from my phone, play through speaker connected to my computer. :/",8ebea77f06fa6022a6f14c1ff2d74fd449242ece44d6f6504d164790c9a77bc8,8ebea77f06fa6022a6f14c1ff2d74fd449242ece44d6f6504d164790c9a77bc8,"{""reviewId"": ""9ff289d8-42ed-4386-824c-78a495cf0243"", ""userName"": ""Rylan"", ""userImage"": ""https://play-lh.googleusercontent.com/a-/ALV-UjXUsoFWya77qn1ADzCN6npfxo83kX4ZdqSNNH1Pn6it7oDoGyGV7w"", ""content"": ""I've been using Spotify since late 2019 and have always had premium, but over the years premium has gotten more and more expensive for my dad. making people verify the address? srsly? what about divorced family's? people who don't live together? not to mention how many songs get removed. basic AHH features for premium. you're better off using YouTube music, the only reason I use Spotify is so I can control from my phone, play through speaker connected to my computer. :/"", ""score"": 3, ""thumbsUpCount"": 1, ""reviewCreatedVersion"": ""8.9.6.458"", ""at"": ""2026-07-03 02:34:10"", ""replyContent"": null, ""repliedAt"": null, ""appVersion"": ""8.9.6.458""}"
run5_day3_20260704_032957,3,Spotify,com.spotify.music,us,en,96f6ffd9e9897d99100dfc018841503eb5e38345210f07ec495ba300438cb8c4,1e3b0cdc-2a05-4876-a56e-f53db9dd06b2,0,Jennifer Jones,5,1,2026-07-03T02:34:01+00:00,9.1.60.1970,,,best music streaming platform behind SoundCloud,best music streaming platform behind SoundCloud,f7a3b042bad9c8527690d2d91be74c89d2b57eec3e4eba61b6c1f51191dd3192,f7a3b042bad9c8527690d2d91be74c89d2b57eec3e4eba61b6c1f51191dd3192,"{""reviewId"": ""1e3b0cdc-2a05-4876-a56e-f53db9dd06b2"", ""userName"": ""Jennifer Jones"", ""userImage"": ""https://play-lh.googleusercontent.com/a-/ALV-UjUAc7KYrpLwOl2VQgx__AaZhX99MrF3rFIbSYHOGvukJgPdt6ZCug"", ""content"": ""best music streaming platform behind SoundCloud"", ""score"": 5, ""thumbsUpCount"": 1, ""reviewCreatedVersion"": ""9.1.60.1970"", ""at"": ""2026-07-03 02:34:01"", ""replyContent"": null, ""repliedAt"": null, ""appVersion"": ""9.1.60.1970""}"
run5_day3_20260704_032957,3,Spotify,com.spotify.music,us,en,330140885bc2f2ea6de506b7922abd772138d434b4316b3239512d46c523abb3,35bd0ad4-684c-4099-ad1d-d43c530ca511,0,Deepanshi Mishra,5,0,2026-07-03T02:31:37+00:00,9.1.60.1970,,,best,best,8f4375ec65c2c4092a1cc21e76712472eae0de999384e8327c495957121db9c2,8f4375ec65c2c4092a1cc21e76712472eae0de999384e8327c495957121db9c2,"{""reviewId"": ""35bd0ad4-684c-4099-ad1d-d43c530ca511"", ""userName"": ""Deepanshi Mishra"", ""userImage"": ""https://play-lh.googleusercontent.com/a/ACg8ocKsxQteh8M0QpNGnhg5OpWOJaYCJAfW1ycywz8B5PV2JCyDgpw=mo"", ""content"": ""best"", ""score"": 5, ""thumbsUpCount"": 0, ""reviewCreatedVersion"": ""9.1.60.1970"", ""at"": ""2026-07-03 02:31:37"", ""replyContent"": null, ""repliedAt"": null, ""appVersion"": ""9.1.60.1970""}"
run5_day3_20260704_032957,3,Spotify,com.spotify.music,us,en,5bbd9187f8e430f9c53ff2cae521e5d4f4d73a94a50c481ebe9f9b71d7db9ddd,79eff8da-8772-4205-86bd-db0f1c9f781d,0,Atharv Pareek,4,0,2026-07-03T02:30:43+00:00,9.1.60.1970,"Hi, thanks for your feedback. About your storage, you can check out the details on ""Spotify storage information"" at support.spotify.com for some tips on how to manage it. For anything else, our Customer Service is always ready to help. Just search ""Contact Us"" at the same site.",2026-07-03T15:35:25+00:00,the Spotify music recommendation is just perfection but there's only 1 problem it takes up a lot storage,the Spotify music recommendation is just perfection but there's only 1 problem it takes up a lot storage,5786715f5c563a35af6e1c1bf6a2f817f6ddf714b0091c4e9a50365b54404bd0,5786715f5c563a35af6e1c1bf6a2f817f6ddf714b0091c4e9a50365b54404bd0,"{""reviewId"": ""79eff8da-8772-4205-86bd-db0f1c9f781d"", ""userName"": ""Atharv Pareek"", ""userImage"": ""https://play-lh.googleusercontent.com/a-/ALV-UjXJ1JFCS0hF0q6HARFwRVsKReeH--aKktwCM4rU9djkOmumnqQJ"", ""content"": ""the Spotify music recommendation is just perfection but there's only 1 problem it takes up a lot storage"", ""score"": 4, ""thumbsUpCount"": 0, ""reviewCreatedVersion"": ""9.1.60.1970"", ""at"": ""2026-07-03 02:30:43"", ""replyContent"": ""Hi, thanks for your feedback. About your storage, you can check out the details on \""Spotify storage information\"" at support.spotify.com for some tips on how to manage it. For anything else, our Customer Service is always ready to help. Just search \""Contact Us\"" at the same site."", ""repliedAt"": ""2026-07-03 15:35:25"", ""appVersion"": ""9.1.60.1970""}"
run5_day3_20260704_032957,3,Spotify,com.spotify.music,us,en,22919d7dacfb2472011dbec547234815ec7471a930c154fbd12d60d723e216eb,8efb02f6-04da-4830-9e16-4c1808f94810,0,Rajni,5,0,2026-07-03T02:29:41+00:00,9.1.60.1970,,,Very Good,Very Good,388655e25e91872329272fc10128ef5354b3b19a05d7e8e8690bb2f24773d623,388655e25e91872329272fc10128ef5354b3b19a05d7e8e8690bb2f24773d623,"{""reviewId"": ""8efb02f6-04da-4830-9e16-4c1808f94810"", ""userName"": ""Rajni"", ""userImage"": ""https://play-lh.googleusercontent.com/a/ACg8ocLkm0D7ir11-UrC9r5-WkMH0ds-4YfINyWkE7abe_mpDnP1ew=mo"", ""content"": ""Very Good"", ""score"": 5, ""thumbsUpCount"": 0, ""reviewCreatedVersion"": ""9.1.60.1970"", ""at"": ""2026-07-03 02:29:41"", ""replyContent"": null, ""repliedAt"": null, ""appVersion"": ""9.1.60.1970""}"
run5_day3_20260704_032957,3,Spotify,com.spotify.music,us,en,54ca09ce1700597d61272a999342d058bb2eecb831c6089f2ef258d7228c597e,e8c8b013-3c06-4a91-b584-59ed91c32b46,0,Aafrin Fathima,5,0,2026-07-03T02:21:06+00:00,9.1.58.1567,,,good,good,770e607624d689265ca6c44884d0807d9b054d23c473c106c72be9de08b7376c,770e607624d689265ca6c44884d0807d9b054d23c473c106c72be9de08b7376c,"{""reviewId"": ""e8c8b013-3c06-4a91-b584-59ed91c32b46"", ""userName"": ""Aafrin Fathima"", ""userImage"": ""https://play-lh.googleusercontent.com/a/ACg8ocKgvZcjR0pNMuvVlX51SQDqp2llN6B9YEb2HNLdq246GFlE-A=mo"", ""content"": ""good"", ""score"": 5, ""thumbsUpCount"": 0, ""reviewCreatedVersion"": ""9.1.58.1567"", ""at"": ""2026-07-03 02:21:06"", ""replyContent"": null, ""repliedAt"": null, ""appVersion"": ""9.1.58.1567""}"
run5_day3_20260704_032957,3,Spotify,com.spotify.music,us,en,92c197c50023feb2aa958cdc41396c5dc8aa363b08a5b58844b6ed87b9ba1234,c2b8d14f-bf07-4aa3-b9af-e3b2d41a00cd,0,Charlotte Calvin,5,0,2026-07-03T02:20:16+00:00,9.1.60.1970,,,Great music all the time!!,Great music all the time!!,f6a9ce8be5275c04db44d5d4d1f7efcc854d7749fc7c3777d0bb1e19ba7e9c0a,f6a9ce8be5275c04db44d5d4d1f7efcc854d7749fc7c3777d0bb1e19ba7e9c0a,"{""reviewId"": ""c2b8d14f-bf07-4aa3-b9af-e3b2d41a00cd"", ""userName"": ""Charlotte Calvin"", ""userImage"": ""https://play-lh.googleusercontent.com/a/ACg8ocL9wIF6xTyu2mmJt4ux_vLWVWC2O4UC-Ymx9faPHtMUUnIZEg=mo"", ""content"": ""Great music all the time!!"", ""score"": 5, ""thumbsUpCount"": 0, ""reviewCreatedVersion"": ""9.1.60.1970"", ""at"": ""2026-07-03 02:20:16"", ""replyContent"": null, ""repliedAt"": null, ""appVersion"": ""9.1.60.1970""}"
run5_day3_20260704_032957,3,Spotify,com.spotify.music,us,en,8b4ee5bca20403f9a4ca98e9fde8ab466033d0fa4193e2f68f5e83894e530db7,00706eaf-d83a-4849-82bb-4e18c55dccb7,0,Margaret Rabago,5,0,2026-07-03T02:18:32+00:00,,,,love the music,love the music,a8e79dde7ddc4be21936c740c248cc97f609ecda1ea7e85eac891f54a70d8c1d,a8e79dde7ddc4be21936c740c248cc97f609ecda1ea7e85eac891f54a70d8c1d,"{""reviewId"": ""00706eaf-d83a-4849-82bb-4e18c55dccb7"", ""userName"": ""Margaret Rabago"", ""userImage"": ""https://play-lh.googleusercontent.com/a/ACg8ocKGsiUMbqon3x1WKc_pg8qvTJKsza4gNnBFUmV5ygkg8rYdjA=mo"", ""content"": ""love the music"", ""score"": 5, ""thumbsUpCount"": 0, ""reviewCreatedVersion"": null, ""at"": ""2026-07-03 02:18:32"", ""replyContent"": null, ""repliedAt"": null, ""appVersion"": null}"
run5_day3_20260704_032957,3,Spotify,com.spotify.music,us,en,58868a52cc4954f56d00d9e95f0827b3369e2dfb7543c670019f71c5b4cebbb7,44df66c0-0a0a-4818-94f1-88cf1e15c5ad,0,Tamil Selvan,5,0,2026-07-03T02:16:40+00:00,9.1.58.1567,,,excellent,excellent,6d785acc7d4ce49fe4e4bbf276dc73f1cf7c20094d3e96fe84ef79fbebcaf88a,6d785acc7d4ce49fe4e4bbf276dc73f1cf7c20094d3e96fe84ef79fbebcaf88a,"{""reviewId"": ""44df66c0-0a0a-4818-94f1-88cf1e15c5ad"", ""userName"": ""Tamil Selvan"", ""userImage"": ""https://play-lh.googleusercontent.com/a-/ALV-UjWtyEO7T6wDMy_trwdbovheD56RlD0whsG2o-M9PwoJfRyjod6P"", ""content"": ""excellent"", ""score"": 5, ""thumbsUpCount"": 0, ""reviewCreatedVersion"": ""9.1.58.1567"", ""at"": ""2026-07-03 02:16:40"", ""replyContent"": null, ""repliedAt"": null, ""appVersion"": ""9.1.58.1567""}"
run5_day3_20260704_032957,3,Spotify,com.spotify.music,us,en,5ba563a545af9cb2c1841a36fbcfcafd9f0fa4465643f9cf4ef18d792b9e977b,5c3ccb48-734b-44fe-89e7-61412ac844e7,0,Joshua Elphase,5,0,2026-07-03T02:08:59+00:00,9.1.60.1970,,,best app ever,best app ever,67197863a1c3a7a47a5870b97de09822ec446be6d2ab5425e62fdb14010785ec,67197863a1c3a7a47a5870b97de09822ec446be6d2ab5425e62fdb14010785ec,"{""reviewId"": ""5c3ccb48-734b-44fe-89e7-61412ac844e7"", ""userName"": ""Joshua Elphase"", ""userImage"": ""https://play-lh.googleusercontent.com/a-/ALV-UjVsfweACf5T39Fiz-S7Zjyo_HWq0IZdh2SNk0PCejPg_FdjH3FM"", ""content"": ""best app ever"", ""score"": 5, ""thumbsUpCount"": 0, ""reviewCreatedVersion"": ""9.1.60.1970"", ""at"": ""2026-07-03 02:08:59"", ""replyContent"": null, ""repliedAt"": null, ""appVersion"": ""9.1.60.1970""}"
run5_day3_20260704_032957,3,Spotify,com.spotify.music,us,en,09938f1993bbb369bda0a2eef0456c31f71d955aed22daeff292119553ff8e86,c5bce82e-6232-476d-b944-18d78ad524d3,0,tommy johnson,5,0,2026-07-03T02:08:09+00:00,9.1.60.1970,,,wonderful,wonderful,ee04228c5c6d8b083f6ce93fb7d7dbe487e04a96b29d13f627b01f9ad53dd3a4,ee04228c5c6d8b083f6ce93fb7d7dbe487e04a96b29d13f627b01f9ad53dd3a4,"{""reviewId"": ""c5bce82e-6232-476d-b944-18d78ad524d3"", ""userName"": ""tommy johnson"", ""userImage"": ""https://play-lh.googleusercontent.com/a-/ALV-UjV0kPPzNHF_DiINjqFt6FWZXOqx3QkCcLtYvGYFdpkcSh4Fh4OD"", ""content"": ""wonderful"", ""score"": 5, ""thumbsUpCount"": 0, ""reviewCreatedVersion"": ""9.1.60.1970"", ""at"": ""2026-07-03 02:08:09"", ""replyContent"": null, ""repliedAt"": null, ""appVersion"": ""9.1.60.1970""}"
run5_day3_20260704_032957,3,Spotify,com.spotify.music,us,en,74e2f448ce81be4cd5b5b79f14c25d50bed0c3d37a7bafc2d540f2838df3c854,420a390b-f44a-4ba2-ac00-ccf6e55ab200,0,Brendon L,1,0,2026-07-03T02:07:44+00:00,9.1.60.1970,"Hi. Can you try clearing the app data, uninstalling it, and redownloading the latest version from the Google Play Store? If you’re still having trouble, give our Customer Service a shout. Just search “Contact Us” at support.spotify.com.",2026-07-03T12:01:09+00:00,thinks I'm using VPN when I'm not. Can't use,thinks I'm using VPN when I'm not. Can't use,066fb0f306bff766d592171b0e1c01cca9aa37a7f6e7bf7a41d845e0a9233156,066fb0f306bff766d592171b0e1c01cca9aa37a7f6e7bf7a41d845e0a9233156,"{""reviewId"": ""420a390b-f44a-4ba2-ac00-ccf6e55ab200"", ""userName"": ""Brendon L"", ""userImage"": ""https://play-lh.googleusercontent.com/a-/ALV-UjUvM9o1wl8s-wWPpQkQC8GKO0iiYpfyKOQNXsj69UY3TUNRkwHwXw"", ""content"": ""thinks I'm using VPN when I'm not. Can't use"", ""score"": 1, ""thumbsUpCount"": 0, ""reviewCreatedVersion"": ""9.1.60.1970"", ""at"": ""2026-07-03 02:07:44"", ""replyContent"": ""Hi. Can you try clearing the app data, uninstalling it, and redownloading the latest version from the Google Play Store? If you’re still having trouble, give our Customer Service a shout. Just search “Contact Us” at support.spotify.com."", ""repliedAt"": ""2026-07-03 12:01:09"", ""appVersion"": ""9.1.60.1970""}"
run5_day3_20260704_032957,3,Spotify,com.spotify.music,us,en,d0b0c0a2bf76e4a530d5bdc94b47f71e88d45c6d9c620f555333e7f5fa527dc8,a3f2e25b-87bc-492b-8196-05d35cea9b0b,0,El Cid,3,0,2026-07-03T02:07:13+00:00,9.1.60.1970,,,"So this would be a 5 star app but the ads man, they hurt with their length","So this would be a 5 star app but the ads man, they hurt with their length",d8a61fe41d2e607629747a56cfa15eefb3ca67023e3d85d4878e438a379a0bb3,d8a61fe41d2e607629747a56cfa15eefb3ca67023e3d85d4878e438a379a0bb3,"{""reviewId"": ""a3f2e25b-87bc-492b-8196-05d35cea9b0b"", ""userName"": ""El Cid"", ""userImage"": ""https://play-lh.googleusercontent.com/a-/ALV-UjXkBSLUQkziLEx_Yno8ZMzXWg6R7wxbdLWtN_ZjkjLCtgV35pM"", ""content"": ""So this would be a 5 star app but the ads man, they hurt with their length"", ""score"": 3, ""thumbsUpCount"": 0, ""reviewCreatedVersion"": ""9.1.60.1970"", ""at"": ""2026-07-03 02:07:13"", ""replyContent"": null, ""repliedAt"": null, ""appVersion"": ""9.1.60.1970""}"
run5_day3_20260704_032957,3,Spotify,com.spotify.music,us,en,6932b60a5f6e473171bed5a0d28deb1124312be7e7dd9fda8b4672375a677c75,a6cdcb7c-7920-4821-8a40-025ecc7d3cf4,0,AM MO,2,0,2026-07-03T02:04:58+00:00,9.1.60.1970,,,"honestly, I'm really thinking about switching apps, because the whole 6 skips thing and multiple ads is getting so bothersome.","honestly, I'm really thinking about switching apps, because the whole 6 skips thing and multiple ads is getting so bothersome.",9033249ee1c4fe3ec53d05f857277ddf18db60cf968c54b20e5d9d111c2d4af3,9033249ee1c4fe3ec53d05f857277ddf18db60cf968c54b20e5d9d111c2d4af3,"{""reviewId"": ""a6cdcb7c-7920-4821-8a40-025ecc7d3cf4"", ""userName"": ""AM MO"", ""userImage"": ""https://play-lh.googleusercontent.com/a-/ALV-UjXRAU-txAzjb2ksuw3uR4pzmhMeCHrgsOfppO2vY_yBLxSBUIVP_w"", ""content"": ""honestly, I'm really thinking about switching apps, because the whole 6 skips thing and multiple ads is getting so bothersome."", ""score"": 2, ""thumbsUpCount"": 0, ""reviewCreatedVersion"": ""9.1.60.1970"", ""at"": ""2026-07-03 02:04:58"", ""replyContent"": null, ""repliedAt"": null, ""appVersion"": ""9.1.60.1970""}"
run5_day3_20260704_032957,3,Spotify,com.spotify.music,us,en,05a8fe7cc53a6f9eebb34f4f4da125cebd99d9796fad96a71341ddbc8c5f68c1,aadc6109-cd70-4c9e-8bf5-387bb7a59a4e,0,Eke David,5,0,2026-07-03T02:02:35+00:00,9.1.60.1970,,,it's been cool,it's been cool,1601a8d865e814952100c9a98c0cf400b6d696bf9876f0742905ae3c5afdeb71,1601a8d865e814952100c9a98c0cf400b6d696bf9876f0742905ae3c5afdeb71,"{""reviewId"": ""aadc6109-cd70-4c9e-8bf5-387bb7a59a4e"", ""userName"": ""Eke David"", ""userImage"": ""https://play-lh.googleusercontent.com/a/ACg8ocKurj22vOZeNvtxYvRqO0nSJq4B7hYUPHswmLAPWvs12fqKoQ=mo"", ""content"": ""it's been cool"", ""score"": 5, ""thumbsUpCount"": 0, ""reviewCreatedVersion"": ""9.1.60.1970"", ""at"": ""2026-07-03 02:02:35"", ""replyContent"": null, ""repliedAt"": null, ""appVersion"": ""9.1.60.1970""}"
run5_day3_20260704_032957,3,Spotify,com.spotify.music,us,en,621b8b80afd601cd0d7fca7764e7218f793c756200505dbb1876708fab73b980,3dcb7ef1-f971-41e6-ba97-db8adc0a6062,0,Frettie Ologar,3,0,2026-07-03T02:02:28+00:00,9.1.60.1970,"Hi Frettie. We really appreciate your feedback. If there are any specific changes you'd like to see, we recommend adding them to our 'Ideas Board' over at community.spotify.com. Just click Menu > Ideas. Others will then be able to vote or add to the conversation to show their support.",2026-07-03T11:56:55+00:00,I hope the app will provide a energy saver function so I can still play music on low battery.,I hope the app will provide a energy saver function so I can still play music on low battery.,d7991de560e7ae4b966f734279f90203f78d8960e1145ae5e1695d7f2d2c106f,d7991de560e7ae4b966f734279f90203f78d8960e1145ae5e1695d7f2d2c106f,"{""reviewId"": ""3dcb7ef1-f971-41e6-ba97-db8adc0a6062"", ""userName"": ""Frettie Ologar"", ""userImage"": ""https://play-lh.googleusercontent.com/a/ACg8ocI261NAGNsMk4WyUCEUVSt3T7JGBhFJkz-1eOYRnAIUlby29es=mo"", ""content"": ""I hope the app will provide a energy saver function so I can still play music on low battery."", ""score"": 3, ""thumbsUpCount"": 0, ""reviewCreatedVersion"": ""9.1.60.1970"", ""at"": ""2026-07-03 02:02:28"", ""replyContent"": ""Hi Frettie. We really appreciate your feedback. If there are any specific changes you'd like to see, we recommend adding them to our 'Ideas Board' over at community.spotify.com. Just click Menu > Ideas. Others will then be able to vote or add to the conversation to show their support."", ""repliedAt"": ""2026-07-03 11:56:55"", ""appVersion"": ""9.1.60.1970""}"
run5_day3_20260704_032957,3,Spotify,com.spotify.music,us,en,ed080e7898dcb92ccfd21a7e05b3f3d8ad0140f15c194d5bb807ed9673b8f289,abc60cd7-63e1-40f2-8139-126b7c8c721c,0,Fernando Pendleton,5,0,2026-07-03T02:01:01+00:00,9.1.60.1970,,,it's amazing,it's amazing,b2c49bc09a5c54987c5ec59b8247006c3c9b2b19f78150f450a7c4d172244f6d,b2c49bc09a5c54987c5ec59b8247006c3c9b2b19f78150f450a7c4d172244f6d,"{""reviewId"": ""abc60cd7-63e1-40f2-8139-126b7c8c721c"", ""userName"": ""Fernando Pendleton"", ""userImage"": ""https://play-lh.googleusercontent.com/a-/ALV-UjUB8eriFuMqSx5AEpZiSKvpWnmWSyBYbe5tiAJJpGpkPXHzd1XV"", ""content"": ""it's amazing"", ""score"": 5, ""thumbsUpCount"": 0, ""reviewCreatedVersion"": ""9.1.60.1970"", ""at"": ""2026-07-03 02:01:01"", ""replyContent"": null, ""repliedAt"": null, ""appVersion"": ""9.1.60.1970""}"
run5_day3_20260704_032957,3,Spotify,com.spotify.music,us,en,17f9e070f2da635962b87925bb73d9bc251e72c3f9f1e7daabfcf9fd66f779ff,34783b94-c576-4660-a7a2-31643600b012,0,Luna Loves,5,0,2026-07-03T01:53:35+00:00,9.1.60.1970,,,Amazing. Even without premium great experience.,Amazing. Even without premium great experience.,1a0b69f5533c44ae9d6c354c05bb764de986763dacced8a2374ee3124070bbe5,1a0b69f5533c44ae9d6c354c05bb764de986763dacced8a2374ee3124070bbe5,"{""reviewId"": ""34783b94-c576-4660-a7a2-31643600b012"", ""userName"": ""Luna Loves"", ""userImage"": ""https://play-lh.googleusercontent.com/a/ACg8ocK6ieQnW8ZgZLsEabLeNMq6tsTG3y9wqDRBOFDgKm5bWSyudw=mo"", ""content"": ""Amazing. Even without premium great experience."", ""score"": 5, ""thumbsUpCount"": 0, ""reviewCreatedVersion"": ""9.1.60.1970"", ""at"": ""2026-07-03 01:53:35"", ""replyContent"": null, ""repliedAt"": null, ""appVersion"": ""9.1.60.1970""}"
run5_day3_20260704_032957,3,Spotify,com.spotify.music,us,en,465db3142e43ed6359e80d468de5f264bf574d5bf8b322e072c41d7b42c3f251,65df53c1-427d-4fa3-8949-807b7fba0334,0,Makennah Glenn,5,0,2026-07-03T01:51:47+00:00,9.1.60.1970,,,favorite app,favorite app,f6feb24ab1a9f875089d86830b10afcdce668d9297bab078e56636e845930d58,f6feb24ab1a9f875089d86830b10afcdce668d9297bab078e56636e845930d58,"{""reviewId"": ""65df53c1-427d-4fa3-8949-807b7fba0334"", ""userName"": ""Makennah Glenn"", ""userImage"": ""https://play-lh.googleusercontent.com/a/ACg8ocJc0x3FPiUNwjK_466rVOW0Tl6qMpWaxr-Xr6CgffP0AajplA=mo"", ""content"": ""favorite app"", ""score"": 5, ""thumbsUpCount"": 0, ""reviewCreatedVersion"": ""9.1.60.1970"", ""at"": ""2026-07-03 01:51:47"", ""replyContent"": null, ""repliedAt"": null, ""appVersion"": ""9.1.60.1970""}"
run5_day3_20260704_032957,3,Spotify,com.spotify.music,us,en,454cf0c3a4649ba418c6f297ed2e959f7e2ed1d9b8d4fdad3d3bfb89d17602ff,b2981592-12c3-4505-a811-0bd9aba4d135,0,Upjog Singh,1,0,2026-07-03T01:47:13+00:00,,,,without premium its Garbage app,without premium its Garbage app,958df4d7d5c3cf306b69ce50e948e1d92d554ae0baf921dac9c470b8df0337f1,958df4d7d5c3cf306b69ce50e948e1d92d554ae0baf921dac9c470b8df0337f1,"{""reviewId"": ""b2981592-12c3-4505-a811-0bd9aba4d135"", ""userName"": ""Upjog Singh"", ""userImage"": ""https://play-lh.googleusercontent.com/a/ACg8ocI3NFsiAdtV8YFUPrfwnrfXaI6intn-nDQlq4sljpxwzCEkzw=mo"", ""content"": ""without premium its Garbage app"", ""score"": 1, ""thumbsUpCount"": 0, ""reviewCreatedVersion"": null, ""at"": ""2026-07-03 01:47:13"", ""replyContent"": null, ""repliedAt"": null, ""appVersion"": null}"
run5_day3_20260704_032957,3,Spotify,com.spotify.music,us,en,2b6398eaeaec576977aa47c1e6676d92b20c84e990f3f21c631ca8e6e7ec3b99,56696fd3-5b5a-43fd-9e20-2cf201d5f5e3,0,Rɨ卩Oɴ (Rɨ卩Oɴ),5,0,2026-07-03T01:47:13+00:00,9.1.60.1970,,,very good music player,very good music player,ffb549c4738bc37136f8e310e5c481bd5a2ac8e2e3ffc3c1bfd9a019272142e2,ffb549c4738bc37136f8e310e5c481bd5a2ac8e2e3ffc3c1bfd9a019272142e2,"{""reviewId"": ""56696fd3-5b5a-43fd-9e20-2cf201d5f5e3"", ""userName"": ""Rɨ卩Oɴ (Rɨ卩Oɴ)"", ""userImage"": ""https://play-lh.googleusercontent.com/a-/ALV-UjUjXPOfV4V_qikxJiYHdA4DLjIhcNKxhOHT2piILcR2xEuAUPKP"", ""content"": ""very good music player"", ""score"": 5, ""thumbsUpCount"": 0, ""reviewCreatedVersion"": ""9.1.60.1970"", ""at"": ""2026-07-03 01:47:13"", ""replyContent"": null, ""repliedAt"": null, ""appVersion"": ""9.1.60.1970""}"
run5_day3_20260704_032957,3,Spotify,com.spotify.music,us,en,d031cc2770c8688286cf741de050763f8fa88e5fe27589443c1c542eda37bd0b,d2745703-9f26-492a-a185-6764def1cdc6,0,Nanda kumar,1,0,2026-07-03T01:44:00+00:00,9.1.60.1970,,,"I have the premium version, app is still bad, One - You cannot import playlists from other music apps directly. It is a hell of you are switching from other music apps to spotify Two - Mashup and remix songs are very limited, there are lot of good mashup songs on YouTube. You cannot find them at all in this app Three - I do not see an option to play a song next, any new song will be added only at the end of the queue. They should give a option to play it next without deleting added queue.","I have the premium version, app is still bad, One - You cannot import playlists from other music apps directly. It is a hell of you are switching from other music apps to spotify Two - Mashup and remix songs are very limited, there are lot of good mashup songs on YouTube. You cannot find them at all in this app Three - I do not see an option to play a song next, any new song will be added only at the end of the queue. They should give a option to play it next without deleting added queue.",cebd9579f7166de2356508159f343a11adbecc80b260e266776d9aeb40a3d798,cebd9579f7166de2356508159f343a11adbecc80b260e266776d9aeb40a3d798,"{""reviewId"": ""d2745703-9f26-492a-a185-6764def1cdc6"", ""userName"": ""Nanda kumar"", ""userImage"": ""https://play-lh.googleusercontent.com/a-/ALV-UjV16ECv9lykD6Fp-9xdCHQZwNbghw-8IIBtYt89tm5mM1OEMlAf"", ""content"": ""I have the premium version, app is still bad, One - You cannot import playlists from other music apps directly. It is a hell of you are switching from other music apps to spotify Two - Mashup and remix songs are very limited, there are lot of good mashup songs on YouTube. You cannot find them at all in this app Three - I do not see an option to play a song next, any new song will be added only at the end of the queue. They should give a option to play it next without deleting added queue."", ""score"": 1, ""thumbsUpCount"": 0, ""reviewCreatedVersion"": ""9.1.60.1970"", ""at"": ""2026-07-03 01:44:00"", ""replyContent"": null, ""repliedAt"": null, ""appVersion"": ""9.1.60.1970""}"
run5_day3_20260704_032957,3,Spotify,com.spotify.music,us,en,92248476779013d61afe6a445ef5cb534429f9995b5a39435d8716b5cb10c0b5,32f0ef6e-60a3-46d3-90ef-4cb7cf393e64,0,Dan Young,5,0,2026-07-03T01:40:53+00:00,9.1.60.1970,,,I have a subscription to Spotify. The feed is very good. I really like the app. I use it mainly for music.,I have a subscription to Spotify. The feed is very good. I really like the app. I use it mainly for music.,ba3629741751e5558bc8bed15d47031d8da60302806a140255a1fae4011bf6ba,ba3629741751e5558bc8bed15d47031d8da60302806a140255a1fae4011bf6ba,"{""reviewId"": ""32f0ef6e-60a3-46d3-90ef-4cb7cf393e64"", ""userName"": ""Dan Young"", ""userImage"": ""https://play-lh.googleusercontent.com/a/ACg8ocIPByScWpafaKMkRZ1lMruK0qUxSpmxtqQT71LvJTiCFOy-rg=mo"", ""content"": ""I have a subscription to Spotify. The feed is very good. I really like the app. I use it mainly for music."", ""score"": 5, ""thumbsUpCount"": 0, ""reviewCreatedVersion"": ""9.1.60.1970"", ""at"": ""2026-07-03 01:40:53"", ""replyContent"": null, ""repliedAt"": null, ""appVersion"": ""9.1.60.1970""}"
run5_day3_20260704_032957,3,Spotify,com.spotify.music,us,en,f1592e646ceac9f289bce6ed558c0c4af686aa68d1feb8c2ab8599b65deefc80,44db9524-8336-49cc-853d-384fe5c1d6ec,0,George Favour,5,0,2026-07-03T01:36:07+00:00,9.1.58.1567,,,awesome,awesome,705db0603fd5431451dab1171b964b4bd575e2230f40f4c300d70df6e65f5f1c,705db0603fd5431451dab1171b964b4bd575e2230f40f4c300d70df6e65f5f1c,"{""reviewId"": ""44db9524-8336-49cc-853d-384fe5c1d6ec"", ""userName"": ""George Favour"", ""userImage"": ""https://play-lh.googleusercontent.com/a-/ALV-UjXsEsFPAjYZfePHIDbmHMD5TuSdW2NuyNGhsXEpm3zUM97Q0r8"", ""content"": ""awesome"", ""score"": 5, ""thumbsUpCount"": 0, ""reviewCreatedVersion"": ""9.1.58.1567"", ""at"": ""2026-07-03 01:36:07"", ""replyContent"": null, ""repliedAt"": null, ""appVersion"": ""9.1.58.1567""}"
run5_day3_20260704_032957,3,Spotify,com.spotify.music,us,en,06ed4c494807cddf121c23ab1eb2567eeb7b52ccdbb3a8fb370f90b207af0ea0,2da224e4-d5e1-4f3b-804b-d829099a5ccb,0,Tamanna Shanjida,5,0,2026-07-03T01:34:43+00:00,9.1.60.1970,,,😍,😍,453cb3b789e7b403d4cb5342bc1469fb418be79e1ef74f30b79e6f699f20a39d,453cb3b789e7b403d4cb5342bc1469fb418be79e1ef74f30b79e6f699f20a39d,"{""reviewId"": ""2da224e4-d5e1-4f3b-804b-d829099a5ccb"", ""userName"": ""Tamanna Shanjida"", ""userImage"": ""https://play-lh.googleusercontent.com/a-/ALV-UjXrviGde02HrICwWo7xdh0jcAx5VDtcEKPUZqKi2pW8ppHDqyU"", ""content"": ""😍"", ""score"": 5, ""thumbsUpCount"": 0, ""reviewCreatedVersion"": ""9.1.60.1970"", ""at"": ""2026-07-03 01:34:43"", ""replyContent"": null, ""repliedAt"": null, ""appVersion"": ""9.1.60.1970""}"
run5_day3_20260704_032957,3,Spotify,com.spotify.music,us,en,810c90d34de20cd1696aed786600ea9c50e7a1a1df0ae355538fb98187cb0e96,7e046f31-3827-46b7-950c-158ce7e83b48,0,Kelvin Boamah,5,0,2026-07-03T01:32:59+00:00,,,,"honestly, I have no complaints. its number 1 for a reason","honestly, I have no complaints. its number 1 for a reason",18e0e30e8af43ca4d06e55b885500f9da58f0090cbc009c72d25b3ed78f99d46,18e0e30e8af43ca4d06e55b885500f9da58f0090cbc009c72d25b3ed78f99d46,"{""reviewId"": ""7e046f31-3827-46b7-950c-158ce7e83b48"", ""userName"": ""Kelvin Boamah"", ""userImage"": ""https://play-lh.googleusercontent.com/a/ACg8ocKEqsgpdyVzxxTQeQdtuMgr27wJbexQdxAZpHt2qFPmcstx=mo"", ""content"": ""honestly, I have no complaints. its number 1 for a reason"", ""score"": 5, ""thumbsUpCount"": 0, ""reviewCreatedVersion"": null, ""at"": ""2026-07-03 01:32:59"", ""replyContent"": null, ""repliedAt"": null, ""appVersion"": null}"
run5_day3_20260704_032957,3,Spotify,com.spotify.music,us,en,0e016cfa76977f0c4c02846bf88d3e87a284459f23bbb48976d3a102ec1fbf46,246cabf3-e624-460b-ac15-1856a5f4dd1c,0,Jamie Jones,5,0,2026-07-03T01:29:54+00:00,9.1.60.1970,,,magnificent,magnificent,beb942513440d063f6532e1aabe06df39f64c41fac776e8a5f67f15ba09a3b25,beb942513440d063f6532e1aabe06df39f64c41fac776e8a5f67f15ba09a3b25,"{""reviewId"": ""246cabf3-e624-460b-ac15-1856a5f4dd1c"", ""userName"": ""Jamie Jones"", ""userImage"": ""https://play-lh.googleusercontent.com/a/ACg8ocIc8yvuMVTVWCbl90VCfPPVekgYM4VsBfa-IXU4ivt6NFoSSQ=mo"", ""content"": ""magnificent"", ""score"": 5, ""thumbsUpCount"": 0, ""reviewCreatedVersion"": ""9.1.60.1970"", ""at"": ""2026-07-03 01:29:54"", ""replyContent"": null, ""repliedAt"": null, ""appVersion"": ""9.1.60.1970""}"
run5_day3_20260704_032957,3,Spotify,com.spotify.music,us,en,dc37f2f1d0fbb34f7b426e7ea839fbd89f0c8730e6efddc2981e66798c626f2b,d8df177b-8683-4ba5-8e67-c529d1202f9a,0,Courtney Drescher,5,0,2026-07-03T01:27:21+00:00,,,,thankful you kept all my songs even though my account was gone when I get it back I got to keep my memories :'),thankful you kept all my songs even though my account was gone when I get it back I got to keep my memories :'),a69bc81d8034be163ac194475d22dde2620265d645270d9005506ab9ca6fc1a6,a69bc81d8034be163ac194475d22dde2620265d645270d9005506ab9ca6fc1a6,"{""reviewId"": ""d8df177b-8683-4ba5-8e67-c529d1202f9a"", ""userName"": ""Courtney Drescher"", ""userImage"": ""https://play-lh.googleusercontent.com/a/ACg8ocL0UXxz7d1ymVB0ANkly91Ik_a7pD9nfGEGQzmvfWyD598yDg=mo"", ""content"": ""thankful you kept all my songs even though my account was gone when I get it back I got to keep my memories :')"", ""score"": 5, ""thumbsUpCount"": 0, ""reviewCreatedVersion"": null, ""at"": ""2026-07-03 01:27:21"", ""replyContent"": null, ""repliedAt"": null, ""appVersion"": null}"
run5_day3_20260704_032957,3,Spotify,com.spotify.music,us,en,94e6ac4bb452d707d1e7b859dc327f4b6ac72772735227af450da22d1d2038b6,8f877941-fd95-4c9e-bc29-e6f64cce8d70,0,Munachim Olivia,5,0,2026-07-03T01:16:41+00:00,9.1.60.1970,,,its a go to music app,its a go to music app,f6a64dcbe75313b3b43781ac3928898d01c01cc9c04dbced78b754ec67ff1632,f6a64dcbe75313b3b43781ac3928898d01c01cc9c04dbced78b754ec67ff1632,"{""reviewId"": ""8f877941-fd95-4c9e-bc29-e6f64cce8d70"", ""userName"": ""Munachim Olivia"", ""userImage"": ""https://play-lh.googleusercontent.com/a/ACg8ocIGpdc5ESfjYMqkW5kjlj-fQOHMvYTWvuKDs-ARMr5wetjZcw=mo"", ""content"": ""its a go to music app"", ""score"": 5, ""thumbsUpCount"": 0, ""reviewCreatedVersion"": ""9.1.60.1970"", ""at"": ""2026-07-03 01:16:41"", ""replyContent"": null, ""repliedAt"": null, ""appVersion"": ""9.1.60.1970""}"
run5_day3_20260704_032957,3,Spotify,com.spotify.music,us,en,7f77c9d024392263ae5675e2c6e43f02554716d09f0828374869055003559741,f3c423bf-cfe0-478a-81e6-f26e5131130a,0,Jose Olivieri,5,0,2026-07-03T01:16:18+00:00,9.1.58.1567,,,very good,very good,624d026dc13e1e189f9ea4ca66a065466d3f438dd94250ee8bc45ab57566374e,624d026dc13e1e189f9ea4ca66a065466d3f438dd94250ee8bc45ab57566374e,"{""reviewId"": ""f3c423bf-cfe0-478a-81e6-f26e5131130a"", ""userName"": ""Jose Olivieri"", ""userImage"": ""https://play-lh.googleusercontent.com/a/ACg8ocLFtde1tgzdsxNhSYgmNkQvF1mbZ8mPW5jsemozlazUNvOW=mo"", ""content"": ""very good"", ""score"": 5, ""thumbsUpCount"": 0, ""reviewCreatedVersion"": ""9.1.58.1567"", ""at"": ""2026-07-03 01:16:18"", ""replyContent"": null, ""repliedAt"": null, ""appVersion"": ""9.1.58.1567""}"
run5_day3_20260704_032957,3,Spotify,com.spotify.music,us,en,312e64f1bf4831e462ac487c927b2bfa73446860362110eb83c144bb15b18562,2b57dafd-d316-4c7b-8069-7452acac6816,0,Floyd,5,0,2026-07-03T01:16:09+00:00,9.1.58.1567,,,fantastic 500,fantastic 500,1dff12115679e580f6ca04443d1bc3585756ad2c00b3b3d7fa3ea9f8925c11d1,1dff12115679e580f6ca04443d1bc3585756ad2c00b3b3d7fa3ea9f8925c11d1,"{""reviewId"": ""2b57dafd-d316-4c7b-8069-7452acac6816"", ""userName"": ""Floyd"", ""userImage"": ""https://play-lh.googleusercontent.com/a/ACg8ocIzLbYWILfyDQYdE_mi1zQ_DEaH592GA80wuAnB3R200tyY4w=mo"", ""content"": ""fantastic 500"", ""score"": 5, ""thumbsUpCount"": 0, ""reviewCreatedVersion"": ""9.1.58.1567"", ""at"": ""2026-07-03 01:16:09"", ""replyContent"": null, ""repliedAt"": null, ""appVersion"": ""9.1.58.1567""}"
run5_day3_20260704_032957,3,Spotify,com.spotify.music,us,en,d7c8a9b08ed842f15a49e8de59aa25a9982a1b253701494512ad8af62433ad56,9887af93-1a32-46f9-a341-9e840902c3a8,0,Poonam Arora,5,0,2026-07-03T01:14:12+00:00,9.1.58.1567,,,I am enjoying with my favorite Bhajn,I am enjoying with my favorite Bhajn,609cd9895efa2ab5aca0eb8ae65552eec4a7f05fc23fede642a4bfdbff449bbd,609cd9895efa2ab5aca0eb8ae65552eec4a7f05fc23fede642a4bfdbff449bbd,"{""reviewId"": ""9887af93-1a32-46f9-a341-9e840902c3a8"", ""userName"": ""Poonam Arora"", ""userImage"": ""https://play-lh.googleusercontent.com/a-/ALV-UjXGBedxn1l40-WFBviz7VUNCJ2Ndg6uxq8xcJCISYHK--eE9w1O"", ""content"": ""I am enjoying with my favorite Bhajn"", ""score"": 5, ""thumbsUpCount"": 0, ""reviewCreatedVersion"": ""9.1.58.1567"", ""at"": ""2026-07-03 01:14:12"", ""replyContent"": null, ""repliedAt"": null, ""appVersion"": ""9.1.58.1567""}"
run5_day3_20260704_032957,3,Spotify,com.spotify.music,us,en,d333bcb71f48c7fd73c49e2a4bdcd4d311f694a07dbdda12f03a5bdb1236f2bf,acc4c6c8-f3c3-42b1-b490-dff49bd3541c,0,Venkatesh Nagaraj,5,0,2026-07-03T01:08:50+00:00,9.1.60.1970,,,Ijust love this app,Ijust love this app,b79703ff6a0cc154c6d91ff81c65ccc8fc69e728984d58beed0ee9a5940c27fe,b79703ff6a0cc154c6d91ff81c65ccc8fc69e728984d58beed0ee9a5940c27fe,"{""reviewId"": ""acc4c6c8-f3c3-42b1-b490-dff49bd3541c"", ""userName"": ""Venkatesh Nagaraj"", ""userImage"": ""https://play-lh.googleusercontent.com/a-/ALV-UjXx19JgDKIc9wO0cBLcuPwto8VP_BjTn0kuMutMaKur2PaaAko"", ""content"": ""Ijust love this app"", ""score"": 5, ""thumbsUpCount"": 0, ""reviewCreatedVersion"": ""9.1.60.1970"", ""at"": ""2026-07-03 01:08:50"", ""replyContent"": null, ""repliedAt"": null, ""appVersion"": ""9.1.60.1970""}"
run5_day3_20260704_032957,3,Spotify,com.spotify.music,us,en,363d7d33fdee0b37d438706560aecc828e8b288da3296f4825ffffa8fdd7fe04,bc4fe4f5-6e0d-4711-986d-d8c39ff11a5f,0,Benjamin Durugo,5,0,2026-07-03T01:07:40+00:00,9.1.56.574,,,amazing,amazing,01431b46f1839c1e618e12e888517c14111dc35c9308d59efcb15eed5c2f178d,01431b46f1839c1e618e12e888517c14111dc35c9308d59efcb15eed5c2f178d,"{""reviewId"": ""bc4fe4f5-6e0d-4711-986d-d8c39ff11a5f"", ""userName"": ""Benjamin Durugo"", ""userImage"": ""https://play-lh.googleusercontent.com/a-/ALV-UjXEdA83cb7_b_FSa15q5KYtc9d0xJgGShQdk9poZ6giRRlb4VB5"", ""content"": ""amazing"", ""score"": 5, ""thumbsUpCount"": 0, ""reviewCreatedVersion"": ""9.1.56.574"", ""at"": ""2026-07-03 01:07:40"", ""replyContent"": null, ""repliedAt"": null, ""appVersion"": ""9.1.56.574""}"
run5_day3_20260704_032957,3,Spotify,com.spotify.music,us,en,4f4678f9755bace8c72bdcb52fde25f140c93ad91db61fac637564d1aaa7ddf5,06a0f4d5-ed74-410e-93b5-3104ef4dceb7,0,Bala,5,0,2026-07-03T01:06:28+00:00,9.1.58.1567,,,excellent,excellent,6d785acc7d4ce49fe4e4bbf276dc73f1cf7c20094d3e96fe84ef79fbebcaf88a,6d785acc7d4ce49fe4e4bbf276dc73f1cf7c20094d3e96fe84ef79fbebcaf88a,"{""reviewId"": ""06a0f4d5-ed74-410e-93b5-3104ef4dceb7"", ""userName"": ""Bala"", ""userImage"": ""https://play-lh.googleusercontent.com/a-/ALV-UjUo0Wmm3aQDMYME5Q3ZadTU1K5SKfUAuuiXdpaQO2qk5m2m753apw"", ""content"": ""excellent"", ""score"": 5, ""thumbsUpCount"": 0, ""reviewCreatedVersion"": ""9.1.58.1567"", ""at"": ""2026-07-03 01:06:28"", ""replyContent"": null, ""repliedAt"": null, ""appVersion"": ""9.1.58.1567""}"
run5_day3_20260704_032957,3,Spotify,com.spotify.music,us,en,b035abedf130ca2bd1df6aa44292cee7f343f969669b80ab083a439075b2427b,1f5ec7aa-1a82-4c8b-81f0-45ad90496d11,0,Pankaj Kumar Swarnkar,5,0,2026-07-03T00:58:24+00:00,9.1.60.1970,,,"Best app for music, but ready for ads if u r not premium, also can't get unlimited skips or play ur fav part untill u r on windows or premium membership. But then also it's best music app I ever saw, also it's premium is not too much, price is just you waste on all ur junk food in a day.","Best app for music, but ready for ads if u r not premium, also can't get unlimited skips or play ur fav part untill u r on windows or premium membership. But then also it's best music app I ever saw, also it's premium is not too much, price is just you waste on all ur junk food in a day.",0ab90f1c49692878f6cc5909a97673172c78b4a31a4327b75de133d5b6bbb03d,0ab90f1c49692878f6cc5909a97673172c78b4a31a4327b75de133d5b6bbb03d,"{""reviewId"": ""1f5ec7aa-1a82-4c8b-81f0-45ad90496d11"", ""userName"": ""Pankaj Kumar Swarnkar"", ""userImage"": ""https://play-lh.googleusercontent.com/a-/ALV-UjU7X5RUZ3d29g8Z5jWWsRPhWuFRj6hiMOGXY341yR5VrTG4lVehFw"", ""content"": ""Best app for music, but ready for ads if u r not premium, also can't get unlimited skips or play ur fav part untill u r on windows or premium membership. But then also it's best music app I ever saw, also it's premium is not too much, price is just you waste on all ur junk food in a day."", ""score"": 5, ""thumbsUpCount"": 0, ""reviewCreatedVersion"": ""9.1.60.1970"", ""at"": ""2026-07-03 00:58:24"", ""replyContent"": null, ""repliedAt"": null, ""appVersion"": ""9.1.60.1970""}"
run5_day3_20260704_032957,3,Spotify,com.spotify.music,us,en,4309cca4b6c5842a21a327f7ad302dcac9b8a790b5761ebe53aebdb043c2ff18,c7ca557d-d511-49cc-ad63-41288e242c95,0,Leo Angelo Flores,5,0,2026-07-03T00:57:59+00:00,9.1.60.1970,,,Simply the best,Simply the best,f71f8189da97e1a6c91f6e52dc97e67a1666595883a75f17efdaf5c9db4505c0,f71f8189da97e1a6c91f6e52dc97e67a1666595883a75f17efdaf5c9db4505c0,"{""reviewId"": ""c7ca557d-d511-49cc-ad63-41288e242c95"", ""userName"": ""Leo Angelo Flores"", ""userImage"": ""https://play-lh.googleusercontent.com/a-/ALV-UjXm5B1LrjHZIEDk-_9Qp1mpbIPkzbV5HvOXq9LMI-4eCu7bBu8"", ""content"": ""Simply the best"", ""score"": 5, ""thumbsUpCount"": 0, ""reviewCreatedVersion"": ""9.1.60.1970"", ""at"": ""2026-07-03 00:57:59"", ""replyContent"": null, ""repliedAt"": null, ""appVersion"": ""9.1.60.1970""}"
run5_day3_20260704_032957,3,Spotify,com.spotify.music,us,en,b6a2be10cec55f31f979428e96b4556d0cefeeda2213887629ed367bcb7dc0da,1a2ad6a9-f6bc-40a9-a29c-c0bc969ceb1e,0,Ira,2,0,2026-07-03T00:54:18+00:00,9.1.60.1970,"Hi. The recommendations widget was recently updated and now supports more sizes, it can be resized to the size of the legacy widget. Just visit ""Spotify Home screen widget on Android"" at support.spotify.com for more info. You can also reach out to our Customer Service by searching ""Contact Us"" at the same site if you need more help.",2026-07-03T10:29:49+00:00,new widget is bad. the app forces you to use the new widget but it doesn't fit into the same space that the old widget did. it doesn't make sense for them to release a new widget and prevent us from using the old one. Just let us have different styles. The change is just bad all around.,new widget is bad. the app forces you to use the new widget but it doesn't fit into the same space that the old widget did. it doesn't make sense for them to release a new widget and prevent us from using the old one. Just let us have different styles. The change is just bad all around.,2840be61dd46a3529b5fbdbc90676957798448799794a0c5b6874605e8ec6f6e,2840be61dd46a3529b5fbdbc90676957798448799794a0c5b6874605e8ec6f6e,"{""reviewId"": ""1a2ad6a9-f6bc-40a9-a29c-c0bc969ceb1e"", ""userName"": ""Ira"", ""userImage"": ""https://play-lh.googleusercontent.com/a-/ALV-UjVS_pNq4OxD5dply-vlbvaSg8mxYV-QdBzLW4JEjpSgIsZ6-JRI"", ""content"": ""new widget is bad. the app forces you to use the new widget but it doesn't fit into the same space that the old widget did. it doesn't make sense for them to release a new widget and prevent us from using the old one. Just let us have different styles. The change is just bad all around."", ""score"": 2, ""thumbsUpCount"": 0, ""reviewCreatedVersion"": ""9.1.60.1970"", ""at"": ""2026-07-03 00:54:18"", ""replyContent"": ""Hi. The recommendations widget was recently updated and now supports more sizes, it can be resized to the size of the legacy widget. Just visit \""Spotify Home screen widget on Android\"" at support.spotify.com for more info. You can also reach out to our Customer Service by searching \""Contact Us\"" at the same site if you need more help."", ""repliedAt"": ""2026-07-03 10:29:49"", ""appVersion"": ""9.1.60.1970""}"
run5_day3_20260704_032957,3,Spotify,com.spotify.music,us,en,3541fca63b365232d511d77e3df4c20bdc4d1c75ba6fca36549ecca6ba9be77c,65673f72-b75c-4de3-90ed-89e93363c610,0,Elsa GARCIA,1,0,2026-07-03T00:49:12+00:00,9.1.60.1970,,,"dude:( I was just listening peacefully to a song that last 2 hours and 20 minutes and when it changed to a different song I went to go fix it but then when I pressed on the playlist and then on the song it said I had to pay TO listen to it! I tried to see if it was just that playlist and now I can't even listen to my favorite songs... please fix and make it free, I beg..","dude:( I was just listening peacefully to a song that last 2 hours and 20 minutes and when it changed to a different song I went to go fix it but then when I pressed on the playlist and then on the song it said I had to pay TO listen to it! I tried to see if it was just that playlist and now I can't even listen to my favorite songs... please fix and make it free, I beg..",050293e4c500bdd306252e597f0bc502d38abedc5ca3c1655e9390b323956c15,050293e4c500bdd306252e597f0bc502d38abedc5ca3c1655e9390b323956c15,"{""reviewId"": ""65673f72-b75c-4de3-90ed-89e93363c610"", ""userName"": ""Elsa GARCIA"", ""userImage"": ""https://play-lh.googleusercontent.com/a-/ALV-UjUfOP2EF3UydLb1XkyxAGT7gAFEmvHXYqRcjoI-4FXHVzkocEg"", ""content"": ""dude:( I was just listening peacefully to a song that last 2 hours and 20 minutes and when it changed to a different song I went to go fix it but then when I pressed on the playlist and then on the song it said I had to pay TO listen to it! I tried to see if it was just that playlist and now I can't even listen to my favorite songs... please fix and make it free, I beg.."", ""score"": 1, ""thumbsUpCount"": 0, ""reviewCreatedVersion"": ""9.1.60.1970"", ""at"": ""2026-07-03 00:49:12"", ""replyContent"": null, ""repliedAt"": null, ""appVersion"": ""9.1.60.1970""}"
run5_day3_20260704_032957,3,Spotify,com.spotify.music,us,en,d646600769e71b270cd9ba8df1c3e0b7b8a7024b36830aa0db7eedf6b5cc9b67,517eb9c0-7a63-4024-a254-f55923407e1e,0,Baby Roy,5,0,2026-07-03T00:47:12+00:00,,,,It is very good 👍,It is very good 👍,bce402b690b5ea5d029db358d5607daea8e0ea4495b35bc9ae5fb0b43534bc79,bce402b690b5ea5d029db358d5607daea8e0ea4495b35bc9ae5fb0b43534bc79,"{""reviewId"": ""517eb9c0-7a63-4024-a254-f55923407e1e"", ""userName"": ""Baby Roy"", ""userImage"": ""https://play-lh.googleusercontent.com/a-/ALV-UjVCNR842dNYGaHwbJsN5ZMuNhs0H4w_SfHDGtTRZ7kDKgEYU3Hc"", ""content"": ""It is very good 👍"", ""score"": 5, ""thumbsUpCount"": 0, ""reviewCreatedVersion"": null, ""at"": ""2026-07-03 00:47:12"", ""replyContent"": null, ""repliedAt"": null, ""appVersion"": null}"
run5_day3_20260704_032957,3,Spotify,com.spotify.music,us,en,32aa80a30d288d2b3f7b60696406207c67e4ab7463891be89b63cf21f32010f7,bc118a90-a795-46d7-8f33-fe9a3dac096d,0,Avadhoot Bhake,3,0,2026-07-03T00:43:51+00:00,9.1.60.1970,"Hey! We hear you and we'll pass your feedback along to the Ads team. For an ad-free experience, we'd recommend checking out our Premium plans at spotify.com/premium. If you've never had Premium before, you should be eligible for our trial.",2026-07-03T11:18:52+00:00,the music quality is good but there are a lot of ads which ruin the music listening,the music quality is good but there are a lot of ads which ruin the music listening,056e90b653dcdcf13bd8fe9716b25779ffc8e45d3ac4fee775648008130d97db,056e90b653dcdcf13bd8fe9716b25779ffc8e45d3ac4fee775648008130d97db,"{""reviewId"": ""bc118a90-a795-46d7-8f33-fe9a3dac096d"", ""userName"": ""Avadhoot Bhake"", ""userImage"": ""https://play-lh.googleusercontent.com/a/ACg8ocKATIlkzGe4IiqsAgPzkC5gWgFz49ct2EcNuXwTk3yAUo8k_tI=mo"", ""content"": ""the music quality is good but there are a lot of ads which ruin the music listening"", ""score"": 3, ""thumbsUpCount"": 0, ""reviewCreatedVersion"": ""9.1.60.1970"", ""at"": ""2026-07-03 00:43:51"", ""replyContent"": ""Hey! We hear you and we'll pass your feedback along to the Ads team. For an ad-free experience, we'd recommend checking out our Premium plans at spotify.com/premium. If you've never had Premium before, you should be eligible for our trial."", ""repliedAt"": ""2026-07-03 11:18:52"", ""appVersion"": ""9.1.60.1970""}"
run5_day3_20260704_032957,3,Spotify,com.spotify.music,us,en,f94e12f7399813d8a42ac1a62a34866eaf240e7b22a9407b3089d2c697a77d36,322fcf72-b961-4559-b3c8-c0744ecb12a8,0,jackson pizzolato,5,0,2026-07-03T00:40:24+00:00,9.1.60.1970,,,"great app, wish there were less ads though","great app, wish there were less ads though",a4a621ff6a60cb5c50601bd424f4abe2701de00f24fbdd534f49e23544472e6c,a4a621ff6a60cb5c50601bd424f4abe2701de00f24fbdd534f49e23544472e6c,"{""reviewId"": ""322fcf72-b961-4559-b3c8-c0744ecb12a8"", ""userName"": ""jackson pizzolato"", ""userImage"": ""https://play-lh.googleusercontent.com/a-/ALV-UjUbESNsXVRDl59sc2T-ZtqRVmxnWFvpnka6y36ihy-50zK6T40b"", ""content"": ""great app, wish there were less ads though"", ""score"": 5, ""thumbsUpCount"": 0, ""reviewCreatedVersion"": ""9.1.60.1970"", ""at"": ""2026-07-03 00:40:24"", ""replyContent"": null, ""repliedAt"": null, ""appVersion"": ""9.1.60.1970""}"
run5_day3_20260704_032957,3,Spotify,com.spotify.music,us,en,a9eb2b51cf578b5581df5ffb578cae32bdbefc3c2713ba5ee400de5fefaac82e,420ee231-69e1-4ffd-ab4a-b22f02b2aa3e,0,Layton Reid,5,0,2026-07-03T00:36:42+00:00,9.1.60.1970,,,INCREDIBLE,INCREDIBLE,3f05a9986c7e1f472c1db664e78f8881577bb72c2fd4ae1e90461a5f3afefa21,3f05a9986c7e1f472c1db664e78f8881577bb72c2fd4ae1e90461a5f3afefa21,"{""reviewId"": ""420ee231-69e1-4ffd-ab4a-b22f02b2aa3e"", ""userName"": ""Layton Reid"", ""userImage"": ""https://play-lh.googleusercontent.com/a-/ALV-UjWsuiWOKMRq-Mvc3GnpFlA5a1qYpI7Erd7dK4rDJ7nS5tEgl__Q"", ""content"": ""INCREDIBLE"", ""score"": 5, ""thumbsUpCount"": 0, ""reviewCreatedVersion"": ""9.1.60.1970"", ""at"": ""2026-07-03 00:36:42"", ""replyContent"": null, ""repliedAt"": null, ""appVersion"": ""9.1.60.1970""}"
run5_day3_20260704_032957,3,Spotify,com.spotify.music,us,en,3c3a0f888828af0bf043cceb27a14493625cafbb19555229f09a07a0e160349b,7a7496da-0103-4806-be39-03e21fb97f8c,0,Greg Sinclair (PARISH),5,0,2026-07-03T00:35:01+00:00,9.1.60.1970,,,"The perfect free music. I cannot remember exactly how long i have used Spotify, could be 10 years, or more. I only use the free version. There are some adverts. They last about 90 seconds, mostly about Spotify. I have played music usually via Google speakers and sometimes via one of my Hi Fi setups. The quality is always excellent","The perfect free music. I cannot remember exactly how long i have used Spotify, could be 10 years, or more. I only use the free version. There are some adverts. They last about 90 seconds, mostly about Spotify. I have played music usually via Google speakers and sometimes via one of my Hi Fi setups. The quality is always excellent",2894482c92a4bbf1682c0e080bbe89ed1e535456cd7e47ea7a3e7e37c194a478,2894482c92a4bbf1682c0e080bbe89ed1e535456cd7e47ea7a3e7e37c194a478,"{""reviewId"": ""7a7496da-0103-4806-be39-03e21fb97f8c"", ""userName"": ""Greg Sinclair (PARISH)"", ""userImage"": ""https://play-lh.googleusercontent.com/a-/ALV-UjUpvjGqg5ma4UWRoV5N3ulRfp5sGhnLaAiSlz3jqJStUdWbOA0q"", ""content"": ""The perfect free music. I cannot remember exactly how long i have used Spotify, could be 10 years, or more. I only use the free version. There are some adverts. They last about 90 seconds, mostly about Spotify. I have played music usually via Google speakers and sometimes via one of my Hi Fi setups. The quality is always excellent"", ""score"": 5, ""thumbsUpCount"": 0, ""reviewCreatedVersion"": ""9.1.60.1970"", ""at"": ""2026-07-03 00:35:01"", ""replyContent"": null, ""repliedAt"": null, ""appVersion"": ""9.1.60.1970""}"
run5_day3_20260704_032957,3,Spotify,com.spotify.music,us,en,1406df457ca79262d35c60d97b3e9d2e0325aa35e2dc82382c6be3d2bd98332b,ec9053eb-bc54-4930-ad04-3647af7ee5e0,0,Rae Victory,1,4,2026-07-03T00:27:11+00:00,9.1.60.1970,"Hi. To keep enjoying Spotify, we'd recommend updating your device’s Operating System to the latest version, then updating your Spotify app via the Google Play Store. If that doesn't work, feel free to reach out to our Customer Service by searching ""Contact Us"" at support.spotify.com.",2026-07-03T10:26:08+00:00,started crashing randomly for about 2 months now and being incredibly laggy all the time - every motion drops the app frames to a crawl,started crashing randomly for about 2 months now and being incredibly laggy all the time - every motion drops the app frames to a crawl,f7d5092cc84cc3072287cb25925fb9512953e983fbe44a63f9c75b01bcf57389,f7d5092cc84cc3072287cb25925fb9512953e983fbe44a63f9c75b01bcf57389,"{""reviewId"": ""ec9053eb-bc54-4930-ad04-3647af7ee5e0"", ""userName"": ""Rae Victory"", ""userImage"": ""https://play-lh.googleusercontent.com/a/ACg8ocISZfW1Sw8xnUQjHevPwHlwt_BJHbiBEZKmbyPojFNfDCeADg=mo"", ""content"": ""started crashing randomly for about 2 months now and being incredibly laggy all the time - every motion drops the app frames to a crawl"", ""score"": 1, ""thumbsUpCount"": 4, ""reviewCreatedVersion"": ""9.1.60.1970"", ""at"": ""2026-07-03 00:27:11"", ""replyContent"": ""Hi. To keep enjoying Spotify, we'd recommend updating your device’s Operating System to the latest version, then updating your Spotify app via the Google Play Store. If that doesn't work, feel free to reach out to our Customer Service by searching \""Contact Us\"" at support.spotify.com."", ""repliedAt"": ""2026-07-03 10:26:08"", ""appVersion"": ""9.1.60.1970""}"
run5_day3_20260704_032957,3,Spotify,com.spotify.music,us,en,358d580fef6faed73482376c8b4a61c97823181e344f53fbb2a4bebbc9f3502c,ecde7cc4-7c01-4105-9864-82a7ffa6e4b9,0,Terence Brookes,5,0,2026-07-03T00:26:06+00:00,9.1.60.1970,,,Great place for all your music.,Great place for all your music.,c5fba8fb7ef72d5deda87405e0393f0283c2340b4bf1b40d4c4e0584a6fdf154,c5fba8fb7ef72d5deda87405e0393f0283c2340b4bf1b40d4c4e0584a6fdf154,"{""reviewId"": ""ecde7cc4-7c01-4105-9864-82a7ffa6e4b9"", ""userName"": ""Terence Brookes"", ""userImage"": ""https://play-lh.googleusercontent.com/a/ACg8ocLGETWm05i1l3lvhXdtrIghpHDIqxaWGNULclDNFa0L2172tQ=mo"", ""content"": ""Great place for all your music."", ""score"": 5, ""thumbsUpCount"": 0, ""reviewCreatedVersion"": ""9.1.60.1970"", ""at"": ""2026-07-03 00:26:06"", ""replyContent"": null, ""repliedAt"": null, ""appVersion"": ""9.1.60.1970""}"
run5_day3_20260704_032957,3,Spotify,com.spotify.music,us,en,72c6a1c90a0ff8f61cfb990f4bd0e68d253c6c080173738c007633a585dd4979,1fc00c9e-93d2-435d-9b3a-eb8a386b5cd0,0,Badr Mohammed,1,1,2026-07-03T00:25:34+00:00,9.1.0.1147,"أهلا (بك)، العفو بملاحظاتكم. لقد قمنا بتحسين خدمتنا المجانية. الآن بإمكانكم الاستمتاع بتخطي غير محدود للأغاني طالما أن تطبيقكم مُحدّث إلى أحدث إصدار. لمزيد من التفاصيل حول هذا التحديث، تفضلوا بزيارة newsroom.spotify.com وابحثوا عن ""تجربة Spotify المجانية أفضل من أي وقت مضى - إليكم كيفية الاستفادة القصوى منها"".",2026-01-29T23:24:55+00:00,"لو في أقل من نجمه واحده كنت عملتها يعني اي مينفعش اعمل سكيب للأغنية غير ٦ مرات كل ساعه اي العبث ده If there were a rating lower than one star, I would’ve given it. What do you mean I can only skip 6 songs per hour? This is ridiculous.","لو في أقل من نجمه واحده كنت عملتها يعني اي مينفعش اعمل سكيب للأغنية غير ٦ مرات كل ساعه اي العبث ده If there were a rating lower than one star, I would’ve given it. What do you mean I can only skip 6 songs per hour? This is ridiculous.",5ad3ebe0c746bffa4f0657ba5d5f8b2265187b5bd1e2c473a2a8e989201541aa,5ad3ebe0c746bffa4f0657ba5d5f8b2265187b5bd1e2c473a2a8e989201541aa,"{""reviewId"": ""1fc00c9e-93d2-435d-9b3a-eb8a386b5cd0"", ""userName"": ""Badr Mohammed"", ""userImage"": ""https://play-lh.googleusercontent.com/a/ACg8ocIQkpCFcC5v9znVlEvuEA5XOnRJb-PBQC4xJukJL4Ybu2QlBQ=mo"", ""content"": ""لو في أقل من نجمه واحده كنت عملتها يعني اي مينفعش اعمل سكيب للأغنية غير ٦ مرات كل ساعه اي العبث ده If there were a rating lower than one star, I would’ve given it. What do you mean I can only skip 6 songs per hour? This is ridiculous."", ""score"": 1, ""thumbsUpCount"": 1, ""reviewCreatedVersion"": ""9.1.0.1147"", ""at"": ""2026-07-03 00:25:34"", ""replyContent"": ""أهلا (بك)، العفو بملاحظاتكم. لقد قمنا بتحسين خدمتنا المجانية. الآن بإمكانكم الاستمتاع بتخطي غير محدود للأغاني طالما أن تطبيقكم مُحدّث إلى أحدث إصدار. لمزيد من التفاصيل حول هذا التحديث، تفضلوا بزيارة newsroom.spotify.com وابحثوا عن \""تجربة Spotify المجانية أفضل من أي وقت مضى - إليكم كيفية الاستفادة القصوى منها\""."", ""repliedAt"": ""2026-01-29 23:24:55"", ""appVersion"": ""9.1.0.1147""}"
run5_day3_20260704_032957,3,Spotify,com.spotify.music,us,en,30423f69c28610679c4570363fad6f5595ec329c6e74b13715b63674617a6d8c,c68f08ca-13a6-4933-b512-e87261bfe214,0,raul quispe,5,0,2026-07-03T00:23:53+00:00,,,,i love it,i love it,898a8c802384e3ad4b6be0480db81de31c995139362f3da52ca2302eec12515d,898a8c802384e3ad4b6be0480db81de31c995139362f3da52ca2302eec12515d,"{""reviewId"": ""c68f08ca-13a6-4933-b512-e87261bfe214"", ""userName"": ""raul quispe"", ""userImage"": ""https://play-lh.googleusercontent.com/a-/ALV-UjW_NOgqHV1bhpNVwS5rHIPuTf9Sn0M5UhYETbyuHYN_lKOQ3Qw"", ""content"": ""i love it"", ""score"": 5, ""thumbsUpCount"": 0, ""reviewCreatedVersion"": null, ""at"": ""2026-07-03 00:23:53"", ""replyContent"": null, ""repliedAt"": null, ""appVersion"": null}"
run5_day3_20260704_032957,3,Spotify,com.spotify.music,us,en,ef07912d4a1dd04506adddb6a9679c4f2365a2375f835dc60d4fdb778068a734,f459df4b-d3ec-49c0-a86d-62377ac745c0,0,alexandrin Pearson,1,1,2026-07-03T00:21:12+00:00,9.1.60.1970,,,"app absolutely sucks, and that's not just coming from me. everytime you listen to a song you get like 5-3 ads and some people just wanna enjoy a song/ or anything, and 1-2 adds is understandable, but also they pay you for skips and for no ads, and some people cant pay that? like why cant the ad skips be free, and when u try to skip a song they won't let u do that either. and I put on one of my favorite playlists, and Spotify didn't play it, play any of them in fact, and played a random song..?","app absolutely sucks, and that's not just coming from me. everytime you listen to a song you get like 5-3 ads and some people just wanna enjoy a song/ or anything, and 1-2 adds is understandable, but also they pay you for skips and for no ads, and some people cant pay that? like why cant the ad skips be free, and when u try to skip a song they won't let u do that either. and I put on one of my favorite playlists, and Spotify didn't play it, play any of them in fact, and played a random song..?",8474100148d6fed14ebd83769fa56344895df7757e38af36e3ec874cc77f3a30,8474100148d6fed14ebd83769fa56344895df7757e38af36e3ec874cc77f3a30,"{""reviewId"": ""f459df4b-d3ec-49c0-a86d-62377ac745c0"", ""userName"": ""alexandrin Pearson"", ""userImage"": ""https://play-lh.googleusercontent.com/a/ACg8ocLLGOeYBhmxStbTolSWYGEPHQZe_IqaLDf70S6o3rOu1Sx-Uw=mo"", ""content"": ""app absolutely sucks, and that's not just coming from me. everytime you listen to a song you get like 5-3 ads and some people just wanna enjoy a song/ or anything, and 1-2 adds is understandable, but also they pay you for skips and for no ads, and some people cant pay that? like why cant the ad skips be free, and when u try to skip a song they won't let u do that either. and I put on one of my favorite playlists, and Spotify didn't play it, play any of them in fact, and played a random song..?"", ""score"": 1, ""thumbsUpCount"": 1, ""reviewCreatedVersion"": ""9.1.60.1970"", ""at"": ""2026-07-03 00:21:12"", ""replyContent"": null, ""repliedAt"": null, ""appVersion"": ""9.1.60.1970""}"
run5_day3_20260704_032957,3,Spotify,com.spotify.music,us,en,4cd1e3726afa73986a0eacf2f4a09d18687d5d25e4d2efa3d0f96370d81ef58b,80eb1fc0-213f-41e9-9df5-5dc42280bdba,0,Jay Pasquarille,5,0,2026-07-03T00:18:52+00:00,9.1.56.574,,,very awesome experience with the music and very easy to navigate through your system so it is a very good experience in my book,very awesome experience with the music and very easy to navigate through your system so it is a very good experience in my book,f16449dd441dbea66e7732359618d55aa35b7d4b0757aa7439ee769c9012f914,f16449dd441dbea66e7732359618d55aa35b7d4b0757aa7439ee769c9012f914,"{""reviewId"": ""80eb1fc0-213f-41e9-9df5-5dc42280bdba"", ""userName"": ""Jay Pasquarille"", ""userImage"": ""https://play-lh.googleusercontent.com/a-/ALV-UjWWDOfccuvUcv43VBvd-HAGsRj6n88IWlpeKnRoZ4ARyyAWlyo"", ""content"": ""very awesome experience with the music and very easy to navigate through your system so it is a very good experience in my book"", ""score"": 5, ""thumbsUpCount"": 0, ""reviewCreatedVersion"": ""9.1.56.574"", ""at"": ""2026-07-03 00:18:52"", ""replyContent"": null, ""repliedAt"": null, ""appVersion"": ""9.1.56.574""}"
run5_day3_20260704_032957,3,Spotify,com.spotify.music,us,en,578893224e865dd0f06c51124f92caf6d65502431fabbc35a933cc47add51e77,00c412cd-3207-4f7d-9d6e-380eaf6f23f7,0,Jacqueline Wilson,5,0,2026-07-03T00:16:33+00:00,9.1.60.1970,,,it is an amazing app for music,it is an amazing app for music,99cdd60ef270e57421903385497f2abce46f0de9d44beed6c9bf385272b957d3,99cdd60ef270e57421903385497f2abce46f0de9d44beed6c9bf385272b957d3,"{""reviewId"": ""00c412cd-3207-4f7d-9d6e-380eaf6f23f7"", ""userName"": ""Jacqueline Wilson"", ""userImage"": ""https://play-lh.googleusercontent.com/a/ACg8ocLwEwbL6KA33rsDJeDm3sUJEPghmYc0O1talsIkXr-VLRtpqg=mo"", ""content"": ""it is an amazing app for music"", ""score"": 5, ""thumbsUpCount"": 0, ""reviewCreatedVersion"": ""9.1.60.1970"", ""at"": ""2026-07-03 00:16:33"", ""replyContent"": null, ""repliedAt"": null, ""appVersion"": ""9.1.60.1970""}"
run5_day3_20260704_032957,3,Spotify,com.spotify.music,us,en,57a4ee72cbc56a79add2f631ecb4a1d59d41fb53b203cb1d1004b0dbd06b08a3,9a00d66e-a4f4-4662-a66e-0654c160a961,0,Πρόδρομος Προδρόμου,5,0,2026-07-03T00:16:31+00:00,9.1.60.1970,"Hey there! We'd love to get some more info about this. If you have the time, give our Customer Service a shout. You can find them by heading to support.spotify.com and searching ""Contact us"".",2026-07-01T15:47:41+00:00,issue done and fixed . thank you spotify,issue done and fixed . thank you spotify,fcd8675c0542835602766351b68d1861e3411c8dee3160ca961711ac17e68237,fcd8675c0542835602766351b68d1861e3411c8dee3160ca961711ac17e68237,"{""reviewId"": ""9a00d66e-a4f4-4662-a66e-0654c160a961"", ""userName"": ""Πρόδρομος Προδρόμου"", ""userImage"": ""https://play-lh.googleusercontent.com/a-/ALV-UjWfAj_t1AVTJin3lYgaFDKlPabxfyaGvA7VAM6Ar4UBml6RCxuZ"", ""content"": ""issue done and fixed . thank you spotify"", ""score"": 5, ""thumbsUpCount"": 0, ""reviewCreatedVersion"": ""9.1.60.1970"", ""at"": ""2026-07-03 00:16:31"", ""replyContent"": ""Hey there! We'd love to get some more info about this. If you have the time, give our Customer Service a shout. You can find them by heading to support.spotify.com and searching \""Contact us\""."", ""repliedAt"": ""2026-07-01 15:47:41"", ""appVersion"": ""9.1.60.1970""}"
run5_day3_20260704_032957,3,Spotify,com.spotify.music,us,en,2e6f1b483b601eb3ce5c7848fc127c9c8bbfedbac96f1994d558abc40b4d8de7,b85d7362-fe74-4d34-8978-33ac6eee755e,0,Violet Kunkel,2,0,2026-07-03T00:13:54+00:00,9.1.60.1970,,,"If you have a Galaxy or Android, anything other than an iPhone, don't even BOTHER. It hijacks your whole phone, and glitches if you try to do anything in the app beyond play a song or playlist. Actual hotdog water 👎 🍅 🍅","If you have a Galaxy or Android, anything other than an iPhone, don't even BOTHER. It hijacks your whole phone, and glitches if you try to do anything in the app beyond play a song or playlist. Actual hotdog water 👎 🍅 🍅",2d2f0347af451ecd5eb2192c66905beb6654f1216d33e42639db11dfe4a7d153,2d2f0347af451ecd5eb2192c66905beb6654f1216d33e42639db11dfe4a7d153,"{""reviewId"": ""b85d7362-fe74-4d34-8978-33ac6eee755e"", ""userName"": ""Violet Kunkel"", ""userImage"": ""https://play-lh.googleusercontent.com/a-/ALV-UjUsdZLZBd_33KEKtYmR5m2Lf5uSEUklqly6Qbn5P8XgckyXG0RR"", ""content"": ""If you have a Galaxy or Android, anything other than an iPhone, don't even BOTHER. It hijacks your whole phone, and glitches if you try to do anything in the app beyond play a song or playlist. Actual hotdog water 👎 🍅 🍅"", ""score"": 2, ""thumbsUpCount"": 0, ""reviewCreatedVersion"": ""9.1.60.1970"", ""at"": ""2026-07-03 00:13:54"", ""replyContent"": null, ""repliedAt"": null, ""appVersion"": ""9.1.60.1970""}"
run5_day3_20260704_032957,3,Spotify,com.spotify.music,us,en,04e3030ae2356cf7c9a740a2447a50fd156360baa53f4546d36a5cde99508b37,75f8d2fc-7789-48e7-977f-a78830540499,0,Isaac Bronsink,1,1,2026-07-03T00:12:31+00:00,9.1.60.1970,,,"to many adds, evil","to many adds, evil",a5629c32d1563d7ae85910b8339b6726069b199122f84256d76bb3f74fa76df2,a5629c32d1563d7ae85910b8339b6726069b199122f84256d76bb3f74fa76df2,"{""reviewId"": ""75f8d2fc-7789-48e7-977f-a78830540499"", ""userName"": ""Isaac Bronsink"", ""userImage"": ""https://play-lh.googleusercontent.com/a-/ALV-UjX2L5C3r6ro-lnoeFGZSo1JAk-265P8FVdrCeAQJbXzrvK6qVkC"", ""content"": ""to many adds, evil"", ""score"": 1, ""thumbsUpCount"": 1, ""reviewCreatedVersion"": ""9.1.60.1970"", ""at"": ""2026-07-03 00:12:31"", ""replyContent"": null, ""repliedAt"": null, ""appVersion"": ""9.1.60.1970""}"
run5_day3_20260704_032957,3,Spotify,com.spotify.music,us,en,2c64e75f9bf535f516d0c8f458a1628066012b12da08f6708a300e3f394a73a3,c3e08aa5-5c43-411a-99c6-a7c2f6cafd4d,0,Susan Cook,5,0,2026-07-03T00:11:23+00:00,9.1.60.1970,,,love it!,love it!,1545056e30f4c48c8e47c7b34d967997250c37a47c4077a4411c33af8579f53d,1545056e30f4c48c8e47c7b34d967997250c37a47c4077a4411c33af8579f53d,"{""reviewId"": ""c3e08aa5-5c43-411a-99c6-a7c2f6cafd4d"", ""userName"": ""Susan Cook"", ""userImage"": ""https://play-lh.googleusercontent.com/a-/ALV-UjWejrTT_m20cdz8R9ZqXkWY0GADop8SAYkT356nOb8M7No4ano"", ""content"": ""love it!"", ""score"": 5, ""thumbsUpCount"": 0, ""reviewCreatedVersion"": ""9.1.60.1970"", ""at"": ""2026-07-03 00:11:23"", ""replyContent"": null, ""repliedAt"": null, ""appVersion"": ""9.1.60.1970""}"
run5_day3_20260704_032957,3,Spotify,com.spotify.music,us,en,13e56ea5f5d66dc71354d715f662ac60c3d4371212f217badc24450d95318568,2fdfd4aa-23cc-4e1e-90ef-49e1b9c57c6f,0,Joshua Kunkle,5,0,2026-07-03T00:10:28+00:00,,,,love this app and how i am able to listen to underground punk and ska that I grew up with! very nostalgic!!!,love this app and how i am able to listen to underground punk and ska that I grew up with! very nostalgic!!!,804efa33d939d4648659a3d9ff3b3b25434a58b8f8e2b88a7422be2434ca6904,804efa33d939d4648659a3d9ff3b3b25434a58b8f8e2b88a7422be2434ca6904,"{""reviewId"": ""2fdfd4aa-23cc-4e1e-90ef-49e1b9c57c6f"", ""userName"": ""Joshua Kunkle"", ""userImage"": ""https://play-lh.googleusercontent.com/a/ACg8ocId0wt9Ka1DSKBNsNLzs88YUW6nWNbycWhuQzXcK-qSAWpbXA=mo"", ""content"": ""love this app and how i am able to listen to underground punk and ska that I grew up with! very nostalgic!!!"", ""score"": 5, ""thumbsUpCount"": 0, ""reviewCreatedVersion"": null, ""at"": ""2026-07-03 00:10:28"", ""replyContent"": null, ""repliedAt"": null, ""appVersion"": null}"
run5_day3_20260704_032957,3,Spotify,com.spotify.music,us,en,3bd0b41417f16364698bacf9d2ae49a3e67f1d988d0a3c537cbb04660397a2f5,82e3db48-fd38-4217-8c22-c6f8647bf038,0,Taylor Clifton,2,0,2026-07-03T00:08:14+00:00,8.4.4.810,"Hi. Have you tried a quick reinstall? If that doesn't help, we'd recommend reaching out to our Customer Service at support.spotify.com. Just search “Contact Us”, and they'll be happy to help.",2026-07-03T10:25:38+00:00,"Premium has gotten so expensive, I stopped paying for it. But the free version makes it not even worth listening to. It only lets me listen to 2 songs in a row before forcing me to listen to 4 ads. That ratio is insane! Half of what I hear is ads. I've redownloaded the app several times to see if that helps, but nothing fixes it. I've gone back to using Pandora. It let's me listen to several songs before an ad break, and even then it's only one or two 30 second ones at a time. DO BETTER!","Premium has gotten so expensive, I stopped paying for it. But the free version makes it not even worth listening to. It only lets me listen to 2 songs in a row before forcing me to listen to 4 ads. That ratio is insane! Half of what I hear is ads. I've redownloaded the app several times to see if that helps, but nothing fixes it. I've gone back to using Pandora. It let's me listen to several songs before an ad break, and even then it's only one or two 30 second ones at a time. DO BETTER!",64acd076cf05d6605f525ddb637321fb1ccf926d73e880aa72d10dca7f2776fb,64acd076cf05d6605f525ddb637321fb1ccf926d73e880aa72d10dca7f2776fb,"{""reviewId"": ""82e3db48-fd38-4217-8c22-c6f8647bf038"", ""userName"": ""Taylor Clifton"", ""userImage"": ""https://play-lh.googleusercontent.com/a/ACg8ocKNCMI071RuQeoYCHkPExJWnE1-ex-a6jmUkQR5QkPXIZFF5ag=mo"", ""content"": ""Premium has gotten so expensive, I stopped paying for it. But the free version makes it not even worth listening to. It only lets me listen to 2 songs in a row before forcing me to listen to 4 ads. That ratio is insane! Half of what I hear is ads. I've redownloaded the app several times to see if that helps, but nothing fixes it. I've gone back to using Pandora. It let's me listen to several songs before an ad break, and even then it's only one or two 30 second ones at a time. DO BETTER!"", ""score"": 2, ""thumbsUpCount"": 0, ""reviewCreatedVersion"": ""8.4.4.810"", ""at"": ""2026-07-03 00:08:14"", ""replyContent"": ""Hi. Have you tried a quick reinstall? If that doesn't help, we'd recommend reaching out to our Customer Service at support.spotify.com. Just search “Contact Us”, and they'll be happy to help."", ""repliedAt"": ""2026-07-03 10:25:38"", ""appVersion"": ""8.4.4.810""}"
run5_day3_20260704_032957,3,Spotify,com.spotify.music,us,en,924b08bbb0fa72206c2d88468f4c045a4b7e01c8eb409af14397819e5a1d94ca,5d84206e-328f-4bf2-8c68-f02d10031ddf,0,Stephanie Carter,5,0,2026-07-03T00:08:04+00:00,9.1.60.1970,,,I like the fact that y'all play all the music 🎶 I like...,I like the fact that y'all play all the music 🎶 I like...,f01f97ba01e7af3b9be1723f8c10717eb9fb7d4b64ab297d2062ba2a5e5e92ec,f01f97ba01e7af3b9be1723f8c10717eb9fb7d4b64ab297d2062ba2a5e5e92ec,"{""reviewId"": ""5d84206e-328f-4bf2-8c68-f02d10031ddf"", ""userName"": ""Stephanie Carter"", ""userImage"": ""https://play-lh.googleusercontent.com/a-/ALV-UjWH7kBVRCuFcJwkPftftoOqHmx-xa2pNZqor_Nj9gPGQLuzYq5g5w"", ""content"": ""I like the fact that y'all play all the music 🎶 I like..."", ""score"": 5, ""thumbsUpCount"": 0, ""reviewCreatedVersion"": ""9.1.60.1970"", ""at"": ""2026-07-03 00:08:04"", ""replyContent"": null, ""repliedAt"": null, ""appVersion"": ""9.1.60.1970""}"
run5_day3_20260704_032957,3,Spotify,com.spotify.music,us,en,227b666968fa283ceded4fe7ce63225c1d4e758495ab8b372bb405f61b9687e4,625b3b19-62d2-41d5-92a0-b29a3f98414e,0,Mike HerAgui,5,0,2026-07-03T00:07:39+00:00,9.1.60.1970,,,great app,great app,1aa00403ed50b7e3b7fce992a87c67efbfa1d227ecf2c838a53c6e0028eaef72,1aa00403ed50b7e3b7fce992a87c67efbfa1d227ecf2c838a53c6e0028eaef72,"{""reviewId"": ""625b3b19-62d2-41d5-92a0-b29a3f98414e"", ""userName"": ""Mike HerAgui"", ""userImage"": ""https://play-lh.googleusercontent.com/a-/ALV-UjVOOIWp-XSNsKAgeHg2_L0mCO0L__xr7sGu0x0zroPjkFw7IIt3bw"", ""content"": ""great app"", ""score"": 5, ""thumbsUpCount"": 0, ""reviewCreatedVersion"": ""9.1.60.1970"", ""at"": ""2026-07-03 00:07:39"", ""replyContent"": null, ""repliedAt"": null, ""appVersion"": ""9.1.60.1970""}"
run5_day3_20260704_032957,3,Spotify,com.spotify.music,us,en,57bec8b80f34c33e7923952aecdafb338a3e866a66d615fcc634990cd98a5f03,37d8cf42-00fd-44d1-926b-3cc710efaa62,0,Cybelle Jane Macapugas,5,0,2026-07-03T00:06:30+00:00,,,,good quality of sound,good quality of sound,cbbb394f390a853201a914b9a5e1d251ae8743561fca61e9b21f79d58a0eaeea,cbbb394f390a853201a914b9a5e1d251ae8743561fca61e9b21f79d58a0eaeea,"{""reviewId"": ""37d8cf42-00fd-44d1-926b-3cc710efaa62"", ""userName"": ""Cybelle Jane Macapugas"", ""userImage"": ""https://play-lh.googleusercontent.com/a/ACg8ocKKQQ8U83yggEPaE4edBEt-q9Wo4GT0uRimNzSVndj-VqW1AQ=mo"", ""content"": ""good quality of sound"", ""score"": 5, ""thumbsUpCount"": 0, ""reviewCreatedVersion"": null, ""at"": ""2026-07-03 00:06:30"", ""replyContent"": null, ""repliedAt"": null, ""appVersion"": null}"
run5_day3_20260704_032957,3,Spotify,com.spotify.music,us,en,0b700c59202b8837031814bf57762edefd1a1705d52bc21ce5df2126b323b571,d418fcef-3fa6-4f9e-95d2-b138b141ef69,0,Jayson Mercado,4,0,2026-07-03T00:06:10+00:00,9.1.60.1970,,,tbh it's a very good app and you do get your money worth i love it especially when I go to different stares or country's tye only down side is when you run out of the skips then it's kinda a issue coz you won't be able to go back to the songs or go to the song ahead if you k ow what I mean but over all its great,tbh it's a very good app and you do get your money worth i love it especially when I go to different stares or country's tye only down side is when you run out of the skips then it's kinda a issue coz you won't be able to go back to the songs or go to the song ahead if you k ow what I mean but over all its great,2bb11182f1b4ffc142bb241da17f1ddb17b5a2473ab3975ace287daf39324729,2bb11182f1b4ffc142bb241da17f1ddb17b5a2473ab3975ace287daf39324729,"{""reviewId"": ""d418fcef-3fa6-4f9e-95d2-b138b141ef69"", ""userName"": ""Jayson Mercado"", ""userImage"": ""https://play-lh.googleusercontent.com/a-/ALV-UjWSUeUzKJme7PZ_oqmUk4Al07vZem1p36r10hAU-8KuILFhkNO6"", ""content"": ""tbh it's a very good app and you do get your money worth i love it especially when I go to different stares or country's tye only down side is when you run out of the skips then it's kinda a issue coz you won't be able to go back to the songs or go to the song ahead if you k ow what I mean but over all its great"", ""score"": 4, ""thumbsUpCount"": 0, ""reviewCreatedVersion"": ""9.1.60.1970"", ""at"": ""2026-07-03 00:06:10"", ""replyContent"": null, ""repliedAt"": null, ""appVersion"": ""9.1.60.1970""}"
run5_day3_20260704_032957,3,Spotify,com.spotify.music,us,en,68d50de5686d8dd7ce2484abb038c2d78ca2d18aa7ca235af887671ab38e0db9,6c047391-92fb-4ca5-bc03-bd9e1c0069b3,0,Promise Apata,3,0,2026-07-03T00:03:14+00:00,9.1.60.1970,,,New here but want to get to know more,New here but want to get to know more,8e6afa66744ea42a6e9bcbae691d7fd1a233f3f02d1e2532272a1374815f6368,8e6afa66744ea42a6e9bcbae691d7fd1a233f3f02d1e2532272a1374815f6368,"{""reviewId"": ""6c047391-92fb-4ca5-bc03-bd9e1c0069b3"", ""userName"": ""Promise Apata"", ""userImage"": ""https://play-lh.googleusercontent.com/a/ACg8ocLg6jo3QZF5x9TLa8V4c2rEJrim5yvu9GYSNrv1ctQnGSzQCRs=mo"", ""content"": ""New here but want to get to know more"", ""score"": 3, ""thumbsUpCount"": 0, ""reviewCreatedVersion"": ""9.1.60.1970"", ""at"": ""2026-07-03 00:03:14"", ""replyContent"": null, ""repliedAt"": null, ""appVersion"": ""9.1.60.1970""}"
run5_day3_20260704_032957,3,Spotify,com.spotify.music,us,en,f564029023dc51ef8d73ef5e1769eb7aa1fb412ff1cda0cdd11958a56808dcc8,f317cadc-2519-43dc-b065-9a3ff1c19800,0,Nicholas A. Wright,5,0,2026-07-03T00:00:27+00:00,,,,MUSIC IS PEAK,MUSIC IS PEAK,2b195977afa3211c7121de79287ac8c5bfaa5bd362c8fed82f3a638b974f4c45,2b195977afa3211c7121de79287ac8c5bfaa5bd362c8fed82f3a638b974f4c45,"{""reviewId"": ""f317cadc-2519-43dc-b065-9a3ff1c19800"", ""userName"": ""Nicholas A. Wright"", ""userImage"": ""https://play-lh.googleusercontent.com/a/ACg8ocI0F9INmEDtuyQI7cdzHt-sga4MbNKjOl5F6g0nPXuyNFz5B8s=mo"", ""content"": ""MUSIC IS PEAK"", ""score"": 5, ""thumbsUpCount"": 0, ""reviewCreatedVersion"": null, ""at"": ""2026-07-03 00:00:27"", ""replyContent"": null, ""repliedAt"": null, ""appVersion"": null}"
run5_day3_20260704_032957,3,Spotify,com.spotify.music,us,en,70cb16ea4bc45aaabb1430a39cf91781b52989e859ec0ff7bdb679f3560bda91,8c18fddb-7e69-49d2-9d08-a9fa7b52ddb5,0,sima,5,0,2026-07-02T23:59:53+00:00,9.1.60.1970,,,It's been great so far,It's been great so far,4a4727a28d9316b7fcb7008f9e6a957f4a5ebff72495182d95832fdb9011c853,4a4727a28d9316b7fcb7008f9e6a957f4a5ebff72495182d95832fdb9011c853,"{""reviewId"": ""8c18fddb-7e69-49d2-9d08-a9fa7b52ddb5"", ""userName"": ""sima"", ""userImage"": ""https://play-lh.googleusercontent.com/a/ACg8ocJ5Oax2boAopcGbFjNnaC11ovkaAN8vBBWj_2yKiohj2EXU0w=mo"", ""content"": ""It's been great so far"", ""score"": 5, ""thumbsUpCount"": 0, ""reviewCreatedVersion"": ""9.1.60.1970"", ""at"": ""2026-07-02 23:59:53"", ""replyContent"": null, ""repliedAt"": null, ""appVersion"": ""9.1.60.1970""}"
run5_day3_20260704_032957,3,Spotify,com.spotify.music,us,en,1c0d7c21b5a7eb00c8934254b0bf73ce6b8c4e9e339d7b68832c11c259cfa91a,a5c66c99-aaf4-4dad-9b83-53c96e085633,0,Bella,5,0,2026-07-02T23:57:48+00:00,9.1.60.1970,,,it's great👍👍👍👍👍👍👍👍👍👍👍👍👍👍👍,it's great👍👍👍👍👍👍👍👍👍👍👍👍👍👍👍,c6c233462cb2e2f658313f4165db10cb43dc906c682d5827429e7f156b9c63f8,c6c233462cb2e2f658313f4165db10cb43dc906c682d5827429e7f156b9c63f8,"{""reviewId"": ""a5c66c99-aaf4-4dad-9b83-53c96e085633"", ""userName"": ""Bella"", ""userImage"": ""https://play-lh.googleusercontent.com/a-/ALV-UjVCre9ignDvP55vmyXbmO7rSavrGsvkf68MDLl0erNJYZTLk38"", ""content"": ""it's great👍👍👍👍👍👍👍👍👍👍👍👍👍👍👍"", ""score"": 5, ""thumbsUpCount"": 0, ""reviewCreatedVersion"": ""9.1.60.1970"", ""at"": ""2026-07-02 23:57:48"", ""replyContent"": null, ""repliedAt"": null, ""appVersion"": ""9.1.60.1970""}"
run5_day3_20260704_032957,3,Spotify,com.spotify.music,us,en,f694b8931d16e578b32b518615bb9ec096ff160b6608d632f8a0f39f3dbde0fe,84115920-f205-4a44-9b18-ca857505abf8,0,Amy Callahan,5,0,2026-07-02T23:54:22+00:00,9.1.60.1970,,,like,like,cab2644828bcc1f220612fde559864da2c5bf0c6eebdcadbb4a4c88c9fcf3927,cab2644828bcc1f220612fde559864da2c5bf0c6eebdcadbb4a4c88c9fcf3927,"{""reviewId"": ""84115920-f205-4a44-9b18-ca857505abf8"", ""userName"": ""Amy Callahan"", ""userImage"": ""https://play-lh.googleusercontent.com/a/ACg8ocL18jO3No-VKROvzUKbClRWPUD1aWJ6Va3nCFinHIjnj3CfNg=mo"", ""content"": ""like"", ""score"": 5, ""thumbsUpCount"": 0, ""reviewCreatedVersion"": ""9.1.60.1970"", ""at"": ""2026-07-02 23:54:22"", ""replyContent"": null, ""repliedAt"": null, ""appVersion"": ""9.1.60.1970""}"
run5_day3_20260704_032957,3,Spotify,com.spotify.music,us,en,e6df44bccca6bca88ac60b35e2d07e582c5508462cbc1171160c494eb34258e5,4606cfb9-7190-4b31-acdf-1f47d5f01df1,0,Kimberly Herrera,5,0,2026-07-02T23:52:18+00:00,9.1.60.1970,"Hi. Thanks for trying those steps. We're open to feedback, and we'd love to get some more info about this. If you have the time, give our Customer Service a shout. You can find them by heading to support.spotify.com and searching ""Contact us"".",2026-07-02T14:09:47+00:00,"I have fixed the problem, other than that this app is great it has all the music you'd love inside of one app, I appreciate that you can listen to other things like podcasts as well.","I have fixed the problem, other than that this app is great it has all the music you'd love inside of one app, I appreciate that you can listen to other things like podcasts as well.",2bb07c9d4e2aa88e65d20f15bff85a1625a2cbf83437658889ac70a7901ca749,2bb07c9d4e2aa88e65d20f15bff85a1625a2cbf83437658889ac70a7901ca749,"{""reviewId"": ""4606cfb9-7190-4b31-acdf-1f47d5f01df1"", ""userName"": ""Kimberly Herrera"", ""userImage"": ""https://play-lh.googleusercontent.com/a-/ALV-UjViPjBoiqZQDi7k3Vs90Iqrg1y1R_5uM-qkcXz8rxKv99MIKcc"", ""content"": ""I have fixed the problem, other than that this app is great it has all the music you'd love inside of one app, I appreciate that you can listen to other things like podcasts as well."", ""score"": 5, ""thumbsUpCount"": 0, ""reviewCreatedVersion"": ""9.1.60.1970"", ""at"": ""2026-07-02 23:52:18"", ""replyContent"": ""Hi. Thanks for trying those steps. We're open to feedback, and we'd love to get some more info about this. If you have the time, give our Customer Service a shout. You can find them by heading to support.spotify.com and searching \""Contact us\""."", ""repliedAt"": ""2026-07-02 14:09:47"", ""appVersion"": ""9.1.60.1970""}"
run5_day3_20260704_032957,3,Spotify,com.spotify.music,us,en,5c44e1b76551782ced2930c84c7dab78364d2a07a4bd3ea6dda85fcec3a89fe4,b259a4fe-0637-4480-81b6-e04f52131311,0,Ann,5,1,2026-07-02T23:48:13+00:00,9.1.60.1970,,,I absolutely love this app!,I absolutely love this app!,cc9eafe7ce8c974091e06d0d54cdc4b45eba045aa1b63b0fc9c86182cce41433,cc9eafe7ce8c974091e06d0d54cdc4b45eba045aa1b63b0fc9c86182cce41433,"{""reviewId"": ""b259a4fe-0637-4480-81b6-e04f52131311"", ""userName"": ""Ann"", ""userImage"": ""https://play-lh.googleusercontent.com/a-/ALV-UjXa5xAzBauN8AeEZVa0CxblEpWIJlst07XZiXuD88clad6HfmBV"", ""content"": ""I absolutely love this app!"", ""score"": 5, ""thumbsUpCount"": 1, ""reviewCreatedVersion"": ""9.1.60.1970"", ""at"": ""2026-07-02 23:48:13"", ""replyContent"": null, ""repliedAt"": null, ""appVersion"": ""9.1.60.1970""}"
run5_day3_20260704_032957,3,Spotify,com.spotify.music,us,en,9876070614a259547dd4b1d6f50a1795fa77ad1595b1fe516bc056aa18eae87b,bea1195e-9a0e-40b4-bdf2-9eba592c9afc,0,rachel harp Cremeans,5,0,2026-07-02T23:43:17+00:00,9.1.22.1630,,,awesome just awesome,awesome just awesome,b528a1f5b54c3ce6bd20ceb5ea53cfa3cb34190f99dffa3b4e5bd9a5e7b22fb7,b528a1f5b54c3ce6bd20ceb5ea53cfa3cb34190f99dffa3b4e5bd9a5e7b22fb7,"{""reviewId"": ""bea1195e-9a0e-40b4-bdf2-9eba592c9afc"", ""userName"": ""rachel harp Cremeans"", ""userImage"": ""https://play-lh.googleusercontent.com/a-/ALV-UjVYf31R4e6iPJAvYJ4Ml0indBuW4SozLH7iG4YwknwusAt9Y1zs"", ""content"": ""awesome just awesome"", ""score"": 5, ""thumbsUpCount"": 0, ""reviewCreatedVersion"": ""9.1.22.1630"", ""at"": ""2026-07-02 23:43:17"", ""replyContent"": null, ""repliedAt"": null, ""appVersion"": ""9.1.22.1630""}"
run5_day3_20260704_032957,3,Spotify,com.spotify.music,us,en,3f7e61f20c57b6d8b78cddc02d0279127a9d7884291ca4351be7a3056f01f789,62d4a86b-727e-48c1-baf6-a46a4feec670,0,Solomon,5,0,2026-07-02T23:42:23+00:00,9.1.60.1970,,,Spotify is a reliable music streaming app and has got me through some boring times,Spotify is a reliable music streaming app and has got me through some boring times,bc96b031dc65f80799080e856b54faef6825a04e23be2fa726181b6766573970,bc96b031dc65f80799080e856b54faef6825a04e23be2fa726181b6766573970,"{""reviewId"": ""62d4a86b-727e-48c1-baf6-a46a4feec670"", ""userName"": ""Solomon"", ""userImage"": ""https://play-lh.googleusercontent.com/a/ACg8ocI7m15dljslBRgSrWwKUly2b3km1StNtCMbyM7NAxiKHZIjWg=mo"", ""content"": ""Spotify is a reliable music streaming app and has got me through some boring times"", ""score"": 5, ""thumbsUpCount"": 0, ""reviewCreatedVersion"": ""9.1.60.1970"", ""at"": ""2026-07-02 23:42:23"", ""replyContent"": null, ""repliedAt"": null, ""appVersion"": ""9.1.60.1970""}"
run5_day3_20260704_032957,3,Spotify,com.spotify.music,us,en,339b1fe06cc33f6062905b9817ac992c0c775a6dec31ae62cd6a567dce88668b,ad59cf08-f8de-461f-be0e-2445579957d0,0,Mayron Steward Peralta Martinez,5,0,2026-07-02T23:41:43+00:00,9.1.60.1970,,,good,good,770e607624d689265ca6c44884d0807d9b054d23c473c106c72be9de08b7376c,770e607624d689265ca6c44884d0807d9b054d23c473c106c72be9de08b7376c,"{""reviewId"": ""ad59cf08-f8de-461f-be0e-2445579957d0"", ""userName"": ""Mayron Steward Peralta Martinez"", ""userImage"": ""https://play-lh.googleusercontent.com/a-/ALV-UjVbfzKIY7hTybkIi7c_yrLrTfJcL5lJuciUYWFZvV7KhpbyUhw"", ""content"": ""good"", ""score"": 5, ""thumbsUpCount"": 0, ""reviewCreatedVersion"": ""9.1.60.1970"", ""at"": ""2026-07-02 23:41:43"", ""replyContent"": null, ""repliedAt"": null, ""appVersion"": ""9.1.60.1970""}"
run5_day3_20260704_032957,3,Spotify,com.spotify.music,us,en,fbe56334774b1c4435819469202a81af2feabd717165f0c918e78e61a4f7e7f2,845a57cf-516f-4225-b768-ff450f31ae0b,0,Nancy Savage,5,0,2026-07-02T23:40:49+00:00,9.1.58.1567,,,love it!,love it!,1545056e30f4c48c8e47c7b34d967997250c37a47c4077a4411c33af8579f53d,1545056e30f4c48c8e47c7b34d967997250c37a47c4077a4411c33af8579f53d,"{""reviewId"": ""845a57cf-516f-4225-b768-ff450f31ae0b"", ""userName"": ""Nancy Savage"", ""userImage"": ""https://play-lh.googleusercontent.com/a-/ALV-UjVJhg4CnK6OFnMyrLJBJWWRYa01brlTxRFvn_LTeg7-ufYeoYI4"", ""content"": ""love it!"", ""score"": 5, ""thumbsUpCount"": 0, ""reviewCreatedVersion"": ""9.1.58.1567"", ""at"": ""2026-07-02 23:40:49"", ""replyContent"": null, ""repliedAt"": null, ""appVersion"": ""9.1.58.1567""}"
run5_day3_20260704_032957,3,Spotify,com.spotify.music,us,en,8df908a32018524dfb9a474e35851dae73d0788dd4b3b0ad28d45e20ed1f0ae7,7bb9af49-018d-40b6-a803-d186a20acea2,0,Meowlory Carnez,4,1,2026-07-02T23:37:42+00:00,9.1.60.1970,,,"If you're using it for music, it's great! but the audio books NOT worth it. most books are somewhere around 20 or so hours long but they only give you like 10 (maybe 15) listening hours a MONTH when you pay for audio books, so you have to buy yet another add on to finish the story. you should be able to listen to at least 1 whole book if you're paying for it. the quality of the books is excellent though. lots of dramaticized options, and while not a necessity it can be fun every once in a while","If you're using it for music, it's great! but the audio books NOT worth it. most books are somewhere around 20 or so hours long but they only give you like 10 (maybe 15) listening hours a MONTH when you pay for audio books, so you have to buy yet another add on to finish the story. you should be able to listen to at least 1 whole book if you're paying for it. the quality of the books is excellent though. lots of dramaticized options, and while not a necessity it can be fun every once in a while",c5a66e73a6fbdb0128df9dac6453fd79e87966c9126cda59fd05663e7561c0d4,c5a66e73a6fbdb0128df9dac6453fd79e87966c9126cda59fd05663e7561c0d4,"{""reviewId"": ""7bb9af49-018d-40b6-a803-d186a20acea2"", ""userName"": ""Meowlory Carnez"", ""userImage"": ""https://play-lh.googleusercontent.com/a/ACg8ocKoMC60bWAgSE1xh7petyVBr9YBSg-vDbj1vpO-8cGlA7CSUQ=mo"", ""content"": ""If you're using it for music, it's great! but the audio books NOT worth it. most books are somewhere around 20 or so hours long but they only give you like 10 (maybe 15) listening hours a MONTH when you pay for audio books, so you have to buy yet another add on to finish the story. you should be able to listen to at least 1 whole book if you're paying for it. the quality of the books is excellent though. lots of dramaticized options, and while not a necessity it can be fun every once in a while"", ""score"": 4, ""thumbsUpCount"": 1, ""reviewCreatedVersion"": ""9.1.60.1970"", ""at"": ""2026-07-02 23:37:42"", ""replyContent"": null, ""repliedAt"": null, ""appVersion"": ""9.1.60.1970""}"
run5_day3_20260704_032957,3,Spotify,com.spotify.music,us,en,2dbf5e20efeda5af5717e81b7170df068d3a4e2bee685471cd1ace1ffb0f080c,7a0cde36-b49d-4616-bb9e-859b596baaa6,0,Christopher Robinson,1,0,2026-07-02T23:34:53+00:00,9.1.60.1970,,,it feels like a pay to win game,it feels like a pay to win game,7197894f8245b8016b650eac28066107f0744f7ff203e24bfb8b750dade5ca56,7197894f8245b8016b650eac28066107f0744f7ff203e24bfb8b750dade5ca56,"{""reviewId"": ""7a0cde36-b49d-4616-bb9e-859b596baaa6"", ""userName"": ""Christopher Robinson"", ""userImage"": ""https://play-lh.googleusercontent.com/a/ACg8ocJDoMXcamAydodY807zq3pst1sf5f0-A4CpKj1P1NWHFucWsw=mo"", ""content"": ""it feels like a pay to win game"", ""score"": 1, ""thumbsUpCount"": 0, ""reviewCreatedVersion"": ""9.1.60.1970"", ""at"": ""2026-07-02 23:34:53"", ""replyContent"": null, ""repliedAt"": null, ""appVersion"": ""9.1.60.1970""}"
run5_day3_20260704_032957,3,Spotify,com.spotify.music,us,en,2499fc4f964dc2b179b51eb00b09db46543e917cc6500145c660500fde014c05,f2044d1f-d54f-4f6b-a94f-8d5ae64dae29,0,Alida Botha,5,0,2026-07-02T23:32:42+00:00,9.1.60.1970,,,best music app ever,best music app ever,506cee54b8e751e76d8f2dffaa6bf896800782ed51585c931989b5b3a881c71e,506cee54b8e751e76d8f2dffaa6bf896800782ed51585c931989b5b3a881c71e,"{""reviewId"": ""f2044d1f-d54f-4f6b-a94f-8d5ae64dae29"", ""userName"": ""Alida Botha"", ""userImage"": ""https://play-lh.googleusercontent.com/a-/ALV-UjXu14BHpQEEIEOSI4AvFLB6S2Rcy3LzQM5wHgncrlFUrx7B5yI"", ""content"": ""best music app ever"", ""score"": 5, ""thumbsUpCount"": 0, ""reviewCreatedVersion"": ""9.1.60.1970"", ""at"": ""2026-07-02 23:32:42"", ""replyContent"": null, ""repliedAt"": null, ""appVersion"": ""9.1.60.1970""}"
run5_day3_20260704_032957,3,Spotify,com.spotify.music,us,en,d7d4005f5c529913e879da8610f8f5bd27b0828ea11309f0781237c84b814829,bf618bab-4ba7-492e-9d76-8948705e783e,0,Justin Austin,5,0,2026-07-02T23:30:41+00:00,,,,only thing I wish this app had is ability to start a mix from any song! other than that it's great!,only thing I wish this app had is ability to start a mix from any song! other than that it's great!,db4dc60c710816183775f49dfb9b36d18ffb18fda921702cf2247d8a787e2e01,db4dc60c710816183775f49dfb9b36d18ffb18fda921702cf2247d8a787e2e01,"{""reviewId"": ""bf618bab-4ba7-492e-9d76-8948705e783e"", ""userName"": ""Justin Austin"", ""userImage"": ""https://play-lh.googleusercontent.com/a/ACg8ocIWlJEba6oG8d6eRr7VeU7KucR_U8keUHQiv5e0BRK-UeydtA=mo"", ""content"": ""only thing I wish this app had is ability to start a mix from any song! other than that it's great!"", ""score"": 5, ""thumbsUpCount"": 0, ""reviewCreatedVersion"": null, ""at"": ""2026-07-02 23:30:41"", ""replyContent"": null, ""repliedAt"": null, ""appVersion"": null}"
run5_day3_20260704_032957,3,Spotify,com.spotify.music,us,en,fbb939c9bdcf6cf4bb52065b5a2af306f4457baa75e9b22773ea540824dae111,ed9a63ba-f1d3-40c7-965d-a937f5c70a59,0,Jay Sy,2,0,2026-07-02T23:26:52+00:00,9.1.60.1970,,,"I've been using Spotify for years and the amount of ads is unnecessary, it's like two per song","I've been using Spotify for years and the amount of ads is unnecessary, it's like two per song",1fcd5d71788624a036474527e4e6130abf4b4d7a8f20b78646a357d6e4944fe8,1fcd5d71788624a036474527e4e6130abf4b4d7a8f20b78646a357d6e4944fe8,"{""reviewId"": ""ed9a63ba-f1d3-40c7-965d-a937f5c70a59"", ""userName"": ""Jay Sy"", ""userImage"": ""https://play-lh.googleusercontent.com/a-/ALV-UjW2wzL3cugvS01hBI2lF29jkuYwjSmQQtRUsIiOHDu71C0wZS0w"", ""content"": ""I've been using Spotify for years and the amount of ads is unnecessary, it's like two per song"", ""score"": 2, ""thumbsUpCount"": 0, ""reviewCreatedVersion"": ""9.1.60.1970"", ""at"": ""2026-07-02 23:26:52"", ""replyContent"": null, ""repliedAt"": null, ""appVersion"": ""9.1.60.1970""}"
run5_day3_20260704_032957,3,Spotify,com.spotify.music,us,en,80217ee98337613b5d8e6dbdf4d95fa65a4f54b6cbb29ab70eaff5ed16bb96f4,5a19e83b-9607-4cb4-b820-1f3f0b0d6264,0,Paramveer Plaha,5,0,2026-07-02T23:25:59+00:00,9.1.60.1970,,,Very cool music app.,Very cool music app.,a09b22cffd7e525ea5b9bb28a77d9be659311bc62f9d7631408ee1b36dce305b,a09b22cffd7e525ea5b9bb28a77d9be659311bc62f9d7631408ee1b36dce305b,"{""reviewId"": ""5a19e83b-9607-4cb4-b820-1f3f0b0d6264"", ""userName"": ""Paramveer Plaha"", ""userImage"": ""https://play-lh.googleusercontent.com/a/ACg8ocLfmfTT2RI2quQYlEF0gyd8nDB3iISKoJxACqKoHPNjpIrHiA=mo"", ""content"": ""Very cool music app."", ""score"": 5, ""thumbsUpCount"": 0, ""reviewCreatedVersion"": ""9.1.60.1970"", ""at"": ""2026-07-02 23:25:59"", ""replyContent"": null, ""repliedAt"": null, ""appVersion"": ""9.1.60.1970""}"
run5_day3_20260704_032957,3,Spotify,com.spotify.music,us,en,bf0b788a0adb1bf28c97332eed47d364da4dd29db0032731a3011ff1ced3cacf,b5644198-131c-41dd-b2ab-3cdf121d771c,0,Garrett Upthegrove,5,1,2026-07-02T23:24:36+00:00,9.1.60.1970,,,super good 😊😊😊😊😊😊😊 really good song and finding songs are really easy,super good 😊😊😊😊😊😊😊 really good song and finding songs are really easy,0f0d2c1ca15d15d9c12a7d2876511bf875cf2c445dda598ccfe5b1d5271067e3,0f0d2c1ca15d15d9c12a7d2876511bf875cf2c445dda598ccfe5b1d5271067e3,"{""reviewId"": ""b5644198-131c-41dd-b2ab-3cdf121d771c"", ""userName"": ""Garrett Upthegrove"", ""userImage"": ""https://play-lh.googleusercontent.com/a/ACg8ocKaOxO8A6ox6Cyfl55KDO-F8ftVnum1L5ltAc_YA5W8JL5Ixg=mo"", ""content"": ""super good 😊😊😊😊😊😊😊 really good song and finding songs are really easy"", ""score"": 5, ""thumbsUpCount"": 1, ""reviewCreatedVersion"": ""9.1.60.1970"", ""at"": ""2026-07-02 23:24:36"", ""replyContent"": null, ""repliedAt"": null, ""appVersion"": ""9.1.60.1970""}"
run5_day3_20260704_032957,3,Spotify,com.spotify.music,us,en,67cd8193a838a3a38396b8bd901aca39e7c772ebbcfb37f1e6f43172f2c0ba00,04116999-01b0-4fac-987c-3851c9703fc0,0,Mohammad M.Soleimani,5,0,2026-07-02T23:23:10+00:00,9.1.60.1970,,,the best,the best,6d766cee0782bfafe7e944af817a3fefa9ce43da13c92f9d33d459cfbfe2aa49,6d766cee0782bfafe7e944af817a3fefa9ce43da13c92f9d33d459cfbfe2aa49,"{""reviewId"": ""04116999-01b0-4fac-987c-3851c9703fc0"", ""userName"": ""Mohammad M.Soleimani"", ""userImage"": ""https://play-lh.googleusercontent.com/a-/ALV-UjW0lLTKi-FViMDAtPnkF8oGDBwfCaGV5fu33w3iVEQxQvKiFPVuFw"", ""content"": ""the best"", ""score"": 5, ""thumbsUpCount"": 0, ""reviewCreatedVersion"": ""9.1.60.1970"", ""at"": ""2026-07-02 23:23:10"", ""replyContent"": null, ""repliedAt"": null, ""appVersion"": ""9.1.60.1970""}"
