source_platform,app_name,app_id,country,language,source_review_id,rating,thumbs_up_count,review_created_at,app_version,first_seen_run_id,last_seen_run_id,raw_text,cleaned_text,raw_text_hash,cleaned_text_hash
google_play,Spotify,com.spotify.music,us,en,ded9abe6-075b-4a0c-944b-894507e8b611,5,0,2026-07-03T03:29:55+00:00,9.1.60.1970,run5_day3_20260704_032957,run5_day3_20260704_032957,i love it,i love it,898a8c802384e3ad4b6be0480db81de31c995139362f3da52ca2302eec12515d,898a8c802384e3ad4b6be0480db81de31c995139362f3da52ca2302eec12515d
google_play,Spotify,com.spotify.music,us,en,2ae3782a-54ec-4a07-9f70-7cf552b217a9,5,0,2026-07-03T03:25:20+00:00,9.1.60.1970,run5_day3_20260704_032957,run5_day3_20260704_032957,"doesn't waste your time like YouTube music. you want music, you get music. no bulls","doesn't waste your time like YouTube music. you want music, you get music. no bulls",f9e0a43e2424b38c0321191eb53eff0d7e180fa641ece5b8f1d6fc9a18f14479,f9e0a43e2424b38c0321191eb53eff0d7e180fa641ece5b8f1d6fc9a18f14479
google_play,Spotify,com.spotify.music,us,en,06b9f28a-97f4-48cc-bb00-e8c47aa4a53f,5,0,2026-07-03T03:14:47+00:00,9.1.60.1970,run5_day3_20260704_032957,run5_day3_20260704_032957,great way to stream music,great way to stream music,8ae309dbd68a8d8a4ca76cd19ba59bec1cadf6606fe730634e4339f479ac0237,8ae309dbd68a8d8a4ca76cd19ba59bec1cadf6606fe730634e4339f479ac0237
google_play,Spotify,com.spotify.music,us,en,d0fad3de-3eb8-4689-82fb-56b9bb89db39,1,0,2026-07-03T03:11:20+00:00,9.1.60.1970,run5_day3_20260704_032957,run5_day3_20260704_032957,Free version is Trash,Free version is Trash,2597d7959ae255f845f5a3d968dfe78f8608af4eab27f554bed013225f21f6b3,2597d7959ae255f845f5a3d968dfe78f8608af4eab27f554bed013225f21f6b3
google_play,Spotify,com.spotify.music,us,en,ecb80927-f7d5-45d5-9ddb-393257624753,1,0,2026-07-03T03:11:15+00:00,,run5_day3_20260704_032957,run5_day3_20260704_032957,was good until I popped over to podcast.Onve there I was held hostage. Wouldn't stop a podcast only 1 I listen to .But didn't want to.It just lacked me. tried everything to get rid of it I did sign out of Spotify.But the damn podcast stayed on. so that why 1 star and me installing Spotify.,was good until I popped over to podcast.Onve there I was held hostage. Wouldn't stop a podcast only 1 I listen to .But didn't want to.It just lacked me. tried everything to get rid of it I did sign out of Spotify.But the damn podcast stayed on. so that why 1 star and me installing Spotify.,014dc5411875a286e1b3540260be959752f0a30bd640901f2f2b2ae27b051856,014dc5411875a286e1b3540260be959752f0a30bd640901f2f2b2ae27b051856
google_play,Spotify,com.spotify.music,us,en,ec4643bb-de5d-4162-9c40-8a6cc2e1684d,3,0,2026-07-03T03:08:10+00:00,9.1.60.1970,run5_day3_20260704_032957,run5_day3_20260704_032957,not all songs are there,not all songs are there,4681e3f425262d1420b9352ba5b516cdb922b050c9f4accc1fa4b1505bbd5e56,4681e3f425262d1420b9352ba5b516cdb922b050c9f4accc1fa4b1505bbd5e56
google_play,Spotify,com.spotify.music,us,en,afd181df-2691-492a-96de-55c16b1e763c,5,0,2026-07-03T03:07:04+00:00,9.1.60.1970,run5_day3_20260704_032957,run5_day3_20260704_032957,This app has never disappointed with an inch,This app has never disappointed with an inch,4dd3b8a1c3dfcc124a7c92c58be141ba06ba1ac04d378d5747e1eed89469021a,4dd3b8a1c3dfcc124a7c92c58be141ba06ba1ac04d378d5747e1eed89469021a
google_play,Spotify,com.spotify.music,us,en,967d0298-55df-47b7-a060-a3d53465fa0e,1,0,2026-07-03T03:05:14+00:00,9.1.60.1970,run5_day3_20260704_032957,run5_day3_20260704_032957,"u have to buy to do everything, u wanna pick a song u want to listen to, nope u can't, u want to skip a lot of songs to get to the one u want, nope only SIX skips an hour.","u have to buy to do everything, u wanna pick a song u want to listen to, nope u can't, u want to skip a lot of songs to get to the one u want, nope only SIX skips an hour.",8ad46849e46c2f0985dc96d603f426a8fa6f52520ace587166efb3af1b78a58e,8ad46849e46c2f0985dc96d603f426a8fa6f52520ace587166efb3af1b78a58e
google_play,Spotify,com.spotify.music,us,en,48a44e06-fd35-4717-8838-8f9f7d6ab840,5,0,2026-07-03T03:04:51+00:00,9.1.60.1970,run5_day3_20260704_032957,run5_day3_20260704_032957,Awesome!!!!,Awesome!!!!,14c23b6daf619ba8bfae9ba102bb47c04ff95b64391c356083a2376dba35a461,14c23b6daf619ba8bfae9ba102bb47c04ff95b64391c356083a2376dba35a461
google_play,Spotify,com.spotify.music,us,en,5e98b735-c6da-4bf9-a7c9-1a1b3231ab10,1,1,2026-07-03T03:02:27+00:00,9.1.60.1970,run5_day3_20260704_032957,run5_day3_20260704_032957,How come the app still includes the old widget (which worked beautifully before it was cut off) when it redirects you to the new widget that doesn't load half the time and shows none of the album discovery features that it's forcing down our throats,How come the app still includes the old widget (which worked beautifully before it was cut off) when it redirects you to the new widget that doesn't load half the time and shows none of the album discovery features that it's forcing down our throats,ef8e43570a28a229d2b40f615c8261fc83747347cf1ef940412ca88bd9f953cd,ef8e43570a28a229d2b40f615c8261fc83747347cf1ef940412ca88bd9f953cd
google_play,Spotify,com.spotify.music,us,en,ed40c68d-d0ef-420a-afdd-d47abd365187,1,0,2026-07-03T03:01:25+00:00,,run5_day3_20260704_032957,run5_day3_20260704_032957,"too many adds after each song, now it has become disrupted..","too many adds after each song, now it has become disrupted..",f8e8ddd4fc7dc9637f24ef538cd980ff3f55c7631d89e6abf766cde0b802d630,f8e8ddd4fc7dc9637f24ef538cd980ff3f55c7631d89e6abf766cde0b802d630
google_play,Spotify,com.spotify.music,us,en,15fc028e-6d6f-4080-b212-6229a54c061f,5,0,2026-07-03T02:59:57+00:00,9.1.60.1970,run5_day3_20260704_032957,run5_day3_20260704_032957,love it I play all my rock music,love it I play all my rock music,b8cd2267c6974cc74f81337c5352089a4e570b8d2fcca55d98bb45fc3f13773d,b8cd2267c6974cc74f81337c5352089a4e570b8d2fcca55d98bb45fc3f13773d
google_play,Spotify,com.spotify.music,us,en,23417b18-ca84-42fd-9ae7-223b20ccc7a1,5,0,2026-07-03T02:56:16+00:00,9.1.60.1970,run5_day3_20260704_032957,run5_day3_20260704_032957,Top songs and the very best of memory songs!,Top songs and the very best of memory songs!,d3ca6f6b906876f8ecac4a84eb731cc82691033f91d8102fddfa3f3299cd6ee5,d3ca6f6b906876f8ecac4a84eb731cc82691033f91d8102fddfa3f3299cd6ee5
google_play,Spotify,com.spotify.music,us,en,bab67d1d-8d00-48bd-a2d6-222e5787122b,5,0,2026-07-03T02:56:11+00:00,9.1.60.1970,run5_day3_20260704_032957,run5_day3_20260704_032957,love it,love it,a2f1c846b4f1867b0ee4769a44954de5b940f8ef2f5a967523bc23f340aed646,a2f1c846b4f1867b0ee4769a44954de5b940f8ef2f5a967523bc23f340aed646
google_play,Spotify,com.spotify.music,us,en,a2151682-8823-49c2-8f96-2d7345d592c3,1,0,2026-07-03T02:55:52+00:00,9.1.60.1970,run5_day3_20260704_032957,run5_day3_20260704_032957,with the latest update they removed the 4x1 widget and it forces you to update to the widget 4x2. im not sure why it was removed even when you are paying for a subscription. im currently considering of canceling my subscription,with the latest update they removed the 4x1 widget and it forces you to update to the widget 4x2. im not sure why it was removed even when you are paying for a subscription. im currently considering of canceling my subscription,45a9c59a49437a1f6b2400c856a3d68c8bbcabaeee74f8bd942d9d8b1cbcd2ad,45a9c59a49437a1f6b2400c856a3d68c8bbcabaeee74f8bd942d9d8b1cbcd2ad
google_play,Spotify,com.spotify.music,us,en,d083cdc9-08ee-47f1-ba43-6285326e9935,1,0,2026-07-03T02:53:00+00:00,9.1.2.1253,run5_day3_20260704_032957,run5_day3_20260704_032957,"Spotify's ""free tier"" isn't free, it's a bait-and-switch. You can't even play full tracks without getting funneled toward Premium at every turn. That's not a free service, that's a paywall dressed up as one, and it's exactly why people turn to modded versions. I'd give zero stars if I could. I remember when Spotify actually cared about its users, now it's just another company that let corporate greed replace basic decency. What a shame.","Spotify's ""free tier"" isn't free, it's a bait-and-switch. You can't even play full tracks without getting funneled toward Premium at every turn. That's not a free service, that's a paywall dressed up as one, and it's exactly why people turn to modded versions. I'd give zero stars if I could. I remember when Spotify actually cared about its users, now it's just another company that let corporate greed replace basic decency. What a shame.",eabf1b1efc091e9a3642b23dacc56061725c034392b2317ebfb1f1813aec1315,eabf1b1efc091e9a3642b23dacc56061725c034392b2317ebfb1f1813aec1315
google_play,Spotify,com.spotify.music,us,en,15350eff-f5c2-45fe-85b8-fd150bf37914,5,1,2026-07-03T02:42:59+00:00,9.1.60.1970,run5_day3_20260704_032957,run5_day3_20260704_032957,One of the only monthly subscription services that are worth it. edit: huge fan of the new UI for android auto. Easier access to adding a song and other options.,One of the only monthly subscription services that are worth it. edit: huge fan of the new UI for android auto. Easier access to adding a song and other options.,f7dfa0350ae4142776965c84d365e0d74acb19975a51247cc96c0a91f35698f0,f7dfa0350ae4142776965c84d365e0d74acb19975a51247cc96c0a91f35698f0
google_play,Spotify,com.spotify.music,us,en,6b865301-7820-4df8-89d1-047853872ba1,5,0,2026-07-03T02:38:15+00:00,,run5_day3_20260704_032957,run5_day3_20260704_032957,this is so coll to listen to,this is so coll to listen to,da713fdb246be05e1d55dec1a624cb71ff194d92652ea18315321ad0ad964f49,da713fdb246be05e1d55dec1a624cb71ff194d92652ea18315321ad0ad964f49
google_play,Spotify,com.spotify.music,us,en,7a8cb663-e830-4f4c-84d0-c7fe37afb44d,5,1,2026-07-03T02:36:02+00:00,9.1.60.1970,run5_day3_20260704_032957,run5_day3_20260704_032957,love it!💜,love it!💜,6135cb5afef9c297b8e68b53b2229d1a68fd31d3fb9f75bbf88cc260cc7ec3e9,6135cb5afef9c297b8e68b53b2229d1a68fd31d3fb9f75bbf88cc260cc7ec3e9
google_play,Spotify,com.spotify.music,us,en,6b923947-2f0c-4be2-a2a1-9584a8530b36,5,0,2026-07-03T02:34:30+00:00,9.1.60.1970,run5_day3_20260704_032957,run5_day3_20260704_032957,Gives you the vibe all the time...,Gives you the vibe all the time...,4bd90592ed60575acd4f58c534811c6bdd6dfb79494a2e99a8b86c4972388822,4bd90592ed60575acd4f58c534811c6bdd6dfb79494a2e99a8b86c4972388822
google_play,Spotify,com.spotify.music,us,en,9ff289d8-42ed-4386-824c-78a495cf0243,3,1,2026-07-03T02:34:10+00:00,8.9.6.458,run5_day3_20260704_032957,run5_day3_20260704_032957,"I've been using Spotify since late 2019 and have always had premium, but over the years premium has gotten more and more expensive for my dad. making people verify the address? srsly? what about divorced family's? people who don't live together? not to mention how many songs get removed. basic AHH features for premium. you're better off using YouTube music, the only reason I use Spotify is so I can control from my phone, play through speaker connected to my computer. :/","I've been using Spotify since late 2019 and have always had premium, but over the years premium has gotten more and more expensive for my dad. making people verify the address? srsly? what about divorced family's? people who don't live together? not to mention how many songs get removed. basic AHH features for premium. you're better off using YouTube music, the only reason I use Spotify is so I can control from my phone, play through speaker connected to my computer. :/",8ebea77f06fa6022a6f14c1ff2d74fd449242ece44d6f6504d164790c9a77bc8,8ebea77f06fa6022a6f14c1ff2d74fd449242ece44d6f6504d164790c9a77bc8
google_play,Spotify,com.spotify.music,us,en,1e3b0cdc-2a05-4876-a56e-f53db9dd06b2,5,1,2026-07-03T02:34:01+00:00,9.1.60.1970,run5_day3_20260704_032957,run5_day3_20260704_032957,best music streaming platform behind SoundCloud,best music streaming platform behind SoundCloud,f7a3b042bad9c8527690d2d91be74c89d2b57eec3e4eba61b6c1f51191dd3192,f7a3b042bad9c8527690d2d91be74c89d2b57eec3e4eba61b6c1f51191dd3192
google_play,Spotify,com.spotify.music,us,en,35bd0ad4-684c-4099-ad1d-d43c530ca511,5,0,2026-07-03T02:31:37+00:00,9.1.60.1970,run5_day3_20260704_032957,run5_day3_20260704_032957,best,best,8f4375ec65c2c4092a1cc21e76712472eae0de999384e8327c495957121db9c2,8f4375ec65c2c4092a1cc21e76712472eae0de999384e8327c495957121db9c2
google_play,Spotify,com.spotify.music,us,en,79eff8da-8772-4205-86bd-db0f1c9f781d,4,0,2026-07-03T02:30:43+00:00,9.1.60.1970,run5_day3_20260704_032957,run5_day3_20260704_032957,the Spotify music recommendation is just perfection but there's only 1 problem it takes up a lot storage,the Spotify music recommendation is just perfection but there's only 1 problem it takes up a lot storage,5786715f5c563a35af6e1c1bf6a2f817f6ddf714b0091c4e9a50365b54404bd0,5786715f5c563a35af6e1c1bf6a2f817f6ddf714b0091c4e9a50365b54404bd0
google_play,Spotify,com.spotify.music,us,en,8efb02f6-04da-4830-9e16-4c1808f94810,5,0,2026-07-03T02:29:41+00:00,9.1.60.1970,run5_day3_20260704_032957,run5_day3_20260704_032957,Very Good,Very Good,388655e25e91872329272fc10128ef5354b3b19a05d7e8e8690bb2f24773d623,388655e25e91872329272fc10128ef5354b3b19a05d7e8e8690bb2f24773d623
google_play,Spotify,com.spotify.music,us,en,e8c8b013-3c06-4a91-b584-59ed91c32b46,5,0,2026-07-03T02:21:06+00:00,9.1.58.1567,run5_day3_20260704_032957,run5_day3_20260704_032957,good,good,770e607624d689265ca6c44884d0807d9b054d23c473c106c72be9de08b7376c,770e607624d689265ca6c44884d0807d9b054d23c473c106c72be9de08b7376c
google_play,Spotify,com.spotify.music,us,en,c2b8d14f-bf07-4aa3-b9af-e3b2d41a00cd,5,0,2026-07-03T02:20:16+00:00,9.1.60.1970,run5_day3_20260704_032957,run5_day3_20260704_032957,Great music all the time!!,Great music all the time!!,f6a9ce8be5275c04db44d5d4d1f7efcc854d7749fc7c3777d0bb1e19ba7e9c0a,f6a9ce8be5275c04db44d5d4d1f7efcc854d7749fc7c3777d0bb1e19ba7e9c0a
google_play,Spotify,com.spotify.music,us,en,00706eaf-d83a-4849-82bb-4e18c55dccb7,5,0,2026-07-03T02:18:32+00:00,,run5_day3_20260704_032957,run5_day3_20260704_032957,love the music,love the music,a8e79dde7ddc4be21936c740c248cc97f609ecda1ea7e85eac891f54a70d8c1d,a8e79dde7ddc4be21936c740c248cc97f609ecda1ea7e85eac891f54a70d8c1d
google_play,Spotify,com.spotify.music,us,en,44df66c0-0a0a-4818-94f1-88cf1e15c5ad,5,0,2026-07-03T02:16:40+00:00,9.1.58.1567,run5_day3_20260704_032957,run5_day3_20260704_032957,excellent,excellent,6d785acc7d4ce49fe4e4bbf276dc73f1cf7c20094d3e96fe84ef79fbebcaf88a,6d785acc7d4ce49fe4e4bbf276dc73f1cf7c20094d3e96fe84ef79fbebcaf88a
google_play,Spotify,com.spotify.music,us,en,5c3ccb48-734b-44fe-89e7-61412ac844e7,5,0,2026-07-03T02:08:59+00:00,9.1.60.1970,run5_day3_20260704_032957,run5_day3_20260704_032957,best app ever,best app ever,67197863a1c3a7a47a5870b97de09822ec446be6d2ab5425e62fdb14010785ec,67197863a1c3a7a47a5870b97de09822ec446be6d2ab5425e62fdb14010785ec
google_play,Spotify,com.spotify.music,us,en,c5bce82e-6232-476d-b944-18d78ad524d3,5,0,2026-07-03T02:08:09+00:00,9.1.60.1970,run5_day3_20260704_032957,run5_day3_20260704_032957,wonderful,wonderful,ee04228c5c6d8b083f6ce93fb7d7dbe487e04a96b29d13f627b01f9ad53dd3a4,ee04228c5c6d8b083f6ce93fb7d7dbe487e04a96b29d13f627b01f9ad53dd3a4
google_play,Spotify,com.spotify.music,us,en,420a390b-f44a-4ba2-ac00-ccf6e55ab200,1,0,2026-07-03T02:07:44+00:00,9.1.60.1970,run5_day3_20260704_032957,run5_day3_20260704_032957,thinks I'm using VPN when I'm not. Can't use,thinks I'm using VPN when I'm not. Can't use,066fb0f306bff766d592171b0e1c01cca9aa37a7f6e7bf7a41d845e0a9233156,066fb0f306bff766d592171b0e1c01cca9aa37a7f6e7bf7a41d845e0a9233156
google_play,Spotify,com.spotify.music,us,en,a3f2e25b-87bc-492b-8196-05d35cea9b0b,3,0,2026-07-03T02:07:13+00:00,9.1.60.1970,run5_day3_20260704_032957,run5_day3_20260704_032957,"So this would be a 5 star app but the ads man, they hurt with their length","So this would be a 5 star app but the ads man, they hurt with their length",d8a61fe41d2e607629747a56cfa15eefb3ca67023e3d85d4878e438a379a0bb3,d8a61fe41d2e607629747a56cfa15eefb3ca67023e3d85d4878e438a379a0bb3
google_play,Spotify,com.spotify.music,us,en,a6cdcb7c-7920-4821-8a40-025ecc7d3cf4,2,0,2026-07-03T02:04:58+00:00,9.1.60.1970,run5_day3_20260704_032957,run5_day3_20260704_032957,"honestly, I'm really thinking about switching apps, because the whole 6 skips thing and multiple ads is getting so bothersome.","honestly, I'm really thinking about switching apps, because the whole 6 skips thing and multiple ads is getting so bothersome.",9033249ee1c4fe3ec53d05f857277ddf18db60cf968c54b20e5d9d111c2d4af3,9033249ee1c4fe3ec53d05f857277ddf18db60cf968c54b20e5d9d111c2d4af3
google_play,Spotify,com.spotify.music,us,en,aadc6109-cd70-4c9e-8bf5-387bb7a59a4e,5,0,2026-07-03T02:02:35+00:00,9.1.60.1970,run5_day3_20260704_032957,run5_day3_20260704_032957,it's been cool,it's been cool,1601a8d865e814952100c9a98c0cf400b6d696bf9876f0742905ae3c5afdeb71,1601a8d865e814952100c9a98c0cf400b6d696bf9876f0742905ae3c5afdeb71
google_play,Spotify,com.spotify.music,us,en,3dcb7ef1-f971-41e6-ba97-db8adc0a6062,3,0,2026-07-03T02:02:28+00:00,9.1.60.1970,run5_day3_20260704_032957,run5_day3_20260704_032957,I hope the app will provide a energy saver function so I can still play music on low battery.,I hope the app will provide a energy saver function so I can still play music on low battery.,d7991de560e7ae4b966f734279f90203f78d8960e1145ae5e1695d7f2d2c106f,d7991de560e7ae4b966f734279f90203f78d8960e1145ae5e1695d7f2d2c106f
google_play,Spotify,com.spotify.music,us,en,abc60cd7-63e1-40f2-8139-126b7c8c721c,5,0,2026-07-03T02:01:01+00:00,9.1.60.1970,run5_day3_20260704_032957,run5_day3_20260704_032957,it's amazing,it's amazing,b2c49bc09a5c54987c5ec59b8247006c3c9b2b19f78150f450a7c4d172244f6d,b2c49bc09a5c54987c5ec59b8247006c3c9b2b19f78150f450a7c4d172244f6d
google_play,Spotify,com.spotify.music,us,en,34783b94-c576-4660-a7a2-31643600b012,5,0,2026-07-03T01:53:35+00:00,9.1.60.1970,run5_day3_20260704_032957,run5_day3_20260704_032957,Amazing. Even without premium great experience.,Amazing. Even without premium great experience.,1a0b69f5533c44ae9d6c354c05bb764de986763dacced8a2374ee3124070bbe5,1a0b69f5533c44ae9d6c354c05bb764de986763dacced8a2374ee3124070bbe5
google_play,Spotify,com.spotify.music,us,en,65df53c1-427d-4fa3-8949-807b7fba0334,5,0,2026-07-03T01:51:47+00:00,9.1.60.1970,run5_day3_20260704_032957,run5_day3_20260704_032957,favorite app,favorite app,f6feb24ab1a9f875089d86830b10afcdce668d9297bab078e56636e845930d58,f6feb24ab1a9f875089d86830b10afcdce668d9297bab078e56636e845930d58
google_play,Spotify,com.spotify.music,us,en,b2981592-12c3-4505-a811-0bd9aba4d135,1,0,2026-07-03T01:47:13+00:00,,run5_day3_20260704_032957,run5_day3_20260704_032957,without premium its Garbage app,without premium its Garbage app,958df4d7d5c3cf306b69ce50e948e1d92d554ae0baf921dac9c470b8df0337f1,958df4d7d5c3cf306b69ce50e948e1d92d554ae0baf921dac9c470b8df0337f1
google_play,Spotify,com.spotify.music,us,en,56696fd3-5b5a-43fd-9e20-2cf201d5f5e3,5,0,2026-07-03T01:47:13+00:00,9.1.60.1970,run5_day3_20260704_032957,run5_day3_20260704_032957,very good music player,very good music player,ffb549c4738bc37136f8e310e5c481bd5a2ac8e2e3ffc3c1bfd9a019272142e2,ffb549c4738bc37136f8e310e5c481bd5a2ac8e2e3ffc3c1bfd9a019272142e2
google_play,Spotify,com.spotify.music,us,en,d2745703-9f26-492a-a185-6764def1cdc6,1,0,2026-07-03T01:44:00+00:00,9.1.60.1970,run5_day3_20260704_032957,run5_day3_20260704_032957,"I have the premium version, app is still bad, One - You cannot import playlists from other music apps directly. It is a hell of you are switching from other music apps to spotify Two - Mashup and remix songs are very limited, there are lot of good mashup songs on YouTube. You cannot find them at all in this app Three - I do not see an option to play a song next, any new song will be added only at the end of the queue. They should give a option to play it next without deleting added queue.","I have the premium version, app is still bad, One - You cannot import playlists from other music apps directly. It is a hell of you are switching from other music apps to spotify Two - Mashup and remix songs are very limited, there are lot of good mashup songs on YouTube. You cannot find them at all in this app Three - I do not see an option to play a song next, any new song will be added only at the end of the queue. They should give a option to play it next without deleting added queue.",cebd9579f7166de2356508159f343a11adbecc80b260e266776d9aeb40a3d798,cebd9579f7166de2356508159f343a11adbecc80b260e266776d9aeb40a3d798
google_play,Spotify,com.spotify.music,us,en,32f0ef6e-60a3-46d3-90ef-4cb7cf393e64,5,0,2026-07-03T01:40:53+00:00,9.1.60.1970,run5_day3_20260704_032957,run5_day3_20260704_032957,I have a subscription to Spotify. The feed is very good. I really like the app. I use it mainly for music.,I have a subscription to Spotify. The feed is very good. I really like the app. I use it mainly for music.,ba3629741751e5558bc8bed15d47031d8da60302806a140255a1fae4011bf6ba,ba3629741751e5558bc8bed15d47031d8da60302806a140255a1fae4011bf6ba
google_play,Spotify,com.spotify.music,us,en,44db9524-8336-49cc-853d-384fe5c1d6ec,5,0,2026-07-03T01:36:07+00:00,9.1.58.1567,run5_day3_20260704_032957,run5_day3_20260704_032957,awesome,awesome,705db0603fd5431451dab1171b964b4bd575e2230f40f4c300d70df6e65f5f1c,705db0603fd5431451dab1171b964b4bd575e2230f40f4c300d70df6e65f5f1c
google_play,Spotify,com.spotify.music,us,en,2da224e4-d5e1-4f3b-804b-d829099a5ccb,5,0,2026-07-03T01:34:43+00:00,9.1.60.1970,run5_day3_20260704_032957,run5_day3_20260704_032957,😍,😍,453cb3b789e7b403d4cb5342bc1469fb418be79e1ef74f30b79e6f699f20a39d,453cb3b789e7b403d4cb5342bc1469fb418be79e1ef74f30b79e6f699f20a39d
google_play,Spotify,com.spotify.music,us,en,7e046f31-3827-46b7-950c-158ce7e83b48,5,0,2026-07-03T01:32:59+00:00,,run5_day3_20260704_032957,run5_day3_20260704_032957,"honestly, I have no complaints. its number 1 for a reason","honestly, I have no complaints. its number 1 for a reason",18e0e30e8af43ca4d06e55b885500f9da58f0090cbc009c72d25b3ed78f99d46,18e0e30e8af43ca4d06e55b885500f9da58f0090cbc009c72d25b3ed78f99d46
google_play,Spotify,com.spotify.music,us,en,246cabf3-e624-460b-ac15-1856a5f4dd1c,5,0,2026-07-03T01:29:54+00:00,9.1.60.1970,run5_day3_20260704_032957,run5_day3_20260704_032957,magnificent,magnificent,beb942513440d063f6532e1aabe06df39f64c41fac776e8a5f67f15ba09a3b25,beb942513440d063f6532e1aabe06df39f64c41fac776e8a5f67f15ba09a3b25
google_play,Spotify,com.spotify.music,us,en,d8df177b-8683-4ba5-8e67-c529d1202f9a,5,0,2026-07-03T01:27:21+00:00,,run5_day3_20260704_032957,run5_day3_20260704_032957,thankful you kept all my songs even though my account was gone when I get it back I got to keep my memories :'),thankful you kept all my songs even though my account was gone when I get it back I got to keep my memories :'),a69bc81d8034be163ac194475d22dde2620265d645270d9005506ab9ca6fc1a6,a69bc81d8034be163ac194475d22dde2620265d645270d9005506ab9ca6fc1a6
google_play,Spotify,com.spotify.music,us,en,8f877941-fd95-4c9e-bc29-e6f64cce8d70,5,0,2026-07-03T01:16:41+00:00,9.1.60.1970,run5_day3_20260704_032957,run5_day3_20260704_032957,its a go to music app,its a go to music app,f6a64dcbe75313b3b43781ac3928898d01c01cc9c04dbced78b754ec67ff1632,f6a64dcbe75313b3b43781ac3928898d01c01cc9c04dbced78b754ec67ff1632
google_play,Spotify,com.spotify.music,us,en,f3c423bf-cfe0-478a-81e6-f26e5131130a,5,0,2026-07-03T01:16:18+00:00,9.1.58.1567,run5_day3_20260704_032957,run5_day3_20260704_032957,very good,very good,624d026dc13e1e189f9ea4ca66a065466d3f438dd94250ee8bc45ab57566374e,624d026dc13e1e189f9ea4ca66a065466d3f438dd94250ee8bc45ab57566374e
google_play,Spotify,com.spotify.music,us,en,2b57dafd-d316-4c7b-8069-7452acac6816,5,0,2026-07-03T01:16:09+00:00,9.1.58.1567,run5_day3_20260704_032957,run5_day3_20260704_032957,fantastic 500,fantastic 500,1dff12115679e580f6ca04443d1bc3585756ad2c00b3b3d7fa3ea9f8925c11d1,1dff12115679e580f6ca04443d1bc3585756ad2c00b3b3d7fa3ea9f8925c11d1
google_play,Spotify,com.spotify.music,us,en,9887af93-1a32-46f9-a341-9e840902c3a8,5,0,2026-07-03T01:14:12+00:00,9.1.58.1567,run5_day3_20260704_032957,run5_day3_20260704_032957,I am enjoying with my favorite Bhajn,I am enjoying with my favorite Bhajn,609cd9895efa2ab5aca0eb8ae65552eec4a7f05fc23fede642a4bfdbff449bbd,609cd9895efa2ab5aca0eb8ae65552eec4a7f05fc23fede642a4bfdbff449bbd
google_play,Spotify,com.spotify.music,us,en,acc4c6c8-f3c3-42b1-b490-dff49bd3541c,5,0,2026-07-03T01:08:50+00:00,9.1.60.1970,run5_day3_20260704_032957,run5_day3_20260704_032957,Ijust love this app,Ijust love this app,b79703ff6a0cc154c6d91ff81c65ccc8fc69e728984d58beed0ee9a5940c27fe,b79703ff6a0cc154c6d91ff81c65ccc8fc69e728984d58beed0ee9a5940c27fe
google_play,Spotify,com.spotify.music,us,en,bc4fe4f5-6e0d-4711-986d-d8c39ff11a5f,5,0,2026-07-03T01:07:40+00:00,9.1.56.574,run5_day3_20260704_032957,run5_day3_20260704_032957,amazing,amazing,01431b46f1839c1e618e12e888517c14111dc35c9308d59efcb15eed5c2f178d,01431b46f1839c1e618e12e888517c14111dc35c9308d59efcb15eed5c2f178d
google_play,Spotify,com.spotify.music,us,en,06a0f4d5-ed74-410e-93b5-3104ef4dceb7,5,0,2026-07-03T01:06:28+00:00,9.1.58.1567,run5_day3_20260704_032957,run5_day3_20260704_032957,excellent,excellent,6d785acc7d4ce49fe4e4bbf276dc73f1cf7c20094d3e96fe84ef79fbebcaf88a,6d785acc7d4ce49fe4e4bbf276dc73f1cf7c20094d3e96fe84ef79fbebcaf88a
google_play,Spotify,com.spotify.music,us,en,1f5ec7aa-1a82-4c8b-81f0-45ad90496d11,5,0,2026-07-03T00:58:24+00:00,9.1.60.1970,run5_day3_20260704_032957,run5_day3_20260704_032957,"Best app for music, but ready for ads if u r not premium, also can't get unlimited skips or play ur fav part untill u r on windows or premium membership. But then also it's best music app I ever saw, also it's premium is not too much, price is just you waste on all ur junk food in a day.","Best app for music, but ready for ads if u r not premium, also can't get unlimited skips or play ur fav part untill u r on windows or premium membership. But then also it's best music app I ever saw, also it's premium is not too much, price is just you waste on all ur junk food in a day.",0ab90f1c49692878f6cc5909a97673172c78b4a31a4327b75de133d5b6bbb03d,0ab90f1c49692878f6cc5909a97673172c78b4a31a4327b75de133d5b6bbb03d
google_play,Spotify,com.spotify.music,us,en,c7ca557d-d511-49cc-ad63-41288e242c95,5,0,2026-07-03T00:57:59+00:00,9.1.60.1970,run5_day3_20260704_032957,run5_day3_20260704_032957,Simply the best,Simply the best,f71f8189da97e1a6c91f6e52dc97e67a1666595883a75f17efdaf5c9db4505c0,f71f8189da97e1a6c91f6e52dc97e67a1666595883a75f17efdaf5c9db4505c0
google_play,Spotify,com.spotify.music,us,en,1a2ad6a9-f6bc-40a9-a29c-c0bc969ceb1e,2,0,2026-07-03T00:54:18+00:00,9.1.60.1970,run5_day3_20260704_032957,run5_day3_20260704_032957,new widget is bad. the app forces you to use the new widget but it doesn't fit into the same space that the old widget did. it doesn't make sense for them to release a new widget and prevent us from using the old one. Just let us have different styles. The change is just bad all around.,new widget is bad. the app forces you to use the new widget but it doesn't fit into the same space that the old widget did. it doesn't make sense for them to release a new widget and prevent us from using the old one. Just let us have different styles. The change is just bad all around.,2840be61dd46a3529b5fbdbc90676957798448799794a0c5b6874605e8ec6f6e,2840be61dd46a3529b5fbdbc90676957798448799794a0c5b6874605e8ec6f6e
google_play,Spotify,com.spotify.music,us,en,65673f72-b75c-4de3-90ed-89e93363c610,1,0,2026-07-03T00:49:12+00:00,9.1.60.1970,run5_day3_20260704_032957,run5_day3_20260704_032957,"dude:( I was just listening peacefully to a song that last 2 hours and 20 minutes and when it changed to a different song I went to go fix it but then when I pressed on the playlist and then on the song it said I had to pay TO listen to it! I tried to see if it was just that playlist and now I can't even listen to my favorite songs... please fix and make it free, I beg..","dude:( I was just listening peacefully to a song that last 2 hours and 20 minutes and when it changed to a different song I went to go fix it but then when I pressed on the playlist and then on the song it said I had to pay TO listen to it! I tried to see if it was just that playlist and now I can't even listen to my favorite songs... please fix and make it free, I beg..",050293e4c500bdd306252e597f0bc502d38abedc5ca3c1655e9390b323956c15,050293e4c500bdd306252e597f0bc502d38abedc5ca3c1655e9390b323956c15
google_play,Spotify,com.spotify.music,us,en,517eb9c0-7a63-4024-a254-f55923407e1e,5,0,2026-07-03T00:47:12+00:00,,run5_day3_20260704_032957,run5_day3_20260704_032957,It is very good 👍,It is very good 👍,bce402b690b5ea5d029db358d5607daea8e0ea4495b35bc9ae5fb0b43534bc79,bce402b690b5ea5d029db358d5607daea8e0ea4495b35bc9ae5fb0b43534bc79
google_play,Spotify,com.spotify.music,us,en,bc118a90-a795-46d7-8f33-fe9a3dac096d,3,0,2026-07-03T00:43:51+00:00,9.1.60.1970,run5_day3_20260704_032957,run5_day3_20260704_032957,the music quality is good but there are a lot of ads which ruin the music listening,the music quality is good but there are a lot of ads which ruin the music listening,056e90b653dcdcf13bd8fe9716b25779ffc8e45d3ac4fee775648008130d97db,056e90b653dcdcf13bd8fe9716b25779ffc8e45d3ac4fee775648008130d97db
google_play,Spotify,com.spotify.music,us,en,322fcf72-b961-4559-b3c8-c0744ecb12a8,5,0,2026-07-03T00:40:24+00:00,9.1.60.1970,run5_day3_20260704_032957,run5_day3_20260704_032957,"great app, wish there were less ads though","great app, wish there were less ads though",a4a621ff6a60cb5c50601bd424f4abe2701de00f24fbdd534f49e23544472e6c,a4a621ff6a60cb5c50601bd424f4abe2701de00f24fbdd534f49e23544472e6c
google_play,Spotify,com.spotify.music,us,en,420ee231-69e1-4ffd-ab4a-b22f02b2aa3e,5,0,2026-07-03T00:36:42+00:00,9.1.60.1970,run5_day3_20260704_032957,run5_day3_20260704_032957,INCREDIBLE,INCREDIBLE,3f05a9986c7e1f472c1db664e78f8881577bb72c2fd4ae1e90461a5f3afefa21,3f05a9986c7e1f472c1db664e78f8881577bb72c2fd4ae1e90461a5f3afefa21
google_play,Spotify,com.spotify.music,us,en,7a7496da-0103-4806-be39-03e21fb97f8c,5,0,2026-07-03T00:35:01+00:00,9.1.60.1970,run5_day3_20260704_032957,run5_day3_20260704_032957,"The perfect free music. I cannot remember exactly how long i have used Spotify, could be 10 years, or more. I only use the free version. There are some adverts. They last about 90 seconds, mostly about Spotify. I have played music usually via Google speakers and sometimes via one of my Hi Fi setups. The quality is always excellent","The perfect free music. I cannot remember exactly how long i have used Spotify, could be 10 years, or more. I only use the free version. There are some adverts. They last about 90 seconds, mostly about Spotify. I have played music usually via Google speakers and sometimes via one of my Hi Fi setups. The quality is always excellent",2894482c92a4bbf1682c0e080bbe89ed1e535456cd7e47ea7a3e7e37c194a478,2894482c92a4bbf1682c0e080bbe89ed1e535456cd7e47ea7a3e7e37c194a478
google_play,Spotify,com.spotify.music,us,en,ec9053eb-bc54-4930-ad04-3647af7ee5e0,1,4,2026-07-03T00:27:11+00:00,9.1.60.1970,run5_day3_20260704_032957,run5_day3_20260704_032957,started crashing randomly for about 2 months now and being incredibly laggy all the time - every motion drops the app frames to a crawl,started crashing randomly for about 2 months now and being incredibly laggy all the time - every motion drops the app frames to a crawl,f7d5092cc84cc3072287cb25925fb9512953e983fbe44a63f9c75b01bcf57389,f7d5092cc84cc3072287cb25925fb9512953e983fbe44a63f9c75b01bcf57389
google_play,Spotify,com.spotify.music,us,en,ecde7cc4-7c01-4105-9864-82a7ffa6e4b9,5,0,2026-07-03T00:26:06+00:00,9.1.60.1970,run5_day3_20260704_032957,run5_day3_20260704_032957,Great place for all your music.,Great place for all your music.,c5fba8fb7ef72d5deda87405e0393f0283c2340b4bf1b40d4c4e0584a6fdf154,c5fba8fb7ef72d5deda87405e0393f0283c2340b4bf1b40d4c4e0584a6fdf154
google_play,Spotify,com.spotify.music,us,en,1fc00c9e-93d2-435d-9b3a-eb8a386b5cd0,1,1,2026-07-03T00:25:34+00:00,9.1.0.1147,run5_day3_20260704_032957,run5_day3_20260704_032957,"لو في أقل من نجمه واحده كنت عملتها يعني اي مينفعش اعمل سكيب للأغنية غير ٦ مرات كل ساعه اي العبث ده If there were a rating lower than one star, I would’ve given it. What do you mean I can only skip 6 songs per hour? This is ridiculous.","لو في أقل من نجمه واحده كنت عملتها يعني اي مينفعش اعمل سكيب للأغنية غير ٦ مرات كل ساعه اي العبث ده If there were a rating lower than one star, I would’ve given it. What do you mean I can only skip 6 songs per hour? This is ridiculous.",5ad3ebe0c746bffa4f0657ba5d5f8b2265187b5bd1e2c473a2a8e989201541aa,5ad3ebe0c746bffa4f0657ba5d5f8b2265187b5bd1e2c473a2a8e989201541aa
google_play,Spotify,com.spotify.music,us,en,c68f08ca-13a6-4933-b512-e87261bfe214,5,0,2026-07-03T00:23:53+00:00,,run5_day3_20260704_032957,run5_day3_20260704_032957,i love it,i love it,898a8c802384e3ad4b6be0480db81de31c995139362f3da52ca2302eec12515d,898a8c802384e3ad4b6be0480db81de31c995139362f3da52ca2302eec12515d
google_play,Spotify,com.spotify.music,us,en,f459df4b-d3ec-49c0-a86d-62377ac745c0,1,1,2026-07-03T00:21:12+00:00,9.1.60.1970,run5_day3_20260704_032957,run5_day3_20260704_032957,"app absolutely sucks, and that's not just coming from me. everytime you listen to a song you get like 5-3 ads and some people just wanna enjoy a song/ or anything, and 1-2 adds is understandable, but also they pay you for skips and for no ads, and some people cant pay that? like why cant the ad skips be free, and when u try to skip a song they won't let u do that either. and I put on one of my favorite playlists, and Spotify didn't play it, play any of them in fact, and played a random song..?","app absolutely sucks, and that's not just coming from me. everytime you listen to a song you get like 5-3 ads and some people just wanna enjoy a song/ or anything, and 1-2 adds is understandable, but also they pay you for skips and for no ads, and some people cant pay that? like why cant the ad skips be free, and when u try to skip a song they won't let u do that either. and I put on one of my favorite playlists, and Spotify didn't play it, play any of them in fact, and played a random song..?",8474100148d6fed14ebd83769fa56344895df7757e38af36e3ec874cc77f3a30,8474100148d6fed14ebd83769fa56344895df7757e38af36e3ec874cc77f3a30
google_play,Spotify,com.spotify.music,us,en,80eb1fc0-213f-41e9-9df5-5dc42280bdba,5,0,2026-07-03T00:18:52+00:00,9.1.56.574,run5_day3_20260704_032957,run5_day3_20260704_032957,very awesome experience with the music and very easy to navigate through your system so it is a very good experience in my book,very awesome experience with the music and very easy to navigate through your system so it is a very good experience in my book,f16449dd441dbea66e7732359618d55aa35b7d4b0757aa7439ee769c9012f914,f16449dd441dbea66e7732359618d55aa35b7d4b0757aa7439ee769c9012f914
google_play,Spotify,com.spotify.music,us,en,00c412cd-3207-4f7d-9d6e-380eaf6f23f7,5,0,2026-07-03T00:16:33+00:00,9.1.60.1970,run5_day3_20260704_032957,run5_day3_20260704_032957,it is an amazing app for music,it is an amazing app for music,99cdd60ef270e57421903385497f2abce46f0de9d44beed6c9bf385272b957d3,99cdd60ef270e57421903385497f2abce46f0de9d44beed6c9bf385272b957d3
google_play,Spotify,com.spotify.music,us,en,9a00d66e-a4f4-4662-a66e-0654c160a961,5,0,2026-07-03T00:16:31+00:00,9.1.60.1970,run5_day3_20260704_032957,run5_day3_20260704_032957,issue done and fixed . thank you spotify,issue done and fixed . thank you spotify,fcd8675c0542835602766351b68d1861e3411c8dee3160ca961711ac17e68237,fcd8675c0542835602766351b68d1861e3411c8dee3160ca961711ac17e68237
google_play,Spotify,com.spotify.music,us,en,b85d7362-fe74-4d34-8978-33ac6eee755e,2,0,2026-07-03T00:13:54+00:00,9.1.60.1970,run5_day3_20260704_032957,run5_day3_20260704_032957,"If you have a Galaxy or Android, anything other than an iPhone, don't even BOTHER. It hijacks your whole phone, and glitches if you try to do anything in the app beyond play a song or playlist. Actual hotdog water 👎 🍅 🍅","If you have a Galaxy or Android, anything other than an iPhone, don't even BOTHER. It hijacks your whole phone, and glitches if you try to do anything in the app beyond play a song or playlist. Actual hotdog water 👎 🍅 🍅",2d2f0347af451ecd5eb2192c66905beb6654f1216d33e42639db11dfe4a7d153,2d2f0347af451ecd5eb2192c66905beb6654f1216d33e42639db11dfe4a7d153
google_play,Spotify,com.spotify.music,us,en,75f8d2fc-7789-48e7-977f-a78830540499,1,1,2026-07-03T00:12:31+00:00,9.1.60.1970,run5_day3_20260704_032957,run5_day3_20260704_032957,"to many adds, evil","to many adds, evil",a5629c32d1563d7ae85910b8339b6726069b199122f84256d76bb3f74fa76df2,a5629c32d1563d7ae85910b8339b6726069b199122f84256d76bb3f74fa76df2
google_play,Spotify,com.spotify.music,us,en,c3e08aa5-5c43-411a-99c6-a7c2f6cafd4d,5,0,2026-07-03T00:11:23+00:00,9.1.60.1970,run5_day3_20260704_032957,run5_day3_20260704_032957,love it!,love it!,1545056e30f4c48c8e47c7b34d967997250c37a47c4077a4411c33af8579f53d,1545056e30f4c48c8e47c7b34d967997250c37a47c4077a4411c33af8579f53d
google_play,Spotify,com.spotify.music,us,en,2fdfd4aa-23cc-4e1e-90ef-49e1b9c57c6f,5,0,2026-07-03T00:10:28+00:00,,run5_day3_20260704_032957,run5_day3_20260704_032957,love this app and how i am able to listen to underground punk and ska that I grew up with! very nostalgic!!!,love this app and how i am able to listen to underground punk and ska that I grew up with! very nostalgic!!!,804efa33d939d4648659a3d9ff3b3b25434a58b8f8e2b88a7422be2434ca6904,804efa33d939d4648659a3d9ff3b3b25434a58b8f8e2b88a7422be2434ca6904
google_play,Spotify,com.spotify.music,us,en,82e3db48-fd38-4217-8c22-c6f8647bf038,2,0,2026-07-03T00:08:14+00:00,8.4.4.810,run5_day3_20260704_032957,run5_day3_20260704_032957,"Premium has gotten so expensive, I stopped paying for it. But the free version makes it not even worth listening to. It only lets me listen to 2 songs in a row before forcing me to listen to 4 ads. That ratio is insane! Half of what I hear is ads. I've redownloaded the app several times to see if that helps, but nothing fixes it. I've gone back to using Pandora. It let's me listen to several songs before an ad break, and even then it's only one or two 30 second ones at a time. DO BETTER!","Premium has gotten so expensive, I stopped paying for it. But the free version makes it not even worth listening to. It only lets me listen to 2 songs in a row before forcing me to listen to 4 ads. That ratio is insane! Half of what I hear is ads. I've redownloaded the app several times to see if that helps, but nothing fixes it. I've gone back to using Pandora. It let's me listen to several songs before an ad break, and even then it's only one or two 30 second ones at a time. DO BETTER!",64acd076cf05d6605f525ddb637321fb1ccf926d73e880aa72d10dca7f2776fb,64acd076cf05d6605f525ddb637321fb1ccf926d73e880aa72d10dca7f2776fb
google_play,Spotify,com.spotify.music,us,en,5d84206e-328f-4bf2-8c68-f02d10031ddf,5,0,2026-07-03T00:08:04+00:00,9.1.60.1970,run5_day3_20260704_032957,run5_day3_20260704_032957,I like the fact that y'all play all the music 🎶 I like...,I like the fact that y'all play all the music 🎶 I like...,f01f97ba01e7af3b9be1723f8c10717eb9fb7d4b64ab297d2062ba2a5e5e92ec,f01f97ba01e7af3b9be1723f8c10717eb9fb7d4b64ab297d2062ba2a5e5e92ec
google_play,Spotify,com.spotify.music,us,en,625b3b19-62d2-41d5-92a0-b29a3f98414e,5,0,2026-07-03T00:07:39+00:00,9.1.60.1970,run5_day3_20260704_032957,run5_day3_20260704_032957,great app,great app,1aa00403ed50b7e3b7fce992a87c67efbfa1d227ecf2c838a53c6e0028eaef72,1aa00403ed50b7e3b7fce992a87c67efbfa1d227ecf2c838a53c6e0028eaef72
google_play,Spotify,com.spotify.music,us,en,37d8cf42-00fd-44d1-926b-3cc710efaa62,5,0,2026-07-03T00:06:30+00:00,,run5_day3_20260704_032957,run5_day3_20260704_032957,good quality of sound,good quality of sound,cbbb394f390a853201a914b9a5e1d251ae8743561fca61e9b21f79d58a0eaeea,cbbb394f390a853201a914b9a5e1d251ae8743561fca61e9b21f79d58a0eaeea
google_play,Spotify,com.spotify.music,us,en,d418fcef-3fa6-4f9e-95d2-b138b141ef69,4,0,2026-07-03T00:06:10+00:00,9.1.60.1970,run5_day3_20260704_032957,run5_day3_20260704_032957,tbh it's a very good app and you do get your money worth i love it especially when I go to different stares or country's tye only down side is when you run out of the skips then it's kinda a issue coz you won't be able to go back to the songs or go to the song ahead if you k ow what I mean but over all its great,tbh it's a very good app and you do get your money worth i love it especially when I go to different stares or country's tye only down side is when you run out of the skips then it's kinda a issue coz you won't be able to go back to the songs or go to the song ahead if you k ow what I mean but over all its great,2bb11182f1b4ffc142bb241da17f1ddb17b5a2473ab3975ace287daf39324729,2bb11182f1b4ffc142bb241da17f1ddb17b5a2473ab3975ace287daf39324729
google_play,Spotify,com.spotify.music,us,en,6c047391-92fb-4ca5-bc03-bd9e1c0069b3,3,0,2026-07-03T00:03:14+00:00,9.1.60.1970,run5_day3_20260704_032957,run5_day3_20260704_032957,New here but want to get to know more,New here but want to get to know more,8e6afa66744ea42a6e9bcbae691d7fd1a233f3f02d1e2532272a1374815f6368,8e6afa66744ea42a6e9bcbae691d7fd1a233f3f02d1e2532272a1374815f6368
google_play,Spotify,com.spotify.music,us,en,f317cadc-2519-43dc-b065-9a3ff1c19800,5,0,2026-07-03T00:00:27+00:00,,run5_day3_20260704_032957,run5_day3_20260704_032957,MUSIC IS PEAK,MUSIC IS PEAK,2b195977afa3211c7121de79287ac8c5bfaa5bd362c8fed82f3a638b974f4c45,2b195977afa3211c7121de79287ac8c5bfaa5bd362c8fed82f3a638b974f4c45
google_play,Spotify,com.spotify.music,us,en,8c18fddb-7e69-49d2-9d08-a9fa7b52ddb5,5,0,2026-07-02T23:59:53+00:00,9.1.60.1970,run5_day3_20260704_032957,run5_day3_20260704_032957,It's been great so far,It's been great so far,4a4727a28d9316b7fcb7008f9e6a957f4a5ebff72495182d95832fdb9011c853,4a4727a28d9316b7fcb7008f9e6a957f4a5ebff72495182d95832fdb9011c853
google_play,Spotify,com.spotify.music,us,en,a5c66c99-aaf4-4dad-9b83-53c96e085633,5,0,2026-07-02T23:57:48+00:00,9.1.60.1970,run5_day3_20260704_032957,run5_day3_20260704_032957,it's great👍👍👍👍👍👍👍👍👍👍👍👍👍👍👍,it's great👍👍👍👍👍👍👍👍👍👍👍👍👍👍👍,c6c233462cb2e2f658313f4165db10cb43dc906c682d5827429e7f156b9c63f8,c6c233462cb2e2f658313f4165db10cb43dc906c682d5827429e7f156b9c63f8
google_play,Spotify,com.spotify.music,us,en,84115920-f205-4a44-9b18-ca857505abf8,5,0,2026-07-02T23:54:22+00:00,9.1.60.1970,run5_day3_20260704_032957,run5_day3_20260704_032957,like,like,cab2644828bcc1f220612fde559864da2c5bf0c6eebdcadbb4a4c88c9fcf3927,cab2644828bcc1f220612fde559864da2c5bf0c6eebdcadbb4a4c88c9fcf3927
google_play,Spotify,com.spotify.music,us,en,4606cfb9-7190-4b31-acdf-1f47d5f01df1,5,0,2026-07-02T23:52:18+00:00,9.1.60.1970,run5_day3_20260704_032957,run5_day3_20260704_032957,"I have fixed the problem, other than that this app is great it has all the music you'd love inside of one app, I appreciate that you can listen to other things like podcasts as well.","I have fixed the problem, other than that this app is great it has all the music you'd love inside of one app, I appreciate that you can listen to other things like podcasts as well.",2bb07c9d4e2aa88e65d20f15bff85a1625a2cbf83437658889ac70a7901ca749,2bb07c9d4e2aa88e65d20f15bff85a1625a2cbf83437658889ac70a7901ca749
google_play,Spotify,com.spotify.music,us,en,b259a4fe-0637-4480-81b6-e04f52131311,5,1,2026-07-02T23:48:13+00:00,9.1.60.1970,run5_day3_20260704_032957,run5_day3_20260704_032957,I absolutely love this app!,I absolutely love this app!,cc9eafe7ce8c974091e06d0d54cdc4b45eba045aa1b63b0fc9c86182cce41433,cc9eafe7ce8c974091e06d0d54cdc4b45eba045aa1b63b0fc9c86182cce41433
google_play,Spotify,com.spotify.music,us,en,bea1195e-9a0e-40b4-bdf2-9eba592c9afc,5,0,2026-07-02T23:43:17+00:00,9.1.22.1630,run5_day3_20260704_032957,run5_day3_20260704_032957,awesome just awesome,awesome just awesome,b528a1f5b54c3ce6bd20ceb5ea53cfa3cb34190f99dffa3b4e5bd9a5e7b22fb7,b528a1f5b54c3ce6bd20ceb5ea53cfa3cb34190f99dffa3b4e5bd9a5e7b22fb7
google_play,Spotify,com.spotify.music,us,en,62d4a86b-727e-48c1-baf6-a46a4feec670,5,0,2026-07-02T23:42:23+00:00,9.1.60.1970,run5_day3_20260704_032957,run5_day3_20260704_032957,Spotify is a reliable music streaming app and has got me through some boring times,Spotify is a reliable music streaming app and has got me through some boring times,bc96b031dc65f80799080e856b54faef6825a04e23be2fa726181b6766573970,bc96b031dc65f80799080e856b54faef6825a04e23be2fa726181b6766573970
google_play,Spotify,com.spotify.music,us,en,ad59cf08-f8de-461f-be0e-2445579957d0,5,0,2026-07-02T23:41:43+00:00,9.1.60.1970,run5_day3_20260704_032957,run5_day3_20260704_032957,good,good,770e607624d689265ca6c44884d0807d9b054d23c473c106c72be9de08b7376c,770e607624d689265ca6c44884d0807d9b054d23c473c106c72be9de08b7376c
google_play,Spotify,com.spotify.music,us,en,845a57cf-516f-4225-b768-ff450f31ae0b,5,0,2026-07-02T23:40:49+00:00,9.1.58.1567,run5_day3_20260704_032957,run5_day3_20260704_032957,love it!,love it!,1545056e30f4c48c8e47c7b34d967997250c37a47c4077a4411c33af8579f53d,1545056e30f4c48c8e47c7b34d967997250c37a47c4077a4411c33af8579f53d
google_play,Spotify,com.spotify.music,us,en,7bb9af49-018d-40b6-a803-d186a20acea2,4,1,2026-07-02T23:37:42+00:00,9.1.60.1970,run5_day3_20260704_032957,run5_day3_20260704_032957,"If you're using it for music, it's great! but the audio books NOT worth it. most books are somewhere around 20 or so hours long but they only give you like 10 (maybe 15) listening hours a MONTH when you pay for audio books, so you have to buy yet another add on to finish the story. you should be able to listen to at least 1 whole book if you're paying for it. the quality of the books is excellent though. lots of dramaticized options, and while not a necessity it can be fun every once in a while","If you're using it for music, it's great! but the audio books NOT worth it. most books are somewhere around 20 or so hours long but they only give you like 10 (maybe 15) listening hours a MONTH when you pay for audio books, so you have to buy yet another add on to finish the story. you should be able to listen to at least 1 whole book if you're paying for it. the quality of the books is excellent though. lots of dramaticized options, and while not a necessity it can be fun every once in a while",c5a66e73a6fbdb0128df9dac6453fd79e87966c9126cda59fd05663e7561c0d4,c5a66e73a6fbdb0128df9dac6453fd79e87966c9126cda59fd05663e7561c0d4
google_play,Spotify,com.spotify.music,us,en,7a0cde36-b49d-4616-bb9e-859b596baaa6,1,0,2026-07-02T23:34:53+00:00,9.1.60.1970,run5_day3_20260704_032957,run5_day3_20260704_032957,it feels like a pay to win game,it feels like a pay to win game,7197894f8245b8016b650eac28066107f0744f7ff203e24bfb8b750dade5ca56,7197894f8245b8016b650eac28066107f0744f7ff203e24bfb8b750dade5ca56
google_play,Spotify,com.spotify.music,us,en,f2044d1f-d54f-4f6b-a94f-8d5ae64dae29,5,0,2026-07-02T23:32:42+00:00,9.1.60.1970,run5_day3_20260704_032957,run5_day3_20260704_032957,best music app ever,best music app ever,506cee54b8e751e76d8f2dffaa6bf896800782ed51585c931989b5b3a881c71e,506cee54b8e751e76d8f2dffaa6bf896800782ed51585c931989b5b3a881c71e
google_play,Spotify,com.spotify.music,us,en,bf618bab-4ba7-492e-9d76-8948705e783e,5,0,2026-07-02T23:30:41+00:00,,run5_day3_20260704_032957,run5_day3_20260704_032957,only thing I wish this app had is ability to start a mix from any song! other than that it's great!,only thing I wish this app had is ability to start a mix from any song! other than that it's great!,db4dc60c710816183775f49dfb9b36d18ffb18fda921702cf2247d8a787e2e01,db4dc60c710816183775f49dfb9b36d18ffb18fda921702cf2247d8a787e2e01
google_play,Spotify,com.spotify.music,us,en,ed9a63ba-f1d3-40c7-965d-a937f5c70a59,2,0,2026-07-02T23:26:52+00:00,9.1.60.1970,run5_day3_20260704_032957,run5_day3_20260704_032957,"I've been using Spotify for years and the amount of ads is unnecessary, it's like two per song","I've been using Spotify for years and the amount of ads is unnecessary, it's like two per song",1fcd5d71788624a036474527e4e6130abf4b4d7a8f20b78646a357d6e4944fe8,1fcd5d71788624a036474527e4e6130abf4b4d7a8f20b78646a357d6e4944fe8
google_play,Spotify,com.spotify.music,us,en,5a19e83b-9607-4cb4-b820-1f3f0b0d6264,5,0,2026-07-02T23:25:59+00:00,9.1.60.1970,run5_day3_20260704_032957,run5_day3_20260704_032957,Very cool music app.,Very cool music app.,a09b22cffd7e525ea5b9bb28a77d9be659311bc62f9d7631408ee1b36dce305b,a09b22cffd7e525ea5b9bb28a77d9be659311bc62f9d7631408ee1b36dce305b
google_play,Spotify,com.spotify.music,us,en,b5644198-131c-41dd-b2ab-3cdf121d771c,5,1,2026-07-02T23:24:36+00:00,9.1.60.1970,run5_day3_20260704_032957,run5_day3_20260704_032957,super good 😊😊😊😊😊😊😊 really good song and finding songs are really easy,super good 😊😊😊😊😊😊😊 really good song and finding songs are really easy,0f0d2c1ca15d15d9c12a7d2876511bf875cf2c445dda598ccfe5b1d5271067e3,0f0d2c1ca15d15d9c12a7d2876511bf875cf2c445dda598ccfe5b1d5271067e3
google_play,Spotify,com.spotify.music,us,en,04116999-01b0-4fac-987c-3851c9703fc0,5,0,2026-07-02T23:23:10+00:00,9.1.60.1970,run5_day3_20260704_032957,run5_day3_20260704_032957,the best,the best,6d766cee0782bfafe7e944af817a3fefa9ce43da13c92f9d33d459cfbfe2aa49,6d766cee0782bfafe7e944af817a3fefa9ce43da13c92f9d33d459cfbfe2aa49
google_play,Spotify,com.spotify.music,us,en,2f8889e2-062d-47b6-9490-15aff275f1cd,5,0,2026-07-02T04:37:07+00:00,9.1.60.1970,run5_day2_20260703_043957,run5_day2_20260703_043957,this is the best music listening app other than the premium features only stuff the app is great I would 100 percent recommend this to people,this is the best music listening app other than the premium features only stuff the app is great I would 100 percent recommend this to people,ce6455d7d2f35874c5c8518e8f7092f1419a3655623344b02845743df815bbfd,ce6455d7d2f35874c5c8518e8f7092f1419a3655623344b02845743df815bbfd
google_play,Spotify,com.spotify.music,us,en,93cd31c8-42f6-4a0e-bd27-49e6155367d0,5,0,2026-07-02T04:36:10+00:00,9.1.60.1970,run5_day2_20260703_043957,run5_day2_20260703_043957,it's okay,it's okay,ffb505cd2cf056b33558fc3ea285cfc223c33e55ca5af5b40ae0c2dc679f6464,ffb505cd2cf056b33558fc3ea285cfc223c33e55ca5af5b40ae0c2dc679f6464
google_play,Spotify,com.spotify.music,us,en,aa70b879-dc84-475f-9f1e-01c8da1b0ea1,1,0,2026-07-02T04:30:39+00:00,,run5_day2_20260703_043957,run5_day2_20260703_043957,no subscription no music,no subscription no music,59360f8aac8b2aba107c7a7b7cb2f012d3f42c184d94afccfed12cc51a9f37fc,59360f8aac8b2aba107c7a7b7cb2f012d3f42c184d94afccfed12cc51a9f37fc
google_play,Spotify,com.spotify.music,us,en,6a68665a-e917-4a19-a78b-7ffef01f073d,4,0,2026-07-02T04:28:39+00:00,9.1.60.1970,run5_day2_20260703_043957,run5_day2_20260703_043957,need premium for my phone,need premium for my phone,48596333e16a4a1144509e6404f50ca91fe5c56725b4af2424216b30370ecd33,48596333e16a4a1144509e6404f50ca91fe5c56725b4af2424216b30370ecd33
google_play,Spotify,com.spotify.music,us,en,cf1fd862-36c1-4e8b-89fd-88f80d302757,4,0,2026-07-02T04:28:21+00:00,9.1.60.1970,run5_day2_20260703_043957,run5_day2_20260703_043957,good,good,770e607624d689265ca6c44884d0807d9b054d23c473c106c72be9de08b7376c,770e607624d689265ca6c44884d0807d9b054d23c473c106c72be9de08b7376c
google_play,Spotify,com.spotify.music,us,en,40a4b75f-4b39-4b24-a544-6f0e9576cdfb,3,0,2026-07-02T04:27:59+00:00,9.1.60.1970,run5_day2_20260703_043957,run5_day2_20260703_043957,"I mean it's good just 5 unskipable adds per song? (which is usually 15-30 secs)i wish it would fo back to how it was which is 1-2 skippable adds every 3 songs, and they don't let you see the lyrics for half of their music so that's annoying. premium( which is what Spotify was when it first started , the modern premium ) another issue was that with the podcasts which I personally watch more meme related ones, I would be watching it then 2 minutes in 5 ads 4 minutes in 5 ads etc to excessive","I mean it's good just 5 unskipable adds per song? (which is usually 15-30 secs)i wish it would fo back to how it was which is 1-2 skippable adds every 3 songs, and they don't let you see the lyrics for half of their music so that's annoying. premium( which is what Spotify was when it first started , the modern premium ) another issue was that with the podcasts which I personally watch more meme related ones, I would be watching it then 2 minutes in 5 ads 4 minutes in 5 ads etc to excessive",8ecfd1afee3466e8b5366b6f4316775beb43b31fd17f43c817e23a58da71043e,8ecfd1afee3466e8b5366b6f4316775beb43b31fd17f43c817e23a58da71043e
google_play,Spotify,com.spotify.music,us,en,ec4576f5-6ef8-4643-8031-62c133962a7f,3,0,2026-07-02T04:23:40+00:00,9.1.60.1970,run5_day2_20260703_043957,run5_day2_20260703_043957,"ads,ads and ads","ads,ads and ads",73487b0331995a97c04743757fa5a2be58d69caffbfba494eec6fe0c6d86bd3a,73487b0331995a97c04743757fa5a2be58d69caffbfba494eec6fe0c6d86bd3a
google_play,Spotify,com.spotify.music,us,en,4f4c5c5c-47d7-402a-aad8-0251f1cf0d62,1,0,2026-07-02T04:20:20+00:00,9.1.60.1970,run5_day2_20260703_043957,run5_day2_20260703_043957,"The free version is ABYSMAL. the amount of songs you can listen to before getting ads changes every day. For example, I usually experience 3-4 ads every 3 songs, but today, I'm getting 4-5 ads per ONE song. Spotify knows that you won't stop using it so they keep pumping things full of ads so you're either forced to suffer the wrath of ads, or paying money for the bare minimum.","The free version is ABYSMAL. the amount of songs you can listen to before getting ads changes every day. For example, I usually experience 3-4 ads every 3 songs, but today, I'm getting 4-5 ads per ONE song. Spotify knows that you won't stop using it so they keep pumping things full of ads so you're either forced to suffer the wrath of ads, or paying money for the bare minimum.",e01f5e6d4b87ccd0e2d2864e5c7a349cac962ec1a455f03f04a225c013150669,e01f5e6d4b87ccd0e2d2864e5c7a349cac962ec1a455f03f04a225c013150669
google_play,Spotify,com.spotify.music,us,en,57062c60-5e02-4a8b-b6f3-bb9ebfafac28,5,0,2026-07-02T04:19:36+00:00,9.1.60.1970,run5_day2_20260703_043957,run5_day2_20260703_043957,this app is awesome.,this app is awesome.,8b108f583abbe9752a8f7e9a0c66cbfaf839288ac965136ede4491cde48bafe1,8b108f583abbe9752a8f7e9a0c66cbfaf839288ac965136ede4491cde48bafe1
google_play,Spotify,com.spotify.music,us,en,2f6ec077-6162-4924-9fcb-9973c4d85e94,1,1,2026-07-02T04:15:43+00:00,8.6.82.1113,run5_day2_20260703_043957,run5_day2_20260703_043957,"This app does not work reliably for music offline, even if you download every song/album manually. This app frequently redownloads all of your albums, effectively tanking your internet's download speed without warning or the ability to throttle in app download speeds.","This app does not work reliably for music offline, even if you download every song/album manually. This app frequently redownloads all of your albums, effectively tanking your internet's download speed without warning or the ability to throttle in app download speeds.",18809ae5978fb05f4535c8b78d70df5193b0697d8a6489784271330e16333dc7,18809ae5978fb05f4535c8b78d70df5193b0697d8a6489784271330e16333dc7
google_play,Spotify,com.spotify.music,us,en,fcca84bd-33cf-4e5f-89f2-601df7de017b,1,1,2026-07-02T04:13:02+00:00,9.1.60.1970,run5_day2_20260703_043957,run5_day2_20260703_043957,"new widget is terrible. being forced to use this over the old one. often does start up Spotify upon clicking into it, need to open app and play song then exit app to use widget","new widget is terrible. being forced to use this over the old one. often does start up Spotify upon clicking into it, need to open app and play song then exit app to use widget",2106e7f9afa88e8b046ef88a5360be9542f083673775b2c6d97ca1fabc2a29b5,2106e7f9afa88e8b046ef88a5360be9542f083673775b2c6d97ca1fabc2a29b5
google_play,Spotify,com.spotify.music,us,en,db26422e-b107-454b-9de0-f7157637af48,5,1,2026-07-02T04:10:32+00:00,9.1.60.1970,run5_day2_20260703_043957,run5_day2_20260703_043957,I LOVE ITTT. It is very great,I LOVE ITTT. It is very great,09dd41d20eeb035a830f6b35e57000ae69903a6037bd3cd8e0c163b8ee620f7a,09dd41d20eeb035a830f6b35e57000ae69903a6037bd3cd8e0c163b8ee620f7a
google_play,Spotify,com.spotify.music,us,en,274d9bb6-0d99-45b6-835a-4710b8fc86dd,5,0,2026-07-02T04:10:31+00:00,9.1.60.1970,run5_day2_20260703_043957,run5_day2_20260703_043957,Good,Good,c939327ca16dcf97ca32521d8b834bf1de16573d21deda3bb2a337cf403787a6,c939327ca16dcf97ca32521d8b834bf1de16573d21deda3bb2a337cf403787a6
google_play,Spotify,com.spotify.music,us,en,5efa0ccd-d98d-4e1a-88e1-f403e4f864b5,3,0,2026-07-02T04:08:20+00:00,9.1.60.1970,run5_day2_20260703_043957,run5_day2_20260703_043957,"Before, whenever you searched for a song, once it finished playing, it would automatically play random songs afterward. But now it doesn't anymore. :( I tried checking the settings, but I still can't figure it out.","Before, whenever you searched for a song, once it finished playing, it would automatically play random songs afterward. But now it doesn't anymore. :( I tried checking the settings, but I still can't figure it out.",19d17152219857df4e7acffe2bf74113311d15f9e8e35b7173960bd6706192ce,19d17152219857df4e7acffe2bf74113311d15f9e8e35b7173960bd6706192ce
google_play,Spotify,com.spotify.music,us,en,77f8711c-6d0e-45ee-a068-c133163e0543,2,0,2026-07-02T04:05:37+00:00,9.1.60.1970,run5_day2_20260703_043957,run5_day2_20260703_043957,"I know Spotify has a lot of ads, but please remove the Premium restriction on selecting songs. The recent update isn't good because now free users can only click and choose up to five songs. I hope the free version can have unlimited song selection, even if it still includes ads.","I know Spotify has a lot of ads, but please remove the Premium restriction on selecting songs. The recent update isn't good because now free users can only click and choose up to five songs. I hope the free version can have unlimited song selection, even if it still includes ads.",c6a4f7df5f319eacc35912b8eff7e843c4db823e8b0a89d28567a094ed56bc25,c6a4f7df5f319eacc35912b8eff7e843c4db823e8b0a89d28567a094ed56bc25
google_play,Spotify,com.spotify.music,us,en,ca2ac91c-c553-4804-ae08-ae3e1293000e,5,0,2026-07-02T04:05:15+00:00,9.1.60.1970,run5_day2_20260703_043957,run5_day2_20260703_043957,nice,nice,e186022d0931afe9fe0690857e32f85e50165e7fbe0966d49609ef1981f920c6,e186022d0931afe9fe0690857e32f85e50165e7fbe0966d49609ef1981f920c6
google_play,Spotify,com.spotify.music,us,en,f52dbfba-89ef-48f2-84fc-40bed1cfffc5,2,0,2026-07-02T04:05:02+00:00,,run5_day2_20260703_043957,run5_day2_20260703_043957,always interrupts me when I click something and asks if I wanna listen to something else and sometimes the app doesn't even open and for some reason the audio is not loud at all compared to my headphones actual capability,always interrupts me when I click something and asks if I wanna listen to something else and sometimes the app doesn't even open and for some reason the audio is not loud at all compared to my headphones actual capability,ae61b4796795f1e6f012050e149e55bfe0d4f5496fa39691aed1edba2237aacc,ae61b4796795f1e6f012050e149e55bfe0d4f5496fa39691aed1edba2237aacc
google_play,Spotify,com.spotify.music,us,en,962a30bd-2d3d-43a5-805d-0180d42b0e98,1,0,2026-07-02T04:00:06+00:00,9.1.60.1970,run5_day2_20260703_043957,run5_day2_20260703_043957,"Spotify is completly unusable now. I was listening to my music and I wanted to change the song so I press the song and it says: ""If you want to choose your music. Pay for spotify premium"". At first I thought it was a glitch so I do it again. It says the same thing. You have to oay just to chosoe a song. It doesn't work if you search it or pick a sing on your playlist. Also, awhile ago they made to where you have to pay for songs to be in order. This app is lucky I have a letter amount.","Spotify is completly unusable now. I was listening to my music and I wanted to change the song so I press the song and it says: ""If you want to choose your music. Pay for spotify premium"". At first I thought it was a glitch so I do it again. It says the same thing. You have to oay just to chosoe a song. It doesn't work if you search it or pick a sing on your playlist. Also, awhile ago they made to where you have to pay for songs to be in order. This app is lucky I have a letter amount.",a8fc7123c4c0f80924949ecee0f49970e9e63ecbe0f5f9c7f32dc91b7df9f5b4,a8fc7123c4c0f80924949ecee0f49970e9e63ecbe0f5f9c7f32dc91b7df9f5b4
google_play,Spotify,com.spotify.music,us,en,a69502d6-559b-4ce9-bb39-1a6eaf211cc1,5,0,2026-07-02T03:56:44+00:00,9.1.56.574,run5_day2_20260703_043957,run5_day2_20260703_043957,Who the hell asks for money for lyrics😤,Who the hell asks for money for lyrics😤,3b309a76e33501dd107ae8d34bd84159a70e3cb7b57562f68b41c2cfcb37fc29,3b309a76e33501dd107ae8d34bd84159a70e3cb7b57562f68b41c2cfcb37fc29
google_play,Spotify,com.spotify.music,us,en,21df0e30-5f90-4930-a00a-dda75290fc1c,5,0,2026-07-02T03:54:31+00:00,9.1.60.1970,run5_day2_20260703_043957,run5_day2_20260703_043957,"Good, I proud of you 👍🏻 it,s Spotify 😇","Good, I proud of you 👍🏻 it,s Spotify 😇",0d387a59fcaff045b35ccaec63a0fbdc11bdeed2483470cfc6aa076426b77b6b,0d387a59fcaff045b35ccaec63a0fbdc11bdeed2483470cfc6aa076426b77b6b
google_play,Spotify,com.spotify.music,us,en,c883bed7-f26a-40dc-a439-eb1d89a0c21a,1,0,2026-07-02T03:46:59+00:00,8.9.78.513,run5_day2_20260703_043957,run5_day2_20260703_043957,faceing pblm the everytime i open the app,faceing pblm the everytime i open the app,df85d2b9bf2a7bcdc72b10d3f24d66f17f55d059566183fba718ed483a40a8b3,df85d2b9bf2a7bcdc72b10d3f24d66f17f55d059566183fba718ed483a40a8b3
google_play,Spotify,com.spotify.music,us,en,6f2709df-1a59-4820-b3f1-6b1cfad6d9da,1,0,2026-07-02T03:45:22+00:00,9.1.60.1970,run5_day2_20260703_043957,run5_day2_20260703_043957,For the last month I have been unable to open the Spotify app,For the last month I have been unable to open the Spotify app,9560810b10026321fc987843d6aa83ee5c3be29a2c0ae768fdc1a71a8cf38086,9560810b10026321fc987843d6aa83ee5c3be29a2c0ae768fdc1a71a8cf38086
google_play,Spotify,com.spotify.music,us,en,0ac03e77-a21a-44f0-8a47-01705de9b720,1,0,2026-07-02T03:44:55+00:00,9.1.60.1970,run5_day2_20260703_043957,run5_day2_20260703_043957,garbage app there more ads than songs don't install it,garbage app there more ads than songs don't install it,862b9b9309dc6ebafaa76f972993b56243ac64e96dad73f997cecbe976a47ebe,862b9b9309dc6ebafaa76f972993b56243ac64e96dad73f997cecbe976a47ebe
google_play,Spotify,com.spotify.music,us,en,c3327f49-8fee-4803-9bd9-b713f42fdc30,5,0,2026-07-02T03:41:55+00:00,9.1.60.1970,run5_day2_20260703_043957,run5_day2_20260703_043957,super,super,73d1b1b1bc1dabfb97f216d897b7968e44b06457920f00f2dc6c1ed3be25ad4c,73d1b1b1bc1dabfb97f216d897b7968e44b06457920f00f2dc6c1ed3be25ad4c
google_play,Spotify,com.spotify.music,us,en,8fbd4121-ba38-4a03-a324-c0a969b5633f,5,0,2026-07-02T03:38:47+00:00,9.1.60.1970,run5_day2_20260703_043957,run5_day2_20260703_043957,"I enjoy my music and the mix of artist.,","I enjoy my music and the mix of artist.,",b8027f9db6b95304e8f0dde1426b3abb1e45133b7eb60d7b93ed8c88ebc78588,b8027f9db6b95304e8f0dde1426b3abb1e45133b7eb60d7b93ed8c88ebc78588
google_play,Spotify,com.spotify.music,us,en,af760da7-a213-44dd-b73a-7965c717f753,4,1,2026-07-02T03:35:01+00:00,,run5_day2_20260703_043957,run5_day2_20260703_043957,this app was amazing one problem only ads thats was a biggest problem if we are listening song and going to sleep ad came so thats a bad thing if u change that u the app was so good 👍🏻,this app was amazing one problem only ads thats was a biggest problem if we are listening song and going to sleep ad came so thats a bad thing if u change that u the app was so good 👍🏻,8970d599e558565a4040a812b5798dc4dbf4d7f28866367864c40657a2cf3507,8970d599e558565a4040a812b5798dc4dbf4d7f28866367864c40657a2cf3507
google_play,Spotify,com.spotify.music,us,en,7f065781-fdae-4dda-97d7-4d429696cc4e,1,0,2026-07-02T03:31:58+00:00,9.1.60.1970,run5_day2_20260703_043957,run5_day2_20260703_043957,Alot is wrong with the app these days!!!!,Alot is wrong with the app these days!!!!,a82a63b0356c18e532c5535a6b662fac3abd2fd4862d7d2132040f924af2ea89,a82a63b0356c18e532c5535a6b662fac3abd2fd4862d7d2132040f924af2ea89
google_play,Spotify,com.spotify.music,us,en,7c5bb2a3-2333-4eb7-bb0b-471696468236,5,0,2026-07-02T03:30:20+00:00,9.1.60.1970,run5_day2_20260703_043957,run5_day2_20260703_043957,excellent.,excellent.,db77c022de8346170a2b2cecdd29f3d8eae4e6401a64398ee5b99bf58194112d,db77c022de8346170a2b2cecdd29f3d8eae4e6401a64398ee5b99bf58194112d
google_play,Spotify,com.spotify.music,us,en,095f0d26-462e-4839-b44d-9267689690bd,4,0,2026-07-02T03:26:30+00:00,9.1.60.1970,run5_day2_20260703_043957,run5_day2_20260703_043957,Musics good and all but the unskippable ads are just annoying,Musics good and all but the unskippable ads are just annoying,0aac90f67c12df775243a493c1e3e8f407302cf560c96ec3b19df347ebaa619b,0aac90f67c12df775243a493c1e3e8f407302cf560c96ec3b19df347ebaa619b
google_play,Spotify,com.spotify.music,us,en,43be4175-6df6-4480-b73b-f744f892a5a7,1,0,2026-07-02T03:24:21+00:00,9.1.60.1970,run5_day2_20260703_043957,run5_day2_20260703_043957,bad app,bad app,690bd190558c7443be91edb368ce7a65a50fffb5763f2cbceaacbff49a3eb53e,690bd190558c7443be91edb368ce7a65a50fffb5763f2cbceaacbff49a3eb53e
google_play,Spotify,com.spotify.music,us,en,0c8de286-db74-4359-850e-c84021fbdf85,1,0,2026-07-02T03:21:10+00:00,9.1.60.1970,run5_day2_20260703_043957,run5_day2_20260703_043957,apps doest appear in my phone.,apps doest appear in my phone.,ef392ead95b08f2228516e705a68351449795ecce2a7a63c3caecf90e7cdab01,ef392ead95b08f2228516e705a68351449795ecce2a7a63c3caecf90e7cdab01
google_play,Spotify,com.spotify.music,us,en,698644f5-b943-4540-9eb3-466f925a84fa,1,0,2026-07-02T03:20:07+00:00,9.1.60.1970,run5_day2_20260703_043957,run5_day2_20260703_043957,automatically starts a jam and invites everyone near you to join. I ask Alexa to play on a single device and it starts on all of them. there is no option to turn this off. there's SUPPOSED TO BE but it doesn't work.,automatically starts a jam and invites everyone near you to join. I ask Alexa to play on a single device and it starts on all of them. there is no option to turn this off. there's SUPPOSED TO BE but it doesn't work.,52943661b104ff7e30568aaf92154e878dc3f801a344e038635fe344e28539e4,52943661b104ff7e30568aaf92154e878dc3f801a344e038635fe344e28539e4
google_play,Spotify,com.spotify.music,us,en,7ada35f1-2fce-448f-b8cb-376b20766c2c,5,0,2026-07-02T03:19:13+00:00,9.1.60.1970,run5_day2_20260703_043957,run5_day2_20260703_043957,hella cutest app ever ❤️❤️❤️😘🎉,hella cutest app ever ❤️❤️❤️😘🎉,c28540d3908718722f87348d5118487a471e30bc7d1d847cb2551b4893545c7a,c28540d3908718722f87348d5118487a471e30bc7d1d847cb2551b4893545c7a
google_play,Spotify,com.spotify.music,us,en,1473d59e-6737-47c5-a234-f0d2a5130a78,4,0,2026-07-02T03:17:47+00:00,9.1.60.1970,run5_day2_20260703_043957,run5_day2_20260703_043957,"Very good quality of music and a very wide variety. But a lot, and I mean a lot, of adds.","Very good quality of music and a very wide variety. But a lot, and I mean a lot, of adds.",b27e05efb772d65148d4854f950510821c5d56f0a315b0730be5273c0f73e71a,b27e05efb772d65148d4854f950510821c5d56f0a315b0730be5273c0f73e71a
google_play,Spotify,com.spotify.music,us,en,18b9e552-1cc1-4754-823a-a80f6f51650f,5,0,2026-07-02T03:15:30+00:00,9.1.60.1970,run5_day2_20260703_043957,run5_day2_20260703_043957,best app ever to listen music,best app ever to listen music,b9f25e0701562fd56c7dcc70c23f949aee95e3d1f98c835228b58d5d92e6e794,b9f25e0701562fd56c7dcc70c23f949aee95e3d1f98c835228b58d5d92e6e794
google_play,Spotify,com.spotify.music,us,en,605bcab9-5345-431c-b5c0-fb4f3b63880f,5,0,2026-07-02T03:14:25+00:00,9.1.60.1970,run5_day2_20260703_043957,run5_day2_20260703_043957,best of the best,best of the best,43407cb2cae854fbc189bf9193648cec533ddde23c52ecb89a75edc296122022,43407cb2cae854fbc189bf9193648cec533ddde23c52ecb89a75edc296122022
google_play,Spotify,com.spotify.music,us,en,9d456a20-47cb-44ac-93df-5b8eb4bf701c,3,0,2026-07-02T03:13:03+00:00,9.1.60.1970,run5_day2_20260703_043957,run5_day2_20260703_043957,I don't know why but my Spotify sometimes becomes inaccessible like sometimes the app won't start and only show a black screen and then I have to delete all data and restart the app this just bugs out nowadays,I don't know why but my Spotify sometimes becomes inaccessible like sometimes the app won't start and only show a black screen and then I have to delete all data and restart the app this just bugs out nowadays,2f0248ebf690f593fec77cd2fd73ef254e066b100c13ee2bf272afa5c00e16ad,2f0248ebf690f593fec77cd2fd73ef254e066b100c13ee2bf272afa5c00e16ad
google_play,Spotify,com.spotify.music,us,en,4b272205-dc48-48aa-a7a7-683cbfbfe7be,1,0,2026-07-02T03:11:54+00:00,9.1.60.1970,run5_day2_20260703_043957,run5_day2_20260703_043957,"Old, junk, no real shufffle, limited, bad app","Old, junk, no real shufffle, limited, bad app",488d950aa080f4a05608cacad896e98acaf44638fd95877296f1614f8dfcfaee,488d950aa080f4a05608cacad896e98acaf44638fd95877296f1614f8dfcfaee
google_play,Spotify,com.spotify.music,us,en,274ca33c-b4d8-4ae7-a695-7a3e5d6761aa,4,0,2026-07-02T03:06:58+00:00,9.1.60.1970,run5_day2_20260703_043957,run5_day2_20260703_043957,"I love Spotify and its' over thousands of music songs, artists and albums files to choose from to make a fun listening playlist. Plus the sound quality and features are great!","I love Spotify and its' over thousands of music songs, artists and albums files to choose from to make a fun listening playlist. Plus the sound quality and features are great!",dcdcaefe9b14b469490971eb6c3eb6fccbdfa01fc47d85ee89a90ceca4671b64,dcdcaefe9b14b469490971eb6c3eb6fccbdfa01fc47d85ee89a90ceca4671b64
google_play,Spotify,com.spotify.music,us,en,01a08cc8-56e3-4947-9eab-84fcede9206c,5,0,2026-07-02T03:06:07+00:00,9.1.44.2120,run5_day2_20260703_043957,run5_day2_20260703_043957,"Once I got introduced to Spotify, Pandora was no longer needed. 🎧 Spotify is always on point—from my playlists, to my On Repeat, to my personalized recommendations. They just get my music taste every time. I just love Spotify!","Once I got introduced to Spotify, Pandora was no longer needed. 🎧 Spotify is always on point—from my playlists, to my On Repeat, to my personalized recommendations. They just get my music taste every time. I just love Spotify!",b8fdebb46759f043525452eec01ce28d2e54c3763abe83e0aba0ada29daad478,b8fdebb46759f043525452eec01ce28d2e54c3763abe83e0aba0ada29daad478
google_play,Spotify,com.spotify.music,us,en,277d1341-fc29-4217-982e-6a01d61c6aea,1,0,2026-07-02T03:05:36+00:00,9.1.58.1567,run5_day2_20260703_043957,run5_day2_20260703_043957,worst app,worst app,84efa6ea862cd81f9adf9664b35279921d00ea86bdd789236cd98dcb9764424c,84efa6ea862cd81f9adf9664b35279921d00ea86bdd789236cd98dcb9764424c
google_play,Spotify,com.spotify.music,us,en,76aab7c5-f2d5-4ddf-bdc4-216828552c48,5,0,2026-07-02T03:03:25+00:00,9.1.58.1567,run5_day2_20260703_043957,run5_day2_20260703_043957,good,good,770e607624d689265ca6c44884d0807d9b054d23c473c106c72be9de08b7376c,770e607624d689265ca6c44884d0807d9b054d23c473c106c72be9de08b7376c
google_play,Spotify,com.spotify.music,us,en,95c5703a-9ddc-473c-94a7-d7a2080cc53a,5,0,2026-07-02T03:02:37+00:00,,run5_day2_20260703_043957,run5_day2_20260703_043957,"my favorite apps!! fiturnya sekarang lengkap, lagunya juga lengkap dari berbagai genre, rasanya kayak ada yang kurang kalo ga open spotify dimanapun dan kapanpun!!","my favorite apps!! fiturnya sekarang lengkap, lagunya juga lengkap dari berbagai genre, rasanya kayak ada yang kurang kalo ga open spotify dimanapun dan kapanpun!!",217d2b9dd8641ebd6e788233f057180d5b02ec8c708070b669db3d4ba9b16482,217d2b9dd8641ebd6e788233f057180d5b02ec8c708070b669db3d4ba9b16482
google_play,Spotify,com.spotify.music,us,en,c433b118-6ee4-4d5a-b555-e386005214ba,1,0,2026-07-02T02:59:42+00:00,9.1.60.1970,run5_day2_20260703_043957,run5_day2_20260703_043957,I dont like shuffling. I can't even control it! it just plays songs that I don't like.,I dont like shuffling. I can't even control it! it just plays songs that I don't like.,6e376141fb2a1730433c62a108681fb8c4d122819993aae623b18c0fcbf8c183,6e376141fb2a1730433c62a108681fb8c4d122819993aae623b18c0fcbf8c183
google_play,Spotify,com.spotify.music,us,en,50d8e9e1-b44e-47af-ba0e-6c299668f808,2,2,2026-07-02T02:59:22+00:00,9.1.60.1970,run5_day2_20260703_043957,run5_day2_20260703_043957,"Although they have lots of music choices to pick from, if you don't have Premium, they treat you like HELL. Like the advertisement lengths and the fact that you can only pick what you want to like 5 times.","Although they have lots of music choices to pick from, if you don't have Premium, they treat you like HELL. Like the advertisement lengths and the fact that you can only pick what you want to like 5 times.",30470bdd355df6a0c7ac0f759d4bb4dd1046d46d7f0bc8094f411437bfea1372,30470bdd355df6a0c7ac0f759d4bb4dd1046d46d7f0bc8094f411437bfea1372
google_play,Spotify,com.spotify.music,us,en,4a361904-f8fc-4676-8a67-9a56025f7360,3,0,2026-07-02T02:54:41+00:00,9.1.60.1970,run5_day2_20260703_043957,run5_day2_20260703_043957,Spotify in the earlier years was the best. I could play 10 songs before an ad. And there were only 2 to 1 ad breaks but now I just played 3 songs in a row and 3 ads pop up. sometimes I just played 2 song and an ad pops up. I hope you guys fix this issue. I really love music and play it daily. now I just have to wait until all 3 ads finish to be able to play my songs,Spotify in the earlier years was the best. I could play 10 songs before an ad. And there were only 2 to 1 ad breaks but now I just played 3 songs in a row and 3 ads pop up. sometimes I just played 2 song and an ad pops up. I hope you guys fix this issue. I really love music and play it daily. now I just have to wait until all 3 ads finish to be able to play my songs,8c766131349b9f5699a7f7d7ebacbf2e4fe9b9901163128f37b451e0a4926afd,8c766131349b9f5699a7f7d7ebacbf2e4fe9b9901163128f37b451e0a4926afd
google_play,Spotify,com.spotify.music,us,en,c5dd3b93-31e4-4b0a-b074-a75e4324bfb6,4,0,2026-07-02T02:52:11+00:00,9.1.60.1970,run5_day2_20260703_043957,run5_day2_20260703_043957,super 👍,super 👍,44f48336e77d102cbd60eb2a5c63df8f20d7a78f8f4e5db7a1607020ca0a59cd,44f48336e77d102cbd60eb2a5c63df8f20d7a78f8f4e5db7a1607020ca0a59cd
google_play,Spotify,com.spotify.music,us,en,93b97e94-088f-47c1-bd10-b03ca02bdcb4,5,0,2026-07-02T02:51:25+00:00,,run5_day2_20260703_043957,run5_day2_20260703_043957,one of a kind 🌟,one of a kind 🌟,901d9753f54399d4f3a99b7a15df07168b9261b8f4fc76f795598043671f8b73,901d9753f54399d4f3a99b7a15df07168b9261b8f4fc76f795598043671f8b73
google_play,Spotify,com.spotify.music,us,en,0623e96b-b14f-4e18-b51b-d0c9804dfdc6,5,0,2026-07-02T02:44:28+00:00,9.1.60.1970,run5_day2_20260703_043957,run5_day2_20260703_043957,"No matter what mood I am in, I can find a song quickly! When you love music you don't care who it is on the cover. Right??","No matter what mood I am in, I can find a song quickly! When you love music you don't care who it is on the cover. Right??",5cfc6bb9f19e6690d6b45b607f2c560127b9420e51568d5b2251545e3cf0c82b,5cfc6bb9f19e6690d6b45b607f2c560127b9420e51568d5b2251545e3cf0c82b
google_play,Spotify,com.spotify.music,us,en,1ad204d6-d235-4ab3-8ac6-d267e33823c8,1,0,2026-07-02T02:44:02+00:00,9.1.60.1970,run5_day2_20260703_043957,run5_day2_20260703_043957,"My main point of discontentment with Spotify would be the ""shuffle"" setting. It seems to select a small group of songs and artists to play despite the fact that I have a library of thousands of songs. Somehow my shuffle setting frequently plays the same ""popular"" songs/artists. Not a true shuffle, selective playtime for certain artists. It's pretty obvious Spotify presents us with certain content by design regardless of shuffle setting. App freezes and crashes often as well. Boo!!!","My main point of discontentment with Spotify would be the ""shuffle"" setting. It seems to select a small group of songs and artists to play despite the fact that I have a library of thousands of songs. Somehow my shuffle setting frequently plays the same ""popular"" songs/artists. Not a true shuffle, selective playtime for certain artists. It's pretty obvious Spotify presents us with certain content by design regardless of shuffle setting. App freezes and crashes often as well. Boo!!!",cfa66bef44a486d3e6c1ca104c4cc104dc736b4113440a3b9f5adc0ce260574b,cfa66bef44a486d3e6c1ca104c4cc104dc736b4113440a3b9f5adc0ce260574b
google_play,Spotify,com.spotify.music,us,en,d3db048d-35ed-4919-99c4-c96fe3cfa8eb,4,0,2026-07-02T02:43:54+00:00,,run5_day2_20260703_043957,run5_day2_20260703_043957,Music good but too many of the same ads. Premium prices cost a bit to high.,Music good but too many of the same ads. Premium prices cost a bit to high.,fb7537460dba202e8907825720d025ae90c409cef6747e3003a40aa6beb19315,fb7537460dba202e8907825720d025ae90c409cef6747e3003a40aa6beb19315
google_play,Spotify,com.spotify.music,us,en,34cc544f-79b0-4284-b904-18751e60a100,5,0,2026-07-02T02:43:02+00:00,9.1.52.1394,run5_day2_20260703_043957,run5_day2_20260703_043957,great 👍,great 👍,fce2a5603c60fb223a7bb1044815167cd6d92c1a1e4104fb85b8514b05c46641,fce2a5603c60fb223a7bb1044815167cd6d92c1a1e4104fb85b8514b05c46641
google_play,Spotify,com.spotify.music,us,en,01679271-faa2-4c29-b02c-28bb9fd78212,5,0,2026-07-02T02:26:26+00:00,9.1.60.1970,run5_day2_20260703_043957,run5_day2_20260703_043957,great app however sometimes when I click the app it's a black screen and won't load me into the app. I have good Internet but the screen is dark when I open the app sometimes.,great app however sometimes when I click the app it's a black screen and won't load me into the app. I have good Internet but the screen is dark when I open the app sometimes.,9a9141906b5312d75473263c1efec8d28289dca2d844965fd1ffdf436fba07f2,9a9141906b5312d75473263c1efec8d28289dca2d844965fd1ffdf436fba07f2
google_play,Spotify,com.spotify.music,us,en,5d5a8bb1-3fe3-4670-aa8d-36fa9669f489,5,0,2026-07-02T02:23:55+00:00,9.1.60.1970,run5_day2_20260703_043957,run5_day2_20260703_043957,excellent,excellent,6d785acc7d4ce49fe4e4bbf276dc73f1cf7c20094d3e96fe84ef79fbebcaf88a,6d785acc7d4ce49fe4e4bbf276dc73f1cf7c20094d3e96fe84ef79fbebcaf88a
google_play,Spotify,com.spotify.music,us,en,b6c3c9d0-29f0-41af-b4db-08960e7ef8f6,5,0,2026-07-02T02:23:01+00:00,9.1.58.1567,run5_day2_20260703_043957,run5_day2_20260703_043957,AWESOMMMEEEE!! I used this app 24/7 and it's FIREE!! maybe because I have premium but it's okay!,AWESOMMMEEEE!! I used this app 24/7 and it's FIREE!! maybe because I have premium but it's okay!,f828cf0807884cfbb3a6264e6278c269b89d8702fcbb3927538bc0c577eb2c71,f828cf0807884cfbb3a6264e6278c269b89d8702fcbb3927538bc0c577eb2c71
google_play,Spotify,com.spotify.music,us,en,e14bf06f-82c6-4e15-a357-41597a5e03d5,2,0,2026-07-02T02:23:00+00:00,9.1.60.1970,run5_day2_20260703_043957,run5_day2_20260703_043957,very bad,very bad,81f1a179149981cbd4410cbce0485b03a74054a0ca72b843c45f957577e56c39,81f1a179149981cbd4410cbce0485b03a74054a0ca72b843c45f957577e56c39
google_play,Spotify,com.spotify.music,us,en,7974e05f-194f-4005-8ce5-2e98cbe6f6f5,5,0,2026-07-02T02:21:15+00:00,9.1.52.1394,run5_day2_20260703_043957,run5_day2_20260703_043957,"If is a song I use to sing when gigging, retired now but a really nice song, that's was many years ago,","If is a song I use to sing when gigging, retired now but a really nice song, that's was many years ago,",3fcbcbdf2a4ed7c785f783ed388d138219e250af2411d152b8bb59e1723986fd,3fcbcbdf2a4ed7c785f783ed388d138219e250af2411d152b8bb59e1723986fd
google_play,Spotify,com.spotify.music,us,en,cae7a10e-f10d-4cde-a5b1-a4dde10ae7c8,2,0,2026-07-02T02:20:03+00:00,9.1.52.1394,run5_day2_20260703_043957,run5_day2_20260703_043957,lately music on playlist would just stop and would play anymore for no reason,lately music on playlist would just stop and would play anymore for no reason,879f782a6d01760646177f3730215bae6d3ded906e42e2bd5417c9a5e032c95c,879f782a6d01760646177f3730215bae6d3ded906e42e2bd5417c9a5e032c95c
google_play,Spotify,com.spotify.music,us,en,2ce0e9d6-a528-4230-8767-5bfc787ecfaa,1,0,2026-07-02T02:19:05+00:00,9.1.60.1970,run5_day2_20260703_043957,run5_day2_20260703_043957,The new Spotify widget is trash. I could at least count on basic functionality with the old one. Tip- don't force something new until it's ready. I actually tried Pandora last week because of this. The only reason I have to stick around is because Pandora is even worse than Spotify. Get it together please,The new Spotify widget is trash. I could at least count on basic functionality with the old one. Tip- don't force something new until it's ready. I actually tried Pandora last week because of this. The only reason I have to stick around is because Pandora is even worse than Spotify. Get it together please,900b04b60551e788c9fc8005a2f0f921de2537dfcdcccc3995df62c5e4d1a71c,900b04b60551e788c9fc8005a2f0f921de2537dfcdcccc3995df62c5e4d1a71c
google_play,Spotify,com.spotify.music,us,en,3b578e7f-01bc-4aa1-9e71-650fc6bd0b74,1,0,2026-07-02T02:16:45+00:00,,run5_day2_20260703_043957,run5_day2_20260703_043957,They become so greedy on money,They become so greedy on money,66a812d16b74780f7414f960ff0933823d3788da00d3b4e82502e1f865a08e15,66a812d16b74780f7414f960ff0933823d3788da00d3b4e82502e1f865a08e15
google_play,Spotify,com.spotify.music,us,en,45f35945-fabc-4e67-82a3-477187a42cfb,5,0,2026-07-02T02:16:10+00:00,9.1.60.1970,run5_day2_20260703_043957,run5_day2_20260703_043957,love it,love it,a2f1c846b4f1867b0ee4769a44954de5b940f8ef2f5a967523bc23f340aed646,a2f1c846b4f1867b0ee4769a44954de5b940f8ef2f5a967523bc23f340aed646
google_play,Spotify,com.spotify.music,us,en,b6004395-e16e-4349-ab34-c1b41065b610,1,0,2026-07-02T02:13:03+00:00,9.1.60.1970,run5_day2_20260703_043957,run5_day2_20260703_043957,love the app but it keeps freezing and closing itself. it's to the point I can only listen to one song and then it goes dark and closes saying an error occurred.,love the app but it keeps freezing and closing itself. it's to the point I can only listen to one song and then it goes dark and closes saying an error occurred.,b88bf0b12e9cedf07771a86234c233bb8167ce52435ef0ac7e0af0d182c626a4,b88bf0b12e9cedf07771a86234c233bb8167ce52435ef0ac7e0af0d182c626a4
google_play,Spotify,com.spotify.music,us,en,7da66a10-3e07-4c76-892d-7de2a227a9b9,5,0,2026-07-02T02:11:09+00:00,9.1.60.1970,run5_day2_20260703_043957,run5_day2_20260703_043957,nice,nice,e186022d0931afe9fe0690857e32f85e50165e7fbe0966d49609ef1981f920c6,e186022d0931afe9fe0690857e32f85e50165e7fbe0966d49609ef1981f920c6
google_play,Spotify,com.spotify.music,us,en,08e916ab-93f0-485c-9ebd-c486fca25d56,5,0,2026-07-02T02:05:46+00:00,9.1.56.574,run5_day2_20260703_043957,run5_day2_20260703_043957,very nice app,very nice app,6ae989a3370c3d51b6df1fb374e4bb90f65ed0b043e62354ab4b5ff923c4fbd6,6ae989a3370c3d51b6df1fb374e4bb90f65ed0b043e62354ab4b5ff923c4fbd6
google_play,Spotify,com.spotify.music,us,en,8e6ee7b4-f557-42c9-b594-04b2e7d7cb5c,1,0,2026-07-02T02:05:23+00:00,9.1.60.1970,run5_day2_20260703_043957,run5_day2_20260703_043957,app is now not good because everything isfor premium later the app ki good but not only premium,app is now not good because everything isfor premium later the app ki good but not only premium,71eb813e3ebe6e0c45856fbad567bbcd30310a45e4e891817f20b9d651a4d7a3,71eb813e3ebe6e0c45856fbad567bbcd30310a45e4e891817f20b9d651a4d7a3
google_play,Spotify,com.spotify.music,us,en,b50f9fa6-b407-4618-a2b8-1d55328e3a93,2,0,2026-07-02T02:03:48+00:00,9.1.60.1970,run5_day2_20260703_043957,run5_day2_20260703_043957,"I've been using Spotify since 2018 and this year it's just gone downhill. I love Spotify but now I'm getting ad breaks that are around 3 mins long, the app keeps closing with no crash report, and it barely works when you try to play it in the background. I've had to uninstall and reinstall the app multiple times just to get it working again, honestly, if you're thinking about getting this app as a new user I'd suggest against it unless you want to pay for premium & want to deal with buggieness.","I've been using Spotify since 2018 and this year it's just gone downhill. I love Spotify but now I'm getting ad breaks that are around 3 mins long, the app keeps closing with no crash report, and it barely works when you try to play it in the background. I've had to uninstall and reinstall the app multiple times just to get it working again, honestly, if you're thinking about getting this app as a new user I'd suggest against it unless you want to pay for premium & want to deal with buggieness.",43b836c12c496bc83f9b5bf8e94e5cf23f29673d4fc7851c70303d271db1dd61,43b836c12c496bc83f9b5bf8e94e5cf23f29673d4fc7851c70303d271db1dd61
google_play,Spotify,com.spotify.music,us,en,42789562-fb59-4f76-af41-9675fb0193ff,4,0,2026-07-02T02:00:44+00:00,9.1.60.1970,run5_day2_20260703_043957,run5_day2_20260703_043957,"Pretty much good, but the adds are just too overwhelming, and I'm not paying for a membership.","Pretty much good, but the adds are just too overwhelming, and I'm not paying for a membership.",3cd27122749b1005aace8eb6e295c5934f33ccb782b7962e1939f395b1762208,3cd27122749b1005aace8eb6e295c5934f33ccb782b7962e1939f395b1762208
google_play,Spotify,com.spotify.music,us,en,d7fbd8b8-2aca-4148-88dd-73fd28939572,1,0,2026-07-02T01:57:47+00:00,9.1.60.1970,run5_day2_20260703_043957,run5_day2_20260703_043957,"I don't want AI everything. it's annoying. it's not helpful. I don't want it ""improved"". I want it gone.","I don't want AI everything. it's annoying. it's not helpful. I don't want it ""improved"". I want it gone.",890214192547bb9e5da5550f15351e7fed83eae187c45b27750644ce2a5f7e44,890214192547bb9e5da5550f15351e7fed83eae187c45b27750644ce2a5f7e44
google_play,Spotify,com.spotify.music,us,en,da70bf01-49c7-4d39-809f-4f775626d2a8,5,0,2026-07-02T01:56:30+00:00,9.0.42.529,run5_day2_20260703_043957,run5_day2_20260703_043957,"The new releas was my first time hearing and I instantly fell for it. Recommended to all my friends and associates. I'm definitely buying if I can for Grand boys.Its fresh,thought provoking. I think all could benefit plus enjoy. I love ❤️ 😍.","The new releas was my first time hearing and I instantly fell for it. Recommended to all my friends and associates. I'm definitely buying if I can for Grand boys.Its fresh,thought provoking. I think all could benefit plus enjoy. I love ❤️ 😍.",8dc2c6cf3262c5dacc704f54dc9c5849b50d8ad673b6ceead49b9aaa6f9f86b8,8dc2c6cf3262c5dacc704f54dc9c5849b50d8ad673b6ceead49b9aaa6f9f86b8
google_play,Spotify,com.spotify.music,us,en,876b7322-5276-4651-9fcd-0e0667e2b519,1,0,2026-07-02T01:53:25+00:00,,run5_day2_20260703_043957,run5_day2_20260703_043957,Just make it pay to use only And make it ad free. (Just like apple music ) cut this freemium option cause it's unusable anyways.,Just make it pay to use only And make it ad free. (Just like apple music ) cut this freemium option cause it's unusable anyways.,20bc3049ffb5e0a07991729f5b3111ce4e612780cf48c3a701fd26ff2227f0f8,20bc3049ffb5e0a07991729f5b3111ce4e612780cf48c3a701fd26ff2227f0f8
google_play,Spotify,com.spotify.music,us,en,eb9b200d-3016-4d86-9ee7-d6db592f4113,5,0,2026-07-02T01:52:01+00:00,9.1.60.1970,run5_day2_20260703_043957,run5_day2_20260703_043957,👍,👍,5d57d39e6b7d8ea050980e6665bb1da357db14249d74e122f7d4e8cc2253beff,5d57d39e6b7d8ea050980e6665bb1da357db14249d74e122f7d4e8cc2253beff
google_play,Spotify,com.spotify.music,us,en,17e02deb-1a42-473e-9eb0-a7dff2b3165f,5,0,2026-07-02T01:48:06+00:00,9.1.52.1394,run5_day2_20260703_043957,run5_day2_20260703_043957,Good,Good,c939327ca16dcf97ca32521d8b834bf1de16573d21deda3bb2a337cf403787a6,c939327ca16dcf97ca32521d8b834bf1de16573d21deda3bb2a337cf403787a6
google_play,Spotify,com.spotify.music,us,en,8b10c0e1-e681-4610-938a-92cb9ae87848,3,1,2026-07-02T01:42:57+00:00,9.1.60.1970,run5_day2_20260703_043957,run5_day2_20260703_043957,Been working great for years. But now it just randomly pauses on phone car etc. It's quite annoying.,Been working great for years. But now it just randomly pauses on phone car etc. It's quite annoying.,dfa25139f33640a19a8e85d29693b2eca3d492cf8d1ca1e6fc33f401ef86817e,dfa25139f33640a19a8e85d29693b2eca3d492cf8d1ca1e6fc33f401ef86817e
google_play,Spotify,com.spotify.music,us,en,152fc2c8-2df3-42a7-9635-20827dd260c2,1,1,2026-07-02T01:40:54+00:00,9.1.60.1970,run5_day2_20260703_043957,run5_day2_20260703_043957,this is very worst the reason for 30sec advertisement per song,this is very worst the reason for 30sec advertisement per song,d1e6b375fc91ed73984dbda661c9c98f6fd332ddc15de83794b5ce595e29f1da,d1e6b375fc91ed73984dbda661c9c98f6fd332ddc15de83794b5ce595e29f1da
google_play,Spotify,com.spotify.music,us,en,457e0d01-28e0-49df-a237-b6b7b4e33780,5,0,2026-07-02T01:38:32+00:00,,run5_day2_20260703_043957,run5_day2_20260703_043957,It is very good!!!!!👍,It is very good!!!!!👍,6ebc30e37f24c5515eaefe5fd74093a7ae6aa5053e44d25de249d88c408081af,6ebc30e37f24c5515eaefe5fd74093a7ae6aa5053e44d25de249d88c408081af
google_play,Spotify,com.spotify.music,us,en,0aa810b7-284c-4b64-9cff-6a28bdd719f8,5,0,2026-07-02T01:37:46+00:00,9.1.56.574,run5_day2_20260703_043957,run5_day2_20260703_043957,very good💯,very good💯,aaca4c35c2632dc543b309f040ed94ccb9832a1f226904db4eb6c6a061ae14af,aaca4c35c2632dc543b309f040ed94ccb9832a1f226904db4eb6c6a061ae14af
google_play,Spotify,com.spotify.music,us,en,293a1632-bd3d-4004-8100-0113ff7c7dbf,5,0,2026-07-02T01:34:51+00:00,9.1.60.1970,run5_day2_20260703_043957,run5_day2_20260703_043957,"Less ads, more music...and it continues even if I'm doing something else on the same device! ...no other music app does that totally free, fricken AWESOME!!! More Bang for your buck, Thank You Spotify...","Less ads, more music...and it continues even if I'm doing something else on the same device! ...no other music app does that totally free, fricken AWESOME!!! More Bang for your buck, Thank You Spotify...",d2a216169f8c7eefaaf3732fca67caf41dae4882cb2fc64cc73e9cde030b0751,d2a216169f8c7eefaaf3732fca67caf41dae4882cb2fc64cc73e9cde030b0751
google_play,Spotify,com.spotify.music,us,en,d49d6e84-29e4-42d2-8890-8cf9e83be432,5,0,2026-07-02T01:33:14+00:00,9.1.60.1970,run5_day2_20260703_043957,run5_day2_20260703_043957,"Great, Better than Amazon music ,public playlists that last hours and hours, are awesome for lake parties!","Great, Better than Amazon music ,public playlists that last hours and hours, are awesome for lake parties!",dc4b7aedd78138bc12ef182a4add4fbc877b3574ab6cd6cdaac89a0a25997740,dc4b7aedd78138bc12ef182a4add4fbc877b3574ab6cd6cdaac89a0a25997740
google_play,Spotify,com.spotify.music,us,en,6a246945-9aa9-499d-b00a-1a543a1ae48b,5,0,2026-07-02T01:31:32+00:00,9.1.60.1970,run5_day2_20260703_043957,run5_day2_20260703_043957,I love being able to listen to what I want.,I love being able to listen to what I want.,90bc9427659dfb3730e7cb0f519838373679dcd970b4f976be2d6df201970278,90bc9427659dfb3730e7cb0f519838373679dcd970b4f976be2d6df201970278
google_play,Spotify,com.spotify.music,us,en,2181da77-2b1d-4a6a-a47a-54b2640ed338,2,0,2026-07-02T01:31:29+00:00,9.1.60.1970,run5_day2_20260703_043957,run5_day2_20260703_043957,"amazing, has all the songs I love, but why tf do I need to have premium to skip or change a song!? it's stupid asf, and not to mention it forces you to have your playlists shuffled, I can't even listen to epic the musical on order because of this","amazing, has all the songs I love, but why tf do I need to have premium to skip or change a song!? it's stupid asf, and not to mention it forces you to have your playlists shuffled, I can't even listen to epic the musical on order because of this",eb7ef2e3850745665137ae94ace639ff4d260b267a74caeaf1ba746cecbf1048,eb7ef2e3850745665137ae94ace639ff4d260b267a74caeaf1ba746cecbf1048
google_play,Spotify,com.spotify.music,us,en,95b82972-a790-4f34-ae09-077b6cb1f0ce,1,0,2026-07-02T01:29:35+00:00,9.1.60.1970,run5_day2_20260703_043957,run5_day2_20260703_043957,"It's seriously ridiculous limiting skips and song selection to just a few per day, just to put unlimited behind a pay wall, on mobile. Those functions aren't worth a subscription when i can listen on my PC without those limitations. also, I don't like that Spotify continues showing me ads that I've downvoted/disliked. It just shows that Downvoting/Disliking is an illusion of choice.","It's seriously ridiculous limiting skips and song selection to just a few per day, just to put unlimited behind a pay wall, on mobile. Those functions aren't worth a subscription when i can listen on my PC without those limitations. also, I don't like that Spotify continues showing me ads that I've downvoted/disliked. It just shows that Downvoting/Disliking is an illusion of choice.",10980f47db13227982db99ff3edcc90119841ee170aab933d80681e66a1587e1,10980f47db13227982db99ff3edcc90119841ee170aab933d80681e66a1587e1
google_play,Spotify,com.spotify.music,us,en,19a3c17d-4ec3-4e27-8494-e79dcd96a86e,5,0,2026-07-02T01:29:29+00:00,9.1.60.1970,run5_day2_20260703_043957,run5_day2_20260703_043957,top 5,top 5,3a861be8ee7dd5724e2c38ccb6168aa8c95d28be315c83b3dd97599531e8a881,3a861be8ee7dd5724e2c38ccb6168aa8c95d28be315c83b3dd97599531e8a881
google_play,Spotify,com.spotify.music,us,en,6dc17ea3-3ef5-44ab-b1b9-cf7aec384fca,1,0,2026-07-02T01:29:17+00:00,9.1.40.1486,run5_day2_20260703_043957,run5_day2_20260703_043957,This app has stopped working,This app has stopped working,1817f12721ecf8995ab936ed9fa0e36068ab9c85b3c8b58087c9e1b6f7a45282,1817f12721ecf8995ab936ed9fa0e36068ab9c85b3c8b58087c9e1b6f7a45282
google_play,Spotify,com.spotify.music,us,en,92dbd3a2-9d8d-484d-8de4-b661d67c9f56,5,0,2026-07-02T01:28:42+00:00,9.1.60.1970,run5_day2_20260703_043957,run5_day2_20260703_043957,wonderful music and talent!,wonderful music and talent!,24b22ed9fdb172e140eeb8b29aa110005c47c1f5b1945789e52ebc379742d6bf,24b22ed9fdb172e140eeb8b29aa110005c47c1f5b1945789e52ebc379742d6bf
google_play,Spotify,com.spotify.music,us,en,ec5faf8d-1957-43fa-9ceb-55c4c8d45316,5,0,2026-07-02T01:24:51+00:00,9.1.60.1970,run5_day2_20260703_043957,run5_day2_20260703_043957,Enjoying driving while listening 🤟,Enjoying driving while listening 🤟,dd05a7a539feb9686339fb5cbf5f7db99e399d7369d87ebd3360f22ed3817a6a,dd05a7a539feb9686339fb5cbf5f7db99e399d7369d87ebd3360f22ed3817a6a
google_play,Spotify,com.spotify.music,us,en,4da3bbc5-7188-4638-9f98-73d86fd1c40d,1,0,2026-07-02T01:24:30+00:00,9.1.60.1970,run5_day2_20260703_043957,run5_day2_20260703_043957,man let us listen to our playlist in peace stop adding songs,man let us listen to our playlist in peace stop adding songs,100936f3eb45f9302bb693974e2485e29a3c448ab37ab0d86e00c5770ae5d6ef,100936f3eb45f9302bb693974e2485e29a3c448ab37ab0d86e00c5770ae5d6ef
google_play,Spotify,com.spotify.music,us,en,6000a762-923f-4aab-9d76-87381a7b509c,5,0,2026-07-02T01:22:21+00:00,8.7.56.421,run5_day2_20260703_043957,run5_day2_20260703_043957,good,good,770e607624d689265ca6c44884d0807d9b054d23c473c106c72be9de08b7376c,770e607624d689265ca6c44884d0807d9b054d23c473c106c72be9de08b7376c
google_play,Spotify,com.spotify.music,us,en,6a286f07-154d-4e69-9260-ca0a5107a317,5,0,2026-07-02T01:18:57+00:00,,run5_day2_20260703_043957,run5_day2_20260703_043957,"the best app to listen to song, stories, and things that could teach you different languages","the best app to listen to song, stories, and things that could teach you different languages",6d49af8dc98a6ab3914586f2aac9eaa7eee3ed584c4b8aeaa131b05feeb1a77d,6d49af8dc98a6ab3914586f2aac9eaa7eee3ed584c4b8aeaa131b05feeb1a77d
google_play,Spotify,com.spotify.music,us,en,a1141705-63fc-4151-9c77-ad9b49777d62,5,0,2026-07-02T01:16:30+00:00,9.1.60.1970,run5_day2_20260703_043957,run5_day2_20260703_043957,"I wish it had more control on music bar on free version. Still, it's a great app. Thank you!","I wish it had more control on music bar on free version. Still, it's a great app. Thank you!",2383b7199584efa2fe59fb9b5b32cc352de324b6f94e7e7203ab2b023c5b6ab3,2383b7199584efa2fe59fb9b5b32cc352de324b6f94e7e7203ab2b023c5b6ab3
google_play,Spotify,com.spotify.music,us,en,3cf3238d-38ba-4da5-a7ba-1f9ce3018e4f,2,4,2026-07-02T01:14:21+00:00,9.1.60.1970,run5_day2_20260703_043957,run5_day2_20260703_043957,"Bara för att jag spenderar en timme eller två med att bläddra igenom några album, har Spotify - tjänsten som jag betalar för ett Premium- abonnemang och konto hos - dolt och gjort det svårt att hitta musiken jag faktiskt tycker om, mina sanna långsiktiga lyssningsvanor och mina favoritartister och låtar. Spotify är djupt sammankopplat med mina lyssningsvanor, hela min musikkatalog och min data, och ändå sätter det upp barriär efter blockering gång på gång som hindrar min njutning av musik.Skäms","Bara för att jag spenderar en timme eller två med att bläddra igenom några album, har Spotify - tjänsten som jag betalar för ett Premium- abonnemang och konto hos - dolt och gjort det svårt att hitta musiken jag faktiskt tycker om, mina sanna långsiktiga lyssningsvanor och mina favoritartister och låtar. Spotify är djupt sammankopplat med mina lyssningsvanor, hela min musikkatalog och min data, och ändå sätter det upp barriär efter blockering gång på gång som hindrar min njutning av musik.Skäms",47dca75f5ff35b4ef66fa300db58d9d78316f5ca5759f5447d450a602c36bf53,47dca75f5ff35b4ef66fa300db58d9d78316f5ca5759f5447d450a602c36bf53
google_play,Spotify,com.spotify.music,us,en,f6156ebd-0c2c-47d9-8bd9-87dfa663f6be,1,0,2026-07-02T01:13:44+00:00,9.1.60.1970,run5_day2_20260703_043957,run5_day2_20260703_043957,premium to repeat and choose songs greed,premium to repeat and choose songs greed,9726e7d7dccd4cd091c479ed5bf560715fddac2d63f783bd25ee11c33a8e9bc8,9726e7d7dccd4cd091c479ed5bf560715fddac2d63f783bd25ee11c33a8e9bc8
google_play,Spotify,com.spotify.music,us,en,015d2bf4-68d4-4979-b009-8741be8fb892,5,0,2026-07-02T01:13:09+00:00,9.1.52.1394,run5_day2_20260703_043957,run5_day2_20260703_043957,loved it,loved it,7da23a1fb964df37b908e057352e32fb6903cf157f70cdea4734ebca1b0ae772,7da23a1fb964df37b908e057352e32fb6903cf157f70cdea4734ebca1b0ae772
google_play,Spotify,com.spotify.music,us,en,cd889ac4-ed80-45b7-b703-b58452a81010,1,0,2026-07-02T01:11:34+00:00,9.1.60.1970,run5_day2_20260703_043957,run5_day2_20260703_043957,like wdym 6 skips per hour man like premium and to play like song is premium and to play without WiFi is premium I'm not paying for skipping ads repeat the music and to play like song it's too much premium and the ads are so long,like wdym 6 skips per hour man like premium and to play like song is premium and to play without WiFi is premium I'm not paying for skipping ads repeat the music and to play like song it's too much premium and the ads are so long,8ff31562cf1ae49e3dbb0f5ffde59dfd06da1860340aa05441d5faccdc03b267,8ff31562cf1ae49e3dbb0f5ffde59dfd06da1860340aa05441d5faccdc03b267
google_play,Spotify,com.spotify.music,us,en,204d4ea8-ed47-4a23-9a17-ce8befdf2e5a,5,0,2026-07-02T01:08:55+00:00,9.1.58.1567,run5_day2_20260703_043957,run5_day2_20260703_043957,I Sincerely Love Spotify,I Sincerely Love Spotify,c6803d0950671ed50ba98d018415c0bc66c05a2a43ce1c40bd951df31ffe173e,c6803d0950671ed50ba98d018415c0bc66c05a2a43ce1c40bd951df31ffe173e
google_play,Spotify,com.spotify.music,us,en,fe6f7734-4f28-4f55-90fe-0969f740b185,4,0,2026-07-02T01:08:47+00:00,9.1.60.1970,run5_day2_20260703_043957,run5_day2_20260703_043957,👍🏻,👍🏻,309f927c1c7795eb79df06988bf48f8e8c627efa2f392c636fb80536166c9bd3,309f927c1c7795eb79df06988bf48f8e8c627efa2f392c636fb80536166c9bd3
google_play,Spotify,com.spotify.music,us,en,37b3deb2-3957-4e25-b424-f3e5aba1395b,4,0,2026-07-02T01:08:37+00:00,9.1.60.1970,run5_day2_20260703_043957,run5_day2_20260703_043957,the Best App to Listen to songs But Make premium free Plz,the Best App to Listen to songs But Make premium free Plz,36a04dd9280bf36f0e24670148c2b0615a554fabb81cf390e86c107257e397e2,36a04dd9280bf36f0e24670148c2b0615a554fabb81cf390e86c107257e397e2
google_play,Spotify,com.spotify.music,us,en,2fc426b1-1d1b-4ace-8224-f98d3b20853b,5,0,2026-07-02T01:06:59+00:00,9.1.60.1970,run5_day2_20260703_043957,run5_day2_20260703_043957,I really love this app and its great songs its one of the best apps!,I really love this app and its great songs its one of the best apps!,b313c07620e5d25a5b5f0f2a02ea709a0b5c755c01433006069757d9ff2f2936,b313c07620e5d25a5b5f0f2a02ea709a0b5c755c01433006069757d9ff2f2936
google_play,Spotify,com.spotify.music,us,en,d83dacbd-49db-4d30-909b-de01b56cf0e6,4,0,2026-07-02T01:02:27+00:00,9.1.60.1970,run5_day2_20260703_043957,run5_day2_20260703_043957,genial 😁,genial 😁,d22c132524e0a0f2df7225e257c032fdcff56f2d7369df4e28f8a4ba77e1d94f,d22c132524e0a0f2df7225e257c032fdcff56f2d7369df4e28f8a4ba77e1d94f
google_play,Spotify,com.spotify.music,us,en,10e18028-02bc-47f0-86e4-be8bf0d082d7,4,0,2026-07-02T01:01:28+00:00,,run5_day2_20260703_043957,run5_day2_20260703_043957,Works great,Works great,aeeccbe41f90e57c13cebd44ab7e08608191b30f4e4d7a8fd1b608c384f4dde3,aeeccbe41f90e57c13cebd44ab7e08608191b30f4e4d7a8fd1b608c384f4dde3
google_play,Spotify,com.spotify.music,us,en,c87e872e-b1aa-4751-a0d4-5629e8f772e9,5,0,2026-07-02T00:57:56+00:00,9.1.60.1970,run5_day2_20260703_043957,run5_day2_20260703_043957,panalo,panalo,ef863efb9bb11dd89ee85828f448d4193e8b7a39f32565817b343b411853f187,ef863efb9bb11dd89ee85828f448d4193e8b7a39f32565817b343b411853f187
google_play,Spotify,com.spotify.music,us,en,0e96fab5-53b3-4b09-b387-c422cd599484,3,0,2026-07-01T05:00:36+00:00,9.0.44.478,run5_20260702_050046,run5_20260702_050059,it's good. I like it. but if you don't have premium it's a pisser. other than that it's aight. I'd rather just listen to yt music where I can back out onto another song where I don't even have to hear an add AND I can skip them. but yeah it's alright. youtube music is better tho.,it's good. I like it. but if you don't have premium it's a pisser. other than that it's aight. I'd rather just listen to yt music where I can back out onto another song where I don't even have to hear an add AND I can skip them. but yeah it's alright. youtube music is better tho.,002df7c290e8ee3334a5414fd2f260deb4adc0cddfedb60afdf969fdaa14e4f0,002df7c290e8ee3334a5414fd2f260deb4adc0cddfedb60afdf969fdaa14e4f0
google_play,Spotify,com.spotify.music,us,en,c72bec08-8a78-429e-aeac-186a6df5d5a8,5,0,2026-07-01T04:52:56+00:00,,run5_20260702_050046,run5_20260702_050059,app is very bad 👎 Asa lag tha ha ki ap na nassha kar liyo,app is very bad 👎 Asa lag tha ha ki ap na nassha kar liyo,4427f4e1afcb25f222b694d6c7917501eeb1de623248d6e6781169b083872f53,4427f4e1afcb25f222b694d6c7917501eeb1de623248d6e6781169b083872f53
google_play,Spotify,com.spotify.music,us,en,5a39a422-2224-4c09-936e-f886407e3d6e,5,0,2026-07-01T04:50:59+00:00,9.1.44.2120,run5_20260702_050046,run5_20260702_050059,gud,gud,776f69a8122fb2d9e95f8e2afcb5b9a7b9a2fffe221e2a7a1820fc9689b702f4,776f69a8122fb2d9e95f8e2afcb5b9a7b9a2fffe221e2a7a1820fc9689b702f4
google_play,Spotify,com.spotify.music,us,en,dcba6fb1-6a3c-451c-9191-491c5ab20be2,1,0,2026-07-01T04:44:14+00:00,,run5_20260702_050046,run5_20260702_050059,get rid of this app,get rid of this app,4b727b0a308a7da34fe93305834a52e972ed224b5af0204620aa2c68102c6bd4,4b727b0a308a7da34fe93305834a52e972ed224b5af0204620aa2c68102c6bd4
google_play,Spotify,com.spotify.music,us,en,8e233d5f-40e2-4333-9b44-956b892aba21,1,0,2026-07-01T04:39:48+00:00,9.1.60.1970,run5_20260702_050046,run5_20260702_050059,horrible app patch it to remove ads or just use .opus files,horrible app patch it to remove ads or just use .opus files,a8ae57397cab1dfc34e7a240dc5928d1645f9a8ff1fbe19fc39542d015ad8bf6,a8ae57397cab1dfc34e7a240dc5928d1645f9a8ff1fbe19fc39542d015ad8bf6
google_play,Spotify,com.spotify.music,us,en,5cfee56e-e628-42c3-a6ce-d5400b176a8c,5,0,2026-07-01T04:36:28+00:00,9.1.60.1970,run5_20260702_050046,run5_20260702_050059,amazing app,amazing app,8364d2ac9b4e7aa94a1f9a92b4ab28e6a23b1f9c3cb12d43cf0d9f0191db2cac,8364d2ac9b4e7aa94a1f9a92b4ab28e6a23b1f9c3cb12d43cf0d9f0191db2cac
google_play,Spotify,com.spotify.music,us,en,540fe34f-00ca-41b0-b5b8-22b0d3b1742e,5,0,2026-07-01T04:33:23+00:00,9.1.58.1567,run5_20260702_050046,run5_20260702_050059,its amazing app 😍😍😍😍😍,its amazing app 😍😍😍😍😍,ab8f4ee5ac5082de786436402aad9d11734ec918b10da60fb266fb84afb8a23e,ab8f4ee5ac5082de786436402aad9d11734ec918b10da60fb266fb84afb8a23e
google_play,Spotify,com.spotify.music,us,en,f1829147-c4d0-4b39-ad41-547414874882,5,0,2026-07-01T04:31:23+00:00,9.1.58.1567,run5_20260702_050046,run5_20260702_050059,it's ok,it's ok,e1d73d76b620b5f0c04a9307301c15ced68e9da7f3c6529af3929ef04a3b17d4,e1d73d76b620b5f0c04a9307301c15ced68e9da7f3c6529af3929ef04a3b17d4
google_play,Spotify,com.spotify.music,us,en,fa064e47-fcf3-492c-b6c4-cd5df743d498,5,0,2026-07-01T04:29:31+00:00,9.1.12.226,run5_20260702_050046,run5_20260702_050059,"i Love Spotify, It has all the Songs I Want and it's amazing","i Love Spotify, It has all the Songs I Want and it's amazing",aefbb46acb46bd722ce1768859f24852344414ffd5e2f43efb2cb92ea24eafa0,aefbb46acb46bd722ce1768859f24852344414ffd5e2f43efb2cb92ea24eafa0
google_play,Spotify,com.spotify.music,us,en,0998ef41-cc9f-4de5-bfcf-922c1adfa2d3,1,0,2026-07-01T04:23:58+00:00,9.1.60.1970,run5_20260702_050046,run5_20260702_050059,"ads literally after every single song, i constantly have to pull out my phone so i can skip the 5 ads in a row they give me. i spend more time skipping ads than listening to music. its impossible to enjoy my music without spotify shoving ads down my throat every single song. if buying premium is the only way to listen to these damn songs ur app is TRASH. you charge too much for premium, you shove ads down my throat after every single song, and you treat your artists poorly. i hate you spotify.","ads literally after every single song, i constantly have to pull out my phone so i can skip the 5 ads in a row they give me. i spend more time skipping ads than listening to music. its impossible to enjoy my music without spotify shoving ads down my throat every single song. if buying premium is the only way to listen to these damn songs ur app is TRASH. you charge too much for premium, you shove ads down my throat after every single song, and you treat your artists poorly. i hate you spotify.",f1c6d33b9c4e5981122ce22e7ce623f447bb598d6d8c21ad8021b3168c59dcc1,f1c6d33b9c4e5981122ce22e7ce623f447bb598d6d8c21ad8021b3168c59dcc1
google_play,Spotify,com.spotify.music,us,en,1cd779a1-3f48-456b-a5e4-77ee2ca9dd13,5,0,2026-07-01T04:22:52+00:00,9.1.60.1970,run5_20260702_050046,run5_20260702_050059,very interesting,very interesting,13334ef0738d8c30e5b2b84d2cf83de20019e2e4738738a1e07e8b043164a821,13334ef0738d8c30e5b2b84d2cf83de20019e2e4738738a1e07e8b043164a821
google_play,Spotify,com.spotify.music,us,en,318b7a41-42e0-4823-b1a4-f595f29e6d26,5,0,2026-07-01T04:22:12+00:00,,run5_20260702_050046,run5_20260702_050059,Good,Good,c939327ca16dcf97ca32521d8b834bf1de16573d21deda3bb2a337cf403787a6,c939327ca16dcf97ca32521d8b834bf1de16573d21deda3bb2a337cf403787a6
google_play,Spotify,com.spotify.music,us,en,64962e9c-074c-4f4a-99d1-06622ee21fca,5,0,2026-07-01T04:19:57+00:00,9.1.60.1970,run5_20260702_050046,run5_20260702_050059,I LOVE SPOTIFY BECAUSE I CAN LISTEN TO LOSERCORE,I LOVE SPOTIFY BECAUSE I CAN LISTEN TO LOSERCORE,25466ead45442c0a6860fdd89545cff88a178960ce1eb3e79bdced686b3d4580,25466ead45442c0a6860fdd89545cff88a178960ce1eb3e79bdced686b3d4580
google_play,Spotify,com.spotify.music,us,en,b30a5c2c-fe13-42ec-aeda-8218199b34a6,1,1,2026-07-01T04:19:07+00:00,9.1.60.1970,run5_20260702_050046,run5_20260702_050059,"How poor the Spotify owner is! Crores of people are downloading and using it, yet they still don't make a profit. They beg for money with hands stretched out like poor people, and that's why so many people are shifting to other apps. I don't know if he is a fool or a beggar.""","How poor the Spotify owner is! Crores of people are downloading and using it, yet they still don't make a profit. They beg for money with hands stretched out like poor people, and that's why so many people are shifting to other apps. I don't know if he is a fool or a beggar.""",184ee9873ddbd5b480c558f58695457e253d5fa9216949baa9cb3e0f23d12394,184ee9873ddbd5b480c558f58695457e253d5fa9216949baa9cb3e0f23d12394
google_play,Spotify,com.spotify.music,us,en,54956ac7-6b13-412e-9716-818b8b87901e,4,0,2026-07-01T04:18:18+00:00,9.1.60.1970,run5_20260702_050046,run5_20260702_050059,"good app, too many ads though ngl.","good app, too many ads though ngl.",65d256b7affe25d8afa01b9750a3aea41134fd6d39ee8f055c97a08b4ffe3136,65d256b7affe25d8afa01b9750a3aea41134fd6d39ee8f055c97a08b4ffe3136
google_play,Spotify,com.spotify.music,us,en,fe680b67-1de4-4cbc-9809-6dec01ad0221,5,0,2026-07-01T04:11:41+00:00,9.1.60.1970,run5_20260702_050046,run5_20260702_050059,lossless quality is amazing. it work well in my home theater.,lossless quality is amazing. it work well in my home theater.,7e01b9849001c3e03e6230fb56fa284bf4df8c8e831d33d2ef7f81307aff8da9,7e01b9849001c3e03e6230fb56fa284bf4df8c8e831d33d2ef7f81307aff8da9
google_play,Spotify,com.spotify.music,us,en,92aee426-b568-40ff-b0cf-6bee29d533d5,5,0,2026-07-01T04:11:11+00:00,9.1.60.1970,run5_20260702_050046,run5_20260702_050059,overall good app,overall good app,48fac4ce7fe0412affaaa80c9d1e985288c4abbf4adff34ccabba9b41f33aa84,48fac4ce7fe0412affaaa80c9d1e985288c4abbf4adff34ccabba9b41f33aa84
google_play,Spotify,com.spotify.music,us,en,4a2f876d-9eef-47b1-b081-95ea9958567b,1,0,2026-07-01T04:10:32+00:00,9.1.60.1970,run5_20260702_050046,run5_20260702_050059,very bad app,very bad app,1359df1a26a6fa69dcec36e1399af906acb0a7f3b6285067acba884064fc9ba7,1359df1a26a6fa69dcec36e1399af906acb0a7f3b6285067acba884064fc9ba7
google_play,Spotify,com.spotify.music,us,en,d048f33f-3f56-49df-a950-0f7e501398ad,5,0,2026-07-01T04:08:13+00:00,,run5_20260702_050046,run5_20260702_050059,igkvg,igkvg,4be1726cb4aeded4c54679511b8c9e313f1e3956602942e578e10ee50120c0ba,4be1726cb4aeded4c54679511b8c9e313f1e3956602942e578e10ee50120c0ba
google_play,Spotify,com.spotify.music,us,en,419d4658-e979-4973-aa98-2341f7c658cc,5,0,2026-07-01T04:08:03+00:00,9.1.60.1970,run5_20260702_050046,run5_20260702_050059,good,good,770e607624d689265ca6c44884d0807d9b054d23c473c106c72be9de08b7376c,770e607624d689265ca6c44884d0807d9b054d23c473c106c72be9de08b7376c
google_play,Spotify,com.spotify.music,us,en,9873476b-2c02-47ae-ae0e-a547854085cf,1,6,2026-07-01T04:06:39+00:00,9.1.60.1970,run5_20260702_050046,run5_20260702_050059,"The app’s battery consumption has become completely out of control. Even during basic background playback, my phone overheats and the battery drains at an alarming rate. ​As a Premium subscriber, I pay for a seamless experience and expect to be shielded from these kinds of severe performance flaws. Having my phone's battery decimated just by listening to music completely ruins the service. ​Please look into this bug and let me know when a fix or update will be deployed.","The app’s battery consumption has become completely out of control. Even during basic background playback, my phone overheats and the battery drains at an alarming rate. ​As a Premium subscriber, I pay for a seamless experience and expect to be shielded from these kinds of severe performance flaws. Having my phone's battery decimated just by listening to music completely ruins the service. ​Please look into this bug and let me know when a fix or update will be deployed.",a14d620aedcf3bd29c1b7b710fcc8acb090fd7212bbda28ef675bf34179b5830,a14d620aedcf3bd29c1b7b710fcc8acb090fd7212bbda28ef675bf34179b5830
google_play,Spotify,com.spotify.music,us,en,6821a950-5815-407e-aaf6-8f51bb37bc55,5,0,2026-07-01T04:02:53+00:00,9.1.60.1970,run5_20260702_050046,run5_20260702_050059,Bast App,Bast App,55d538076504833a084d4bc65d21a718d2c2b2c34324e14505c58a4b85d74ad3,55d538076504833a084d4bc65d21a718d2c2b2c34324e14505c58a4b85d74ad3
google_play,Spotify,com.spotify.music,us,en,b0015f89-2efc-42d2-810e-044bb187fe60,5,0,2026-07-01T04:01:24+00:00,9.1.56.574,run5_20260702_050046,run5_20260702_050059,awesome! best as always!,awesome! best as always!,b75385a5e7d2d7f37cfbeae3edd7f5b1931897346649789ee396a95e0fbe0760,b75385a5e7d2d7f37cfbeae3edd7f5b1931897346649789ee396a95e0fbe0760
google_play,Spotify,com.spotify.music,us,en,d51a48c7-d061-4886-839e-468206d1eb8a,1,0,2026-07-01T04:01:01+00:00,9.1.60.1970,run5_20260702_050046,run5_20260702_050059,"Ads are constantly annoying, they always play less than 30 minutes as promised.","Ads are constantly annoying, they always play less than 30 minutes as promised.",eb41c7757dc3b0259942f587daa10d3c423f669ad1aa80ed924d1dcb8e251475,eb41c7757dc3b0259942f587daa10d3c423f669ad1aa80ed924d1dcb8e251475
google_play,Spotify,com.spotify.music,us,en,70b016b8-a25f-41d2-99be-098bea22739f,5,0,2026-07-01T03:57:24+00:00,9.1.56.574,run5_20260702_050046,run5_20260702_050059,good,good,770e607624d689265ca6c44884d0807d9b054d23c473c106c72be9de08b7376c,770e607624d689265ca6c44884d0807d9b054d23c473c106c72be9de08b7376c
google_play,Spotify,com.spotify.music,us,en,564849e0-c0d1-4891-9812-84b20328d498,5,0,2026-07-01T03:55:56+00:00,9.1.60.1970,run5_20260702_050046,run5_20260702_050059,I like how they keep thir ads short and when there's no internet connection the music still works 😃,I like how they keep thir ads short and when there's no internet connection the music still works 😃,2c0afa69749fdb224de8e749d2a9fda405cdc5c524431892994d4eb9ab4bebf7,2c0afa69749fdb224de8e749d2a9fda405cdc5c524431892994d4eb9ab4bebf7
google_play,Spotify,com.spotify.music,us,en,3eeca58a-32f2-4f74-81ad-d778442d4af6,1,0,2026-07-01T03:55:09+00:00,9.1.60.1970,run5_20260702_050046,run5_20260702_050059,Lost all my collection after switching to different phone,Lost all my collection after switching to different phone,a844a7dcee3ee5f01312f17a118bce2539af7f45280bf7b1fa6512b9f2a0d6ab,a844a7dcee3ee5f01312f17a118bce2539af7f45280bf7b1fa6512b9f2a0d6ab
google_play,Spotify,com.spotify.music,us,en,ffef4017-5415-4b39-80ba-be95748ae48b,5,0,2026-07-01T03:42:12+00:00,9.1.60.1970,run5_20260702_050046,run5_20260702_050059,call music is easy to get you,call music is easy to get you,54bde440680c771ed8699ec2371e3ccf558dbe09c08539f02a430b6883663602,54bde440680c771ed8699ec2371e3ccf558dbe09c08539f02a430b6883663602
google_play,Spotify,com.spotify.music,us,en,74b58773-c8ca-45ae-a35e-dd3046aa1ab8,5,0,2026-07-01T03:42:10+00:00,9.1.60.1970,run5_20260702_050046,run5_20260702_050059,because the best playlist,because the best playlist,ae9d531747faa523e96d4379cef87e8bedb9389e985a4fc5e9875d2a146b5e08,ae9d531747faa523e96d4379cef87e8bedb9389e985a4fc5e9875d2a146b5e08
google_play,Spotify,com.spotify.music,us,en,7709fd5c-c73b-4c1c-8562-f7867dad0227,5,1,2026-07-01T03:38:22+00:00,9.1.60.1970,run5_20260702_050046,run5_20260702_050059,I Want Custom on Sleeping Timer ⌛.,I Want Custom on Sleeping Timer ⌛.,dcf413bb51458dc7a9d9528f4bcaae245a19aa4ee60099b6fec6c110378cc296,dcf413bb51458dc7a9d9528f4bcaae245a19aa4ee60099b6fec6c110378cc296
google_play,Spotify,com.spotify.music,us,en,a021e798-bfeb-4cee-938f-532855e2e78d,5,0,2026-07-01T03:31:14+00:00,9.1.58.1567,run5_20260702_050046,run5_20260702_050059,best for that make your day with sweet music,best for that make your day with sweet music,e3b3c9705aac87c777c6115ab6e2e122ab26788d65dbaf6f8083c54e05f8aabb,e3b3c9705aac87c777c6115ab6e2e122ab26788d65dbaf6f8083c54e05f8aabb
google_play,Spotify,com.spotify.music,us,en,02c5cc01-8062-432e-82da-2b1a052ac4a3,4,0,2026-07-01T03:31:02+00:00,9.1.60.1970,run5_20260702_050046,run5_20260702_050059,some songs was not available on app,some songs was not available on app,bc780160719b5ac796f53b1e9e44d059153ed97e08b196ac3fbc54e8bf476e79,bc780160719b5ac796f53b1e9e44d059153ed97e08b196ac3fbc54e8bf476e79
google_play,Spotify,com.spotify.music,us,en,28858ab5-fdff-4220-a297-d05bd35db6dd,1,0,2026-07-01T03:28:56+00:00,,run5_20260702_050046,run5_20260702_050059,ok,ok,2689367b205c16ce32ed4200942b8b8b1e262dfc70d9bc9fbc77c49699a4f1df,2689367b205c16ce32ed4200942b8b8b1e262dfc70d9bc9fbc77c49699a4f1df
google_play,Spotify,com.spotify.music,us,en,08c3cdd2-ac06-4869-94d8-fe21b78d5ec3,5,0,2026-07-01T03:22:31+00:00,9.1.58.1567,run5_20260702_050046,run5_20260702_050059,always played according to my mood 🫶,always played according to my mood 🫶,ae8e7d46369d1fe8cd32832e6b1f2cee90b8d13fa2f3e12c579c24846624c474,ae8e7d46369d1fe8cd32832e6b1f2cee90b8d13fa2f3e12c579c24846624c474
google_play,Spotify,com.spotify.music,us,en,d5f8c5fe-0a13-4e13-a4a1-eed6211ab8b1,5,0,2026-07-01T03:18:33+00:00,,run5_20260702_050046,run5_20260702_050059,love you yarr best app hai yar fav song aa jata hai sochta hu toh vahi play hota hai,love you yarr best app hai yar fav song aa jata hai sochta hu toh vahi play hota hai,dacdf364d01a63fda0c142d4652383fe6137e6d29b165603efa95761c8aa6812,dacdf364d01a63fda0c142d4652383fe6137e6d29b165603efa95761c8aa6812
google_play,Spotify,com.spotify.music,us,en,4d0db127-8f85-4745-a562-aa464eb177fe,5,0,2026-07-01T03:17:43+00:00,9.1.60.1970,run5_20260702_050046,run5_20260702_050059,"El audio se corta repetidamente al punto de no poder escuchar ni una sola canción cuando bloqueo la aplicación. Cabe recalcar que llegue a la conclusión de que la aplicación es el problema ya que lo hace con varios audífonos y con ningún otro reproductor o aplicacion sucede, puedo estar viendo una película y el audio va bien, por lo tanto ni los audífonos ni el dispositivo es. Resuelvan el problema ya que es injusto que les estoy pagando un servicio que no funciona adecuadamente.","El audio se corta repetidamente al punto de no poder escuchar ni una sola canción cuando bloqueo la aplicación. Cabe recalcar que llegue a la conclusión de que la aplicación es el problema ya que lo hace con varios audífonos y con ningún otro reproductor o aplicacion sucede, puedo estar viendo una película y el audio va bien, por lo tanto ni los audífonos ni el dispositivo es. Resuelvan el problema ya que es injusto que les estoy pagando un servicio que no funciona adecuadamente.",dbb79f699fc13c1f3712aaa1636440221c4841e15b7e607531d713d00262d604,dbb79f699fc13c1f3712aaa1636440221c4841e15b7e607531d713d00262d604
google_play,Spotify,com.spotify.music,us,en,f798b34f-3086-419d-a1ab-e6fb888103fb,5,0,2026-07-01T03:14:45+00:00,9.1.56.574,run5_20260702_050046,run5_20260702_050059,I like the sound like blue kalapastangan and ever more sound,I like the sound like blue kalapastangan and ever more sound,0a54b0f49d3c61ff2e3d634be89a8ab0bf5f24daf5cc8ab40a73c17fd2d06595,0a54b0f49d3c61ff2e3d634be89a8ab0bf5f24daf5cc8ab40a73c17fd2d06595
google_play,Spotify,com.spotify.music,us,en,509ab679-3abb-42d6-87e5-5482cf713333,1,0,2026-07-01T03:12:57+00:00,9.1.60.1970,run5_20260702_050046,run5_20260702_050059,New widget that we were forced to adopt sucks. It lags behind and doesn't even what I am or was playing. Please fix it or just bring the old 4x1 widget back. It worked for years and I don't want to take up half of my phone screen with your new one.,New widget that we were forced to adopt sucks. It lags behind and doesn't even what I am or was playing. Please fix it or just bring the old 4x1 widget back. It worked for years and I don't want to take up half of my phone screen with your new one.,c8b4103f660ccf7bc60f7e6e8c461e8b7949dda5f6a6f8c7bea8101bea4f4b14,c8b4103f660ccf7bc60f7e6e8c461e8b7949dda5f6a6f8c7bea8101bea4f4b14
google_play,Spotify,com.spotify.music,us,en,adf8120a-4455-43db-81bd-c6c7ee261ee4,5,0,2026-07-01T03:12:31+00:00,,run5_20260702_050046,run5_20260702_050059,very nice 🫂🧿,very nice 🫂🧿,4517ca9138c0ea559f5ea0a18ba848764cb3a1068bc2411311df5c62966a62f2,4517ca9138c0ea559f5ea0a18ba848764cb3a1068bc2411311df5c62966a62f2
google_play,Spotify,com.spotify.music,us,en,564deab8-6bde-486c-a8e9-632275814d54,5,0,2026-07-01T03:11:50+00:00,9.1.60.1970,run5_20260702_050046,run5_20260702_050059,that's awesome,that's awesome,1ad2fc5141b2c716c82a5800621e428e4cd0b593e25aaeca3bbeacc3fc57e21d,1ad2fc5141b2c716c82a5800621e428e4cd0b593e25aaeca3bbeacc3fc57e21d
google_play,Spotify,com.spotify.music,us,en,fd7f15d5-5c51-401f-8d8c-10ab7c4bb490,5,0,2026-07-01T03:11:03+00:00,9.1.60.1970,run5_20260702_050046,run5_20260702_050059,"I love it, the only reason I dont like it is because it gives you a limit on how many songs you can choose until it say you can tomorrow but I dont really care I just use my pc for music after.","I love it, the only reason I dont like it is because it gives you a limit on how many songs you can choose until it say you can tomorrow but I dont really care I just use my pc for music after.",31bdd330c6a9741411910be4e9252976ef692f959481737c36feec8dc927748f,31bdd330c6a9741411910be4e9252976ef692f959481737c36feec8dc927748f
google_play,Spotify,com.spotify.music,us,en,c3c981ba-baf7-4ee4-b97f-ffbf2a06d693,5,0,2026-07-01T03:10:16+00:00,9.1.60.1970,run5_20260702_050046,run5_20260702_050059,I love it it makes me feel im alone,I love it it makes me feel im alone,dae272c0b69dcc38362e21616db6ab5faa746a40d908ed48cf868465e11088a7,dae272c0b69dcc38362e21616db6ab5faa746a40d908ed48cf868465e11088a7
google_play,Spotify,com.spotify.music,us,en,4f9c127f-6fa4-4acb-a25e-810a3443cd6a,4,0,2026-07-01T03:09:38+00:00,,run5_20260702_050046,run5_20260702_050059,so great,so great,88355509d9a7b74303fd2884fe1debec5f4c59bcdaa06e6f774a7f15ccc8445e,88355509d9a7b74303fd2884fe1debec5f4c59bcdaa06e6f774a7f15ccc8445e
google_play,Spotify,com.spotify.music,us,en,6bd49296-e384-4e08-9549-f8a0179236fe,4,0,2026-07-01T03:08:47+00:00,9.1.60.1970,run5_20260702_050046,run5_20260702_050059,"I love, love, love Spotify. I am a premium user so it's different for others, but I find it rather reliable and easy to use. I love that it continues to add on to the app. I do wish I could switch it from light or dark theme, or still have the ability to create radios with specific artists. Thank you!","I love, love, love Spotify. I am a premium user so it's different for others, but I find it rather reliable and easy to use. I love that it continues to add on to the app. I do wish I could switch it from light or dark theme, or still have the ability to create radios with specific artists. Thank you!",973a8ce7004e3e167508621289543b3302118f2d9c7ca76cc6c7cd9be4b9dd4d,973a8ce7004e3e167508621289543b3302118f2d9c7ca76cc6c7cd9be4b9dd4d
google_play,Spotify,com.spotify.music,us,en,3307a8fe-74e1-41f3-900d-22414069b2df,1,0,2026-07-01T03:05:19+00:00,,run5_20260702_050046,run5_20260702_050059,wors,wors,f5546f1b7c8840599cf253113defd865dd171440834bedeb0ce29e370d3ab8bf,f5546f1b7c8840599cf253113defd865dd171440834bedeb0ce29e370d3ab8bf
google_play,Spotify,com.spotify.music,us,en,144fd7a1-cdb2-4985-8926-233564362456,1,1,2026-07-01T03:05:09+00:00,9.1.60.1970,run5_20260702_050046,run5_20260702_050059,"Are the developers using 'vibe code' to update this app? It is full of bugs. When a song plays, it doesn't even show the song status, such as whether I've liked it or not, and the progress bar doesn't show either. Also, the notification panel doesn't show the song card; it only shows the ads. What a mess, this should be a zero-star review","Are the developers using 'vibe code' to update this app? It is full of bugs. When a song plays, it doesn't even show the song status, such as whether I've liked it or not, and the progress bar doesn't show either. Also, the notification panel doesn't show the song card; it only shows the ads. What a mess, this should be a zero-star review",83331d3b61dbad32fddf5a783de070bbf0ff68d3be84caf3e8d2e4922d81da1d,83331d3b61dbad32fddf5a783de070bbf0ff68d3be84caf3e8d2e4922d81da1d
google_play,Spotify,com.spotify.music,us,en,31e3ea91-0cdd-48a4-a78f-6c3513a40806,5,0,2026-07-01T03:03:16+00:00,9.1.60.1970,run5_20260702_050046,run5_20260702_050059,"Spotify is by far the best music streaming app I've ever used. The sound quality is excellent, the recommendations are always on point, and I love discovering new songs through personalized playlists like Discover Weekly. The app is easy to use, works smoothly across all my devices, and has a huge collection of music and podcasts. It makes listening to my favorite artists enjoyable every day. Highly recommended to anyone who loves music!","Spotify is by far the best music streaming app I've ever used. The sound quality is excellent, the recommendations are always on point, and I love discovering new songs through personalized playlists like Discover Weekly. The app is easy to use, works smoothly across all my devices, and has a huge collection of music and podcasts. It makes listening to my favorite artists enjoyable every day. Highly recommended to anyone who loves music!",92cc5ccdb06e2baed3eb64c502cf123183689ee98109a93c4c4a38150149261e,92cc5ccdb06e2baed3eb64c502cf123183689ee98109a93c4c4a38150149261e
google_play,Spotify,com.spotify.music,us,en,d4005ed0-9df4-4b0f-b458-92d7612eb8b2,5,0,2026-07-01T03:01:52+00:00,9.0.76.1126,run5_20260702_050046,run5_20260702_050059,Love the loud song experience,Love the loud song experience,d56dc91f050a414bb4c722c0bf9fb86cd6b6d456162be9ca010d8147ecfba913,d56dc91f050a414bb4c722c0bf9fb86cd6b6d456162be9ca010d8147ecfba913
google_play,Spotify,com.spotify.music,us,en,9ddd4f86-97ff-4886-8e26-2bd1df627224,1,1,2026-07-01T02:59:40+00:00,9.1.60.1970,run5_20260702_050046,run5_20260702_050059,Current the app is not working or loading. It's been out for a week. And I pay to not have ad. Not happy with it.,Current the app is not working or loading. It's been out for a week. And I pay to not have ad. Not happy with it.,760eda89d35b42b2e751e26f52ece1a6f81885cf76c517247765ed347f592b86,760eda89d35b42b2e751e26f52ece1a6f81885cf76c517247765ed347f592b86
google_play,Spotify,com.spotify.music,us,en,4163909e-d0a7-4931-8174-30943c546a95,1,0,2026-07-01T02:59:25+00:00,9.1.60.1970,run5_20260702_050046,run5_20260702_050059,I mean it's a nice app if you have premium but I hate these ads so much✌️,I mean it's a nice app if you have premium but I hate these ads so much✌️,496c3336904c24733d19b56fe33ee58d75d336b277b9aadfc0e706190f0295cc,496c3336904c24733d19b56fe33ee58d75d336b277b9aadfc0e706190f0295cc
google_play,Spotify,com.spotify.music,us,en,41ee681e-5c6b-4668-99e7-01c4002ae2d8,5,0,2026-07-01T02:57:49+00:00,9.1.58.1567,run5_20260702_050046,run5_20260702_050059,good,good,770e607624d689265ca6c44884d0807d9b054d23c473c106c72be9de08b7376c,770e607624d689265ca6c44884d0807d9b054d23c473c106c72be9de08b7376c
google_play,Spotify,com.spotify.music,us,en,aa023904-1970-4ab1-acde-ce2f0d6a621d,5,0,2026-07-01T02:53:21+00:00,,run5_20260702_050046,run5_20260702_050059,SUPERB!!,SUPERB!!,d0d4ac455cc3b772af1bea9a177b967c6ca52d0b2a994396f0e3b179ff7acdbd,d0d4ac455cc3b772af1bea9a177b967c6ca52d0b2a994396f0e3b179ff7acdbd
google_play,Spotify,com.spotify.music,us,en,70bef95b-d985-49e2-90f3-fd474b02b289,1,0,2026-07-01T02:51:02+00:00,9.1.6.1139,run5_20260702_050046,run5_20260702_050059,performance has significantly degraded over time,performance has significantly degraded over time,37b6aba4c5cd48735a879694e758510daf257c0e1c1c7b3faaf19ab0f1a7959d,37b6aba4c5cd48735a879694e758510daf257c0e1c1c7b3faaf19ab0f1a7959d
google_play,Spotify,com.spotify.music,us,en,a8a3999e-1576-4170-afef-f636c1939520,5,0,2026-07-01T02:49:37+00:00,9.1.60.1970,run5_20260702_050046,run5_20260702_050059,best music app there is👌🏻,best music app there is👌🏻,a092ca981a1a68ff2d607bfbe90e2df684e21b6b72fecdea15f87b57b7b05e25,a092ca981a1a68ff2d607bfbe90e2df684e21b6b72fecdea15f87b57b7b05e25
google_play,Spotify,com.spotify.music,us,en,f2f222cb-b88e-4e28-8c4b-0874fda78d9a,1,2,2026-07-01T02:46:52+00:00,9.1.6.1145,run5_20260702_050046,run5_20260702_050059,"I hate Spotify. It keeps playing an ad. After least about 2 songs play is getting on my nerves, and I can't use it because it is not working right. All I see is a black screen. This app is terrible.","I hate Spotify. It keeps playing an ad. After least about 2 songs play is getting on my nerves, and I can't use it because it is not working right. All I see is a black screen. This app is terrible.",72104a27345b5d9c15bec88487a81c0f5b1834f1d9e778e21a69c70a3d3ef791,72104a27345b5d9c15bec88487a81c0f5b1834f1d9e778e21a69c70a3d3ef791
google_play,Spotify,com.spotify.music,us,en,fd455a9d-cb02-4d8c-84cb-87a8a315ad48,1,0,2026-07-01T02:43:00+00:00,9.1.60.1970,run5_20260702_050046,run5_20260702_050059,I used for years now the app doesn't work it takes forever to sign in and when I finally do it says something went wrong. I cleared the data and cache reinstalled and restarted phone several times.,I used for years now the app doesn't work it takes forever to sign in and when I finally do it says something went wrong. I cleared the data and cache reinstalled and restarted phone several times.,45e08aaad9135dde859eded1f97d2f196949996171142f62e369e0bef9515706,45e08aaad9135dde859eded1f97d2f196949996171142f62e369e0bef9515706
google_play,Spotify,com.spotify.music,us,en,82de391e-bffc-402f-bf9d-ed4a0bcaea56,5,0,2026-07-01T02:40:41+00:00,9.1.60.1970,run5_20260702_050046,run5_20260702_050059,"Spotify has a great selection of music. you can find almost every genre you are looking for, at least I have.","Spotify has a great selection of music. you can find almost every genre you are looking for, at least I have.",b6585dadd180588b0e6e042002b59cd8ddedd12c1443b671f8b1d09376b0473d,b6585dadd180588b0e6e042002b59cd8ddedd12c1443b671f8b1d09376b0473d
google_play,Spotify,com.spotify.music,us,en,8d7eaddf-e9d5-4ffc-99f8-ac90364853ed,5,0,2026-07-01T02:35:39+00:00,9.1.60.1970,run5_20260702_050046,run5_20260702_050059,good Music 👍,good Music 👍,88bb0cee2bb59cf3e04e7be0b6d6eb3d0ab2c1559ab1fa4b31632e9ff86cc5ea,88bb0cee2bb59cf3e04e7be0b6d6eb3d0ab2c1559ab1fa4b31632e9ff86cc5ea
google_play,Spotify,com.spotify.music,us,en,844982d2-53da-414a-932b-df556508b86d,5,0,2026-07-01T02:31:29+00:00,9.1.60.1970,run5_20260702_050046,run5_20260702_050059,I wouldn't use any other music app,I wouldn't use any other music app,a63cb6e5339a9b42d334dd409842461e63fe2f27570dfccf4dfd81c5f216898a,a63cb6e5339a9b42d334dd409842461e63fe2f27570dfccf4dfd81c5f216898a
google_play,Spotify,com.spotify.music,us,en,2a0f69e2-b388-4823-96ee-bd6f56019b85,5,0,2026-07-01T02:30:48+00:00,9.1.60.1970,run5_20260702_050046,run5_20260702_050059,my travel companion,my travel companion,412e996e1a4e029f6e64a88632d0d59e98e093a33a9f0b161f0c067619e25207,412e996e1a4e029f6e64a88632d0d59e98e093a33a9f0b161f0c067619e25207
google_play,Spotify,com.spotify.music,us,en,e834231e-5299-41b6-a873-7b5d44cfcffd,5,0,2026-07-01T02:29:12+00:00,,run5_20260702_050046,run5_20260702_050059,I like it,I like it,68594064b3736c58e04232a44a5605050535cf79ea1e33dd616c977f0d7f5846,68594064b3736c58e04232a44a5605050535cf79ea1e33dd616c977f0d7f5846
google_play,Spotify,com.spotify.music,us,en,bb22610b-bea8-4e33-8a61-af0020162d4d,4,0,2026-07-01T02:23:24+00:00,9.1.52.1394,run5_20260702_050046,run5_20260702_050059,"if you don't pay the app money, they will be a lot of ad , and don't have a lot of things","if you don't pay the app money, they will be a lot of ad , and don't have a lot of things",2cc96d6f65296a6acd245824f4873894abe6dd352a420fb2a3da6d1a84881e4c,2cc96d6f65296a6acd245824f4873894abe6dd352a420fb2a3da6d1a84881e4c
google_play,Spotify,com.spotify.music,us,en,f3d6ecbd-b63d-4045-99ec-1594cb335f15,1,0,2026-07-01T02:03:37+00:00,9.1.60.1970,run5_20260702_050046,run5_20260702_050059,Too much ads without premium 🫩,Too much ads without premium 🫩,35cce339dcffa8f84c84211dbc10bce8c0fe1ae9370dd51596f798ccd4fc8672,35cce339dcffa8f84c84211dbc10bce8c0fe1ae9370dd51596f798ccd4fc8672
google_play,Spotify,com.spotify.music,us,en,d024f2c1-4e5c-4772-b19c-051b43322edd,5,0,2026-07-01T01:57:00+00:00,9.1.60.1970,run5_20260702_050046,run5_20260702_050059,"Definitely the best app for music, I'm not a podcast fan. Never had an issue with this app","Definitely the best app for music, I'm not a podcast fan. Never had an issue with this app",86ba8152865c9b084b578658dc2f27a57748dff62477e8ce472232ed3920eaec,86ba8152865c9b084b578658dc2f27a57748dff62477e8ce472232ed3920eaec
google_play,Spotify,com.spotify.music,us,en,9262985e-eae6-4982-b85c-cc472fdfc054,1,0,2026-07-01T01:56:20+00:00,,run5_20260702_050046,run5_20260702_050059,not able to choose our song,not able to choose our song,e2457f51b8eee867909590ceab7888ddcd345354ef5a9be64e509d49af7f7ff4,e2457f51b8eee867909590ceab7888ddcd345354ef5a9be64e509d49af7f7ff4
google_play,Spotify,com.spotify.music,us,en,c9f56e1b-0b67-40d2-83f8-5c31748377c6,5,0,2026-07-01T01:54:44+00:00,9.1.60.1970,run5_20260702_050046,run5_20260702_050059,it is the best song 🎵 app in the world 🌎,it is the best song 🎵 app in the world 🌎,db032cfa53b11d694512d56793e448ee25a3a29e1666dcab11181f72cb101c49,db032cfa53b11d694512d56793e448ee25a3a29e1666dcab11181f72cb101c49
google_play,Spotify,com.spotify.music,us,en,9bdc70da-3ff6-4138-b956-e5f8111a409d,5,0,2026-07-01T01:51:21+00:00,9.1.60.1970,run5_20260702_050046,run5_20260702_050059,l love music 😍,l love music 😍,e627cddaec904c1d47237a88b82d35736f6021305885700ec5d745f841ab4773,e627cddaec904c1d47237a88b82d35736f6021305885700ec5d745f841ab4773
google_play,Spotify,com.spotify.music,us,en,934af379-2e79-4d15-8acb-4eb04bd2dbc3,4,0,2026-07-01T01:51:06+00:00,9.1.60.1970,run5_20260702_050046,run5_20260702_050059,Great music app to say the least. My only negative is that YouTube Music has a much broader search list. Other than that awesome,Great music app to say the least. My only negative is that YouTube Music has a much broader search list. Other than that awesome,09f59929b45e6f74c66e22cc811ee3b7766e529ee81050c08096ec55d63ddac6,09f59929b45e6f74c66e22cc811ee3b7766e529ee81050c08096ec55d63ddac6
google_play,Spotify,com.spotify.music,us,en,b0d58eec-a461-4399-b742-3b293dc7c1d5,5,0,2026-07-01T01:50:13+00:00,9.1.60.1970,run5_20260702_050046,run5_20260702_050059,best app on play store,best app on play store,325ad42acad607e48e94a5f8aa18d31b8c9e1e691ef96693ce4fe8cccf215584,325ad42acad607e48e94a5f8aa18d31b8c9e1e691ef96693ce4fe8cccf215584
google_play,Spotify,com.spotify.music,us,en,648fb558-dde4-4cc0-a06e-b964161763b2,5,0,2026-07-01T01:49:40+00:00,9.1.60.1970,run5_20260702_050046,run5_20260702_050059,love it,love it,a2f1c846b4f1867b0ee4769a44954de5b940f8ef2f5a967523bc23f340aed646,a2f1c846b4f1867b0ee4769a44954de5b940f8ef2f5a967523bc23f340aed646
google_play,Spotify,com.spotify.music,us,en,f4da23c3-546a-45b8-b81b-79cc6b73615b,5,0,2026-07-01T01:46:23+00:00,9.1.60.1970,run5_20260702_050046,run5_20260702_050059,✨More👁️love. to Spotify music 🎶!!! ONE💚!?,✨More👁️love. to Spotify music 🎶!!! ONE💚!?,2b1d89e0a460681506c215cc009e59067304dfd057bfe58d44be3477519e4313,2b1d89e0a460681506c215cc009e59067304dfd057bfe58d44be3477519e4313
google_play,Spotify,com.spotify.music,us,en,040b6695-79b9-462e-a40a-5c09595f6980,4,0,2026-07-01T01:44:49+00:00,9.1.60.1970,run5_20260702_050046,run5_20260702_050059,"Honest review. Spotify Premium is a great app for listening with locked screen and also almost everything in music is there (almost), quality and some features are great, however there are some things that I honestly loathe about this app mainly about the constant interface updates that go by changing some real useful features.","Honest review. Spotify Premium is a great app for listening with locked screen and also almost everything in music is there (almost), quality and some features are great, however there are some things that I honestly loathe about this app mainly about the constant interface updates that go by changing some real useful features.",6f7a0f17a39b2401db816a0d8471df28ea5f1897bf1f912e64d61d6b33e42656,6f7a0f17a39b2401db816a0d8471df28ea5f1897bf1f912e64d61d6b33e42656
google_play,Spotify,com.spotify.music,us,en,4999fee8-c6fd-486d-9cd4-2f67bb9948ae,1,0,2026-07-01T01:43:20+00:00,9.1.60.1970,run5_20260702_050046,run5_20260702_050059,"I have to change my rate from 4 to 1 star. I reported artist profile called ""fainted"" because this profile has hijacked popular songs like Love Trial, Cubibibibism, etc and it replaced as ai slop. After many reports I got a message from Spotify that this profile is not violating the rules. Hijacking, replacing content and having above 500k monthly listeners from stolen songs is not violating your rules. Good job.","I have to change my rate from 4 to 1 star. I reported artist profile called ""fainted"" because this profile has hijacked popular songs like Love Trial, Cubibibibism, etc and it replaced as ai slop. After many reports I got a message from Spotify that this profile is not violating the rules. Hijacking, replacing content and having above 500k monthly listeners from stolen songs is not violating your rules. Good job.",340bd92752f4afc03b988be352761fccd24304deb53008c64c74574f8cd2c2af,340bd92752f4afc03b988be352761fccd24304deb53008c64c74574f8cd2c2af
google_play,Spotify,com.spotify.music,us,en,f4374d84-2951-434c-b09f-30525664302a,4,0,2026-07-01T01:40:54+00:00,9.1.60.1970,run5_20260702_050046,run5_20260702_050059,"New update has broken the selection process Cant play random somgs from a playlist. Whenever any song from a playlist is selected, the selected song does not play but the first song from the playlist starts playing. Please see for remedial action","New update has broken the selection process Cant play random somgs from a playlist. Whenever any song from a playlist is selected, the selected song does not play but the first song from the playlist starts playing. Please see for remedial action",def0b680659a4403bd75dbd0455bf1bc4300ecb8b9944ace6877cab22a789b88,def0b680659a4403bd75dbd0455bf1bc4300ecb8b9944ace6877cab22a789b88
google_play,Spotify,com.spotify.music,us,en,fef8f36f-095a-4324-8d13-8a6d567dffa4,1,0,2026-07-01T01:40:53+00:00,,run5_20260702_050046,run5_20260702_050059,"The new queue system is driving me insane because of how broken it is. There is no need for a ""re-shuffle"" button, there has been multiple ways to do it for many years. And in my opinion, it makes the app SUCK. The feature does the same thing and turning shuffle off and back on, but it broke the rest of the queue. Why should we continue to pay this company (MORE AND MORE!!) to see them be so careless?","The new queue system is driving me insane because of how broken it is. There is no need for a ""re-shuffle"" button, there has been multiple ways to do it for many years. And in my opinion, it makes the app SUCK. The feature does the same thing and turning shuffle off and back on, but it broke the rest of the queue. Why should we continue to pay this company (MORE AND MORE!!) to see them be so careless?",747a6c1b6cd2c24218b13843d083dbf3903dcd0395a85c2b5d9551375d4202fa,747a6c1b6cd2c24218b13843d083dbf3903dcd0395a85c2b5d9551375d4202fa
google_play,Spotify,com.spotify.music,us,en,865cf38d-b8e5-4680-844d-5b1f6403a595,5,0,2026-07-01T01:37:38+00:00,9.1.60.1970,run5_20260702_050046,run5_20260702_050059,Free songs,Free songs,c8263caf97c2ab6cd07f4a8e01f398f255c74228f555b569bda134b3246c9484,c8263caf97c2ab6cd07f4a8e01f398f255c74228f555b569bda134b3246c9484
google_play,Spotify,com.spotify.music,us,en,04f58e03-c2ca-48e9-a170-cdcbc754df89,4,0,2026-07-01T01:37:21+00:00,,run5_20260702_050046,run5_20260702_050059,very nice,very nice,343614bcdb829f7e0ab1e3a876dc5437a01a6eea3df3fd1031774b5e691fd949,343614bcdb829f7e0ab1e3a876dc5437a01a6eea3df3fd1031774b5e691fd949
google_play,Spotify,com.spotify.music,us,en,adce2f18-3007-45ba-8454-db7154b02344,5,0,2026-07-01T01:36:53+00:00,9.1.60.1970,run5_20260702_050046,run5_20260702_050059,I dont see how people are complaining. I've been a premium member for decades. I get Hulu for free. The best sound. Way better then YouTube and I have they premium service as well. Spotify is the only service that hasn't had a price increase since I've been with them.,I dont see how people are complaining. I've been a premium member for decades. I get Hulu for free. The best sound. Way better then YouTube and I have they premium service as well. Spotify is the only service that hasn't had a price increase since I've been with them.,1b165ddc4d96a14ac084d5504fc2d70a8248c26f4822df6d4ac311ef29f369cd,1b165ddc4d96a14ac084d5504fc2d70a8248c26f4822df6d4ac311ef29f369cd
google_play,Spotify,com.spotify.music,us,en,19d43d52-fb63-48d1-9d91-0adcfc36cc0e,4,0,2026-07-01T01:32:15+00:00,9.1.60.1970,run5_20260702_050046,run5_20260702_050059,easy to use. large selection of music & podcasts .,easy to use. large selection of music & podcasts .,dfc3d55a0d932fd5b94897ac05bc5e882286c2adac4a231899056085949467eb,dfc3d55a0d932fd5b94897ac05bc5e882286c2adac4a231899056085949467eb
google_play,Spotify,com.spotify.music,us,en,dd75fa01-cb50-4bb3-b9bf-e88c48a2f83d,5,0,2026-07-01T01:28:51+00:00,9.1.60.1970,run5_20260702_050046,run5_20260702_050059,this app is amazing It got me through a 12 hour one way road trip .😁🎉🎊,this app is amazing It got me through a 12 hour one way road trip .😁🎉🎊,aee34b881771848508a531ca5f1c7fff5c070be5063e37ca756773dc7dbc7e79,aee34b881771848508a531ca5f1c7fff5c070be5063e37ca756773dc7dbc7e79
google_play,Spotify,com.spotify.music,us,en,cbb40e53-0176-4284-9258-18af28d5d628,5,0,2026-07-01T01:26:58+00:00,9.1.60.1970,run5_20260702_050046,run5_20260702_050059,"Absolutely love this app! Kudos to the development team! This app keeps getting better, Spotify keeps adding new cool features like: ai DJ, information of artist, concert ticket date information, new music Friday, and direct access to ticketmaster. I have Been one of the world's top listeners since 2017! Spotify you keep it rocking I'll keep it rolling baby, yeah! Sincerely yours, ThunderDan","Absolutely love this app! Kudos to the development team! This app keeps getting better, Spotify keeps adding new cool features like: ai DJ, information of artist, concert ticket date information, new music Friday, and direct access to ticketmaster. I have Been one of the world's top listeners since 2017! Spotify you keep it rocking I'll keep it rolling baby, yeah! Sincerely yours, ThunderDan",a475404ba53298986f5149546bb66e59693a69f7b5423ad98d357f78074942f9,a475404ba53298986f5149546bb66e59693a69f7b5423ad98d357f78074942f9
google_play,Spotify,com.spotify.music,us,en,c585167f-0dca-445a-bee5-b2616c4d0f06,1,0,2026-07-01T01:26:47+00:00,9.1.60.1970,run5_20260702_050046,run5_20260702_050059,horrible it won't let me listen to music chat 😭😔,horrible it won't let me listen to music chat 😭😔,6bf763a982fd7d0fe3e92122e2241dbd3ff08b59e1660366c7882f6968be07e1,6bf763a982fd7d0fe3e92122e2241dbd3ff08b59e1660366c7882f6968be07e1
google_play,Spotify,com.spotify.music,us,en,76a49f78-2fc0-409e-aa87-d8344fa49374,1,0,2026-07-01T01:19:27+00:00,9.1.60.1970,run5_20260702_050046,run5_20260702_050059,"You sent me a three month free offer to sign back up and when I went to rejoin you revoked it, sort of a mean thing to do..bait and switch...I was already to sign back up since I haven't heard any ICE hiring advertising....I think I'll review my options!!","You sent me a three month free offer to sign back up and when I went to rejoin you revoked it, sort of a mean thing to do..bait and switch...I was already to sign back up since I haven't heard any ICE hiring advertising....I think I'll review my options!!",e912a1d72447ce598c0f6b685ba540ff60a5cbf42650da25df1d87899ffecd9b,e912a1d72447ce598c0f6b685ba540ff60a5cbf42650da25df1d87899ffecd9b
google_play,Spotify,com.spotify.music,us,en,db127606-9df3-48e3-b7e0-b1266eb148e8,4,0,2026-07-01T01:19:05+00:00,9.1.60.1970,run5_20260702_050046,run5_20260702_050059,its good but I don't want premium and it ruins my experience,its good but I don't want premium and it ruins my experience,cd2892992d2f888c9cf4d3cbd581915abad763d56f8636037b15b284f19be7e1,cd2892992d2f888c9cf4d3cbd581915abad763d56f8636037b15b284f19be7e1
google_play,Spotify,com.spotify.music,us,en,0926c0dc-691a-464a-9bd4-f3d80e226761,5,0,2026-07-01T01:15:52+00:00,9.1.60.1970,run5_20260702_050046,run5_20260702_050059,"The bestt app music ever Spotify. The absolute king of music streaming. The personalized playlists, like Discover Weekly, are spot-on, and the transition between devices is seamless. The massive library of music and podcasts keeps me entertained all day.","The bestt app music ever Spotify. The absolute king of music streaming. The personalized playlists, like Discover Weekly, are spot-on, and the transition between devices is seamless. The massive library of music and podcasts keeps me entertained all day.",222e1549c80a95a758a879f1363d9ea92f4b48e600cddc00cf4c6e3f62151a9b,222e1549c80a95a758a879f1363d9ea92f4b48e600cddc00cf4c6e3f62151a9b
google_play,Spotify,com.spotify.music,us,en,9042ee21-c7b0-43f0-b7f6-12b956cdaf0d,5,0,2026-07-01T01:14:23+00:00,9.1.60.1970,run5_20260702_050046,run5_20260702_050059,it's too much good. but there are too many ads,it's too much good. but there are too many ads,76b76e508ea64743ee049e8a10067dd0f4fdd056fc5c23c091126a60fa220e76,76b76e508ea64743ee049e8a10067dd0f4fdd056fc5c23c091126a60fa220e76
google_play,Spotify,com.spotify.music,us,en,570f9745-da3b-451f-8dbf-476f707ff74a,5,0,2026-07-01T01:13:04+00:00,9.1.30.1993,run5_20260702_050046,run5_20260702_050059,it's a great music app to find most anything around the world. it helps me go down different musical rabbit holes. if only they had a toggle switch to play two or three artists at once.,it's a great music app to find most anything around the world. it helps me go down different musical rabbit holes. if only they had a toggle switch to play two or three artists at once.,a1a4e9e75266807b04a805d3550e971cebd772af110f497fe14f658324216562,a1a4e9e75266807b04a805d3550e971cebd772af110f497fe14f658324216562
google_play,Spotify,com.spotify.music,us,en,fea34659-79fe-45d6-992b-9238066ea7ff,5,0,2026-07-01T01:12:10+00:00,9.1.60.1970,run5_20260702_050046,run5_20260702_050059,excellent 👍,excellent 👍,4042c2032c213486c76a717a262dd350a5b1822b81225593c0d2d3569b8fb686,4042c2032c213486c76a717a262dd350a5b1822b81225593c0d2d3569b8fb686
google_play,Spotify,com.spotify.music,us,en,d2f90f3e-ed5f-499f-83df-5ed4fc1fce87,5,0,2026-07-01T01:06:46+00:00,9.1.60.1970,run5_20260702_050046,run5_20260702_050059,love it,love it,a2f1c846b4f1867b0ee4769a44954de5b940f8ef2f5a967523bc23f340aed646,a2f1c846b4f1867b0ee4769a44954de5b940f8ef2f5a967523bc23f340aed646
google_play,Spotify,com.spotify.music,us,en,3eea1507-2a89-42e1-bb81-7a603127a058,4,0,2026-07-01T01:06:11+00:00,9.1.60.1970,run5_20260702_050046,run5_20260702_050059,"Need more ways to adjust preferences about the songs. Like ""how much you like this song compared with the rest of the play list"". Everything else is magnifique.","Need more ways to adjust preferences about the songs. Like ""how much you like this song compared with the rest of the play list"". Everything else is magnifique.",b8ac83b9a0a72faa3572be1d35e4c9205743a9bfdb50a070b22e595c11e31ab5,b8ac83b9a0a72faa3572be1d35e4c9205743a9bfdb50a070b22e595c11e31ab5
google_play,Spotify,com.spotify.music,us,en,52f21d6f-ec81-4c49-b701-08e854774c1b,1,0,2026-07-01T01:04:40+00:00,,run5_20260702_050046,run5_20260702_050059,"My Rating On This Online Radio Please Avoid. Why Am I Say Online Radio Because This App I Got Found Songs Bitrate Issue"" My Two Device Is Dead Only From Songs Bitrate"" 1st My (Marshall Kilburn 2) Soundbar & 2nd Is My (Sony WH520) Headphone Is Dead Via This App So If You Are Enemy On Your Device's So Enjoy This App. But My Opinion Is (Youtube Music) Is Much Better Against This One Thank You","My Rating On This Online Radio Please Avoid. Why Am I Say Online Radio Because This App I Got Found Songs Bitrate Issue"" My Two Device Is Dead Only From Songs Bitrate"" 1st My (Marshall Kilburn 2) Soundbar & 2nd Is My (Sony WH520) Headphone Is Dead Via This App So If You Are Enemy On Your Device's So Enjoy This App. But My Opinion Is (Youtube Music) Is Much Better Against This One Thank You",5d8b721f987adad82ad35d10ffa43c2a8462ec5b59e28520c4d30eefa95e4c2b,5d8b721f987adad82ad35d10ffa43c2a8462ec5b59e28520c4d30eefa95e4c2b
google_play,Spotify,com.spotify.music,us,en,26d14302-76c0-48f2-a44a-3664d230b008,5,0,2026-07-01T01:02:29+00:00,9.1.60.1970,run5_20260702_050046,run5_20260702_050059,nice 👍👍,nice 👍👍,a863162487c580fd5e00d2b3a1ae32721e5116d5bef71bd2d1571a3e178dd401,a863162487c580fd5e00d2b3a1ae32721e5116d5bef71bd2d1571a3e178dd401
google_play,Spotify,com.spotify.music,us,en,88dd9b95-d87e-4216-a4e7-34975f7effb2,2,0,2026-07-01T01:02:26+00:00,,run5_20260702_050046,run5_20260702_050059,"it starts automatically when I get in the car even with all settings to off. the interface is very awkward for searching music by style or genre. should be able to type in anything and it should know what you want, like youtube","it starts automatically when I get in the car even with all settings to off. the interface is very awkward for searching music by style or genre. should be able to type in anything and it should know what you want, like youtube",7cb22c5fc82d39828db2a274eea771f5d92ddb17dafd017893789f2ed0f22ac3,7cb22c5fc82d39828db2a274eea771f5d92ddb17dafd017893789f2ed0f22ac3
google_play,Spotify,com.spotify.music,us,en,14046bed-cca6-4ee2-86b8-dc3feffb9012,4,0,2026-07-01T00:54:20+00:00,9.1.60.1970,run5_20260702_050046,run5_20260702_050059,Spotify always hitting with the best tunes and audio books!!,Spotify always hitting with the best tunes and audio books!!,06dd7c13e7f1ff4da1851ed0e4bf0141c359388debc69be400821d3989090815,06dd7c13e7f1ff4da1851ed0e4bf0141c359388debc69be400821d3989090815
google_play,Spotify,com.spotify.music,us,en,5e4a4d79-5dc2-41de-950b-61f67dc4de30,4,0,2026-07-01T00:53:35+00:00,8.9.24.633,run5_20260702_050046,run5_20260702_050059,good,good,770e607624d689265ca6c44884d0807d9b054d23c473c106c72be9de08b7376c,770e607624d689265ca6c44884d0807d9b054d23c473c106c72be9de08b7376c
google_play,Spotify,com.spotify.music,us,en,9dc804cd-8149-454c-aa26-ca9f480d4e25,5,0,2026-07-01T00:52:14+00:00,9.1.60.1970,run5_20260702_050046,run5_20260702_050059,if there is a song you want to listen to Spotify is the way to go!.,if there is a song you want to listen to Spotify is the way to go!.,e1f94c8a91f938f406d861cee37cb4a92f4d1aaa17c9e24f33c744315713031a,e1f94c8a91f938f406d861cee37cb4a92f4d1aaa17c9e24f33c744315713031a
google_play,Spotify,com.spotify.music,us,en,763cb716-0b00-4aea-9bd0-27d279dde6cc,1,0,2026-07-01T00:51:55+00:00,9.1.56.574,run5_20260702_050046,run5_20260702_050059,"Why tf is spotify donating to AI drone weapon companies ???? Also the free version sucks major booty like im getting 3-4 ads after every 2 songs. Plus every dang time I try listening to a specific album, after the 1st song it starts playing recommended stuff. Booo tomato tomato tomato","Why tf is spotify donating to AI drone weapon companies ???? Also the free version sucks major booty like im getting 3-4 ads after every 2 songs. Plus every dang time I try listening to a specific album, after the 1st song it starts playing recommended stuff. Booo tomato tomato tomato",7728939398e6be1fa6d446e976724452e40e7d7e26c84d6043bdce28329c0682,7728939398e6be1fa6d446e976724452e40e7d7e26c84d6043bdce28329c0682
google_play,Spotify,com.spotify.music,us,en,eb54234c-9b0e-4624-b7b2-ae604609abaf,1,1,2026-07-01T00:51:33+00:00,9.1.60.1970,run5_20260702_050046,run5_20260702_050059,The app is run by monsters..hard to let Google get the moral high ground on ya,The app is run by monsters..hard to let Google get the moral high ground on ya,645cdfdebd99180cae879fd2960bcfb7dfd6fe1894ffbcdf39b2ca076d76a80c,645cdfdebd99180cae879fd2960bcfb7dfd6fe1894ffbcdf39b2ca076d76a80c
google_play,Spotify,com.spotify.music,us,en,88fc638b-058e-4fdf-b37b-07ff4ef44ed1,3,0,2026-07-01T00:46:41+00:00,,run5_20260702_050046,run5_20260702_050059,Decent but annoying adds,Decent but annoying adds,1f6964e862c2bf72216ca9a8eb398dcff870709de6e52629e2bdc4b0ceda1112,1f6964e862c2bf72216ca9a8eb398dcff870709de6e52629e2bdc4b0ceda1112
google_play,Spotify,com.spotify.music,us,en,5a506b8b-63be-43a2-9a6a-9012f6927ac0,4,0,2026-07-01T00:44:56+00:00,9.1.60.1970,run5_20260702_050046,run5_20260702_050059,"absolutely epic,but minus one star because they gotta work on that advertisements of their's.but I do believe it will get better soon, damn it sounds like a ""don't kys note"" but don't do that either.","absolutely epic,but minus one star because they gotta work on that advertisements of their's.but I do believe it will get better soon, damn it sounds like a ""don't kys note"" but don't do that either.",82a1556ead812589f891a2070387c72095ab3aa4e79e57e97c15948ad1780537,82a1556ead812589f891a2070387c72095ab3aa4e79e57e97c15948ad1780537
google_play,TikTok,com.zhiliaoapp.musically,us,en,8001ed0b-d6a9-46d8-9e21-2df8fc6c4538,1,1,2026-07-03T03:24:21+00:00,45.7.3,run5_day3_20260704_032957,run5_day3_20260704_032957,the app keeps closing,the app keeps closing,f46f4a65bb1d2e30151317e1299bd68785877e4c795d69f9427da47e05285d4b,f46f4a65bb1d2e30151317e1299bd68785877e4c795d69f9427da47e05285d4b
google_play,TikTok,com.zhiliaoapp.musically,us,en,54df7802-f605-435f-825f-a11f2cffc92a,5,1,2026-07-03T03:19:35+00:00,45.7.3,run5_day3_20260704_032957,run5_day3_20260704_032957,so good,so good,1003bef40087acdc2f462718699886cf81372904bb5192001172f84c75f98bab,1003bef40087acdc2f462718699886cf81372904bb5192001172f84c75f98bab
google_play,TikTok,com.zhiliaoapp.musically,us,en,65cafb3c-985f-4452-bed8-79ab37b85cc3,5,0,2026-07-03T03:19:00+00:00,45.5.4,run5_day3_20260704_032957,run5_day3_20260704_032957,Please TikTok team give some support 🙏,Please TikTok team give some support 🙏,81ba16d8d4246d358f70cc4a10e35c33772631464a0f67392cdaf27bdba42ae1,81ba16d8d4246d358f70cc4a10e35c33772631464a0f67392cdaf27bdba42ae1
google_play,TikTok,com.zhiliaoapp.musically,us,en,50936157-3867-40bc-849b-f1396b828dcb,5,0,2026-07-03T03:18:26+00:00,32.4.3,run5_day3_20260704_032957,run5_day3_20260704_032957,TikTok is good plat form butt one problem is in my country pakistan we not get live option plz solve my problem...,TikTok is good plat form butt one problem is in my country pakistan we not get live option plz solve my problem...,dfdc540c88b6d547f46d3952a7e7c77900fc08b211570d0930328a3b515690f8,dfdc540c88b6d547f46d3952a7e7c77900fc08b211570d0930328a3b515690f8
google_play,TikTok,com.zhiliaoapp.musically,us,en,32090160-ba93-4e11-b8c3-3e7fe9de2c98,3,0,2026-07-03T03:16:06+00:00,45.7.3,run5_day3_20260704_032957,run5_day3_20260704_032957,The app was functioning somewhat fine. But since last 2 or three days the uploaded videos do not play completely. Not only mine but from others too. Can you fix this issue. Or this issue is normal from your side. Kindly do not say that I check my Internet service whether its working properly. Its not the issue of my Internet service. Coz at the same time my youtube and whatsapp videos play properly. Regards,The app was functioning somewhat fine. But since last 2 or three days the uploaded videos do not play completely. Not only mine but from others too. Can you fix this issue. Or this issue is normal from your side. Kindly do not say that I check my Internet service whether its working properly. Its not the issue of my Internet service. Coz at the same time my youtube and whatsapp videos play properly. Regards,04e9fb8f1420374f813b30781674833da0a45c19c11d664bee291d0687d05887,04e9fb8f1420374f813b30781674833da0a45c19c11d664bee291d0687d05887
google_play,TikTok,com.zhiliaoapp.musically,us,en,1af0fbe7-fb5d-41b4-9c47-578b370ac4ba,5,0,2026-07-03T03:13:35+00:00,45.7.3,run5_day3_20260704_032957,run5_day3_20260704_032957,THIS IS THE GOOD APP FOR WORLD,THIS IS THE GOOD APP FOR WORLD,1a0c97ae4550a963ca0bf16f1ef3264484e13ad38c0cf449219e0617bbba2d4d,1a0c97ae4550a963ca0bf16f1ef3264484e13ad38c0cf449219e0617bbba2d4d
google_play,TikTok,com.zhiliaoapp.musically,us,en,93232ac2-2c25-4299-a564-fe4d0ba44a72,5,0,2026-07-03T03:10:02+00:00,45.7.3,run5_day3_20260704_032957,run5_day3_20260704_032957,Good,Good,c939327ca16dcf97ca32521d8b834bf1de16573d21deda3bb2a337cf403787a6,c939327ca16dcf97ca32521d8b834bf1de16573d21deda3bb2a337cf403787a6
google_play,TikTok,com.zhiliaoapp.musically,us,en,ee586a26-e160-479f-ae2b-016c7b0a7c27,5,0,2026-07-03T02:57:33+00:00,,run5_day3_20260704_032957,run5_day3_20260704_032957,please let me on tiktok,please let me on tiktok,502ca65bc8f17381dee5159f8099db3a7fc13d597b386982ab95b5ef4e28a6cb,502ca65bc8f17381dee5159f8099db3a7fc13d597b386982ab95b5ef4e28a6cb
google_play,TikTok,com.zhiliaoapp.musically,us,en,58b9bf0a-c564-46ab-a464-ff7b1c0e4c43,3,0,2026-07-03T02:49:27+00:00,40.0.0,run5_day3_20260704_032957,run5_day3_20260704_032957,Better,Better,7bf8c23d17f1f1c0fdfb1e797057acb4bde3d9096d9830be47647a708b0371f9,7bf8c23d17f1f1c0fdfb1e797057acb4bde3d9096d9830be47647a708b0371f9
google_play,TikTok,com.zhiliaoapp.musically,us,en,8c17a271-9ea6-4be3-b984-e1e1ca0c6ef4,2,0,2026-07-03T02:43:39+00:00,,run5_day3_20260704_032957,run5_day3_20260704_032957,nice,nice,e186022d0931afe9fe0690857e32f85e50165e7fbe0966d49609ef1981f920c6,e186022d0931afe9fe0690857e32f85e50165e7fbe0966d49609ef1981f920c6
google_play,TikTok,com.zhiliaoapp.musically,us,en,62505bd6-6c5b-45e0-a680-6af558fdc703,1,0,2026-07-03T02:42:58+00:00,45.7.3,run5_day3_20260704_032957,run5_day3_20260704_032957,bht gndi chl re ha💔🤕,bht gndi chl re ha💔🤕,744720dc5679f2237355047703d5b9c9a27828be5f5c41666e86ef37f6ef7223,744720dc5679f2237355047703d5b9c9a27828be5f5c41666e86ef37f6ef7223
google_play,TikTok,com.zhiliaoapp.musically,us,en,2d70a359-6838-4b71-93db-9442e3598772,5,0,2026-07-03T02:40:26+00:00,45.7.3,run5_day3_20260704_032957,run5_day3_20260704_032957,you love,you love,bf2d2f29ac63634ad4dcd39afcc25450773f67106cd9dd1ac250089fef5c5362,bf2d2f29ac63634ad4dcd39afcc25450773f67106cd9dd1ac250089fef5c5362
google_play,TikTok,com.zhiliaoapp.musically,us,en,b3c5c776-673b-4aaa-ad48-467fa767bbb4,5,0,2026-07-03T02:37:17+00:00,45.7.3,run5_day3_20260704_032957,run5_day3_20260704_032957,alls good,alls good,a21d8c5f261f888ad5abea16a7525efb429b2e3a536da60cd7a87b7c0341850e,a21d8c5f261f888ad5abea16a7525efb429b2e3a536da60cd7a87b7c0341850e
google_play,TikTok,com.zhiliaoapp.musically,us,en,95d9114d-911f-44f1-a552-c186534e954d,1,1,2026-07-03T02:18:51+00:00,,run5_day3_20260704_032957,run5_day3_20260704_032957,"horrible ad, I said ""shoot, don't need to ask"" in a comment and got an account strike so it's only moderated by bots that are inconceivably retarded and does not support any type of free speech since it was bought recently. would not recommend tl anyone and quite honestly the worst experience I've ever had in my life with an application on my 30 dollar phone. I would rate lower if I could.","horrible ad, I said ""shoot, don't need to ask"" in a comment and got an account strike so it's only moderated by bots that are inconceivably retarded and does not support any type of free speech since it was bought recently. would not recommend tl anyone and quite honestly the worst experience I've ever had in my life with an application on my 30 dollar phone. I would rate lower if I could.",2060928fbe6c19e8751f0041f2c3cd67f21a987e8df27ded198210f60125a147,2060928fbe6c19e8751f0041f2c3cd67f21a987e8df27ded198210f60125a147
google_play,TikTok,com.zhiliaoapp.musically,us,en,b57bfd00-6913-4430-b8bd-8f8900a12d22,1,0,2026-07-03T02:16:04+00:00,45.7.3,run5_day3_20260704_032957,run5_day3_20260704_032957,latest update COMPLETELY broke my fyp.,latest update COMPLETELY broke my fyp.,bdac6645fb40389b790ab4af98891e08f59eda541895a4ad0a6e28b9fba429ca,bdac6645fb40389b790ab4af98891e08f59eda541895a4ad0a6e28b9fba429ca
google_play,TikTok,com.zhiliaoapp.musically,us,en,74d01a80-2080-4379-990c-54bb735b1be1,5,0,2026-07-03T02:14:06+00:00,45.7.3,run5_day3_20260704_032957,run5_day3_20260704_032957,me gusta,me gusta,7bf13806330334b3db67bdd3466e82d6e856938c552fee8dc83d05983d6f6368,7bf13806330334b3db67bdd3466e82d6e856938c552fee8dc83d05983d6f6368
google_play,TikTok,com.zhiliaoapp.musically,us,en,086598ea-99f5-47cd-be67-3d5bc7ae4d54,4,0,2026-07-03T02:06:20+00:00,45.7.3,run5_day3_20260704_032957,run5_day3_20260704_032957,where's the comments stickers ???!!!!!,where's the comments stickers ???!!!!!,9f3dd2c8ef5634698ee713530af029edec53673ceebbbdaec2de90c563a4b9b2,9f3dd2c8ef5634698ee713530af029edec53673ceebbbdaec2de90c563a4b9b2
google_play,TikTok,com.zhiliaoapp.musically,us,en,1715c837-dcc8-4ea8-8be6-4c58450bf47a,5,0,2026-07-03T02:03:18+00:00,,run5_day3_20260704_032957,run5_day3_20260704_032957,😍😍😍,😍😍😍,1b3609cdd175e9eaf234e2f48dfef80e8c6d1b91d357f0104524e9a80da52d04,1b3609cdd175e9eaf234e2f48dfef80e8c6d1b91d357f0104524e9a80da52d04
google_play,TikTok,com.zhiliaoapp.musically,us,en,1623f2be-af79-4919-ab78-fdb506d61def,5,0,2026-07-03T01:56:13+00:00,45.7.3,run5_day3_20260704_032957,run5_day3_20260704_032957,best app ever. you can make your fyp whatever you want and watch how long you want,best app ever. you can make your fyp whatever you want and watch how long you want,6429b395631ecbe637f013ad378d5eb58b27182c007dbf81a4923c10c4c8b880,6429b395631ecbe637f013ad378d5eb58b27182c007dbf81a4923c10c4c8b880
google_play,TikTok,com.zhiliaoapp.musically,us,en,c07dc35a-82bc-484a-8149-80feee1b25cb,5,0,2026-07-03T01:54:36+00:00,41.5.3,run5_day3_20260704_032957,run5_day3_20260704_032957,noice,noice,c1c2174d29233673fea22179c9fcaf938cf2f8b000d2b7c43233610c4e88bdad,c1c2174d29233673fea22179c9fcaf938cf2f8b000d2b7c43233610c4e88bdad
google_play,TikTok,com.zhiliaoapp.musically,us,en,19a3b5c8-3f47-4db1-996b-9d8285f36140,5,0,2026-07-03T01:44:00+00:00,35.7.3,run5_day3_20260704_032957,run5_day3_20260704_032957,The best,The best,974bd95070dcc849d213d78a3719af1c59b2800ee8de69e59c5a17ceb4df82ef,974bd95070dcc849d213d78a3719af1c59b2800ee8de69e59c5a17ceb4df82ef
google_play,TikTok,com.zhiliaoapp.musically,us,en,5c546cb5-41a4-48f2-bfaa-57012f2242a5,1,0,2026-07-03T01:42:56+00:00,45.7.3,run5_day3_20260704_032957,run5_day3_20260704_032957,logged in from a different phone and I'm suspended for not using my ID or something with no way to regain account. I try to do face verification but the camera never loads.,logged in from a different phone and I'm suspended for not using my ID or something with no way to regain account. I try to do face verification but the camera never loads.,6c65e4eb31c9d1c1823ab12e5965372335ebfb127616398f980b1e2d2b70e689,6c65e4eb31c9d1c1823ab12e5965372335ebfb127616398f980b1e2d2b70e689
google_play,TikTok,com.zhiliaoapp.musically,us,en,d3d7e59c-d051-4ce7-b79b-5508b44edca3,2,2,2026-07-03T01:42:22+00:00,45.7.3,run5_day3_20260704_032957,run5_day3_20260704_032957,My TikTok account has been frozen. Please review my account and restore it as soon as possible. Thank you. And videos views problems plzz foryo my videos 😔😔,My TikTok account has been frozen. Please review my account and restore it as soon as possible. Thank you. And videos views problems plzz foryo my videos 😔😔,592d6cee63bffc6c543a8162ef04e3ef8d75b7ff24c037988f51bbf42b003f3b,592d6cee63bffc6c543a8162ef04e3ef8d75b7ff24c037988f51bbf42b003f3b
google_play,TikTok,com.zhiliaoapp.musically,us,en,101cc519-34e3-41cd-bc44-c64dd46891d6,5,0,2026-07-03T01:41:57+00:00,45.7.3,run5_day3_20260704_032957,run5_day3_20260704_032957,thanks for your support,thanks for your support,01a37c5f019ca450baabd247404b7cc8764c298c36bcb99c43d4ce735837e815,01a37c5f019ca450baabd247404b7cc8764c298c36bcb99c43d4ce735837e815
google_play,TikTok,com.zhiliaoapp.musically,us,en,014bd698-e25c-4900-af69-92b063727e05,5,0,2026-07-03T01:40:37+00:00,45.7.3,run5_day3_20260704_032957,run5_day3_20260704_032957,tiktok mast app,tiktok mast app,7740beedd2a2ea29530512e132467244938b4b19c12c4915f2fa3db00067f230,7740beedd2a2ea29530512e132467244938b4b19c12c4915f2fa3db00067f230
google_play,TikTok,com.zhiliaoapp.musically,us,en,a5db2ab7-41ed-43c9-bd82-e3ab7231f851,5,0,2026-07-03T01:35:07+00:00,45.5.4,run5_day3_20260704_032957,run5_day3_20260704_032957,nice app,nice app,d4b2a436a54d521dc1f6a9d78ae4b159f2b092cf4ee0705ae6b6be9c495d09db,d4b2a436a54d521dc1f6a9d78ae4b159f2b092cf4ee0705ae6b6be9c495d09db
google_play,TikTok,com.zhiliaoapp.musically,us,en,f9bef152-ad36-495e-b581-13d4751cb037,5,1,2026-07-03T01:31:17+00:00,45.7.3,run5_day3_20260704_032957,run5_day3_20260704_032957,good ap,good ap,083f3847bee2181f094bb12e04bab8d90d293ab444c85856f3ec1c67849541d9,083f3847bee2181f094bb12e04bab8d90d293ab444c85856f3ec1c67849541d9
google_play,TikTok,com.zhiliaoapp.musically,us,en,f0a24507-3ff8-4a98-8b4e-12e33cb097e5,1,5,2026-07-03T01:23:30+00:00,45.7.3,run5_day3_20260704_032957,run5_day3_20260704_032957,I don't want the god forsaken AI. what is do I have for AI in this app? the button for it is in a horrible place and it clogs up the screen by suggesting I ask the most inane things. it's clearly going downhill since it's been sold the inability to disable these press and hold features is awful too,I don't want the god forsaken AI. what is do I have for AI in this app? the button for it is in a horrible place and it clogs up the screen by suggesting I ask the most inane things. it's clearly going downhill since it's been sold the inability to disable these press and hold features is awful too,7f8343451ff6efd5fac8efb360e7c1773d2cd56f42e83cd16f9a5f85c1637151,7f8343451ff6efd5fac8efb360e7c1773d2cd56f42e83cd16f9a5f85c1637151
google_play,TikTok,com.zhiliaoapp.musically,us,en,59f0be8c-fa91-497d-93c1-cd47e4a426d6,1,0,2026-07-03T01:21:57+00:00,,run5_day3_20260704_032957,run5_day3_20260704_032957,tiktok is good but sri lankan peoples very crazy 😂😂,tiktok is good but sri lankan peoples very crazy 😂😂,12e27218678d9194497680300e514b66268e6b2e3afcca1fe9d5b50ac752af6e,12e27218678d9194497680300e514b66268e6b2e3afcca1fe9d5b50ac752af6e
google_play,TikTok,com.zhiliaoapp.musically,us,en,72c89234-efb9-44c0-a20e-ffd9b6b4fd1c,5,0,2026-07-03T01:19:11+00:00,30.3.4,run5_day3_20260704_032957,run5_day3_20260704_032957,Amazing 😍 App,Amazing 😍 App,f54a63e6860167bb2166569a3fb05f2b9deb63bc4317e49bf197af2425c07f98,f54a63e6860167bb2166569a3fb05f2b9deb63bc4317e49bf197af2425c07f98
google_play,TikTok,com.zhiliaoapp.musically,us,en,7037b3c3-3cbe-4ee0-900d-5cd2e039f297,5,0,2026-07-03T01:18:54+00:00,45.7.3,run5_day3_20260704_032957,run5_day3_20260704_032957,the videos are so good,the videos are so good,cdbf0e652f1a371bc621adb7fa4e67e42233259ffbde9f0f8f737cbff9649516,cdbf0e652f1a371bc621adb7fa4e67e42233259ffbde9f0f8f737cbff9649516
google_play,TikTok,com.zhiliaoapp.musically,us,en,a46d7281-bc71-4f7e-a018-7cae2f8fc548,3,0,2026-07-03T01:15:00+00:00,45.7.3,run5_day3_20260704_032957,run5_day3_20260704_032957,I gave this a 3 because I do love tiktok. Im on it constantly. but now I havnt been getting all my comments. I post videos and it shows me the I have a new comment but when I check its not there. so I get on my other device and check my profile and see someone commented. so it wont let me see some of them. I update it and I even asked for help on the tiktok help thing and it still doesnt work. I tried alot. and i dont know why its not working.,I gave this a 3 because I do love tiktok. Im on it constantly. but now I havnt been getting all my comments. I post videos and it shows me the I have a new comment but when I check its not there. so I get on my other device and check my profile and see someone commented. so it wont let me see some of them. I update it and I even asked for help on the tiktok help thing and it still doesnt work. I tried alot. and i dont know why its not working.,c59c3542cbc533325f5523ae275945e88e756ea92072bcca57c51010001e6c4f,c59c3542cbc533325f5523ae275945e88e756ea92072bcca57c51010001e6c4f
google_play,TikTok,com.zhiliaoapp.musically,us,en,0f903510-bbbc-4139-9646-cf730c28c632,5,0,2026-07-03T01:14:02+00:00,45.7.3,run5_day3_20260704_032957,run5_day3_20260704_032957,I love this!!!!!!!!!!!!!!!!!!!!!!!!!!!,I love this!!!!!!!!!!!!!!!!!!!!!!!!!!!,40c7c35859a8988d236f59b1cd4ac77ce43e42098eacad55adaf769fdf936e2f,40c7c35859a8988d236f59b1cd4ac77ce43e42098eacad55adaf769fdf936e2f
google_play,TikTok,com.zhiliaoapp.musically,us,en,d6d4cd1d-cdba-4e67-b03a-19e983a4f088,1,1,2026-07-03T01:08:57+00:00,45.7.3,run5_day3_20260704_032957,run5_day3_20260704_032957,"App crashes constantly, like every few videos. When it's not crashing it's being very slow and laggy. App is updated and I have strong internet. It's gotten to a point where my phone system keeps telling me to put it in deep sleep to prevent issues to the rest of my phone.","App crashes constantly, like every few videos. When it's not crashing it's being very slow and laggy. App is updated and I have strong internet. It's gotten to a point where my phone system keeps telling me to put it in deep sleep to prevent issues to the rest of my phone.",6cc8710a65258679c22815f522a942da5b24eb832a5e3e1721275b0c2e2ea6c1,6cc8710a65258679c22815f522a942da5b24eb832a5e3e1721275b0c2e2ea6c1
google_play,TikTok,com.zhiliaoapp.musically,us,en,180d695f-e086-4cd8-be8d-98b266c960d6,5,0,2026-07-03T01:06:25+00:00,,run5_day3_20260704_032957,run5_day3_20260704_032957,good,good,770e607624d689265ca6c44884d0807d9b054d23c473c106c72be9de08b7376c,770e607624d689265ca6c44884d0807d9b054d23c473c106c72be9de08b7376c
google_play,TikTok,com.zhiliaoapp.musically,us,en,19b448c9-c3ce-4b14-9934-e422379a9107,1,0,2026-07-03T01:05:43+00:00,,run5_day3_20260704_032957,run5_day3_20260704_032957,❤️‍🩹❤️‍🩹,❤️‍🩹❤️‍🩹,1ea3ae49569c5c0ee59d06885a3f81f3f87da494637d399cec4ce7d6f8630283,1ea3ae49569c5c0ee59d06885a3f81f3f87da494637d399cec4ce7d6f8630283
google_play,TikTok,com.zhiliaoapp.musically,us,en,789e4dd6-2a43-4f75-920b-afbe590a9ed1,5,0,2026-07-03T01:03:41+00:00,45.7.3,run5_day3_20260704_032957,run5_day3_20260704_032957,nice app 👌,nice app 👌,85e3b9c3ea1ac5c51120a4184d519016d9f83a0406a8d67334216e50cbf73f48,85e3b9c3ea1ac5c51120a4184d519016d9f83a0406a8d67334216e50cbf73f48
google_play,TikTok,com.zhiliaoapp.musically,us,en,c70c7fc4-d1d7-4e46-a370-63ef0e380d85,1,0,2026-07-03T00:59:57+00:00,45.7.3,run5_day3_20260704_032957,run5_day3_20260704_032957,"constantly will cycle through the same 10 posts over and over, play audio when I close the app (not in a live), loosing the feature to use stickers constantly. fix your sh, I like this app and you make sooo much money off it why is there so many problems?","constantly will cycle through the same 10 posts over and over, play audio when I close the app (not in a live), loosing the feature to use stickers constantly. fix your sh, I like this app and you make sooo much money off it why is there so many problems?",65c08a4d444164cd632f91603705c70af96757478c33c0e1335f189ed6be5cc6,65c08a4d444164cd632f91603705c70af96757478c33c0e1335f189ed6be5cc6
google_play,TikTok,com.zhiliaoapp.musically,us,en,80c0bdda-aa99-4a8a-92aa-6994c2875ea7,3,0,2026-07-03T00:57:10+00:00,,run5_day3_20260704_032957,run5_day3_20260704_032957,Amazing Experience,Amazing Experience,7b062167a41570fdab6b5d7e148e81c60e80b9bd888be5e6438e04785e7a5e8e,7b062167a41570fdab6b5d7e148e81c60e80b9bd888be5e6438e04785e7a5e8e
google_play,TikTok,com.zhiliaoapp.musically,us,en,2a11a76f-4b6d-4f80-8759-056c80f3ed52,5,0,2026-07-03T00:54:53+00:00,,run5_day3_20260704_032957,run5_day3_20260704_032957,wow nice app,wow nice app,5cfd82c2c386d90e407438340cd6f489865bf542f2bcdbaa8940a1c7423a2148,5cfd82c2c386d90e407438340cd6f489865bf542f2bcdbaa8940a1c7423a2148
google_play,TikTok,com.zhiliaoapp.musically,us,en,9bc0a784-c0cf-46a2-a229-98b311c056c5,4,0,2026-07-03T00:53:35+00:00,,run5_day3_20260704_032957,run5_day3_20260704_032957,ño need,ño need,b001955f30d455fbc14ebd541ee64545de7073ac5360aad331228ea11b839e9a,b001955f30d455fbc14ebd541ee64545de7073ac5360aad331228ea11b839e9a
google_play,TikTok,com.zhiliaoapp.musically,us,en,064cd805-11c9-43f3-b17d-977ba986d50a,5,1,2026-07-03T00:44:45+00:00,,run5_day3_20260704_032957,run5_day3_20260704_032957,unable follow me user,unable follow me user,33776ecb7c3e26fa51bb06c3c388449b232bf467e5621a9d068059e8e7c6af65,33776ecb7c3e26fa51bb06c3c388449b232bf467e5621a9d068059e8e7c6af65
google_play,TikTok,com.zhiliaoapp.musically,us,en,86fc12c9-2835-41b1-bad6-37a316f3a593,5,0,2026-07-03T00:43:48+00:00,,run5_day3_20260704_032957,run5_day3_20260704_032957,this app is so good and it's very easy for you to use but the adds are not the best 😅,this app is so good and it's very easy for you to use but the adds are not the best 😅,958e7b7a2d490daf81a95dd4dd462525cf2f6049a169079d9e492c2b5a180a88,958e7b7a2d490daf81a95dd4dd462525cf2f6049a169079d9e492c2b5a180a88
google_play,TikTok,com.zhiliaoapp.musically,us,en,4baaa76c-f3d1-4818-8830-2775c0630a76,5,0,2026-07-03T00:36:59+00:00,36.3.3,run5_day3_20260704_032957,run5_day3_20260704_032957,i love it,i love it,898a8c802384e3ad4b6be0480db81de31c995139362f3da52ca2302eec12515d,898a8c802384e3ad4b6be0480db81de31c995139362f3da52ca2302eec12515d
google_play,TikTok,com.zhiliaoapp.musically,us,en,0724ca62-85d2-49fa-82af-9dd6de181fb3,1,1,2026-07-03T00:29:21+00:00,,run5_day3_20260704_032957,run5_day3_20260704_032957,best app,best app,537edf774949f41f4d9e1b0677a50833de4698ac2c099df9a5cd7ea3b455f112,537edf774949f41f4d9e1b0677a50833de4698ac2c099df9a5cd7ea3b455f112
google_play,TikTok,com.zhiliaoapp.musically,us,en,ece179f7-0e21-4bae-8307-b919bc226831,1,0,2026-07-03T00:28:21+00:00,,run5_day3_20260704_032957,run5_day3_20260704_032957,"I try to turn on my profile views and im 18 I've been waiting longer than 30 days and still nothing I even cleared my cache and everything still doesn't work I even swiped out of the app and to get back in to fix the the problem but STILL doesn't work, the app is updated and my age is even clarified and I don't have up to 5 or 4 or 3 or 2 or 1 million followers so it should be working at this point im about to delete the app it's just disappointing me at this point.","I try to turn on my profile views and im 18 I've been waiting longer than 30 days and still nothing I even cleared my cache and everything still doesn't work I even swiped out of the app and to get back in to fix the the problem but STILL doesn't work, the app is updated and my age is even clarified and I don't have up to 5 or 4 or 3 or 2 or 1 million followers so it should be working at this point im about to delete the app it's just disappointing me at this point.",4513b28d2b574a4558c13490fd1b66d8eb30f745942b13a31bd8469774fdab48,4513b28d2b574a4558c13490fd1b66d8eb30f745942b13a31bd8469774fdab48
google_play,TikTok,com.zhiliaoapp.musically,us,en,d80ea5eb-3f43-4857-9c0c-ffd5769f6295,5,1,2026-07-03T00:22:22+00:00,45.7.3,run5_day3_20260704_032957,run5_day3_20260704_032957,for teens only,for teens only,e2b00dd044ae8c973154d950cd4118cb90d238e47544d2a1f524f1844cd8da7c,e2b00dd044ae8c973154d950cd4118cb90d238e47544d2a1f524f1844cd8da7c
google_play,TikTok,com.zhiliaoapp.musically,us,en,8eeb2c86-50da-4717-9859-0b059ab12653,5,0,2026-07-03T00:14:34+00:00,45.4.3,run5_day3_20260704_032957,run5_day3_20260704_032957,good👍 look,good👍 look,939661336ee6d2183aa2650f43362e54489ef35485a61731c57bc90804b692f3,939661336ee6d2183aa2650f43362e54489ef35485a61731c57bc90804b692f3
google_play,TikTok,com.zhiliaoapp.musically,us,en,b05e161a-b46a-41c9-95cd-50491dc368c3,5,0,2026-07-03T00:10:54+00:00,45.7.3,run5_day3_20260704_032957,run5_day3_20260704_032957,very good,very good,624d026dc13e1e189f9ea4ca66a065466d3f438dd94250ee8bc45ab57566374e,624d026dc13e1e189f9ea4ca66a065466d3f438dd94250ee8bc45ab57566374e
google_play,TikTok,com.zhiliaoapp.musically,us,en,3d654a93-be24-49dd-ae2f-915b1318dc25,1,0,2026-07-03T00:09:47+00:00,,run5_day3_20260704_032957,run5_day3_20260704_032957,very poor,very poor,956d14bbda44947154a2a3fddfb4d74adcb27dbb3c1cc590aa19dff16690dd4b,956d14bbda44947154a2a3fddfb4d74adcb27dbb3c1cc590aa19dff16690dd4b
google_play,TikTok,com.zhiliaoapp.musically,us,en,079528bf-fa05-4a1f-94b8-61eb6e5ba6ba,1,0,2026-07-03T00:05:21+00:00,45.7.3,run5_day3_20260704_032957,run5_day3_20260704_032957,Ads every 2-3 videos. Pathetic.,Ads every 2-3 videos. Pathetic.,9aaac058503fcc5d78875d5e4179802c7b8a8f06f4d7349c8fcade54fc192694,9aaac058503fcc5d78875d5e4179802c7b8a8f06f4d7349c8fcade54fc192694
google_play,TikTok,com.zhiliaoapp.musically,us,en,e957c8c1-0fc7-4e1e-af21-906db4afea91,5,0,2026-07-02T23:59:23+00:00,45.7.3,run5_day3_20260704_032957,run5_day3_20260704_032957,good,good,770e607624d689265ca6c44884d0807d9b054d23c473c106c72be9de08b7376c,770e607624d689265ca6c44884d0807d9b054d23c473c106c72be9de08b7376c
google_play,TikTok,com.zhiliaoapp.musically,us,en,f4809c11-48c4-49b5-ad65-ac3fa8ebc14b,1,0,2026-07-02T23:58:12+00:00,,run5_day3_20260704_032957,run5_day3_20260704_032957,it was horrible never again,it was horrible never again,aed9764fb89d123c25bb2aa52fa449487c161278fa191b72fd7f08c0f304a7a3,aed9764fb89d123c25bb2aa52fa449487c161278fa191b72fd7f08c0f304a7a3
google_play,TikTok,com.zhiliaoapp.musically,us,en,4b3778ae-093d-4460-9080-e83b8c01850b,1,2,2026-07-02T23:44:53+00:00,45.7.3,run5_day3_20260704_032957,run5_day3_20260704_032957,viral videos nh horahi tiktok team please viral my videos and views problem,viral videos nh horahi tiktok team please viral my videos and views problem,cd15bd3452500a7d30a6b908787c3e6dcc73f2cc86fb41ccc86ae1ae89bb561a,cd15bd3452500a7d30a6b908787c3e6dcc73f2cc86fb41ccc86ae1ae89bb561a
google_play,TikTok,com.zhiliaoapp.musically,us,en,99e77b7c-fff9-4742-b983-4d0b8fb8dbe2,4,0,2026-07-02T23:37:48+00:00,45.7.3,run5_day3_20260704_032957,run5_day3_20260704_032957,Good,Good,c939327ca16dcf97ca32521d8b834bf1de16573d21deda3bb2a337cf403787a6,c939327ca16dcf97ca32521d8b834bf1de16573d21deda3bb2a337cf403787a6
google_play,TikTok,com.zhiliaoapp.musically,us,en,a39e7429-34ba-4ed0-83a5-4854de0f1c6f,5,0,2026-07-02T23:37:22+00:00,,run5_day3_20260704_032957,run5_day3_20260704_032957,best app,best app,537edf774949f41f4d9e1b0677a50833de4698ac2c099df9a5cd7ea3b455f112,537edf774949f41f4d9e1b0677a50833de4698ac2c099df9a5cd7ea3b455f112
google_play,TikTok,com.zhiliaoapp.musically,us,en,5ba15854-4d8d-4f1c-b3c0-be678668664b,5,2,2026-07-02T23:33:26+00:00,45.7.3,run5_day3_20260704_032957,run5_day3_20260704_032957,I like that you can chat on it,I like that you can chat on it,39048036a6efc7ff34ed2ddb245d52f28d178c17fb12b24fc261f2f57d6a9fd1,39048036a6efc7ff34ed2ddb245d52f28d178c17fb12b24fc261f2f57d6a9fd1
google_play,TikTok,com.zhiliaoapp.musically,us,en,a68e4107-8da5-4d68-863d-33729de8eaf4,1,0,2026-07-02T23:29:24+00:00,45.7.3,run5_day3_20260704_032957,run5_day3_20260704_032957,"my old liked videos dont load please fix this i have like 9,000 videos I can't see","my old liked videos dont load please fix this i have like 9,000 videos I can't see",ece4368e68c1a4bb285eaa4f9a435141736601ce8e14d3511ccdb1406f07c6d8,ece4368e68c1a4bb285eaa4f9a435141736601ce8e14d3511ccdb1406f07c6d8
google_play,TikTok,com.zhiliaoapp.musically,us,en,a3abd3ad-86c2-4dbd-8970-afe778e4ba7c,5,0,2026-07-02T23:28:10+00:00,,run5_day3_20260704_032957,run5_day3_20260704_032957,its a good entertaining informational app,its a good entertaining informational app,cebcf6eef00e4f3c28408bba160ad6557ccba31f7da21c6cebee4d18599501d9,cebcf6eef00e4f3c28408bba160ad6557ccba31f7da21c6cebee4d18599501d9
google_play,TikTok,com.zhiliaoapp.musically,us,en,a1dbb96b-2185-4028-ab21-fd8ea3f4febf,5,0,2026-07-02T23:17:15+00:00,44.4.3,run5_day3_20260704_032957,run5_day3_20260704_032957,You can search whatever you want on it that's why I like it and it's interesting and entertaining,You can search whatever you want on it that's why I like it and it's interesting and entertaining,941aba5234cdf6c7b4a711e6f78f614f48aca8c2d2f15ad1fcfcaedd6b26565a,941aba5234cdf6c7b4a711e6f78f614f48aca8c2d2f15ad1fcfcaedd6b26565a
google_play,TikTok,com.zhiliaoapp.musically,us,en,9d0c553a-25aa-420f-a0af-143ecf181cc1,1,0,2026-07-02T23:07:28+00:00,,run5_day3_20260704_032957,run5_day3_20260704_032957,"There is way too much inappropriate and sexual content on here. The developers need to moderate this app much better. Even young users (13+) are being sexualized on TikTok. Please fix this, I can't stand seeing it anymore. I also strongly suggest removing the feature that allows photos in the comments. It’s full of toxic and dirty content, as people clearly don't use it for good intentions. I'm officially deleting this app and I will never download it again","There is way too much inappropriate and sexual content on here. The developers need to moderate this app much better. Even young users (13+) are being sexualized on TikTok. Please fix this, I can't stand seeing it anymore. I also strongly suggest removing the feature that allows photos in the comments. It’s full of toxic and dirty content, as people clearly don't use it for good intentions. I'm officially deleting this app and I will never download it again",91d2cd01d93ed58603655d6666a291b70cfa6d071d52dc4e70a2b1290d62f18f,91d2cd01d93ed58603655d6666a291b70cfa6d071d52dc4e70a2b1290d62f18f
google_play,TikTok,com.zhiliaoapp.musically,us,en,b9617c59-0616-4828-968c-47510d5a2ce1,1,0,2026-07-02T23:01:25+00:00,44.3.3,run5_day3_20260704_032957,run5_day3_20260704_032957,all my notifications disappeared 😡,all my notifications disappeared 😡,ed3e9fdf986e2e6ab163981ce1c32c8597ceaf5ed47104fef9d03ee7012dcbee,ed3e9fdf986e2e6ab163981ce1c32c8597ceaf5ed47104fef9d03ee7012dcbee
google_play,TikTok,com.zhiliaoapp.musically,us,en,584fade8-35b6-43a9-80d9-9883f1b4fa84,5,0,2026-07-02T22:53:43+00:00,,run5_day3_20260704_032957,run5_day3_20260704_032957,"Una plataforma GENIAL, dónde me relajo, aprendo y reflexiono. Para hacer dinero lo veo complicado, porque hay que invertir mucho tiempo. Ojalá hubiera algún asesor.","Una plataforma GENIAL, dónde me relajo, aprendo y reflexiono. Para hacer dinero lo veo complicado, porque hay que invertir mucho tiempo. Ojalá hubiera algún asesor.",b4986c1ea4785a5c0513ba1770e7b845d183c1fbe455ab181ec691979b4638dd,b4986c1ea4785a5c0513ba1770e7b845d183c1fbe455ab181ec691979b4638dd
google_play,TikTok,com.zhiliaoapp.musically,us,en,bafec757-0a79-4b7e-acb6-deecd380c598,5,0,2026-07-02T22:50:31+00:00,45.7.3,run5_day3_20260704_032957,run5_day3_20260704_032957,I love watching videos and taking photos and sharing,I love watching videos and taking photos and sharing,d5128fc7806461503df3b73cb7bc3a5e42da3fd721d916126b80ad343d544a08,d5128fc7806461503df3b73cb7bc3a5e42da3fd721d916126b80ad343d544a08
google_play,TikTok,com.zhiliaoapp.musically,us,en,738c3023-9e08-4f91-8493-a531cd635dcb,5,0,2026-07-02T22:48:39+00:00,45.7.3,run5_day3_20260704_032957,run5_day3_20260704_032957,No static i e. an easy format to folloe,No static i e. an easy format to folloe,08b071a868b338984a50a687cb390bc2d618a9fdb757627c556ee5f360f258a0,08b071a868b338984a50a687cb390bc2d618a9fdb757627c556ee5f360f258a0
google_play,TikTok,com.zhiliaoapp.musically,us,en,dc14f142-1d81-4a5c-a8e9-81a3dc209957,1,0,2026-07-02T22:47:16+00:00,,run5_day3_20260704_032957,run5_day3_20260704_032957,"your ad should not force us to the app store! IT IS UNNECESSARY! if we didn't have tiktok already that means we don't want it! SCREW YOUR ADS, It should be illegal to force people to the app store through an ad","your ad should not force us to the app store! IT IS UNNECESSARY! if we didn't have tiktok already that means we don't want it! SCREW YOUR ADS, It should be illegal to force people to the app store through an ad",77500ff967105a3220d1f9e917c37ba304715ed3194f7a2e0c67b6bbaecfc818,77500ff967105a3220d1f9e917c37ba304715ed3194f7a2e0c67b6bbaecfc818
google_play,TikTok,com.zhiliaoapp.musically,us,en,1c6b8cc3-5d1b-4f0f-8fe4-6d97653739b4,1,0,2026-07-02T22:46:55+00:00,45.7.3,run5_day3_20260704_032957,run5_day3_20260704_032957,reduce el nivel de retención de información en el cerebro.,reduce el nivel de retención de información en el cerebro.,8d780e2c4a69f03ab4711141b88fe243cc4388f23c50efaa49a2d734be703cd2,8d780e2c4a69f03ab4711141b88fe243cc4388f23c50efaa49a2d734be703cd2
google_play,TikTok,com.zhiliaoapp.musically,us,en,c2b6eff0-1864-4867-85dd-50854fdf8631,5,0,2026-07-02T22:43:46+00:00,,run5_day3_20260704_032957,run5_day3_20260704_032957,Subhan,Subhan,46c41bfbb46f2f259c98f6dbb5beb3496abe7cb0aa775393ae387db0fe76570e,46c41bfbb46f2f259c98f6dbb5beb3496abe7cb0aa775393ae387db0fe76570e
google_play,TikTok,com.zhiliaoapp.musically,us,en,a2193a40-b03b-4c54-8323-d4802874b60a,2,6,2026-07-02T22:43:11+00:00,45.7.3,run5_day3_20260704_032957,run5_day3_20260704_032957,"this app would be way better if you added these features: 1. a stronger ""Not Interested"" button. I keep using this button but it doesnt seem to be doing anything. 2. an ""Interested"" button. The opposite of the ""Not Interested"" button for content you want to see more of. I have no clue why this isn't a thing yet, seems like a nobrainer. 3. better search results. I don't want to see same tiktoks everytime I search for something even though there are thousands of tiktoks about that topic. Please.","this app would be way better if you added these features: 1. a stronger ""Not Interested"" button. I keep using this button but it doesnt seem to be doing anything. 2. an ""Interested"" button. The opposite of the ""Not Interested"" button for content you want to see more of. I have no clue why this isn't a thing yet, seems like a nobrainer. 3. better search results. I don't want to see same tiktoks everytime I search for something even though there are thousands of tiktoks about that topic. Please.",e48da68293e9ff58c24dfd3e385d0f41a240c7c68a143c61cb9781b7e7d00019,e48da68293e9ff58c24dfd3e385d0f41a240c7c68a143c61cb9781b7e7d00019
google_play,TikTok,com.zhiliaoapp.musically,us,en,4bcc573e-ac4d-4cb6-8e57-09cd6f375504,1,1,2026-07-02T22:40:18+00:00,44.3.3,run5_day3_20260704_032957,run5_day3_20260704_032957,"70% of the videos are just trying to sell you something. The algorithm took a big hit. I no longer have a feed that feels catered to me. When I get the occasional non tiktok shop video trying to sell junk to me, the video is completely a waste of time. This used to be a great app to just swipe thru entertaining content. Now it just wants your money.","70% of the videos are just trying to sell you something. The algorithm took a big hit. I no longer have a feed that feels catered to me. When I get the occasional non tiktok shop video trying to sell junk to me, the video is completely a waste of time. This used to be a great app to just swipe thru entertaining content. Now it just wants your money.",171aa98b890e0bdf0a0562c55d9c24d5ad7e24ad9016f545cfac395a0d8b14a4,171aa98b890e0bdf0a0562c55d9c24d5ad7e24ad9016f545cfac395a0d8b14a4
google_play,TikTok,com.zhiliaoapp.musically,us,en,c8197984-bedd-4398-aea0-d95a4d84760a,3,0,2026-07-02T22:38:53+00:00,45.7.3,run5_day3_20260704_032957,run5_day3_20260704_032957,Don't let me go on live and I only get to watch 5 hours,Don't let me go on live and I only get to watch 5 hours,892718a18ce55992464935618af91aaec495bffec55568464e98f3afb635492f,892718a18ce55992464935618af91aaec495bffec55568464e98f3afb635492f
google_play,TikTok,com.zhiliaoapp.musically,us,en,4458b02a-b446-4782-9ba5-2fe4e031405b,5,0,2026-07-02T22:35:04+00:00,,run5_day3_20260704_032957,run5_day3_20260704_032957,good AP,good AP,c32e7883cb34d7747fba37f16448fd912081a3468ae41061ed974207fa237b29,c32e7883cb34d7747fba37f16448fd912081a3468ae41061ed974207fa237b29
google_play,TikTok,com.zhiliaoapp.musically,us,en,56535a61-e5e7-48bc-9ca5-63cb747f0a8c,4,0,2026-07-02T22:29:35+00:00,,run5_day3_20260704_032957,run5_day3_20260704_032957,It run very fast and reliably to use also connect the whole world to gether,It run very fast and reliably to use also connect the whole world to gether,ab7179914c06a678a9d9dc035040c89f469b96747f804b54a29abcab0ba6f0d2,ab7179914c06a678a9d9dc035040c89f469b96747f804b54a29abcab0ba6f0d2
google_play,TikTok,com.zhiliaoapp.musically,us,en,80c15654-c00f-47ae-a1cc-42133139fc2a,1,1,2026-07-02T22:23:33+00:00,45.7.3,run5_day3_20260704_032957,run5_day3_20260704_032957,"I'm so sick of the weird ai adverts. they're all weirdly sexual or just unpleasant in general. adverts should be approved before being allowed to be shown on tiktok. even if I report them, nothing happens. the creator has already taken it down before it can be reviewed, yet it always seems to appear again. even when I press not interested on the adverts, they keep appearing. I'm truly sick and fed up with it. not to mention, there are adverts every 3 scrolls.","I'm so sick of the weird ai adverts. they're all weirdly sexual or just unpleasant in general. adverts should be approved before being allowed to be shown on tiktok. even if I report them, nothing happens. the creator has already taken it down before it can be reviewed, yet it always seems to appear again. even when I press not interested on the adverts, they keep appearing. I'm truly sick and fed up with it. not to mention, there are adverts every 3 scrolls.",2824db12edd699ea4e8f74c95ad0da110a8c645144ff1ac805d2d9da67622e33,2824db12edd699ea4e8f74c95ad0da110a8c645144ff1ac805d2d9da67622e33
google_play,TikTok,com.zhiliaoapp.musically,us,en,6adb5fb0-f87b-43c5-9fc2-78bda9ae00ad,1,1,2026-07-02T22:19:09+00:00,,run5_day3_20260704_032957,run5_day3_20260704_032957,trying to refresh my feed but it's not working it needs an update and also is freezing,trying to refresh my feed but it's not working it needs an update and also is freezing,bc74d60c115f1adf361adaf9207dab7fdb1b3c216f5c54ff1505c4c99697f84a,bc74d60c115f1adf361adaf9207dab7fdb1b3c216f5c54ff1505c4c99697f84a
google_play,TikTok,com.zhiliaoapp.musically,us,en,6d927c8a-78d2-467b-920e-4c322c2e733c,3,0,2026-07-02T22:18:29+00:00,27.1.3,run5_day3_20260704_032957,run5_day3_20260704_032957,nice 🙂,nice 🙂,e53a9f4d881d29f2594cc079bc9b723239e59ff5ddc228423a4f2118c8bc3522,e53a9f4d881d29f2594cc079bc9b723239e59ff5ddc228423a4f2118c8bc3522
google_play,TikTok,com.zhiliaoapp.musically,us,en,aec46684-21ca-4c7f-a76b-9635ebe80cd6,5,0,2026-07-02T22:18:19+00:00,45.7.3,run5_day3_20260704_032957,run5_day3_20260704_032957,Great product.,Great product.,4c13e6c7ee4b58a84b53226eeff9402f4ca548e4faba6e3c0f8713829268d24f,4c13e6c7ee4b58a84b53226eeff9402f4ca548e4faba6e3c0f8713829268d24f
google_play,TikTok,com.zhiliaoapp.musically,us,en,5eb31d8f-1be4-4d5b-901f-ee55e6b1aff8,3,1,2026-07-02T22:14:27+00:00,,run5_day3_20260704_032957,run5_day3_20260704_032957,its a good app but tiktok has to do their job because tell me why I saw a innopropitate content and I reported it and days later tiktok told me they seen nothing innopropitate on that content and their are also disgusting and people breaking the policy but you dont do anything,its a good app but tiktok has to do their job because tell me why I saw a innopropitate content and I reported it and days later tiktok told me they seen nothing innopropitate on that content and their are also disgusting and people breaking the policy but you dont do anything,761f5d0fd31fbbe339cbdc007016a874ee24bb28e59926ff947dadab04fac76c,761f5d0fd31fbbe339cbdc007016a874ee24bb28e59926ff947dadab04fac76c
google_play,TikTok,com.zhiliaoapp.musically,us,en,7dd0f608-06fb-420d-9d5d-c032ad330e8e,5,2,2026-07-02T22:14:09+00:00,45.7.3,run5_day3_20260704_032957,run5_day3_20260704_032957,Good day Sir.tik tok I am right a letter of complain about that you can call on tik tok .So on my FYP I see people saying that you can call on tik tok and I am not seeing that so I want to know what is going on.So if it's true I don't have it or if it is a update I didn't get that update Sir.tik tok. So I am just asking for your help thank you sir have a great day Sir.tik tok but the app is a great app this So can you reach out to me soon as possible thank you. Your Faithfully Kenniel East,Good day Sir.tik tok I am right a letter of complain about that you can call on tik tok .So on my FYP I see people saying that you can call on tik tok and I am not seeing that so I want to know what is going on.So if it's true I don't have it or if it is a update I didn't get that update Sir.tik tok. So I am just asking for your help thank you sir have a great day Sir.tik tok but the app is a great app this So can you reach out to me soon as possible thank you. Your Faithfully Kenniel East,c6c227338611549a738fda3cddff5ea7edce4aa588702e811f6c52c7b604c4b9,c6c227338611549a738fda3cddff5ea7edce4aa588702e811f6c52c7b604c4b9
google_play,TikTok,com.zhiliaoapp.musically,us,en,7d23d6d8-31f4-4d44-a25c-38359104a598,5,0,2026-07-02T22:12:44+00:00,,run5_day3_20260704_032957,run5_day3_20260704_032957,ok God,ok God,6a31068077b69e8dcf3e39b14b54597cf177ca5e6da97419dd296804d42ea76f,6a31068077b69e8dcf3e39b14b54597cf177ca5e6da97419dd296804d42ea76f
google_play,TikTok,com.zhiliaoapp.musically,us,en,1f76a1b6-7ab3-47a3-9bc7-6459617d1532,5,0,2026-07-02T22:08:17+00:00,45.7.3,run5_day3_20260704_032957,run5_day3_20260704_032957,جميل,جميل,d989693769ce40c42f34f354af7a595844af716845854366316644cd4c81994c,d989693769ce40c42f34f354af7a595844af716845854366316644cd4c81994c
google_play,TikTok,com.zhiliaoapp.musically,us,en,199765c6-4855-427a-9ae5-510644b8d37b,5,0,2026-07-02T22:07:18+00:00,45.7.3,run5_day3_20260704_032957,run5_day3_20260704_032957,"I love it so much and I can't do without it, and the offline video updates are amazing and very useful when I don't have internet.","I love it so much and I can't do without it, and the offline video updates are amazing and very useful when I don't have internet.",bc9ab74d8f7bb20290d113c3e48764a44041c05ab629c8c001855ae74774f26b,bc9ab74d8f7bb20290d113c3e48764a44041c05ab629c8c001855ae74774f26b
google_play,TikTok,com.zhiliaoapp.musically,us,en,3bd0f9ba-20cb-45fb-993c-004d911e7b52,5,0,2026-07-02T22:05:41+00:00,,run5_day3_20260704_032957,run5_day3_20260704_032957,Tikto🙏🙏,Tikto🙏🙏,bdd6fdafd98777f471e3945f0b1adc33664993b86855c1e1708546cb902f63ba,bdd6fdafd98777f471e3945f0b1adc33664993b86855c1e1708546cb902f63ba
google_play,TikTok,com.zhiliaoapp.musically,us,en,e456ed10-7204-4676-833d-f12399acb4f9,2,0,2026-07-02T22:03:21+00:00,,run5_day3_20260704_032957,run5_day3_20260704_032957,"I can't send direct messages it says community guidelines. Meanwhile, I'm asking about lashes. My comments keep disappearing. I have scanned my account, and it says I don't have any violations. please fix it it'd been going on for 2 months","I can't send direct messages it says community guidelines. Meanwhile, I'm asking about lashes. My comments keep disappearing. I have scanned my account, and it says I don't have any violations. please fix it it'd been going on for 2 months",29ffaff7575797cc493212125260e740669074a390698cdcb92663254d42cd8a,29ffaff7575797cc493212125260e740669074a390698cdcb92663254d42cd8a
google_play,TikTok,com.zhiliaoapp.musically,us,en,0b2d7010-156f-4b47-9662-7819b1a80dc8,5,0,2026-07-02T22:01:29+00:00,45.5.4,run5_day3_20260704_032957,run5_day3_20260704_032957,stayle and music,stayle and music,26aa3e34457777e1e46a77373c84b4e32b6e15bb53c1b0279053f3a7cb691a3a,26aa3e34457777e1e46a77373c84b4e32b6e15bb53c1b0279053f3a7cb691a3a
google_play,TikTok,com.zhiliaoapp.musically,us,en,5b74b7f7-ec3c-4f7a-b415-c909bb9f527e,5,0,2026-07-02T21:55:46+00:00,45.8.2,run5_day3_20260704_032957,run5_day3_20260704_032957,"please please please lock rewards exchange cause one would be tapping the screen next thing, ones finger slipped and sent 40 roses by mistake that time I was trying to accumulate rewards. please and thank you.","please please please lock rewards exchange cause one would be tapping the screen next thing, ones finger slipped and sent 40 roses by mistake that time I was trying to accumulate rewards. please and thank you.",1c9c165b0d9705480d656440ee204f6b53847f06e498a7b4b3fd0671aaa2700e,1c9c165b0d9705480d656440ee204f6b53847f06e498a7b4b3fd0671aaa2700e
google_play,TikTok,com.zhiliaoapp.musically,us,en,2ba01123-bb9a-4b1d-9211-8b4c8f57ed20,5,0,2026-07-02T21:52:50+00:00,45.0.3,run5_day3_20260704_032957,run5_day3_20260704_032957,best app for scrolling entertainment videos make your day 😃,best app for scrolling entertainment videos make your day 😃,b2b1332696452e520912f42969fb23f4ef7749f66ca9b73f494e091cee364438,b2b1332696452e520912f42969fb23f4ef7749f66ca9b73f494e091cee364438
google_play,TikTok,com.zhiliaoapp.musically,us,en,872acc3c-9cda-4a71-b018-01ccf9f889dc,5,0,2026-07-02T21:52:46+00:00,45.7.3,run5_day3_20260704_032957,run5_day3_20260704_032957,Super awesome plz download,Super awesome plz download,34119df8ffb3854ad211902fa24c8fb47901e11af1265db6a156d3fac9535e24,34119df8ffb3854ad211902fa24c8fb47901e11af1265db6a156d3fac9535e24
google_play,TikTok,com.zhiliaoapp.musically,us,en,cb23b52b-a07d-4452-ad0b-78d21df70490,5,1,2026-07-02T21:45:31+00:00,,run5_day3_20260704_032957,run5_day3_20260704_032957,I love this app cause it installs fast,I love this app cause it installs fast,010b60ceaa4f795e301482a4b908feb13cf75c8e4bde602e439e5cdc6de652db,010b60ceaa4f795e301482a4b908feb13cf75c8e4bde602e439e5cdc6de652db
google_play,TikTok,com.zhiliaoapp.musically,us,en,31fbd169-b8db-4c1a-8a02-35635ac5b3d7,5,0,2026-07-02T21:45:29+00:00,45.5.4,run5_day3_20260704_032957,run5_day3_20260704_032957,wow,wow,b6dc933311bc2357cc5fc636a4dbe41a01b7a33b583d043a7f870f3440697e27,b6dc933311bc2357cc5fc636a4dbe41a01b7a33b583d043a7f870f3440697e27
google_play,TikTok,com.zhiliaoapp.musically,us,en,3fb4f85b-c1fc-4b17-99cb-39e279e3d3a1,5,1,2026-07-02T21:40:54+00:00,45.7.3,run5_day3_20260704_032957,run5_day3_20260704_032957,keep secure my mobile ..delete all across devices ..my mobile keep secure,keep secure my mobile ..delete all across devices ..my mobile keep secure,d95f0408f700e99c49a6429d09c4a29b545bbee9e08e5f6577b6044c8e902867,d95f0408f700e99c49a6429d09c4a29b545bbee9e08e5f6577b6044c8e902867
google_play,TikTok,com.zhiliaoapp.musically,us,en,7c1f2e05-acc8-4d61-9191-d6e224cbe949,5,0,2026-07-02T21:33:33+00:00,,run5_day3_20260704_032957,run5_day3_20260704_032957,I love it,I love it,46e89f75dec156c07a8685701e4fa023549586dab354701b270066c4d41ed5f4,46e89f75dec156c07a8685701e4fa023549586dab354701b270066c4d41ed5f4
google_play,TikTok,com.zhiliaoapp.musically,us,en,4bb3f22d-345b-4a9c-9d8f-0e80abb63a6f,5,0,2026-07-02T21:33:12+00:00,,run5_day3_20260704_032957,run5_day3_20260704_032957,loved it,loved it,7da23a1fb964df37b908e057352e32fb6903cf157f70cdea4734ebca1b0ae772,7da23a1fb964df37b908e057352e32fb6903cf157f70cdea4734ebca1b0ae772
google_play,TikTok,com.zhiliaoapp.musically,us,en,448f30f5-07a7-43e1-a09a-20a22d9c0bcd,5,0,2026-07-02T21:30:08+00:00,45.7.3,run5_day3_20260704_032957,run5_day3_20260704_032957,very useful,very useful,284f76e49d8108694baf7a0aca00da510c28e1a6c7558344ca832c167ce2d769,284f76e49d8108694baf7a0aca00da510c28e1a6c7558344ca832c167ce2d769
google_play,TikTok,com.zhiliaoapp.musically,us,en,765b2bb9-c56d-454a-b295-af394857da65,5,1,2026-07-02T21:27:30+00:00,45.7.3,run5_day3_20260704_032957,run5_day3_20260704_032957,nice,nice,e186022d0931afe9fe0690857e32f85e50165e7fbe0966d49609ef1981f920c6,e186022d0931afe9fe0690857e32f85e50165e7fbe0966d49609ef1981f920c6
google_play,TikTok,com.zhiliaoapp.musically,us,en,25c4b0d6-22b1-4dff-b4be-7f62218790c3,5,1,2026-07-02T21:27:00+00:00,45.9.2,run5_day3_20260704_032957,run5_day3_20260704_032957,dear Tiktok team please unfreeze please my account dear please help Bilalkhan5730,dear Tiktok team please unfreeze please my account dear please help Bilalkhan5730,754b4d12553af296c8561b4ba881638e8bc94b38a0f2ec9899f2eae4ca93587d,754b4d12553af296c8561b4ba881638e8bc94b38a0f2ec9899f2eae4ca93587d
google_play,TikTok,com.zhiliaoapp.musically,us,en,2f4b7178-452f-4076-998a-17c99658ff56,3,0,2026-07-02T21:16:13+00:00,45.7.3,run5_day3_20260704_032957,run5_day3_20260704_032957,me gusta,me gusta,7bf13806330334b3db67bdd3466e82d6e856938c552fee8dc83d05983d6f6368,7bf13806330334b3db67bdd3466e82d6e856938c552fee8dc83d05983d6f6368
google_play,TikTok,com.zhiliaoapp.musically,us,en,db8c86ec-c43b-4684-ae1f-381809fa3361,5,0,2026-07-02T21:11:04+00:00,,run5_day3_20260704_032957,run5_day3_20260704_032957,Amazing works perfect,Amazing works perfect,27745fa519fc1227a3b7451f420683f85813d35c7f74b4c075107e1c30d545b8,27745fa519fc1227a3b7451f420683f85813d35c7f74b4c075107e1c30d545b8
google_play,TikTok,com.zhiliaoapp.musically,us,en,943eb85f-2518-4e91-b341-2026457d7716,5,0,2026-07-02T21:07:16+00:00,45.7.3,run5_day3_20260704_032957,run5_day3_20260704_032957,when is TikTok 2 coming up?,when is TikTok 2 coming up?,ee5ebb4f8f6fdd1df58ee81cb3e1616abbf2ca6e21623e4ef424719541f628b2,ee5ebb4f8f6fdd1df58ee81cb3e1616abbf2ca6e21623e4ef424719541f628b2
google_play,TikTok,com.zhiliaoapp.musically,us,en,84c1e8ff-3c37-4071-bc6e-5dbd8011b120,5,0,2026-07-02T21:06:36+00:00,,run5_day3_20260704_032957,run5_day3_20260704_032957,it is wonderful,it is wonderful,3fd482be0d419d1009f2a2f57b83f0fbc0ac6624c8bde70e31e9271a8d7d7be1,3fd482be0d419d1009f2a2f57b83f0fbc0ac6624c8bde70e31e9271a8d7d7be1
google_play,TikTok,com.zhiliaoapp.musically,us,en,0456097f-3703-48b9-8b1f-7c7e1403b45e,5,0,2026-07-02T04:38:54+00:00,45.7.3,run5_day2_20260703_043957,run5_day2_20260703_043957,tictoc is a great app for entertainment,tictoc is a great app for entertainment,8053fc3115fd8f3adb89ff55c92ec4f80b0701b363811cf9fd72a7ea9b972efd,8053fc3115fd8f3adb89ff55c92ec4f80b0701b363811cf9fd72a7ea9b972efd
google_play,TikTok,com.zhiliaoapp.musically,us,en,7ee32dd0-c766-41f7-93c3-712ff3ed2cb5,5,0,2026-07-02T04:33:11+00:00,45.7.3,run5_day2_20260703_043957,run5_day2_20260703_043957,me gusta,me gusta,7bf13806330334b3db67bdd3466e82d6e856938c552fee8dc83d05983d6f6368,7bf13806330334b3db67bdd3466e82d6e856938c552fee8dc83d05983d6f6368
google_play,TikTok,com.zhiliaoapp.musically,us,en,94a6ee1b-d804-46fc-9c6a-de1d07e6610f,5,0,2026-07-02T04:30:01+00:00,,run5_day2_20260703_043957,run5_day2_20260703_043957,"esta app es mi favorita ,🥰","esta app es mi favorita ,🥰",e9e630f9732091e1ff7e1632629e39df3c08ef63087e9828036fc1bc02605bc1,e9e630f9732091e1ff7e1632629e39df3c08ef63087e9828036fc1bc02605bc1
google_play,TikTok,com.zhiliaoapp.musically,us,en,1d2f4f2d-7f5d-4874-9c62-8ae349e398a1,1,2431,2026-07-02T04:27:28+00:00,45.7.3,run5_day2_20260703_043957,run5_day2_20260703_043957,**You are still responsible for everyone who needed to see that comment but didn't**. When are you going to restore my comment? Do what is right and unblock it. My comment broke zero rules. Taking it down because someone didn't like it (and to their detriment as it was filled with truth) is not a listed reason for removing comments that break community rules. I played by the rules - you didn't. That makes your system for governing the removal of comments hypocritical in nature.,**You are still responsible for everyone who needed to see that comment but didn't**. When are you going to restore my comment? Do what is right and unblock it. My comment broke zero rules. Taking it down because someone didn't like it (and to their detriment as it was filled with truth) is not a listed reason for removing comments that break community rules. I played by the rules - you didn't. That makes your system for governing the removal of comments hypocritical in nature.,52f8b6d9cf319271c6a09fb7f36dca1d6b6d2aba353ad54962d747cdc8c1a0d2,52f8b6d9cf319271c6a09fb7f36dca1d6b6d2aba353ad54962d747cdc8c1a0d2
google_play,TikTok,com.zhiliaoapp.musically,us,en,5526c038-6aee-4dbd-a821-d4fed747f638,1,0,2026-07-02T04:26:28+00:00,,run5_day2_20260703_043957,run5_day2_20260703_043957,stop giving me ads ticktock is stupid as hell stop giving me ads,stop giving me ads ticktock is stupid as hell stop giving me ads,aac42fab3a2cc7345db78772b4b53f46f9afbd2b88e4c701b33b0cddd25d44c5,aac42fab3a2cc7345db78772b4b53f46f9afbd2b88e4c701b33b0cddd25d44c5
google_play,TikTok,com.zhiliaoapp.musically,us,en,889f7785-e7f3-4965-949d-e538981e5c01,4,0,2026-07-02T04:24:39+00:00,45.7.3,run5_day2_20260703_043957,run5_day2_20260703_043957,nice 👍,nice 👍,0103908676d99e81732e69680451b0962086942e84698b212aaa2de67262a42b,0103908676d99e81732e69680451b0962086942e84698b212aaa2de67262a42b
google_play,TikTok,com.zhiliaoapp.musically,us,en,4a61e717-e425-480f-a028-ab0991114d28,5,0,2026-07-02T04:18:57+00:00,,run5_day2_20260703_043957,run5_day2_20260703_043957,good apps,good apps,f983456d3775d3d387a902142223a61fe6ef83d5962a047ff6941fb593955b54,f983456d3775d3d387a902142223a61fe6ef83d5962a047ff6941fb593955b54
google_play,TikTok,com.zhiliaoapp.musically,us,en,1afbd717-a2be-4513-b006-92b343743e3f,5,1,2026-07-02T04:18:42+00:00,43.1.4,run5_day2_20260703_043957,run5_day2_20260703_043957,love it,love it,a2f1c846b4f1867b0ee4769a44954de5b940f8ef2f5a967523bc23f340aed646,a2f1c846b4f1867b0ee4769a44954de5b940f8ef2f5a967523bc23f340aed646
google_play,TikTok,com.zhiliaoapp.musically,us,en,e54f7e47-d656-44fa-97ac-79c7135b8815,5,0,2026-07-02T04:13:11+00:00,,run5_day2_20260703_043957,run5_day2_20260703_043957,chinaza,chinaza,3e05f3bec1a9036f11b1161d1cca219b2d1c313d0d549dae49de7e52c821457d,3e05f3bec1a9036f11b1161d1cca219b2d1c313d0d549dae49de7e52c821457d
google_play,TikTok,com.zhiliaoapp.musically,us,en,990fb6c0-0763-497b-b28c-2489d0b565ba,1,0,2026-07-02T04:12:50+00:00,44.8.3,run5_day2_20260703_043957,run5_day2_20260703_043957,💔,💔,84ee8a93e570a6355754fe2276a4f705112b5b2eded2f9d05f83a8102e0977d2,84ee8a93e570a6355754fe2276a4f705112b5b2eded2f9d05f83a8102e0977d2
google_play,TikTok,com.zhiliaoapp.musically,us,en,5fd2dcb7-59df-4812-881f-0e3b87401bec,5,0,2026-07-02T04:10:31+00:00,,run5_day2_20260703_043957,run5_day2_20260703_043957,Very nice app,Very nice app,676f358172a26c7f45626bfbd47924a93f1ed26fd55238e163fd2d28ef00bc76,676f358172a26c7f45626bfbd47924a93f1ed26fd55238e163fd2d28ef00bc76
google_play,TikTok,com.zhiliaoapp.musically,us,en,1704c50f-09d4-4f08-a3e9-097a865440d1,1,0,2026-07-02T04:06:59+00:00,45.7.3,run5_day2_20260703_043957,run5_day2_20260703_043957,"The comments absolutely ruin this app. You can't hold a solid conversation with anyone. After like 3 messages, your comments will start getting flagged for some reason and no one will be able to see them besides you. Doesn't matter what topic it is either. Right around the 3rd reply is when no one can see my comments","The comments absolutely ruin this app. You can't hold a solid conversation with anyone. After like 3 messages, your comments will start getting flagged for some reason and no one will be able to see them besides you. Doesn't matter what topic it is either. Right around the 3rd reply is when no one can see my comments",5df5c892feb7c79c1d797653b61d148b55d35dbb3d08a5d55c4c7c82d140db93,5df5c892feb7c79c1d797653b61d148b55d35dbb3d08a5d55c4c7c82d140db93
google_play,TikTok,com.zhiliaoapp.musically,us,en,67bd9979-466f-48dc-bbc1-21956ad0453b,4,0,2026-07-02T04:03:06+00:00,45.7.3,run5_day2_20260703_043957,run5_day2_20260703_043957,ad the option comments edit,ad the option comments edit,7eaa6b5fe07158bc6c5f110540e985ba431df8a27c13f9346480f487ff7c02e9,7eaa6b5fe07158bc6c5f110540e985ba431df8a27c13f9346480f487ff7c02e9
google_play,TikTok,com.zhiliaoapp.musically,us,en,a5393953-c634-4972-bc33-53b1c7086866,1,0,2026-07-02T03:50:20+00:00,45.5.4,run5_day2_20260703_043957,run5_day2_20260703_043957,Just let me watch videos without having to log in. Like I have been doing for weeks. Why the sudden insist of logging in? When it clearly is supposed to work without having too. Just freaking fix the app to not glitch out after a second. And go to a screen that forces one to log in.,Just let me watch videos without having to log in. Like I have been doing for weeks. Why the sudden insist of logging in? When it clearly is supposed to work without having too. Just freaking fix the app to not glitch out after a second. And go to a screen that forces one to log in.,f8aab39e297ef7ed347525b6e4a73ed58daa8086166a268601fb922a1be313e7,f8aab39e297ef7ed347525b6e4a73ed58daa8086166a268601fb922a1be313e7
google_play,TikTok,com.zhiliaoapp.musically,us,en,532f6c22-dd4c-4c01-8c2b-bf23d9e41eed,5,0,2026-07-02T03:49:52+00:00,45.9.41,run5_day2_20260703_043957,run5_day2_20260703_043957,best Eran money TikTok spp,best Eran money TikTok spp,ee5b2c162b297f341d9991189bfb4b39f78eb1b955ac4904fac7e5c0dd4baf90,ee5b2c162b297f341d9991189bfb4b39f78eb1b955ac4904fac7e5c0dd4baf90
google_play,TikTok,com.zhiliaoapp.musically,us,en,4fe2a6a0-6f2d-480f-b26e-3269069cc25e,5,1,2026-07-02T03:44:25+00:00,45.7.3,run5_day2_20260703_043957,run5_day2_20260703_043957,Nice 🙂,Nice 🙂,0cf0fde835714169cf8d631ba10b08e043b01c27bb1cea326fa7802ecc7aa8cf,0cf0fde835714169cf8d631ba10b08e043b01c27bb1cea326fa7802ecc7aa8cf
google_play,TikTok,com.zhiliaoapp.musically,us,en,97a563f1-ae1f-42f9-90be-3dbeb22bc8ac,4,1,2026-07-02T03:44:18+00:00,45.7.3,run5_day2_20260703_043957,run5_day2_20260703_043957,Good but follower are slowly growing up,Good but follower are slowly growing up,1e54cde12e35e1e62f790f77d980f71ba0ad506f983635823548596241748082,1e54cde12e35e1e62f790f77d980f71ba0ad506f983635823548596241748082
google_play,TikTok,com.zhiliaoapp.musically,us,en,3d08e946-6b0a-4b62-8656-bb02e5f77ba0,1,1,2026-07-02T03:42:17+00:00,45.7.3,run5_day2_20260703_043957,run5_day2_20260703_043957,my massage can't send to other why TikTok please solve my problem,my massage can't send to other why TikTok please solve my problem,f7645a25469409f32d8b1144a3c7041b56fa0f071b85a95eff8ef74165936e78,f7645a25469409f32d8b1144a3c7041b56fa0f071b85a95eff8ef74165936e78
google_play,TikTok,com.zhiliaoapp.musically,us,en,db256ae2-1f62-4034-bbc6-128329e90684,1,0,2026-07-02T03:41:42+00:00,45.7.3,run5_day2_20260703_043957,run5_day2_20260703_043957,excellent,excellent,6d785acc7d4ce49fe4e4bbf276dc73f1cf7c20094d3e96fe84ef79fbebcaf88a,6d785acc7d4ce49fe4e4bbf276dc73f1cf7c20094d3e96fe84ef79fbebcaf88a
google_play,TikTok,com.zhiliaoapp.musically,us,en,caeedc96-c769-4e6c-8d6c-0f9781cb4522,2,1,2026-07-02T03:39:10+00:00,45.7.3,run5_day2_20260703_043957,run5_day2_20260703_043957,"I will give a two stars. It shows me videos that I don't even like and it's all over my FYI. I'm more into anime edits, drawings, and animations, and doesn't show on my FYI. It's really frustrated for me. 😡","I will give a two stars. It shows me videos that I don't even like and it's all over my FYI. I'm more into anime edits, drawings, and animations, and doesn't show on my FYI. It's really frustrated for me. 😡",282ab203a525527a852d04b9031284ed38bafd11ee5f7fb85664531298a5fefb,282ab203a525527a852d04b9031284ed38bafd11ee5f7fb85664531298a5fefb
google_play,TikTok,com.zhiliaoapp.musically,us,en,1cf7b3fc-8280-4e48-83dd-18a29c207100,5,0,2026-07-02T03:38:52+00:00,45.3.3,run5_day2_20260703_043957,run5_day2_20260703_043957,I am not happy with the speed of TikTok Because sometimes TikTok work slow,I am not happy with the speed of TikTok Because sometimes TikTok work slow,db6d7c632b44045f9ab085df9b92148b77f878a52e75927ea31d3a52c077bf09,db6d7c632b44045f9ab085df9b92148b77f878a52e75927ea31d3a52c077bf09
google_play,TikTok,com.zhiliaoapp.musically,us,en,fac05e24-4e63-4882-a7fe-c3c63f26a376,5,0,2026-07-02T03:38:44+00:00,,run5_day2_20260703_043957,run5_day2_20260703_043957,Dear TikTok! islamic_heart11 is my account. I upload islamic video. Please virl my video for more views and followers,Dear TikTok! islamic_heart11 is my account. I upload islamic video. Please virl my video for more views and followers,20272ff89cff62a25e8d1f4e317f05071d64ca971373fb68072ae65fcb1c0b5e,20272ff89cff62a25e8d1f4e317f05071d64ca971373fb68072ae65fcb1c0b5e
google_play,TikTok,com.zhiliaoapp.musically,us,en,62f7da42-148c-4d04-8786-a7d3670e099c,5,0,2026-07-02T03:37:39+00:00,45.7.3,run5_day2_20260703_043957,run5_day2_20260703_043957,amazing,amazing,01431b46f1839c1e618e12e888517c14111dc35c9308d59efcb15eed5c2f178d,01431b46f1839c1e618e12e888517c14111dc35c9308d59efcb15eed5c2f178d
google_play,TikTok,com.zhiliaoapp.musically,us,en,455ea376-51ca-4c7a-b39c-1bf40d4791b5,1,0,2026-07-02T03:36:43+00:00,45.7.3,run5_day2_20260703_043957,run5_day2_20260703_043957,"tik tok is too much of a hype because you can't do on it what you could on X, INSTAGRAM, FACEBOOK,ETC.....","tik tok is too much of a hype because you can't do on it what you could on X, INSTAGRAM, FACEBOOK,ETC.....",9b521be17d52a469170c1c1edd41ba3954b68936b5481bb1fd3900d17008a14e,9b521be17d52a469170c1c1edd41ba3954b68936b5481bb1fd3900d17008a14e
google_play,TikTok,com.zhiliaoapp.musically,us,en,63c7a294-0645-41dd-96e7-ca6261a68c29,5,0,2026-07-02T03:32:50+00:00,,run5_day2_20260703_043957,run5_day2_20260703_043957,Nice,Nice,fdc96ffbf256523aec8846ae56321053c7ab751c99eb766e6bb4a7d362a4f060,fdc96ffbf256523aec8846ae56321053c7ab751c99eb766e6bb4a7d362a4f060
google_play,TikTok,com.zhiliaoapp.musically,us,en,923a9d8c-7451-451f-86c3-e3f8218b727d,3,0,2026-07-02T03:31:18+00:00,45.7.3,run5_day2_20260703_043957,run5_day2_20260703_043957,"this app is good! especially with passing the time, however I am not sure if its just me but my fyp is completely broken!! I get videos that I do not wanna watch. stuff I never seen before. I've tried to reset it but nothings worked. I'm not sure what else I can do","this app is good! especially with passing the time, however I am not sure if its just me but my fyp is completely broken!! I get videos that I do not wanna watch. stuff I never seen before. I've tried to reset it but nothings worked. I'm not sure what else I can do",b3d3f12aebeae6078c78242f33f2870b7200d20bfc8782f83b87b9238ca08318,b3d3f12aebeae6078c78242f33f2870b7200d20bfc8782f83b87b9238ca08318
google_play,TikTok,com.zhiliaoapp.musically,us,en,a0c499d6-da21-4ef6-be17-01a6a0f2dc08,2,0,2026-07-02T03:28:49+00:00,45.7.3,run5_day2_20260703_043957,run5_day2_20260703_043957,it doesn't work on my phone if I open the app it says close app or wait and then automatically app close solve this issues,it doesn't work on my phone if I open the app it says close app or wait and then automatically app close solve this issues,51c8965e789b948da8207a368d034ff7c8e84ff0d6c71ea349ec704eb3ec8688,51c8965e789b948da8207a368d034ff7c8e84ff0d6c71ea349ec704eb3ec8688
google_play,TikTok,com.zhiliaoapp.musically,us,en,367373e7-2fa6-45cc-8177-3ec63b6d22c0,5,1,2026-07-02T03:28:12+00:00,45.7.3,run5_day2_20260703_043957,run5_day2_20260703_043957,I love tiktok💗😍,I love tiktok💗😍,d9c2c17894b8d595b8461973b37914e26af5035df07b6a45bdde653a5985d506,d9c2c17894b8d595b8461973b37914e26af5035df07b6a45bdde653a5985d506
google_play,TikTok,com.zhiliaoapp.musically,us,en,75424d32-02b4-4f6c-9567-0838e49fa004,5,0,2026-07-02T03:26:52+00:00,44.4.3,run5_day2_20260703_043957,run5_day2_20260703_043957,entertaining,entertaining,6d132a4feb66bf25ade18754c38f9f839a461416ad8533c73583e0b58015bb64,6d132a4feb66bf25ade18754c38f9f839a461416ad8533c73583e0b58015bb64
google_play,TikTok,com.zhiliaoapp.musically,us,en,ee83fd43-8510-4af3-8377-87a62d981bd7,1,1,2026-07-02T03:25:36+00:00,45.7.3,run5_day2_20260703_043957,run5_day2_20260703_043957,being a infuencer dancing and i want to be liked by people,being a infuencer dancing and i want to be liked by people,07c6b128ed344ca0a08fd3115df3b6c66d4c812d0bdcb276faf6ad0139e31f0e,07c6b128ed344ca0a08fd3115df3b6c66d4c812d0bdcb276faf6ad0139e31f0e
google_play,TikTok,com.zhiliaoapp.musically,us,en,4902239f-c247-4101-bed8-38d2885753c7,5,0,2026-07-02T03:24:09+00:00,,run5_day2_20260703_043957,run5_day2_20260703_043957,good app,good app,f0aac2804cdb0743ac9bee06868f24fbcb35e3fb955e35c821abba13c734c86e,f0aac2804cdb0743ac9bee06868f24fbcb35e3fb955e35c821abba13c734c86e
google_play,TikTok,com.zhiliaoapp.musically,us,en,909d400b-c56f-4d42-9ec3-c50537f03545,5,0,2026-07-02T03:23:32+00:00,45.7.3,run5_day2_20260703_043957,run5_day2_20260703_043957,me gusta,me gusta,7bf13806330334b3db67bdd3466e82d6e856938c552fee8dc83d05983d6f6368,7bf13806330334b3db67bdd3466e82d6e856938c552fee8dc83d05983d6f6368
google_play,TikTok,com.zhiliaoapp.musically,us,en,08d9e811-dec5-48a7-bd8b-a717a2ca71c2,5,0,2026-07-02T03:17:07+00:00,45.3.3,run5_day2_20260703_043957,run5_day2_20260703_043957,My Tik Tok ID HD quality option on,My Tik Tok ID HD quality option on,f1041165e5fbb8572cfbd40296f0a214727267352e9e73983cef5048f749a8c2,f1041165e5fbb8572cfbd40296f0a214727267352e9e73983cef5048f749a8c2
google_play,TikTok,com.zhiliaoapp.musically,us,en,752e7f0c-875d-4a3a-8cb3-a196e80b7f92,4,0,2026-07-02T03:13:40+00:00,,run5_day2_20260703_043957,run5_day2_20260703_043957,🥰 😍,🥰 😍,b08d06c223f3c0ab80f459efb6e91652a5d409c95d8e4cf15edbe37b9abdc2fd,b08d06c223f3c0ab80f459efb6e91652a5d409c95d8e4cf15edbe37b9abdc2fd
google_play,TikTok,com.zhiliaoapp.musically,us,en,57ed1153-dcd2-437c-9f9b-b8eb6895756f,5,0,2026-07-02T03:12:53+00:00,45.7.3,run5_day2_20260703_043957,run5_day2_20260703_043957,one thing about this app is that it gives you what you want 🥹🥰I'm happy about it 😊,one thing about this app is that it gives you what you want 🥹🥰I'm happy about it 😊,9f11af16b8ca4e58a6e1d8833351a7065d9bedfc9b3dae7727a3d00f7e2b3437,9f11af16b8ca4e58a6e1d8833351a7065d9bedfc9b3dae7727a3d00f7e2b3437
google_play,TikTok,com.zhiliaoapp.musically,us,en,8f0ed0d6-8f03-466f-afc3-696ff4a4b88e,1,0,2026-07-02T03:08:46+00:00,45.7.3,run5_day2_20260703_043957,run5_day2_20260703_043957,no working,no working,b7beef00e40b6795de89d67b9ad2e583b91df058d641d4de0ec261b94644ff47,b7beef00e40b6795de89d67b9ad2e583b91df058d641d4de0ec261b94644ff47
google_play,TikTok,com.zhiliaoapp.musically,us,en,662fd182-3996-47c3-a8af-c704756163a2,4,0,2026-07-02T03:08:17+00:00,45.7.3,run5_day2_20260703_043957,run5_day2_20260703_043957,not working,not working,df19064d96673a4c6aa65516690233cb04499cc829d0db538e2256382146aa96,df19064d96673a4c6aa65516690233cb04499cc829d0db538e2256382146aa96
google_play,TikTok,com.zhiliaoapp.musically,us,en,fa0bbf17-bd0e-4131-8aef-bf1c17b1fd88,2,0,2026-07-02T03:04:17+00:00,45.7.3,run5_day2_20260703_043957,run5_day2_20260703_043957,Hello Tik Tok Team I have been working hard on Tik Tok for quite some time and have been posting very good videos.,Hello Tik Tok Team I have been working hard on Tik Tok for quite some time and have been posting very good videos.,4215bebfd0bbcacf5e70b8041144de70620f4a8891aa3380a0dcf696ad95e14b,4215bebfd0bbcacf5e70b8041144de70620f4a8891aa3380a0dcf696ad95e14b
google_play,TikTok,com.zhiliaoapp.musically,us,en,43075cbd-36b5-4df3-b8ea-442bde087bdb,5,0,2026-07-02T03:03:25+00:00,45.7.3,run5_day2_20260703_043957,run5_day2_20260703_043957,not working filter,not working filter,ced307b52f1eecf330848f034207c62d379ee85591509bfe9e5f2d0e85cba958,ced307b52f1eecf330848f034207c62d379ee85591509bfe9e5f2d0e85cba958
google_play,TikTok,com.zhiliaoapp.musically,us,en,8909153a-0f9d-4044-8e7a-c15f088f5885,5,0,2026-07-02T03:03:13+00:00,45.7.3,run5_day2_20260703_043957,run5_day2_20260703_043957,very good,very good,624d026dc13e1e189f9ea4ca66a065466d3f438dd94250ee8bc45ab57566374e,624d026dc13e1e189f9ea4ca66a065466d3f438dd94250ee8bc45ab57566374e
google_play,TikTok,com.zhiliaoapp.musically,us,en,5d9ec774-ad12-4d56-8207-55a9b7e24d30,1,1,2026-07-02T03:00:49+00:00,45.7.3,run5_day2_20260703_043957,run5_day2_20260703_043957,"The algorithm is cooked, it completely disregards what youre searching and pressing not interested on. It is nothing but slop","The algorithm is cooked, it completely disregards what youre searching and pressing not interested on. It is nothing but slop",e8a49051053fcfefe8de76c9ada7f33c8b586753451190cc0eb5c9904e6661ff,e8a49051053fcfefe8de76c9ada7f33c8b586753451190cc0eb5c9904e6661ff
google_play,TikTok,com.zhiliaoapp.musically,us,en,d7d914ac-a917-4bc7-926f-c6eba8b6de03,1,0,2026-07-02T02:50:56+00:00,,run5_day2_20260703_043957,run5_day2_20260703_043957,I cannot put my posted videos into my story even I turn it on.,I cannot put my posted videos into my story even I turn it on.,59be4a9adb415a17e16784ce9b8c65476aca61f6dd01ee600ceebd4bf1bb3973,59be4a9adb415a17e16784ce9b8c65476aca61f6dd01ee600ceebd4bf1bb3973
google_play,TikTok,com.zhiliaoapp.musically,us,en,0605d8cf-84eb-4efb-962d-300853c3c8dc,5,0,2026-07-02T02:49:40+00:00,,run5_day2_20260703_043957,run5_day2_20260703_043957,nice app,nice app,d4b2a436a54d521dc1f6a9d78ae4b159f2b092cf4ee0705ae6b6be9c495d09db,d4b2a436a54d521dc1f6a9d78ae4b159f2b092cf4ee0705ae6b6be9c495d09db
google_play,TikTok,com.zhiliaoapp.musically,us,en,ee0c040a-cf9f-4ebe-9844-fbf423202e59,1,1,2026-07-02T02:49:14+00:00,45.7.3,run5_day2_20260703_043957,run5_day2_20260703_043957,too many ads they suspended my account even tho its private and I don't post anything 😑 👎🏻👎🏻👎🏻,too many ads they suspended my account even tho its private and I don't post anything 😑 👎🏻👎🏻👎🏻,daf47ee5d4a93b6a9c94fecf7af7de3b525a357fabcbbf061c3cd33cf5030f43,daf47ee5d4a93b6a9c94fecf7af7de3b525a357fabcbbf061c3cd33cf5030f43
google_play,TikTok,com.zhiliaoapp.musically,us,en,5cef13bb-15ca-4d48-8d38-7730aa8d5348,3,0,2026-07-02T02:44:19+00:00,45.7.3,run5_day2_20260703_043957,run5_day2_20260703_043957,Stickers don't work on android but otherwise the app is the same as on iPhone.,Stickers don't work on android but otherwise the app is the same as on iPhone.,ee1e224e50258fbf1e9145337f265d379c2eb1d8d8fdd3a1f9b094d1f04d8445,ee1e224e50258fbf1e9145337f265d379c2eb1d8d8fdd3a1f9b094d1f04d8445
google_play,TikTok,com.zhiliaoapp.musically,us,en,3d474779-5980-4c1c-84b5-4c9ac1d8903c,2,0,2026-07-02T02:42:11+00:00,45.7.3,run5_day2_20260703_043957,run5_day2_20260703_043957,"My thoughts keep disappearing videos. The videos that my friends sent me don't load properly. My comments sometimes don't upload, and there are just way too many bugs. Also laggy?? Before adding new features can you guys at least make sure there's no bugs??","My thoughts keep disappearing videos. The videos that my friends sent me don't load properly. My comments sometimes don't upload, and there are just way too many bugs. Also laggy?? Before adding new features can you guys at least make sure there's no bugs??",968d7a64ce93aa987348ce6ca3d8bf112971a018d5323fd77c04522be61b702a,968d7a64ce93aa987348ce6ca3d8bf112971a018d5323fd77c04522be61b702a
google_play,TikTok,com.zhiliaoapp.musically,us,en,da051a91-c139-4255-b033-0dbfc9c452c8,3,1,2026-07-02T02:41:09+00:00,,run5_day2_20260703_043957,run5_day2_20260703_043957,TikTok my keeps on showing content I never wanted to see i always have to repeat pressing on my screen that I'm in not interested with the content being shown on my for you page and it will not go back to normal I have been trying and this happens time and Time again 🫤,TikTok my keeps on showing content I never wanted to see i always have to repeat pressing on my screen that I'm in not interested with the content being shown on my for you page and it will not go back to normal I have been trying and this happens time and Time again 🫤,bc6de953bc888d13e5927851221b29fe9a2b14a7d3288aee1b1f5b5b5d7bdd58,bc6de953bc888d13e5927851221b29fe9a2b14a7d3288aee1b1f5b5b5d7bdd58
google_play,TikTok,com.zhiliaoapp.musically,us,en,0fd596c0-11e4-4ab0-b114-fac6736b50a0,4,0,2026-07-02T02:36:00+00:00,,run5_day2_20260703_043957,run5_day2_20260703_043957,good,good,770e607624d689265ca6c44884d0807d9b054d23c473c106c72be9de08b7376c,770e607624d689265ca6c44884d0807d9b054d23c473c106c72be9de08b7376c
google_play,TikTok,com.zhiliaoapp.musically,us,en,5fcf08de-f6b7-490c-9432-00e44f5f318a,5,0,2026-07-02T02:35:43+00:00,45.7.3,run5_day2_20260703_043957,run5_day2_20260703_043957,✅✅✅,✅✅✅,3f16cd6213a3284377bdbd7dc7eb4797dfa441123e415f4b5015b94746b8c249,3f16cd6213a3284377bdbd7dc7eb4797dfa441123e415f4b5015b94746b8c249
google_play,TikTok,com.zhiliaoapp.musically,us,en,4340292b-a511-4972-bb94-d92130056d64,5,0,2026-07-02T02:34:49+00:00,45.7.3,run5_day2_20260703_043957,run5_day2_20260703_043957,helps build confidence,helps build confidence,da81d59484629e67cbdb68ecd8466f3d2daa1c5875d232542ec03d32584d0a6b,da81d59484629e67cbdb68ecd8466f3d2daa1c5875d232542ec03d32584d0a6b
google_play,TikTok,com.zhiliaoapp.musically,us,en,7bd8ce27-82a0-4a34-868d-106ad4c320c1,5,1,2026-07-02T02:26:52+00:00,45.5.4,run5_day2_20260703_043957,run5_day2_20260703_043957,world Best app,world Best app,1f20b4cc2ec13719a225860bbd5c83e7dc219477b0e201672c80121b29dc51e0,1f20b4cc2ec13719a225860bbd5c83e7dc219477b0e201672c80121b29dc51e0
google_play,TikTok,com.zhiliaoapp.musically,us,en,7e90ef50-9308-47e2-90be-c2daae1e1ffb,5,0,2026-07-02T02:23:54+00:00,45.7.3,run5_day2_20260703_043957,run5_day2_20260703_043957,good luck,good luck,64410594d70e5b06ec7d283efd35253e72a5650d45b1468319624342d64c660a,64410594d70e5b06ec7d283efd35253e72a5650d45b1468319624342d64c660a
google_play,TikTok,com.zhiliaoapp.musically,us,en,df7c493e-58c3-4539-904e-368116c6d263,3,0,2026-07-02T02:14:46+00:00,,run5_day2_20260703_043957,run5_day2_20260703_043957,sorry TikTok chalana,sorry TikTok chalana,44fd74933c0aac4bb69b8a662981a61679b25a828340da7c4b0953f7463e88e5,44fd74933c0aac4bb69b8a662981a61679b25a828340da7c4b0953f7463e88e5
google_play,TikTok,com.zhiliaoapp.musically,us,en,f5dc0792-d023-4771-88e0-a72cd44df6a5,5,5,2026-07-02T02:13:02+00:00,45.7.3,run5_day2_20260703_043957,run5_day2_20260703_043957,tiktok not landing up anything last warning get it fixed asp please fixed tiktok now nothing show who on line at all do something aap,tiktok not landing up anything last warning get it fixed asp please fixed tiktok now nothing show who on line at all do something aap,1e9a674d6d5322d69c279282391899e97cfcd59076c590f4ec793c0aed3a58e8,1e9a674d6d5322d69c279282391899e97cfcd59076c590f4ec793c0aed3a58e8
google_play,TikTok,com.zhiliaoapp.musically,us,en,72a9e7f3-1aaf-4198-88e7-161cdf839c2b,5,0,2026-07-02T02:07:44+00:00,45.7.3,run5_day2_20260703_043957,run5_day2_20260703_043957,💓,💓,fc2ce082ff1ae459c1edd63d31529de482fff3cdfe0deb89c1ef12850cc287cf,fc2ce082ff1ae459c1edd63d31529de482fff3cdfe0deb89c1ef12850cc287cf
google_play,TikTok,com.zhiliaoapp.musically,us,en,0f84557d-7dae-43c5-8089-1a1028c3bb53,5,0,2026-07-02T01:57:56+00:00,45.4.3,run5_day2_20260703_043957,run5_day2_20260703_043957,ইইই,ইইই,024713d99964ddf089f8e8fea0612980334216188633653df724c84e407f211b,024713d99964ddf089f8e8fea0612980334216188633653df724c84e407f211b
google_play,TikTok,com.zhiliaoapp.musically,us,en,04961a9d-8998-4cdb-833c-9aa23bcf75aa,5,1,2026-07-02T01:41:20+00:00,,run5_day2_20260703_043957,run5_day2_20260703_043957,please unfreeze my account and show me a live option plz TikTok team🥺,please unfreeze my account and show me a live option plz TikTok team🥺,e64d0737da9865f1161da57998c9873c6f4041a3a22d3776952e36b7688d25e7,e64d0737da9865f1161da57998c9873c6f4041a3a22d3776952e36b7688d25e7
google_play,TikTok,com.zhiliaoapp.musically,us,en,a685c36e-2e26-4b1c-9d98-2b849b1d1b19,5,0,2026-07-02T01:36:48+00:00,,run5_day2_20260703_043957,run5_day2_20260703_043957,owwwwwwwwwwwwwwwwww,owwwwwwwwwwwwwwwwww,246ca38c17851cec8df70a1176d1204c17820c596e46f72c2337d24ab1e29b74,246ca38c17851cec8df70a1176d1204c17820c596e46f72c2337d24ab1e29b74
google_play,TikTok,com.zhiliaoapp.musically,us,en,5ac98c1b-3402-42fa-ba85-fe1845c8fe3f,5,1,2026-07-02T01:36:14+00:00,,run5_day2_20260703_043957,run5_day2_20260703_043957,This app is ah halfe the shi u see is straight be son,This app is ah halfe the shi u see is straight be son,555d17cb32c1f2b1af9fc417b633b8e1d990041299c49a2e25780932429c511e,555d17cb32c1f2b1af9fc417b633b8e1d990041299c49a2e25780932429c511e
google_play,TikTok,com.zhiliaoapp.musically,us,en,1b871b66-88f3-4aa5-82c7-5351abff9df3,1,0,2026-07-02T01:25:19+00:00,45.7.3,run5_day2_20260703_043957,run5_day2_20260703_043957,When i upload video it's automatically blur later🤬,When i upload video it's automatically blur later🤬,e9e6a901603b359b18c2750f1ebd90f1781a1fbcb5f55ac53df17c902ada48b5,e9e6a901603b359b18c2750f1ebd90f1781a1fbcb5f55ac53df17c902ada48b5
google_play,TikTok,com.zhiliaoapp.musically,us,en,e3f7fe46-6ca8-462c-9694-a395201ae452,1,0,2026-07-02T01:14:15+00:00,45.7.3,run5_day2_20260703_043957,run5_day2_20260703_043957,I have been suspended for more than 14 days. please fix this issue.,I have been suspended for more than 14 days. please fix this issue.,bb0b467acd1f23895180b5321486bf94cce4ad9573ba9869f0e48bf0afbcb35c,bb0b467acd1f23895180b5321486bf94cce4ad9573ba9869f0e48bf0afbcb35c
google_play,TikTok,com.zhiliaoapp.musically,us,en,e5eaf712-a418-425e-8014-4a2bd923c0e7,5,0,2026-07-02T01:12:47+00:00,45.7.3,run5_day2_20260703_043957,run5_day2_20260703_043957,nice,nice,e186022d0931afe9fe0690857e32f85e50165e7fbe0966d49609ef1981f920c6,e186022d0931afe9fe0690857e32f85e50165e7fbe0966d49609ef1981f920c6
google_play,TikTok,com.zhiliaoapp.musically,us,en,d1a37606-263c-40d6-813f-c78972081507,5,0,2026-07-02T01:12:05+00:00,45.8.2,run5_day2_20260703_043957,run5_day2_20260703_043957,very good TikTok App,very good TikTok App,d7a7de806bb19c1a431a4f62118fee844e2b4ca56715d5f89776bc4c5232ac40,d7a7de806bb19c1a431a4f62118fee844e2b4ca56715d5f89776bc4c5232ac40
google_play,TikTok,com.zhiliaoapp.musically,us,en,74e9e13f-aa64-43da-854e-92f3567cddd8,1,0,2026-07-02T01:07:19+00:00,,run5_day2_20260703_043957,run5_day2_20260703_043957,It suddenly began giving me a horrible fyp with videos I have never interacted with and had less than 20 likes. I started blocking every account I saw and selected not interested for 30 videos in a row but it just continued to give me more. Many people have had the same problem and no one is saying how to fix it. Its awful.,It suddenly began giving me a horrible fyp with videos I have never interacted with and had less than 20 likes. I started blocking every account I saw and selected not interested for 30 videos in a row but it just continued to give me more. Many people have had the same problem and no one is saying how to fix it. Its awful.,dcedfe74e84ff59b012fdf60d5d5d155c45f1a108951fdc5268e4c0bf4ccf293,dcedfe74e84ff59b012fdf60d5d5d155c45f1a108951fdc5268e4c0bf4ccf293
google_play,TikTok,com.zhiliaoapp.musically,us,en,0569e0a1-fecb-4673-84ab-9445ca2b4f56,5,0,2026-07-02T01:05:12+00:00,,run5_day2_20260703_043957,run5_day2_20260703_043957,amazing app,amazing app,8364d2ac9b4e7aa94a1f9a92b4ab28e6a23b1f9c3cb12d43cf0d9f0191db2cac,8364d2ac9b4e7aa94a1f9a92b4ab28e6a23b1f9c3cb12d43cf0d9f0191db2cac
google_play,TikTok,com.zhiliaoapp.musically,us,en,f7c7c07f-21ba-4053-bfaf-7378843d7a0d,5,0,2026-07-02T01:02:37+00:00,,run5_day2_20260703_043957,run5_day2_20260703_043957,speed download this app please,speed download this app please,4b25c57296c8ad2998884d631d6adcc7005c92764e2e0d4b143f5663614811b8,4b25c57296c8ad2998884d631d6adcc7005c92764e2e0d4b143f5663614811b8
google_play,TikTok,com.zhiliaoapp.musically,us,en,b28845d9-b0bc-4381-82c9-aace46ce2fb5,1,11,2026-07-02T01:01:50+00:00,45.7.3,run5_day2_20260703_043957,run5_day2_20260703_043957,التطبيق أصبح أقل راحة في الاستخدام مقارنة بالسابق. عند الخروج من التطبيق والعودة إليه لا أستطيع استرجاع الفيديو الذي كنت أشاهده. أرجو إعادة بعض مزايا إصدار 2022 من حيث شكل الملف الشخصي و صندوق الوارد لأنه كان أبسط وأسهل في الاستخدام. و وضع استيراد الخطوط.شكراً لكم.,التطبيق أصبح أقل راحة في الاستخدام مقارنة بالسابق. عند الخروج من التطبيق والعودة إليه لا أستطيع استرجاع الفيديو الذي كنت أشاهده. أرجو إعادة بعض مزايا إصدار 2022 من حيث شكل الملف الشخصي و صندوق الوارد لأنه كان أبسط وأسهل في الاستخدام. و وضع استيراد الخطوط.شكراً لكم.,f0644c46fe73ab928e74a2c5cd2c7b731595ad2a634d7523cd068a129bfc6a7a,f0644c46fe73ab928e74a2c5cd2c7b731595ad2a634d7523cd068a129bfc6a7a
google_play,TikTok,com.zhiliaoapp.musically,us,en,a76af3d3-9ed6-4b28-9626-3adb62f3f7ae,1,0,2026-07-02T00:58:21+00:00,43.0.3,run5_day2_20260703_043957,run5_day2_20260703_043957,"why does my for you page resets suddenly??? I hate when it happens and my for you page is suddenly full of things I literally hit the ""not interested"" on them a thousand times!!!","why does my for you page resets suddenly??? I hate when it happens and my for you page is suddenly full of things I literally hit the ""not interested"" on them a thousand times!!!",07c33a269af0b663738e281643a3b3809e4c8e5194492b095a42b5a2191001f3,07c33a269af0b663738e281643a3b3809e4c8e5194492b095a42b5a2191001f3
google_play,TikTok,com.zhiliaoapp.musically,us,en,42bafb30-21cf-40fc-8939-183367f0ddfb,1,0,2026-07-02T00:58:07+00:00,40.6.3,run5_day2_20260703_043957,run5_day2_20260703_043957,আমার টিকটক আইডি তিক্তক অ্যাপস এ কি কারণে ঢুকালি ইচ্ছে না,আমার টিকটক আইডি তিক্তক অ্যাপস এ কি কারণে ঢুকালি ইচ্ছে না,5fea2c4ceef9e0ef1e64aedbf7a081c4cc5803feb10e97c92ed57f098fd17b83,5fea2c4ceef9e0ef1e64aedbf7a081c4cc5803feb10e97c92ed57f098fd17b83
google_play,TikTok,com.zhiliaoapp.musically,us,en,961abb65-97d1-4b6c-9938-5deea2690d12,3,0,2026-07-02T00:46:30+00:00,45.7.3,run5_day2_20260703_043957,run5_day2_20260703_043957,"Hi TikTok Support, ​I am experiencing an issue where my saved sounds in ""Favorites"" do not appear when I open the camera to film a video. The list shows up completely empty, even though I have many sounds saved on my profile. Please help me resolve this bug. ​Thank you.","Hi TikTok Support, ​I am experiencing an issue where my saved sounds in ""Favorites"" do not appear when I open the camera to film a video. The list shows up completely empty, even though I have many sounds saved on my profile. Please help me resolve this bug. ​Thank you.",0d2e1277553328ca4961a9d8df4f42685b2d551268f0b3bad12e2575d37affb3,0d2e1277553328ca4961a9d8df4f42685b2d551268f0b3bad12e2575d37affb3
google_play,TikTok,com.zhiliaoapp.musically,us,en,89c11f9b-807b-4719-be17-823bda0b314f,5,0,2026-07-02T00:41:10+00:00,45.7.3,run5_day2_20260703_043957,run5_day2_20260703_043957,i really like this app bcs you can interact with your friends,i really like this app bcs you can interact with your friends,d200eee9332830fd13b1030eca5a665542058ede2de953a6d19bc5eacb39fa1a,d200eee9332830fd13b1030eca5a665542058ede2de953a6d19bc5eacb39fa1a
google_play,TikTok,com.zhiliaoapp.musically,us,en,785f9daa-946f-426d-8f43-2f5ec1209f14,5,0,2026-07-02T00:41:09+00:00,,run5_day2_20260703_043957,run5_day2_20260703_043957,help me relax and you can get ready from home 🏡,help me relax and you can get ready from home 🏡,76065ab16477a4df0d9c2bef3406e1d1782b12d872f40f279bb37ac96f4ba6d2,76065ab16477a4df0d9c2bef3406e1d1782b12d872f40f279bb37ac96f4ba6d2
google_play,TikTok,com.zhiliaoapp.musically,us,en,3b400380-3534-4949-b7ca-c54c192afb09,5,0,2026-07-02T00:25:24+00:00,43.2.1,run5_day2_20260703_043957,run5_day2_20260703_043957,TikTok I love,TikTok I love,8906b7197c6eef94d7835b8e5d708fdd73cf5f1f30ab5c8a0bdf9c2c137a632f,8906b7197c6eef94d7835b8e5d708fdd73cf5f1f30ab5c8a0bdf9c2c137a632f
google_play,TikTok,com.zhiliaoapp.musically,us,en,32fd8a77-44d0-442b-869c-c380d9686309,1,0,2026-07-02T00:21:52+00:00,43.1.4,run5_day2_20260703_043957,run5_day2_20260703_043957,dogshit.,dogshit.,382ef655f0c7e98e503c3f55be1bc10a4bcf711ff10bff31542ce7e2db0c00d7,382ef655f0c7e98e503c3f55be1bc10a4bcf711ff10bff31542ce7e2db0c00d7
google_play,TikTok,com.zhiliaoapp.musically,us,en,756cab12-d8f2-4c0a-8c62-5c83e74c4d0e,3,0,2026-07-02T00:17:30+00:00,45.7.3,run5_day2_20260703_043957,run5_day2_20260703_043957,Shadow Banned? I just recently my views have been super low and there is no traffic coming to my acct. my account says Im in good standing so whats going on? why am i shadow banned if I havent violated any policies?,Shadow Banned? I just recently my views have been super low and there is no traffic coming to my acct. my account says Im in good standing so whats going on? why am i shadow banned if I havent violated any policies?,44b4ef70197dade604b81f5a14aab46dc24786cd18f58c9a4ea6c0fc3e892d24,44b4ef70197dade604b81f5a14aab46dc24786cd18f58c9a4ea6c0fc3e892d24
google_play,TikTok,com.zhiliaoapp.musically,us,en,a276e01d-e204-472b-b06f-a4e8b4901e2c,1,0,2026-07-02T00:13:49+00:00,45.7.3,run5_day2_20260703_043957,run5_day2_20260703_043957,my fyp just switched by itself I tried everything nothing worked im so pissed off,my fyp just switched by itself I tried everything nothing worked im so pissed off,dcfa6d9894b3caa11830c8aafd16fc7b7595b75ec1b2aa32020378bd8147fcef,dcfa6d9894b3caa11830c8aafd16fc7b7595b75ec1b2aa32020378bd8147fcef
google_play,TikTok,com.zhiliaoapp.musically,us,en,0b3fb340-96ab-4cfb-8f5d-29f5552bfc13,5,0,2026-07-02T00:12:36+00:00,45.7.3,run5_day2_20260703_043957,run5_day2_20260703_043957,Ami viral Hote chai,Ami viral Hote chai,1bcd8f872d2053f0d90857c5177b46118dbfbd9d54cdeaf0404f63086020ac98,1bcd8f872d2053f0d90857c5177b46118dbfbd9d54cdeaf0404f63086020ac98
google_play,TikTok,com.zhiliaoapp.musically,us,en,30a2ef1e-6a2d-47a9-b7cb-ea211c68f684,5,0,2026-07-02T00:11:01+00:00,45.7.3,run5_day2_20260703_043957,run5_day2_20260703_043957,جمال,جمال,4b9dfe5f8299c2f9f14f400d49f1fbde46ebc705467d143e387afe0aa91b3e01,4b9dfe5f8299c2f9f14f400d49f1fbde46ebc705467d143e387afe0aa91b3e01
google_play,TikTok,com.zhiliaoapp.musically,us,en,93c38eca-0bfd-4c58-a145-4b917cb5f95a,3,0,2026-07-02T00:10:51+00:00,45.7.3,run5_day2_20260703_043957,run5_day2_20260703_043957,No rate this is a good app,No rate this is a good app,49d5c962af198ab5d27df9845bb3d0dd2dede8fd43db6bedf686f4f7af0f65de,49d5c962af198ab5d27df9845bb3d0dd2dede8fd43db6bedf686f4f7af0f65de
google_play,TikTok,com.zhiliaoapp.musically,us,en,74405af9-f0e3-46d4-aa18-2a30f1967c5e,5,1,2026-07-02T00:08:21+00:00,,run5_day2_20260703_043957,run5_day2_20260703_043957,you can watch anything you want,you can watch anything you want,87a8988f0c1e58df860008f5a8ca505ee869dc1d8bdfa3db72cc5cf7cf8f1f9a,87a8988f0c1e58df860008f5a8ca505ee869dc1d8bdfa3db72cc5cf7cf8f1f9a
google_play,TikTok,com.zhiliaoapp.musically,us,en,20cbdb06-91af-4c7d-a896-3efe20413332,5,1,2026-07-02T00:04:45+00:00,45.7.3,run5_day2_20260703_043957,run5_day2_20260703_043957,সুন্দর সুন্দর ভিডিও দিবেন ধন্যবাদ,সুন্দর সুন্দর ভিডিও দিবেন ধন্যবাদ,4f67e15c5973f9068ad4c8c4b41f0da8562d76f40d85ee6f61afc23d93db7304,4f67e15c5973f9068ad4c8c4b41f0da8562d76f40d85ee6f61afc23d93db7304
google_play,TikTok,com.zhiliaoapp.musically,us,en,e3c7f1bc-1f16-41fe-ae83-155a515ef714,5,0,2026-07-02T00:04:44+00:00,,run5_day2_20260703_043957,run5_day2_20260703_043957,l Like kik tok,l Like kik tok,4ff003399df3b119138f59bb6fe211cc7d978bc857e653abb89a30fb8c82d5a2,4ff003399df3b119138f59bb6fe211cc7d978bc857e653abb89a30fb8c82d5a2
google_play,TikTok,com.zhiliaoapp.musically,us,en,42990daa-b031-43e2-bc89-83049fe3e5aa,1,0,2026-07-02T00:04:20+00:00,45.2.3,run5_day2_20260703_043957,run5_day2_20260703_043957,Ooh my god why my fyp changes completely to a content that I hate so much in both of my accounts,Ooh my god why my fyp changes completely to a content that I hate so much in both of my accounts,939525fa2b642db87b3c03f0b9c8b99f6eef98e13d14289a13f46a9ea92e2a27,939525fa2b642db87b3c03f0b9c8b99f6eef98e13d14289a13f46a9ea92e2a27
google_play,TikTok,com.zhiliaoapp.musically,us,en,d5645a0a-c99c-41d2-a293-07154311a40c,1,0,2026-07-01T23:57:26+00:00,,run5_day2_20260703_043957,run5_day2_20260703_043957,Tik tok support is ridiculous. Takes way too long to get a response. Response isn't helpful in any way. A simple problem will take them 5 days to figure out what to do. tik tok needs to get a better support team.,Tik tok support is ridiculous. Takes way too long to get a response. Response isn't helpful in any way. A simple problem will take them 5 days to figure out what to do. tik tok needs to get a better support team.,9f9f1494091922e04d3071e6976df89c06efe666f270a3cb239fcc1f311fd9c9,9f9f1494091922e04d3071e6976df89c06efe666f270a3cb239fcc1f311fd9c9
google_play,TikTok,com.zhiliaoapp.musically,us,en,a06cd49a-2dc9-428f-a3bb-9c41bc6fa434,5,1,2026-07-01T23:53:41+00:00,45.7.3,run5_day2_20260703_043957,run5_day2_20260703_043957,تحفة تحفة تحفة جميل جدا احلى اب,تحفة تحفة تحفة جميل جدا احلى اب,526f85a3367d2396b9879c49e61292b7105518f385dda0a86d77a110b7095069,526f85a3367d2396b9879c49e61292b7105518f385dda0a86d77a110b7095069
google_play,TikTok,com.zhiliaoapp.musically,us,en,0604581a-80e8-4933-b63a-4891e959d54f,5,0,2026-07-01T23:50:50+00:00,45.0.3,run5_day2_20260703_043957,run5_day2_20260703_043957,TikTok is a graet app,TikTok is a graet app,4a85b72ce58a1ddf1cff74bec52a2b79bccb4e795454d38627b88430f4258418,4a85b72ce58a1ddf1cff74bec52a2b79bccb4e795454d38627b88430f4258418
google_play,TikTok,com.zhiliaoapp.musically,us,en,d026539f-3113-4d59-b4a9-a9be0c025346,5,0,2026-07-01T23:50:12+00:00,44.8.3,run5_day2_20260703_043957,run5_day2_20260703_043957,good and reliable,good and reliable,d232ab1ce11b0ac8c8056feecdf02f94cba8d24f36aa7232641333f5a4548cdf,d232ab1ce11b0ac8c8056feecdf02f94cba8d24f36aa7232641333f5a4548cdf
google_play,TikTok,com.zhiliaoapp.musically,us,en,bbc2a36d-7116-46ab-97bc-3783812d2015,1,0,2026-07-01T23:46:58+00:00,45.7.3,run5_day2_20260703_043957,run5_day2_20260703_043957,keeps messing me up can't get what I want,keeps messing me up can't get what I want,5c2baab8c9f670445529520f613bca00029e3a74cd69d1d9e0fbebb172128217,5c2baab8c9f670445529520f613bca00029e3a74cd69d1d9e0fbebb172128217
google_play,TikTok,com.zhiliaoapp.musically,us,en,2099ba65-2eac-4858-939f-24076ab1585d,5,0,2026-07-01T23:39:27+00:00,,run5_day2_20260703_043957,run5_day2_20260703_043957,Nice one,Nice one,07af8ae98ea1dc5be2a9d10776feb53bca7b0a33eeb574396f77862dc4e8db80,07af8ae98ea1dc5be2a9d10776feb53bca7b0a33eeb574396f77862dc4e8db80
google_play,TikTok,com.zhiliaoapp.musically,us,en,c480f951-bb0c-4201-89b3-8923c4ac33d5,5,1,2026-07-01T23:31:23+00:00,45.2.3,run5_day2_20260703_043957,run5_day2_20260703_043957,nice,nice,e186022d0931afe9fe0690857e32f85e50165e7fbe0966d49609ef1981f920c6,e186022d0931afe9fe0690857e32f85e50165e7fbe0966d49609ef1981f920c6
google_play,TikTok,com.zhiliaoapp.musically,us,en,3b923373-60da-49ee-8ca3-9acb9670084e,1,1,2026-07-01T23:25:30+00:00,45.7.3,run5_day2_20260703_043957,run5_day2_20260703_043957,"My FYP algorithm is completely glitched. I refreshed it and it is still showing completely random, broken content that does not match my watch history (before this day) or likes. Please fix my account recommendation sync and I may change my review. I am deeply unsatisfied and I can barely enjoy my free time now because of this idiotic mistake. I have more complaints but I wouldn't have minded and gave 5 starts if not for this.","My FYP algorithm is completely glitched. I refreshed it and it is still showing completely random, broken content that does not match my watch history (before this day) or likes. Please fix my account recommendation sync and I may change my review. I am deeply unsatisfied and I can barely enjoy my free time now because of this idiotic mistake. I have more complaints but I wouldn't have minded and gave 5 starts if not for this.",405d79db4d2f2b41004ccb920114187108299aca2a7d460421e51dd3a04df47b,405d79db4d2f2b41004ccb920114187108299aca2a7d460421e51dd3a04df47b
google_play,TikTok,com.zhiliaoapp.musically,us,en,467b5a74-927d-4697-9b13-0059ed9ecd2e,3,0,2026-07-01T23:25:01+00:00,45.7.3,run5_day2_20260703_043957,run5_day2_20260703_043957,alot of lag,alot of lag,d08c279cd222ae4d78df43388ad90c2ef99f5ca60ed5ad3bda40e27e60714522,d08c279cd222ae4d78df43388ad90c2ef99f5ca60ed5ad3bda40e27e60714522
google_play,TikTok,com.zhiliaoapp.musically,us,en,abae42e0-6ba5-44c0-bbe8-b88af713b443,1,1,2026-07-01T23:23:55+00:00,45.7.3,run5_day2_20260703_043957,run5_day2_20260703_043957,not working,not working,df19064d96673a4c6aa65516690233cb04499cc829d0db538e2256382146aa96,df19064d96673a4c6aa65516690233cb04499cc829d0db538e2256382146aa96
google_play,TikTok,com.zhiliaoapp.musically,us,en,66effda4-0d87-439c-9bf0-566412fdb648,4,0,2026-07-01T23:23:36+00:00,21.6.5,run5_day2_20260703_043957,run5_day2_20260703_043957,I enjoy people with real talents . But now the app has changed so much from the original after all these years I have just deleted it .,I enjoy people with real talents . But now the app has changed so much from the original after all these years I have just deleted it .,70057859f4a4d4655ed96e9af6fb1e328eff9bdeb73db13055e692fd2d54a61f,70057859f4a4d4655ed96e9af6fb1e328eff9bdeb73db13055e692fd2d54a61f
google_play,TikTok,com.zhiliaoapp.musically,us,en,91e73632-785c-4c25-a9a6-2b09e3e1154d,5,0,2026-07-01T23:22:43+00:00,,run5_day2_20260703_043957,run5_day2_20260703_043957,love it,love it,a2f1c846b4f1867b0ee4769a44954de5b940f8ef2f5a967523bc23f340aed646,a2f1c846b4f1867b0ee4769a44954de5b940f8ef2f5a967523bc23f340aed646
google_play,TikTok,com.zhiliaoapp.musically,us,en,0516bb05-e55f-4105-94fe-22894de5b6c7,5,0,2026-07-01T23:22:07+00:00,,run5_day2_20260703_043957,run5_day2_20260703_043957,excellence l,excellence l,81b36c73cab46abe8ac806c22bb9dcd2fdec98f8d8823f6a364e8e1c84a209ff,81b36c73cab46abe8ac806c22bb9dcd2fdec98f8d8823f6a364e8e1c84a209ff
google_play,TikTok,com.zhiliaoapp.musically,us,en,4efbab0b-6932-4cca-b7ed-d69c0d2b10d4,3,0,2026-07-01T23:18:03+00:00,,run5_day2_20260703_043957,run5_day2_20260703_043957,good,good,770e607624d689265ca6c44884d0807d9b054d23c473c106c72be9de08b7376c,770e607624d689265ca6c44884d0807d9b054d23c473c106c72be9de08b7376c
google_play,TikTok,com.zhiliaoapp.musically,us,en,efa59b86-32e0-46ac-933a-d66739b0d466,5,0,2026-07-01T23:13:41+00:00,,run5_day2_20260703_043957,run5_day2_20260703_043957,I'm cool 😎 with this app it's fast in browsing and spending in network range,I'm cool 😎 with this app it's fast in browsing and spending in network range,1f21f0e23d24847254d63bedc01e05272de6af0feb79ec1a01ccb023ff38fe1a,1f21f0e23d24847254d63bedc01e05272de6af0feb79ec1a01ccb023ff38fe1a
google_play,TikTok,com.zhiliaoapp.musically,us,en,43ac5411-8bcf-4bbd-bd1e-0d37e06404d3,5,0,2026-07-01T23:12:19+00:00,,run5_day2_20260703_043957,run5_day2_20260703_043957,Good,Good,c939327ca16dcf97ca32521d8b834bf1de16573d21deda3bb2a337cf403787a6,c939327ca16dcf97ca32521d8b834bf1de16573d21deda3bb2a337cf403787a6
google_play,TikTok,com.zhiliaoapp.musically,us,en,c464105c-4b3c-4347-9d9e-5480b4658e22,5,1,2026-07-01T23:08:30+00:00,45.7.3,run5_day2_20260703_043957,run5_day2_20260703_043957,i want to open titok,i want to open titok,23f616ff416c2a11c8ae606c814dd08c954419ffe06cddd6047848576fe553ef,23f616ff416c2a11c8ae606c814dd08c954419ffe06cddd6047848576fe553ef
google_play,TikTok,com.zhiliaoapp.musically,us,en,c99a0d73-59f6-4fab-bdad-f5d8eb4588b7,5,0,2026-07-01T04:55:51+00:00,,run5_20260702_050046,run5_20260702_050059,I love TikTok,I love TikTok,451acf5281a5ba787d08d1d81315b242a67656aaae7cb53dca4e9e02c4c44550,451acf5281a5ba787d08d1d81315b242a67656aaae7cb53dca4e9e02c4c44550
google_play,TikTok,com.zhiliaoapp.musically,us,en,0bc32e50-a8a9-4071-9e42-832ba1705573,1,0,2026-07-01T04:55:32+00:00,45.5.4,run5_20260702_050046,run5_20260702_050059,I have very bad experience I have not much likes and followers and not live optio,I have very bad experience I have not much likes and followers and not live optio,8bf2343c7241c08a1d097f9cdcd09c2b14b020634286aae9ccdfed46b8e42486,8bf2343c7241c08a1d097f9cdcd09c2b14b020634286aae9ccdfed46b8e42486
google_play,TikTok,com.zhiliaoapp.musically,us,en,066b54cf-2780-425a-a8b3-6bcc94c722cb,4,0,2026-07-01T04:50:26+00:00,,run5_20260702_050046,run5_20260702_050059,my sister wants me to delete it and doesn't respect my privacy,my sister wants me to delete it and doesn't respect my privacy,1869d08455d1dde2c7c35fea7d881127b6fa36c42f86b32bd694bc6d0d1d5f83,1869d08455d1dde2c7c35fea7d881127b6fa36c42f86b32bd694bc6d0d1d5f83
google_play,TikTok,com.zhiliaoapp.musically,us,en,c20cf566-5e78-41e6-a33a-ea546fd1fa06,1,0,2026-07-01T04:48:46+00:00,45.7.3,run5_20260702_050046,run5_20260702_050059,can't switch my account 😡😡,can't switch my account 😡😡,dd78626e33e94a2b2b8e9be0c7b656621ae36903a8f10aaee4f1c2a2e2d68dbd,dd78626e33e94a2b2b8e9be0c7b656621ae36903a8f10aaee4f1c2a2e2d68dbd
google_play,TikTok,com.zhiliaoapp.musically,us,en,8f7148fb-1492-44f3-97f3-0af57894122c,5,0,2026-07-01T04:43:29+00:00,,run5_20260702_050046,run5_20260702_050059,Its good and good for bore and for be femos and Go for live,Its good and good for bore and for be femos and Go for live,01609096b079174d65d5d0b50cd5db2be64c7e81f89b54b224c6ca2abcee28a4,01609096b079174d65d5d0b50cd5db2be64c7e81f89b54b224c6ca2abcee28a4
google_play,TikTok,com.zhiliaoapp.musically,us,en,3601a85b-a976-4f63-83a8-3e32d862b1a6,1,0,2026-07-01T04:36:59+00:00,43.8.3,run5_20260702_050046,run5_20260702_050059,Good,Good,c939327ca16dcf97ca32521d8b834bf1de16573d21deda3bb2a337cf403787a6,c939327ca16dcf97ca32521d8b834bf1de16573d21deda3bb2a337cf403787a6
google_play,TikTok,com.zhiliaoapp.musically,us,en,7c20d2af-30a6-49c9-a468-00b847520f87,5,0,2026-07-01T04:35:37+00:00,45.7.3,run5_20260702_050046,run5_20260702_050059,very good,very good,624d026dc13e1e189f9ea4ca66a065466d3f438dd94250ee8bc45ab57566374e,624d026dc13e1e189f9ea4ca66a065466d3f438dd94250ee8bc45ab57566374e
google_play,TikTok,com.zhiliaoapp.musically,us,en,c236b80a-57d0-4d46-b289-b733c0019590,5,0,2026-07-01T04:34:48+00:00,45.7.3,run5_20260702_050046,run5_20260702_050059,it's great,it's great,e80f38e2c058fb1e9db7529c4d27fb64d28bfa2d4d4869d82ccdd880741a38f4,e80f38e2c058fb1e9db7529c4d27fb64d28bfa2d4d4869d82ccdd880741a38f4
google_play,TikTok,com.zhiliaoapp.musically,us,en,bdcddfa0-3035-4b98-91bb-08f5d3c511f5,5,1,2026-07-01T04:27:54+00:00,36.2.4,run5_20260702_050046,run5_20260702_050059,Amazing app TikTok 🤩 👏,Amazing app TikTok 🤩 👏,442f2ec0f71f30d2870bf8efa0a83d2823059ba7339836cd120eec92a291252d,442f2ec0f71f30d2870bf8efa0a83d2823059ba7339836cd120eec92a291252d
google_play,TikTok,com.zhiliaoapp.musically,us,en,0d2187da-eec8-4e55-8028-80c188fa71ab,1,1,2026-07-01T04:27:20+00:00,45.7.3,run5_20260702_050046,run5_20260702_050059,Dear TikTok team. community guaidness violation inbox message not set please recover this problem thank you...,Dear TikTok team. community guaidness violation inbox message not set please recover this problem thank you...,ccc3a707a7486a47484dc1a40bdafc29869351203429bf43ee853441d37686d2,ccc3a707a7486a47484dc1a40bdafc29869351203429bf43ee853441d37686d2
google_play,TikTok,com.zhiliaoapp.musically,us,en,533ff070-40df-4300-b1f0-f990597392d5,5,0,2026-07-01T04:27:02+00:00,45.7.3,run5_20260702_050046,run5_20260702_050059,fun,fun,00c4285274fcc5d6fba2ee58daf0d8c2b9b825b68d35d65d0e90a9bb333a51b5,00c4285274fcc5d6fba2ee58daf0d8c2b9b825b68d35d65d0e90a9bb333a51b5
google_play,TikTok,com.zhiliaoapp.musically,us,en,fff353f6-ae00-4d7f-8f60-668118ef81e1,4,0,2026-07-01T04:26:41+00:00,39.2.0,run5_20260702_050046,run5_20260702_050059,yeah it's good and provides something new everytime so I like it but some time it lacks Idk why.,yeah it's good and provides something new everytime so I like it but some time it lacks Idk why.,988395a32a83bd69a1a8e676032bdbff7fae0bad6c24f1d5f7ae46f2eb5aaf3b,988395a32a83bd69a1a8e676032bdbff7fae0bad6c24f1d5f7ae46f2eb5aaf3b
google_play,TikTok,com.zhiliaoapp.musically,us,en,554b7f80-912b-4109-99c8-6fd7cf2b1d8a,5,0,2026-07-01T04:26:08+00:00,45.7.3,run5_20260702_050046,run5_20260702_050059,for my table it was amazing actually,for my table it was amazing actually,19c3d8b77bea7c6ed94daca3dda271594b901f3c8d7c11b5ed54a9575441b723,19c3d8b77bea7c6ed94daca3dda271594b901f3c8d7c11b5ed54a9575441b723
google_play,TikTok,com.zhiliaoapp.musically,us,en,73b228ef-7582-44a5-b2ad-27eaa0bd42ae,1,0,2026-07-01T04:25:38+00:00,45.7.3,run5_20260702_050046,run5_20260702_050059,"the app keeps saying it's not responding, it's closes it self and it perform very slow","the app keeps saying it's not responding, it's closes it self and it perform very slow",c4438c8b1d49f99e7b440703175972af334d5f010045c0fb7388f74460a83b86,c4438c8b1d49f99e7b440703175972af334d5f010045c0fb7388f74460a83b86
google_play,TikTok,com.zhiliaoapp.musically,us,en,c84ad739-1c1e-4b39-a116-feef3a699794,2,0,2026-07-01T04:25:10+00:00,45.7.3,run5_20260702_050046,run5_20260702_050059,ok,ok,2689367b205c16ce32ed4200942b8b8b1e262dfc70d9bc9fbc77c49699a4f1df,2689367b205c16ce32ed4200942b8b8b1e262dfc70d9bc9fbc77c49699a4f1df
google_play,TikTok,com.zhiliaoapp.musically,us,en,895869e8-3607-454e-ac8e-724a583ebbfd,5,0,2026-07-01T04:25:08+00:00,45.7.3,run5_20260702_050046,run5_20260702_050059,it's so good I learned a lot I definitely recommend this app,it's so good I learned a lot I definitely recommend this app,0312f9463500618644f0b684093171fa16ef4cb61269c745690c25440f127110,0312f9463500618644f0b684093171fa16ef4cb61269c745690c25440f127110
google_play,TikTok,com.zhiliaoapp.musically,us,en,b618198f-8c62-4304-9abf-bde24a19460b,5,0,2026-07-01T04:24:16+00:00,45.7.3,run5_20260702_050046,run5_20260702_050059,excellent,excellent,6d785acc7d4ce49fe4e4bbf276dc73f1cf7c20094d3e96fe84ef79fbebcaf88a,6d785acc7d4ce49fe4e4bbf276dc73f1cf7c20094d3e96fe84ef79fbebcaf88a
google_play,TikTok,com.zhiliaoapp.musically,us,en,a409debe-352e-43b9-85ba-4dd611451828,1,0,2026-07-01T04:23:11+00:00,,run5_20260702_050046,run5_20260702_050059,very bad,very bad,81f1a179149981cbd4410cbce0485b03a74054a0ca72b843c45f957577e56c39,81f1a179149981cbd4410cbce0485b03a74054a0ca72b843c45f957577e56c39
google_play,TikTok,com.zhiliaoapp.musically,us,en,4601c640-5f3d-427a-95dd-06efbacfae0d,1,1,2026-07-01T04:19:11+00:00,45.7.15,run5_20260702_050046,run5_20260702_050059,THIS APP COMPLETELY DESTROYED MY MENTAL HEALTH. it had gotten so bad that the feed kept feeding me suicidal thoughts. I had to delete the app at least twice because it was feeding into my suicidal ideation. I had been institutionalized twice during that time period. tik Tok is an app I will never have on my phone ever again. this is a warning to parents and kids alike.,THIS APP COMPLETELY DESTROYED MY MENTAL HEALTH. it had gotten so bad that the feed kept feeding me suicidal thoughts. I had to delete the app at least twice because it was feeding into my suicidal ideation. I had been institutionalized twice during that time period. tik Tok is an app I will never have on my phone ever again. this is a warning to parents and kids alike.,52c589e802b329bba6db35c113f1b80c8381d77d36e581de50b513932ea0659c,52c589e802b329bba6db35c113f1b80c8381d77d36e581de50b513932ea0659c
google_play,TikTok,com.zhiliaoapp.musically,us,en,3aa0960f-c640-4d42-af3b-7c363dd7edb4,5,1,2026-07-01T04:16:45+00:00,,run5_20260702_050046,run5_20260702_050059,best app,best app,537edf774949f41f4d9e1b0677a50833de4698ac2c099df9a5cd7ea3b455f112,537edf774949f41f4d9e1b0677a50833de4698ac2c099df9a5cd7ea3b455f112
google_play,TikTok,com.zhiliaoapp.musically,us,en,7ccacf1b-d829-46fb-b02d-9a9f2473625a,5,0,2026-07-01T04:13:35+00:00,45.3.3,run5_20260702_050046,run5_20260702_050059,good,good,770e607624d689265ca6c44884d0807d9b054d23c473c106c72be9de08b7376c,770e607624d689265ca6c44884d0807d9b054d23c473c106c72be9de08b7376c
google_play,TikTok,com.zhiliaoapp.musically,us,en,90717954-23ba-4d53-acac-62cbee0b1b5e,5,1,2026-07-01T04:10:57+00:00,,run5_20260702_050046,run5_20260702_050059,this app is awesome,this app is awesome,f63b8ddcc6a30a7277dfc48864f027139cc9338f7ce7bafa615355428020dfd4,f63b8ddcc6a30a7277dfc48864f027139cc9338f7ce7bafa615355428020dfd4
google_play,TikTok,com.zhiliaoapp.musically,us,en,19c4bf31-2587-483b-b49a-5d3c9cbab955,5,0,2026-07-01T04:10:07+00:00,40.4.3,run5_20260702_050046,run5_20260702_050059,good,good,770e607624d689265ca6c44884d0807d9b054d23c473c106c72be9de08b7376c,770e607624d689265ca6c44884d0807d9b054d23c473c106c72be9de08b7376c
google_play,TikTok,com.zhiliaoapp.musically,us,en,1435999e-f732-442b-a7b6-8f288b00d315,2,1,2026-07-01T03:54:00+00:00,45.7.3,run5_20260702_050046,run5_20260702_050059,every other video is an ad. I'm soooo tired of trying to watch videos and getting an ad every other video.,every other video is an ad. I'm soooo tired of trying to watch videos and getting an ad every other video.,d2860301efa95c0c8cee2425813786539b7aedd61f9761156838bd1dd92bb315,d2860301efa95c0c8cee2425813786539b7aedd61f9761156838bd1dd92bb315
google_play,TikTok,com.zhiliaoapp.musically,us,en,5ad4e238-051e-4a3c-885b-23ed1c364923,5,0,2026-07-01T03:45:28+00:00,45.7.3,run5_20260702_050046,run5_20260702_050059,You are best TikTok,You are best TikTok,6aabe797e17e532f946055670b49afe9b5d30bf0719f22726ad46736fb10e7bc,6aabe797e17e532f946055670b49afe9b5d30bf0719f22726ad46736fb10e7bc
google_play,TikTok,com.zhiliaoapp.musically,us,en,191bcdb0-7fdb-464f-ba84-ab0c28cd85df,5,1,2026-07-01T03:38:25+00:00,45.7.3,run5_20260702_050046,run5_20260702_050059,excellent,excellent,6d785acc7d4ce49fe4e4bbf276dc73f1cf7c20094d3e96fe84ef79fbebcaf88a,6d785acc7d4ce49fe4e4bbf276dc73f1cf7c20094d3e96fe84ef79fbebcaf88a
google_play,TikTok,com.zhiliaoapp.musically,us,en,02d00a47-8f26-42b4-a0f6-2b3c315f8347,5,1,2026-07-01T03:38:05+00:00,,run5_20260702_050046,run5_20260702_050059,Ali Awan 202,Ali Awan 202,5bc779aa9096b146a562752175cdaf65a2807f8bc4a2db9e751abc295c4ecc29,5bc779aa9096b146a562752175cdaf65a2807f8bc4a2db9e751abc295c4ecc29
google_play,TikTok,com.zhiliaoapp.musically,us,en,4e7bc4e0-63ad-4123-b843-ca1597c35be4,5,1,2026-07-01T03:28:55+00:00,45.5.4,run5_20260702_050046,run5_20260702_050059,excellent,excellent,6d785acc7d4ce49fe4e4bbf276dc73f1cf7c20094d3e96fe84ef79fbebcaf88a,6d785acc7d4ce49fe4e4bbf276dc73f1cf7c20094d3e96fe84ef79fbebcaf88a
google_play,TikTok,com.zhiliaoapp.musically,us,en,e9fda5ac-9d8b-438c-805e-49d92c5b2202,5,1,2026-07-01T03:25:19+00:00,43.0.3,run5_20260702_050046,run5_20260702_050059,Wad,Wad,4ac2abd3f31c8b994f0efaff4bfcf3caed573cf57f5de5c2913e28e4abb1b05a,4ac2abd3f31c8b994f0efaff4bfcf3caed573cf57f5de5c2913e28e4abb1b05a
google_play,TikTok,com.zhiliaoapp.musically,us,en,c4de5802-b427-45bb-bfb1-06b777317fab,1,1,2026-07-01T03:24:45+00:00,45.5.4,run5_20260702_050046,run5_20260702_050059,QâdëëR HâJâÑÔ,QâdëëR HâJâÑÔ,0043f846e87b2fa0fa6e8bf751b265467babf4512933bcaf3c19643118dac66c,0043f846e87b2fa0fa6e8bf751b265467babf4512933bcaf3c19643118dac66c
google_play,TikTok,com.zhiliaoapp.musically,us,en,0134ad12-85d2-4d0c-b873-086cbdc4b7bf,5,1,2026-07-01T03:21:23+00:00,,run5_20260702_050046,run5_20260702_050059,احسن ZAS,احسن ZAS,4da6956ef1cc61c3167143ba5da2259343a6de01f729cc2e1993779cd5282a07,4da6956ef1cc61c3167143ba5da2259343a6de01f729cc2e1993779cd5282a07
google_play,TikTok,com.zhiliaoapp.musically,us,en,1b16c886-5fbe-4e31-9929-4574b4f71484,5,0,2026-07-01T03:20:22+00:00,44.9.3,run5_20260702_050046,run5_20260702_050059,so fun iykyk,so fun iykyk,da2bcfe13721a7d20999f4dae841c40d610995e44b4f3083b042c2c8fb177bce,da2bcfe13721a7d20999f4dae841c40d610995e44b4f3083b042c2c8fb177bce
google_play,TikTok,com.zhiliaoapp.musically,us,en,79f625c5-dfe2-441a-abb0-ec08a2f867ab,5,1,2026-07-01T03:06:34+00:00,45.7.3,run5_20260702_050046,run5_20260702_050059,very nice,very nice,343614bcdb829f7e0ab1e3a876dc5437a01a6eea3df3fd1031774b5e691fd949,343614bcdb829f7e0ab1e3a876dc5437a01a6eea3df3fd1031774b5e691fd949
google_play,TikTok,com.zhiliaoapp.musically,us,en,cae2db50-f0ec-455f-a399-61ce12a53ce8,1,1,2026-07-01T03:04:53+00:00,,run5_20260702_050046,run5_20260702_050059,I spend a lot of cion for no reason and I want my cion back,I spend a lot of cion for no reason and I want my cion back,3b69565d34a1d3246c628773aee2338d8fd37c416e1813658c0131319b67b8b8,3b69565d34a1d3246c628773aee2338d8fd37c416e1813658c0131319b67b8b8
google_play,TikTok,com.zhiliaoapp.musically,us,en,e519af86-dd34-4249-b9e5-c83b94c8c7ae,1,1,2026-07-01T03:02:27+00:00,45.5.4,run5_20260702_050046,run5_20260702_050059,"got banned for no damn reason, I said I was 7, not I'm 7","got banned for no damn reason, I said I was 7, not I'm 7",beb8559d40f0dfb07952464045719827dcd21982ba39c9b0730492b538c92a0d,beb8559d40f0dfb07952464045719827dcd21982ba39c9b0730492b538c92a0d
google_play,TikTok,com.zhiliaoapp.musically,us,en,871e1d91-ab34-4261-8a91-874f250cb384,2,1,2026-07-01T02:57:01+00:00,45.7.3,run5_20260702_050046,run5_20260702_050059,"Yeah, yeah. TikTok should be fun except this lite one. instable? dometime it allow chats n sometimes no. Same goes to exploring content. This lite version is great! With data saving, and everything. But, these issues make it annoying! Fix it?","Yeah, yeah. TikTok should be fun except this lite one. instable? dometime it allow chats n sometimes no. Same goes to exploring content. This lite version is great! With data saving, and everything. But, these issues make it annoying! Fix it?",b4b8ef6b7379dc6ec40cada82b9c2075f5fc8d0e9dfbf895ee3b80cca47386ae,b4b8ef6b7379dc6ec40cada82b9c2075f5fc8d0e9dfbf895ee3b80cca47386ae
google_play,TikTok,com.zhiliaoapp.musically,us,en,f854ae23-81f5-4766-aa4c-fbdafb79201f,5,0,2026-07-01T02:56:56+00:00,45.7.3,run5_20260702_050046,run5_20260702_050059,great,great,87765da6ccf0668238c1d27c35692e11b4cee9c0e5cd5713a3f6e462d48e9730,87765da6ccf0668238c1d27c35692e11b4cee9c0e5cd5713a3f6e462d48e9730
google_play,TikTok,com.zhiliaoapp.musically,us,en,f027e6b0-cf92-4164-9b42-649c97f43fbb,1,1,2026-07-01T02:55:44+00:00,,run5_20260702_050046,run5_20260702_050059,I don't like it.It want let me back out of the app,I don't like it.It want let me back out of the app,7c30b97f854088f007cd5e4a9277a5282f4e5fdeffefdb0fc923cd6a5693d2e9,7c30b97f854088f007cd5e4a9277a5282f4e5fdeffefdb0fc923cd6a5693d2e9
google_play,TikTok,com.zhiliaoapp.musically,us,en,af9ae572-f8a4-4fed-b196-89103d39c10f,1,0,2026-07-01T02:54:15+00:00,,run5_20260702_050046,run5_20260702_050059,keeps getting in the way of a different app I am trying to use,keeps getting in the way of a different app I am trying to use,37e617227bd5c1396e51f2a30a7d6115a400960f7362caa5b215504a4aeb8533,37e617227bd5c1396e51f2a30a7d6115a400960f7362caa5b215504a4aeb8533
google_play,TikTok,com.zhiliaoapp.musically,us,en,cd742fe4-5625-4aa6-9b96-12b3b8ec5640,1,1,2026-07-01T02:51:13+00:00,44.3.3,run5_20260702_050046,run5_20260702_050059,don't like tiktok,don't like tiktok,4bf3f84a307fb2662eca5b2a2f038413efc61ce6c7e3f5de750e181941ac46f8,4bf3f84a307fb2662eca5b2a2f038413efc61ce6c7e3f5de750e181941ac46f8
google_play,TikTok,com.zhiliaoapp.musically,us,en,87731384-467c-43bc-9834-679a03e963fd,1,1,2026-07-01T02:45:55+00:00,,run5_20260702_050046,run5_20260702_050059,message and click photos,message and click photos,59f0780f397e22de0112a039b153f8c1adf59bcbef4ef13582ab2b89893226e3,59f0780f397e22de0112a039b153f8c1adf59bcbef4ef13582ab2b89893226e3
google_play,TikTok,com.zhiliaoapp.musically,us,en,6a71cff7-1003-4a3f-ad93-fa19cdd9a235,5,0,2026-07-01T02:44:39+00:00,45.5.4,run5_20260702_050046,run5_20260702_050059,habibaa negash,habibaa negash,0634a5827904c5a7d670219c0d8fab6dae849b4b44fd2e1a970fe0f89aa22e38,0634a5827904c5a7d670219c0d8fab6dae849b4b44fd2e1a970fe0f89aa22e38
google_play,TikTok,com.zhiliaoapp.musically,us,en,5292ac81-041e-4b41-82af-d7999f520ef3,5,1,2026-07-01T02:40:27+00:00,45.7.3,run5_20260702_050046,run5_20260702_050059,peak,peak,9ee9e606474e322872c8766aca7f48b49fd42911f2fa121c82b43b4dcbac8980,9ee9e606474e322872c8766aca7f48b49fd42911f2fa121c82b43b4dcbac8980
google_play,TikTok,com.zhiliaoapp.musically,us,en,d91d4ee9-de2d-4f8b-9f7c-0ea8a4056759,5,1,2026-07-01T02:36:47+00:00,45.8.2,run5_20260702_050046,run5_20260702_050059,nice apps,nice apps,1ae072ddec7e8e5d8ee2fe6233d8d6f2465fb203c251583b63d58bdf23ff56fb,1ae072ddec7e8e5d8ee2fe6233d8d6f2465fb203c251583b63d58bdf23ff56fb
google_play,TikTok,com.zhiliaoapp.musically,us,en,be581e4f-f89b-4988-9f54-83de961159bd,5,1,2026-07-01T02:35:28+00:00,,run5_20260702_050046,run5_20260702_050059,Good EXCELLENT,Good EXCELLENT,47f4f9100063eba11228887bf7c8d0c19039ac7db7fb4419be6c99e82dd224ad,47f4f9100063eba11228887bf7c8d0c19039ac7db7fb4419be6c99e82dd224ad
google_play,TikTok,com.zhiliaoapp.musically,us,en,802c84cd-1362-44b1-923f-58da7b874bd0,5,1,2026-07-01T02:35:19+00:00,,run5_20260702_050046,run5_20260702_050059,tiktok is my favorite app is the best I loved always made me laugh and happy😍😍,tiktok is my favorite app is the best I loved always made me laugh and happy😍😍,b15bc93a322f9dd65f98fcc4268d9100ad6ee085c7e3f05ac9d858649dbc0f8f,b15bc93a322f9dd65f98fcc4268d9100ad6ee085c7e3f05ac9d858649dbc0f8f
google_play,TikTok,com.zhiliaoapp.musically,us,en,7c7c3979-e073-4187-8201-350ae62af11a,5,1,2026-07-01T02:32:54+00:00,,run5_20260702_050046,run5_20260702_050059,I love the apl when I am bored it's a good way to doom scroll,I love the apl when I am bored it's a good way to doom scroll,15cacbd1f2fa7e2f194739f8632a0949ee470150779eb7447c7c143e001cfd9f,15cacbd1f2fa7e2f194739f8632a0949ee470150779eb7447c7c143e001cfd9f
google_play,TikTok,com.zhiliaoapp.musically,us,en,8f31489c-679c-43f6-a6a0-bc0bfab98ced,5,0,2026-07-01T02:30:40+00:00,45.7.3,run5_20260702_050046,run5_20260702_050059,said king,said king,2ec095e0a0a98dec268b89cc6d2590f48f61a42f836db15e9b11514e04ed0a14,2ec095e0a0a98dec268b89cc6d2590f48f61a42f836db15e9b11514e04ed0a14
google_play,TikTok,com.zhiliaoapp.musically,us,en,f7ff0ac7-b6e8-40a8-9137-d723b2f9a70f,1,1,2026-07-01T02:30:18+00:00,45.7.3,run5_20260702_050046,run5_20260702_050059,this app is absolute dogsh**. they don't even allow screen shots of their app. it somehow bypasses your camera and shows up black. what a fnnn violation of the android system. disgusting. not to mention the love island contestants are all freaking maga coded. so gross. NO ONE WANTS TO WATCH MAGA MORONS OR RED PILLED IDIOT INCEL MEN.,this app is absolute dogsh**. they don't even allow screen shots of their app. it somehow bypasses your camera and shows up black. what a fnnn violation of the android system. disgusting. not to mention the love island contestants are all freaking maga coded. so gross. NO ONE WANTS TO WATCH MAGA MORONS OR RED PILLED IDIOT INCEL MEN.,1550553d358d698328ffa39ce5b668e93eae0bfc169b1f3f66d0ad43d6278055,1550553d358d698328ffa39ce5b668e93eae0bfc169b1f3f66d0ad43d6278055
google_play,TikTok,com.zhiliaoapp.musically,us,en,aecc8a6e-ff6d-4ba7-9f67-0ac29ced6db1,2,1,2026-07-01T02:27:58+00:00,,run5_20260702_050046,run5_20260702_050059,"fyp kinda sucks, easy to accidentally send or repost something, moderation rlly rlly sucks, too many ads, the AI isnt needed.","fyp kinda sucks, easy to accidentally send or repost something, moderation rlly rlly sucks, too many ads, the AI isnt needed.",93fd1996b37173cd26043ee8256d671e7e14fa5f575729058ab4f87f66cf6eae,93fd1996b37173cd26043ee8256d671e7e14fa5f575729058ab4f87f66cf6eae
google_play,TikTok,com.zhiliaoapp.musically,us,en,425b14e8-44f9-47b6-8e80-4629a7048557,5,1,2026-07-01T02:24:04+00:00,44.8.3,run5_20260702_050046,run5_20260702_050059,love you,love you,a47b70743d043d749b19dad5ff95e87eaff520dd3654a753a070a38cb48fcf0e,a47b70743d043d749b19dad5ff95e87eaff520dd3654a753a070a38cb48fcf0e
google_play,TikTok,com.zhiliaoapp.musically,us,en,39e03dd8-5fbe-4f8e-baa8-7954c560fb2d,5,1,2026-07-01T02:24:00+00:00,45.5.4,run5_20260702_050046,run5_20260702_050059,"hi tiktok team please don't under review my video my tiktok account unfreeze please,my video zero views username, nomipathan956","hi tiktok team please don't under review my video my tiktok account unfreeze please,my video zero views username, nomipathan956",601fa9ac4e9b296a3d5c98256b4db8766bb453bc55167b248034a7993468ebeb,601fa9ac4e9b296a3d5c98256b4db8766bb453bc55167b248034a7993468ebeb
google_play,TikTok,com.zhiliaoapp.musically,us,en,a984a5d5-5614-421e-b996-2e33a0261111,5,0,2026-07-01T02:15:58+00:00,,run5_20260702_050046,run5_20260702_050059,Please video viral,Please video viral,6a5a925b78016a87ab5045da4160602efa7b1e35fb540d70d7b6cd52ba56b2f0,6a5a925b78016a87ab5045da4160602efa7b1e35fb540d70d7b6cd52ba56b2f0
google_play,TikTok,com.zhiliaoapp.musically,us,en,fe633c22-5b1c-4b1b-bbdc-a119bd2172d4,5,1,2026-07-01T02:14:17+00:00,,run5_20260702_050046,run5_20260702_050059,Describe your experience,Describe your experience,e0a087a57884ac7c12c20a5f1f06e9bc1d582353e71e81187ecaa59aba3bf794,e0a087a57884ac7c12c20a5f1f06e9bc1d582353e71e81187ecaa59aba3bf794
google_play,TikTok,com.zhiliaoapp.musically,us,en,675b2c70-4c36-4c8b-906c-91efc595eccd,5,0,2026-07-01T02:13:49+00:00,,run5_20260702_050046,run5_20260702_050059,amazing app gives very good edits,amazing app gives very good edits,a155f5ca32a48ae5d60670ddcaef122bc403f9b7ceec1f2188ccca8a78d092af,a155f5ca32a48ae5d60670ddcaef122bc403f9b7ceec1f2188ccca8a78d092af
google_play,TikTok,com.zhiliaoapp.musically,us,en,454b3a0e-c05f-45d6-b68f-46ba5e969880,5,1,2026-07-01T02:12:34+00:00,45.0.3,run5_20260702_050046,run5_20260702_050059,nice app,nice app,d4b2a436a54d521dc1f6a9d78ae4b159f2b092cf4ee0705ae6b6be9c495d09db,d4b2a436a54d521dc1f6a9d78ae4b159f2b092cf4ee0705ae6b6be9c495d09db
google_play,TikTok,com.zhiliaoapp.musically,us,en,272dad4f-99f2-4a55-a60d-ce225b40eaef,1,1,2026-07-01T02:09:30+00:00,45.7.3,run5_20260702_050046,run5_20260702_050059,I gave 1 star a year ago and I'd give 0 stars now if I could. From having to pay to get views to having every other post restricted for no reason this may be the worst app in the history of apps 🙃,I gave 1 star a year ago and I'd give 0 stars now if I could. From having to pay to get views to having every other post restricted for no reason this may be the worst app in the history of apps 🙃,167c0f70238b7baa64ba145a405a934798fea8a388145b342f40604c95320b7b,167c0f70238b7baa64ba145a405a934798fea8a388145b342f40604c95320b7b
google_play,TikTok,com.zhiliaoapp.musically,us,en,4dafb041-2ad2-439f-8a22-6661ed20565f,5,1,2026-07-01T02:04:43+00:00,45.5.4,run5_20260702_050046,run5_20260702_050059,exchange,exchange,ab27b729d9cc4cb1c00960700446924159e9298d0f952aee3d55408b8e0b1b71,ab27b729d9cc4cb1c00960700446924159e9298d0f952aee3d55408b8e0b1b71
google_play,TikTok,com.zhiliaoapp.musically,us,en,fae55e25-2b69-43cf-9651-e4b5506c5a83,1,0,2026-07-01T02:03:40+00:00,44.4.3,run5_20260702_050046,run5_20260702_050059,Iqra M.r tariqkhan,Iqra M.r tariqkhan,8d6dba98e46dc2fd71a3d4b1ddda8ad68f4b0e48c5ef43fe568bc15fe7e5d658,8d6dba98e46dc2fd71a3d4b1ddda8ad68f4b0e48c5ef43fe568bc15fe7e5d658
google_play,TikTok,com.zhiliaoapp.musically,us,en,95f739d6-6bf4-4865-a455-1ccac16dd961,5,0,2026-07-01T02:01:35+00:00,45.8.2,run5_20260702_050046,run5_20260702_050059,not showing TikTok for you aption 2026,not showing TikTok for you aption 2026,f62646fbec7815c7142962c33d66bde50dc4da5cf1963fd77928180a986a192e,f62646fbec7815c7142962c33d66bde50dc4da5cf1963fd77928180a986a192e
google_play,TikTok,com.zhiliaoapp.musically,us,en,b8fb907b-bd10-4024-af2b-1ae9095ce3e2,5,1,2026-07-01T01:59:24+00:00,45.3.3,run5_20260702_050046,run5_20260702_050059,good 👍,good 👍,2b4a8f06506895762ffb26a8f31aea080b8b7e8b55612e5483644eef1fb3b738,2b4a8f06506895762ffb26a8f31aea080b8b7e8b55612e5483644eef1fb3b738
google_play,TikTok,com.zhiliaoapp.musically,us,en,d83e1f91-b4bd-49b7-b923-8fff734fd6bc,2,1,2026-07-01T01:58:29+00:00,99.0.3,run5_20260702_050046,run5_20260702_050059,your app keeps taking over my phone and locking it on its own and it's starting to PISS me off,your app keeps taking over my phone and locking it on its own and it's starting to PISS me off,500674e311c0d5abd4d0e0f4f8a7494de9a377b0ae34842e01e1ac009ef43393,500674e311c0d5abd4d0e0f4f8a7494de9a377b0ae34842e01e1ac009ef43393
google_play,TikTok,com.zhiliaoapp.musically,us,en,6ae520d3-b20c-479b-a068-098c8619bd49,5,1,2026-07-01T01:57:35+00:00,45.7.3,run5_20260702_050046,run5_20260702_050059,it is a fun experience,it is a fun experience,14da55811b3cadb620917266d5d5f5be560ee7fea92b850bee358e2c90c9bc4a,14da55811b3cadb620917266d5d5f5be560ee7fea92b850bee358e2c90c9bc4a
google_play,TikTok,com.zhiliaoapp.musically,us,en,ff7b09d1-f3c2-4386-b107-c603ab663251,3,1,2026-07-01T01:57:14+00:00,45.7.3,run5_20260702_050046,run5_20260702_050059,"it takes too long to install, why??","it takes too long to install, why??",b11726a01df8309f903762a7f70df38bb9a043c389aa5cf29f3246c05edf4190,b11726a01df8309f903762a7f70df38bb9a043c389aa5cf29f3246c05edf4190
google_play,TikTok,com.zhiliaoapp.musically,us,en,2d2b0b97-1361-47ac-bc48-3989da8f1e7f,5,1,2026-07-01T01:56:17+00:00,,run5_20260702_050046,run5_20260702_050059,for you,for you,7abe8cd76a85fe949b676e1f0f9935a7c56163e0c1c7552e8ac770c0926d6c41,7abe8cd76a85fe949b676e1f0f9935a7c56163e0c1c7552e8ac770c0926d6c41
google_play,TikTok,com.zhiliaoapp.musically,us,en,cb8710c2-27ae-4155-82d8-7589cedbcc9f,1,1,2026-07-01T01:56:14+00:00,13.2.11,run5_20260702_050046,run5_20260702_050059,I hate it it was glitch,I hate it it was glitch,29a0d8380d294792c8d49049bc5e7e892fb551b823f097797087d07605ecc1cd,29a0d8380d294792c8d49049bc5e7e892fb551b823f097797087d07605ecc1cd
google_play,TikTok,com.zhiliaoapp.musically,us,en,c06a64ae-6b76-44a3-a5e1-f226c1fc780f,5,1,2026-07-01T01:54:22+00:00,,run5_20260702_050046,run5_20260702_050059,esta app es espectacular,esta app es espectacular,affa6fa7bd6a8e74cf6555ad993d540dde766018f9c747b765fa89f399ae02b9,affa6fa7bd6a8e74cf6555ad993d540dde766018f9c747b765fa89f399ae02b9
google_play,TikTok,com.zhiliaoapp.musically,us,en,49566592-267d-4b90-8816-5f28138e7dd0,5,1,2026-07-01T01:54:03+00:00,,run5_20260702_050046,run5_20260702_050059,shaporan you 🩷😛🤩💝♍🫅:⁠-⁠D}⁠:⁠‑⁠)(⁠^⁠^⁠),shaporan you 🩷😛🤩💝♍🫅:⁠-⁠D}⁠:⁠‑⁠)(⁠^⁠^⁠),43527bd179aa0593c8cdeb1a633abed6af45b52e9b59ac1e23b99c093569cc7a,43527bd179aa0593c8cdeb1a633abed6af45b52e9b59ac1e23b99c093569cc7a
google_play,TikTok,com.zhiliaoapp.musically,us,en,b7ff70e6-b50c-4718-ae79-4c3c25288c58,5,1,2026-07-01T01:51:49+00:00,,run5_20260702_050046,run5_20260702_050059,it's a great app 💯👌,it's a great app 💯👌,a655c8133bceaa2e983975a09108a9672294e3ddcd1db5e02c58e50703acaef1,a655c8133bceaa2e983975a09108a9672294e3ddcd1db5e02c58e50703acaef1
google_play,TikTok,com.zhiliaoapp.musically,us,en,9138ed57-77da-4855-aff3-7efd13cd559c,1,1,2026-07-01T01:51:05+00:00,45.7.3,run5_20260702_050046,run5_20260702_050059,فجاة التطبيق يشغل الاصوات بالخلفية بدون سبب؟؟؟,فجاة التطبيق يشغل الاصوات بالخلفية بدون سبب؟؟؟,d546faf07b39524e86abbaef7e104d124e4857982eb326fec7a10b649d116803,d546faf07b39524e86abbaef7e104d124e4857982eb326fec7a10b649d116803
google_play,TikTok,com.zhiliaoapp.musically,us,en,ab914c51-8d4c-40cb-9c17-97a9bace3110,1,1,2026-07-01T01:48:18+00:00,45.7.3,run5_20260702_050046,run5_20260702_050059,"app is being super buggy, not loading many things, videos, comments etc even trying to report within the app won't let me, tells me I have no internet connection when going to report an issue. sounds like an update is needed!","app is being super buggy, not loading many things, videos, comments etc even trying to report within the app won't let me, tells me I have no internet connection when going to report an issue. sounds like an update is needed!",0407592599f690e708a9b7f370592ddd916e97f2b7e1d263c75b6ea517c5d247,0407592599f690e708a9b7f370592ddd916e97f2b7e1d263c75b6ea517c5d247
google_play,TikTok,com.zhiliaoapp.musically,us,en,9fa0d363-3ccd-4a09-8e3d-53e91ee43f58,1,3,2026-07-01T01:44:25+00:00,45.7.3,run5_20260702_050046,run5_20260702_050059,"my tt is glitched why, why u always with me!!","my tt is glitched why, why u always with me!!",1132ba7b48b4d6788a2867460d90158abc53b710f6c68bd19765c1e878d9ad13,1132ba7b48b4d6788a2867460d90158abc53b710f6c68bd19765c1e878d9ad13
google_play,TikTok,com.zhiliaoapp.musically,us,en,c8b46f74-6ab7-4af9-acf5-028351c4c303,1,1,2026-07-01T01:43:28+00:00,45.7.3,run5_20260702_050046,run5_20260702_050059,horrible I lost my account for no reason I got 15 warnings because I quote on quote don't reach age requirements when I never showed my face in ANYTHING on tiktok horrible app says false information and it doesn't make any sense,horrible I lost my account for no reason I got 15 warnings because I quote on quote don't reach age requirements when I never showed my face in ANYTHING on tiktok horrible app says false information and it doesn't make any sense,01ec03f3e934a7ba46913c4ccbed381a79eb93525b0f8985fa6bff4c4f235a55,01ec03f3e934a7ba46913c4ccbed381a79eb93525b0f8985fa6bff4c4f235a55
google_play,TikTok,com.zhiliaoapp.musically,us,en,f77ba49b-3d0d-4e57-8963-b0e90cd391c6,5,1,2026-07-01T01:40:50+00:00,,run5_20260702_050046,run5_20260702_050059,Abdullah Qasim,Abdullah Qasim,ba05122c867e7f3cf43922d8c23d5bbaa03048fada2d61099f14fc8071960047,ba05122c867e7f3cf43922d8c23d5bbaa03048fada2d61099f14fc8071960047
google_play,TikTok,com.zhiliaoapp.musically,us,en,8b5711d3-b287-46ce-8e49-48666ae99dd1,5,1,2026-07-01T01:38:34+00:00,45.2.3,run5_20260702_050046,run5_20260702_050059,"my experience with TikTok is amazing,u know the video and comedy","my experience with TikTok is amazing,u know the video and comedy",fde27210ff12100f781d0e0b46b0a36a45b7bf375fdab36d2237bacbc98a4126,fde27210ff12100f781d0e0b46b0a36a45b7bf375fdab36d2237bacbc98a4126
google_play,TikTok,com.zhiliaoapp.musically,us,en,2bd4c5bd-1117-4cf9-a755-5a541e7c169f,5,1,2026-07-01T01:38:01+00:00,42.4.4,run5_20260702_050046,run5_20260702_050059,TikTok Nice This app 💔,TikTok Nice This app 💔,f6d741e901bc233c78f32f4a126db51d6ccc646e2080f0317dbecc4201969a6b,f6d741e901bc233c78f32f4a126db51d6ccc646e2080f0317dbecc4201969a6b
google_play,TikTok,com.zhiliaoapp.musically,us,en,1ad10552-f112-4662-9c25-3c3edc8bb13d,3,1,2026-07-01T01:36:01+00:00,45.7.3,run5_20260702_050046,run5_20260702_050059,The app is flagging even good comments these days. Your Ai is not doing justice,The app is flagging even good comments these days. Your Ai is not doing justice,6fd7395fb2b0252cd24c2358034defc605c38f54b50e0189f8af46ab6397240d,6fd7395fb2b0252cd24c2358034defc605c38f54b50e0189f8af46ab6397240d
google_play,TikTok,com.zhiliaoapp.musically,us,en,f408f861-4017-422d-8a7f-d19f3dc5e178,1,1,2026-07-01T01:31:42+00:00,,run5_20260702_050046,run5_20260702_050059,zahorkhanLll,zahorkhanLll,dcb492b5d948583a5775a41ea9f16b68e81045ca70cbb9d109f434908f8c1151,dcb492b5d948583a5775a41ea9f16b68e81045ca70cbb9d109f434908f8c1151
google_play,TikTok,com.zhiliaoapp.musically,us,en,5c493a9b-324b-498a-8075-35849ce5cb75,1,1,2026-07-01T01:27:28+00:00,45.7.3,run5_20260702_050046,run5_20260702_050059,too many ads yall suck,too many ads yall suck,99cc0f9a4e37092feccac5d1ee01d89381508a1777f21caa942f4d75c77ba4e5,99cc0f9a4e37092feccac5d1ee01d89381508a1777f21caa942f4d75c77ba4e5
google_play,TikTok,com.zhiliaoapp.musically,us,en,83907c58-b4d9-42e5-9a54-935ab1b9c022,3,1,2026-07-01T01:22:27+00:00,,run5_20260702_050046,run5_20260702_050059,"a lot of kids posts, crazy stuff","a lot of kids posts, crazy stuff",38d363cc42574f517ca3c12e0d39cd6e31776134c11395c0b9918521d6c0b831,38d363cc42574f517ca3c12e0d39cd6e31776134c11395c0b9918521d6c0b831
google_play,TikTok,com.zhiliaoapp.musically,us,en,7f175501-4680-4bbf-b30d-cc9894184e42,5,1,2026-07-01T01:19:56+00:00,,run5_20260702_050046,run5_20260702_050059,TikTlok,TikTlok,d707027b5db56e5dec926b3c3104d0723108b387d2879320ac52dd02801f4897,d707027b5db56e5dec926b3c3104d0723108b387d2879320ac52dd02801f4897
google_play,TikTok,com.zhiliaoapp.musically,us,en,3cdae48c-ddef-4c2b-9019-0d46fb0ae826,5,1,2026-07-01T01:18:14+00:00,,run5_20260702_050046,run5_20260702_050059,me encanta esta applicacion,me encanta esta applicacion,d7569b5cc12e290acaa49943f7396c12cbc899563b195f906d5bf4092ff4fd57,d7569b5cc12e290acaa49943f7396c12cbc899563b195f906d5bf4092ff4fd57
google_play,TikTok,com.zhiliaoapp.musically,us,en,24a42aaf-a24f-42b8-994e-8dba072d5d35,5,1,2026-07-01T01:16:55+00:00,,run5_20260702_050046,run5_20260702_050059,?@yasin king khan,?@yasin king khan,3f563b0285bd8b90e06ff49dde6590827064e5dad40f2f6c34c48cce67816692,3f563b0285bd8b90e06ff49dde6590827064e5dad40f2f6c34c48cce67816692
google_play,TikTok,com.zhiliaoapp.musically,us,en,4d5cc976-7237-412a-a600-719f61dc867a,1,0,2026-07-01T01:07:24+00:00,,run5_20260702_050046,run5_20260702_050059,So bad,So bad,ebf7433f610e94269971d57bec5fb5c7c15eb46e052d38e32c94835b5a2d4fee,ebf7433f610e94269971d57bec5fb5c7c15eb46e052d38e32c94835b5a2d4fee
google_play,TikTok,com.zhiliaoapp.musically,us,en,ffe244f8-3e68-44a3-9029-ebadc125eaef,5,0,2026-07-01T01:01:28+00:00,45.7.3,run5_20260702_050046,run5_20260702_050059,"There will be some very valuable activities Also, as a shortcoming, in online payments, there are no easy options as before, when it is difficult to enter OTP or password, cash payments become a difficult task. Thanks Tick Tock and Placetro","There will be some very valuable activities Also, as a shortcoming, in online payments, there are no easy options as before, when it is difficult to enter OTP or password, cash payments become a difficult task. Thanks Tick Tock and Placetro",d677bffd507f08a69bf6286b3482566fc2fb73ae0fdbc5509365166e643cdfc8,d677bffd507f08a69bf6286b3482566fc2fb73ae0fdbc5509365166e643cdfc8
google_play,TikTok,com.zhiliaoapp.musically,us,en,3165cf1e-47ab-412c-a52b-108ff8096b98,4,1,2026-07-01T01:00:47+00:00,45.7.3,run5_20260702_050046,run5_20260702_050059,"This app great of all time at funny moment, sad mood 😔 and other. One particular problem I'm facing right now is that I can't comment with sticker 😕. Even the app updated. Please help me","This app great of all time at funny moment, sad mood 😔 and other. One particular problem I'm facing right now is that I can't comment with sticker 😕. Even the app updated. Please help me",f950c9da18ac96a8d2e1c123b42a51ef9d15329ec4cbc7f72b39e1be4bee8fc9,f950c9da18ac96a8d2e1c123b42a51ef9d15329ec4cbc7f72b39e1be4bee8fc9
google_play,TikTok,com.zhiliaoapp.musically,us,en,a43f58ca-0b3a-4162-8473-cdb07173c297,5,0,2026-07-01T00:59:35+00:00,45.7.3,run5_20260702_050046,run5_20260702_050059,Jimmy gira Angelo Quijotadas,Jimmy gira Angelo Quijotadas,e5168655676a4e6784a3c9abecbf7917233558fddb4b6a69ad14a08087dbb46b,e5168655676a4e6784a3c9abecbf7917233558fddb4b6a69ad14a08087dbb46b
google_play,TikTok,com.zhiliaoapp.musically,us,en,c95b79c5-2c1e-4d58-b774-99405ad7a251,4,1,2026-07-01T00:59:05+00:00,,run5_20260702_050046,run5_20260702_050059,You,You,08b041935798fbf6fd6ff51099ffedb140a475889986d14f5559ff8e7fc571dd,08b041935798fbf6fd6ff51099ffedb140a475889986d14f5559ff8e7fc571dd
google_play,TikTok,com.zhiliaoapp.musically,us,en,125d32e4-c440-4bd9-adf0-21fda6bd6ed6,2,1,2026-07-01T00:56:11+00:00,45.7.3,run5_20260702_050046,run5_20260702_050059,Apparently they updated the app to where they need access to all your pics and videos or they won't let you upload anything. I don't like this invasion of my privacy.,Apparently they updated the app to where they need access to all your pics and videos or they won't let you upload anything. I don't like this invasion of my privacy.,f3824d227e8d0aa78e1ccac7dd37b57f3960bcace5d438910417ea9104b860bf,f3824d227e8d0aa78e1ccac7dd37b57f3960bcace5d438910417ea9104b860bf
google_play,TikTok,com.zhiliaoapp.musically,us,en,6bf66745-9203-44ae-a9b9-e5eac5b137fa,3,1,2026-07-01T00:49:29+00:00,,run5_20260702_050046,run5_20260702_050059,I can't see the live icon on my screen,I can't see the live icon on my screen,5562e11458aaec9d5e75c1382e342d0e77bb7bc9d4d0de3f3d5710ff262072b8,5562e11458aaec9d5e75c1382e342d0e77bb7bc9d4d0de3f3d5710ff262072b8
google_play,TikTok,com.zhiliaoapp.musically,us,en,59208f12-bca3-4905-9adf-b9d39da03e7b,1,1,2026-07-01T00:38:57+00:00,45.7.3,run5_20260702_050046,run5_20260702_050059,Gabbar bhai,Gabbar bhai,74d1fbd6e68c071fd5561c4fba7c12f121c8c7aa1a9fe4f3f0314952edd093f2,74d1fbd6e68c071fd5561c4fba7c12f121c8c7aa1a9fe4f3f0314952edd093f2
google_play,TikTok,com.zhiliaoapp.musically,us,en,2a6514a6-0434-451d-9bc0-2541e646f81a,1,1,2026-07-01T00:38:10+00:00,45.7.3,run5_20260702_050046,run5_20260702_050059,u guys legit fail ur people u don't protect anyone I've reported someone's comment multiple times and even asked a human to review it because it's bullying and harassment this person told someone that their life doesn't matter and yet it's not handled this is bs,u guys legit fail ur people u don't protect anyone I've reported someone's comment multiple times and even asked a human to review it because it's bullying and harassment this person told someone that their life doesn't matter and yet it's not handled this is bs,59d4bab49619515935cefb8898938cbbf8b322daab56fae3b1ecba43254a2126,59d4bab49619515935cefb8898938cbbf8b322daab56fae3b1ecba43254a2126
google_play,TikTok,com.zhiliaoapp.musically,us,en,601ac424-7a42-4d33-a683-f450fa092346,5,0,2026-07-01T00:36:21+00:00,,run5_20260702_050046,run5_20260702_050059,I love TikTok 💞😍💞😍,I love TikTok 💞😍💞😍,a1292764a10b08e00cceab56c809f266fa142602f996fdbbba8036377d5b6827,a1292764a10b08e00cceab56c809f266fa142602f996fdbbba8036377d5b6827
google_play,TikTok,com.zhiliaoapp.musically,us,en,6fe091c8-2ac5-4e8b-b340-bbac70d576ef,1,1,2026-07-01T00:33:29+00:00,45.7.3,run5_20260702_050046,run5_20260702_050059,الفلاتر مش بتدعم جهازي,الفلاتر مش بتدعم جهازي,70a0d70c603e8a1d0906a012ca2834e8de0d0f2fc5dfea599036897933f59e32,70a0d70c603e8a1d0906a012ca2834e8de0d0f2fc5dfea599036897933f59e32
google_play,TikTok,com.zhiliaoapp.musically,us,en,1ddd75b3-acfd-468b-b3b1-9fd2f4d7b899,5,1,2026-07-01T00:32:08+00:00,,run5_20260702_050046,run5_20260702_050059,TikTok_,TikTok_,10593ac13e4f1d5d1d705dcb50ec68cd11a4373069f693c3b2bbbff48e8f88ea,10593ac13e4f1d5d1d705dcb50ec68cd11a4373069f693c3b2bbbff48e8f88ea
google_play,TikTok,com.zhiliaoapp.musically,us,en,6ee12223-669e-43b0-8beb-173500c18634,2,1,2026-07-01T00:30:03+00:00,45.7.3,run5_20260702_050046,run5_20260702_050059,always running slow,always running slow,f25574fb55d85a89f9c30661342d2e45092e47e0050839b59fd995a7b3c90ab7,f25574fb55d85a89f9c30661342d2e45092e47e0050839b59fd995a7b3c90ab7
google_play,TikTok,com.zhiliaoapp.musically,us,en,577528fe-0391-4158-b74b-4b85eb8c475b,1,42,2026-07-01T00:29:53+00:00,45.7.3,run5_20260702_050046,run5_20260702_050059,"I love this app, but the ONE thing I can't stand is the unnecessary censorship. I couldn't even say I'm spending the night at my friends house. yet people can post gore without getting a violation, yeah ok. they made it so obvious this app isn't for kids, so why the censorship? edit: now there's ads ads ads ads ads ads ads, horrible FYP, 10 scrolls I got 4 ads 3 lives and 3 sucky videos","I love this app, but the ONE thing I can't stand is the unnecessary censorship. I couldn't even say I'm spending the night at my friends house. yet people can post gore without getting a violation, yeah ok. they made it so obvious this app isn't for kids, so why the censorship? edit: now there's ads ads ads ads ads ads ads, horrible FYP, 10 scrolls I got 4 ads 3 lives and 3 sucky videos",361c998b1c9a633d19e90cc9c97a53ca0bf78e7aed1cf5dbef8fc0bec07e21da,361c998b1c9a633d19e90cc9c97a53ca0bf78e7aed1cf5dbef8fc0bec07e21da
google_play,TikTok,com.zhiliaoapp.musically,us,en,7d4b7899-ca3d-427d-960d-92574cd5e96b,1,1,2026-07-01T00:29:00+00:00,45.7.3,run5_20260702_050046,run5_20260702_050059,The glitches on this app the last few days is driving me crazy. I can't even see who's views my tiktoks anymore and all settings are done correctly. The views button is greyed out can even tap it.. When is the next update to fix all this. I've done everything to try fix it but no good,The glitches on this app the last few days is driving me crazy. I can't even see who's views my tiktoks anymore and all settings are done correctly. The views button is greyed out can even tap it.. When is the next update to fix all this. I've done everything to try fix it but no good,ce31fc8d4cf7cb631a1939e593475e09da3d8ff5b44e17e2ca9de363e9d4b2c2,ce31fc8d4cf7cb631a1939e593475e09da3d8ff5b44e17e2ca9de363e9d4b2c2
google_play,TikTok,com.zhiliaoapp.musically,us,en,66faf595-6067-47f6-a986-b955f59a1f5e,2,1,2026-07-01T00:27:40+00:00,45.7.3,run5_20260702_050046,run5_20260702_050059,Haven't Been Able to Read comments for Months now Still hasn't been Fixed. I have tired everything to get it to Work 😩,Haven't Been Able to Read comments for Months now Still hasn't been Fixed. I have tired everything to get it to Work 😩,144fb2a279a0a5399aed2d067961c885b6cae533de1fceead03c8ddb2bd6a907,144fb2a279a0a5399aed2d067961c885b6cae533de1fceead03c8ddb2bd6a907
google_play,TikTok,com.zhiliaoapp.musically,us,en,01213d94-6362-4abc-8e5b-e12b676c8dda,5,1,2026-07-01T00:23:21+00:00,45.7.3,run5_20260702_050046,run5_20260702_050059,I would like to call,I would like to call,53a83021f1d793c7703530b8872f4a43f2ed9b98803073875c830debf9789299,53a83021f1d793c7703530b8872f4a43f2ed9b98803073875c830debf9789299
google_play,YouTube,com.google.android.youtube,us,en,878d384b-be09-4dc4-b416-4d07d253b014,5,0,2026-07-03T03:28:03+00:00,17.11.34,run5_day3_20260704_032957,run5_day3_20260704_032957,Nice,Nice,fdc96ffbf256523aec8846ae56321053c7ab751c99eb766e6bb4a7d362a4f060,fdc96ffbf256523aec8846ae56321053c7ab751c99eb766e6bb4a7d362a4f060
google_play,YouTube,com.google.android.youtube,us,en,ea572bf9-ad5a-4bcd-b388-4132425622a3,5,0,2026-07-03T03:27:24+00:00,17.07.35,run5_day3_20260704_032957,run5_day3_20260704_032957,YouTube is very important app YouTube is very important in life,YouTube is very important app YouTube is very important in life,253300d1503a144a0bbd9c1aacc0fc02b21df2f4deb96b31cb85a689f13230f4,253300d1503a144a0bbd9c1aacc0fc02b21df2f4deb96b31cb85a689f13230f4
google_play,YouTube,com.google.android.youtube,us,en,651c95a1-7801-4b4f-8bdf-a03927414e1b,5,0,2026-07-03T03:26:17+00:00,21.25.523,run5_day3_20260704_032957,run5_day3_20260704_032957,Very good Excellent,Very good Excellent,9683dbc0f175277e315ae9503cf7fc8423967c1c10e77854e8ae23c7d1b91a9d,9683dbc0f175277e315ae9503cf7fc8423967c1c10e77854e8ae23c7d1b91a9d
google_play,YouTube,com.google.android.youtube,us,en,9d4214e4-f646-4b6d-92a5-18457047b00a,5,0,2026-07-03T03:23:27+00:00,21.21.83,run5_day3_20260704_032957,run5_day3_20260704_032957,best app in world,best app in world,35a1fb9ce9f56fc024c4607e1fc8c4ec9f510203ff57d855aff28c3975cdb952,35a1fb9ce9f56fc024c4607e1fc8c4ec9f510203ff57d855aff28c3975cdb952
google_play,YouTube,com.google.android.youtube,us,en,d7e734af-59f2-4391-bacc-08a0f5e562c2,5,0,2026-07-03T03:21:47+00:00,21.26.364,run5_day3_20260704_032957,run5_day3_20260704_032957,"this app was very good,but only downloaded videos properly not working 😕","this app was very good,but only downloaded videos properly not working 😕",f66c9993c1d54abfdbe7c8a3a3326de72fdb763878fbb5491ac0b38472eaf462,f66c9993c1d54abfdbe7c8a3a3326de72fdb763878fbb5491ac0b38472eaf462
google_play,YouTube,com.google.android.youtube,us,en,e8f5ecef-a8d8-4b7c-bc0f-00badfd80cc3,1,0,2026-07-03T03:21:47+00:00,21.26.364,run5_day3_20260704_032957,run5_day3_20260704_032957,there's no dislike button so now all you get is AI slop in your algorithm,there's no dislike button so now all you get is AI slop in your algorithm,75982db43b9ac47a4847acd3f2408241148034e41b02f0a6ca92f8e261e4b63c,75982db43b9ac47a4847acd3f2408241148034e41b02f0a6ca92f8e261e4b63c
google_play,YouTube,com.google.android.youtube,us,en,755dff31-dcb3-445b-8277-9ada68bfe707,1,0,2026-07-03T03:21:31+00:00,21.25.523,run5_day3_20260704_032957,run5_day3_20260704_032957,why youtube??? why did u remove the dislike button?? and why is there somany trash videos in my feed. i don't want these bullsh!t AI generated videos.,why youtube??? why did u remove the dislike button?? and why is there somany trash videos in my feed. i don't want these bullsh!t AI generated videos.,010fd96c8f2e02e1043906def621aa0b7cee4f0f9de41e4b91266f3195e68ba1,010fd96c8f2e02e1043906def621aa0b7cee4f0f9de41e4b91266f3195e68ba1
google_play,YouTube,com.google.android.youtube,us,en,88ceff46-fa13-4e0c-9a62-12092e170b42,1,0,2026-07-03T03:21:04+00:00,21.25.523,run5_day3_20260704_032957,run5_day3_20260704_032957,very bad 2026,very bad 2026,fd7bf3f94efadd5bef1cb39b005c12913476ac845e02c04ad4faa1e9c01f51d9,fd7bf3f94efadd5bef1cb39b005c12913476ac845e02c04ad4faa1e9c01f51d9
google_play,YouTube,com.google.android.youtube,us,en,0caa50ee-7e7e-4f8e-b1c6-eb62cdd86fc1,5,0,2026-07-03T03:21:01+00:00,21.21.90,run5_day3_20260704_032957,run5_day3_20260704_032957,nice app,nice app,d4b2a436a54d521dc1f6a9d78ae4b159f2b092cf4ee0705ae6b6be9c495d09db,d4b2a436a54d521dc1f6a9d78ae4b159f2b092cf4ee0705ae6b6be9c495d09db
google_play,YouTube,com.google.android.youtube,us,en,1072f67c-fd84-424b-94ae-b861485ab0ca,5,0,2026-07-03T03:20:43+00:00,21.26.364,run5_day3_20260704_032957,run5_day3_20260704_032957,I have had an awesome experience for years now,I have had an awesome experience for years now,0d4e13562f07d09037ea7ed1a2875c7a7b3b07c0e2b3f1feb72744323fce7d75,0d4e13562f07d09037ea7ed1a2875c7a7b3b07c0e2b3f1feb72744323fce7d75
google_play,YouTube,com.google.android.youtube,us,en,8a107aae-b098-4649-a9d2-900c906090d5,5,0,2026-07-03T03:20:05+00:00,11.04.56,run5_day3_20260704_032957,run5_day3_20260704_032957,My YouTube,My YouTube,92c0cc0c3e3ce2ac1c8f75ca30baae579e92517e177882260abe99625224b6bf,92c0cc0c3e3ce2ac1c8f75ca30baae579e92517e177882260abe99625224b6bf
google_play,YouTube,com.google.android.youtube,us,en,5bc8b51d-e26f-4278-a029-b580995fd569,1,6,2026-07-03T03:18:54+00:00,21.26.364,run5_day3_20260704_032957,run5_day3_20260704_032957,They finally did it and removed the dislike button for shorts. Just when I thought YouTube couldn't get any worse than it already was...,They finally did it and removed the dislike button for shorts. Just when I thought YouTube couldn't get any worse than it already was...,6b29e37da777bcc10163b4f047bda3a0fdce4a6cb6d146b8ef578856b0a8fe0b,6b29e37da777bcc10163b4f047bda3a0fdce4a6cb6d146b8ef578856b0a8fe0b
google_play,YouTube,com.google.android.youtube,us,en,9a635747-5c08-43bb-b157-5591a58ac18f,1,0,2026-07-03T03:18:06+00:00,21.26.364,run5_day3_20260704_032957,run5_day3_20260704_032957,I don't know what they did in this last update but the layout is buggy and I have to close out of the app to get back to my homepage. They took away the dislike button completely and I've had an unacceptable increase of AI slop being forced into my algorithm. I've used YouTube for the majority of my entertainment and music since 2008. But I'm seriously considering deleting it and never looking back if they don't straighten up and put dislikes back and either remove or clearly label Ai videos.,I don't know what they did in this last update but the layout is buggy and I have to close out of the app to get back to my homepage. They took away the dislike button completely and I've had an unacceptable increase of AI slop being forced into my algorithm. I've used YouTube for the majority of my entertainment and music since 2008. But I'm seriously considering deleting it and never looking back if they don't straighten up and put dislikes back and either remove or clearly label Ai videos.,4548a16cc27ee313d3deccf3d1792e5df6e5d87f65139b6436722f6a0723bc93,4548a16cc27ee313d3deccf3d1792e5df6e5d87f65139b6436722f6a0723bc93
google_play,YouTube,com.google.android.youtube,us,en,6ca61e69-4e1a-47f8-a404-304d1817ca7a,1,41,2026-07-03T03:17:29+00:00,21.26.364,run5_day3_20260704_032957,run5_day3_20260704_032957,"STILL bad. Comments can get deleted by ads coming on. Said ads are longer & without skips. The unwanted AI autodubbing feature keeps confusing English songs for foreign ones. AI filters get put on ppl's vids without consent. Filter buttons 4 videos may jump to my prior search. Comments I make on a short or post may pop into the comments of the short, post, or vid I was on prior. Bot issues. AI ads—I can't report—stay up while YouTubers get crippled by strict rules & stolen by AI ""reimagining.""","STILL bad. Comments can get deleted by ads coming on. Said ads are longer & without skips. The unwanted AI autodubbing feature keeps confusing English songs for foreign ones. AI filters get put on ppl's vids without consent. Filter buttons 4 videos may jump to my prior search. Comments I make on a short or post may pop into the comments of the short, post, or vid I was on prior. Bot issues. AI ads—I can't report—stay up while YouTubers get crippled by strict rules & stolen by AI ""reimagining.""",68f2afeb4c71169241e6aa099b67bf50549aae7d38f2c7b087878824edf8f6b0,68f2afeb4c71169241e6aa099b67bf50549aae7d38f2c7b087878824edf8f6b0
google_play,YouTube,com.google.android.youtube,us,en,dfa2056c-fc47-4622-a37c-f3db183fcba9,4,0,2026-07-03T03:16:52+00:00,21.22.165,run5_day3_20260704_032957,run5_day3_20260704_032957,please free 2KHD video on,please free 2KHD video on,a0c5bbe2b024b5ee593b687fd5302c5da34a3b44ea3d49974cbbe70eac96de19,a0c5bbe2b024b5ee593b687fd5302c5da34a3b44ea3d49974cbbe70eac96de19
google_play,YouTube,com.google.android.youtube,us,en,8133a584-ace1-483c-a072-0c927ff1634a,1,0,2026-07-03T03:16:42+00:00,21.26.364,run5_day3_20260704_032957,run5_day3_20260704_032957,I am a vary active user of this app especially when one short turns in to 10 to 100 but I then ran across a problem I see a Ai video and normally I'll leave a dislike and don't recommend this channel but there's no dislike button. WHERE is my dislike button for YouTube shorts!?!?,I am a vary active user of this app especially when one short turns in to 10 to 100 but I then ran across a problem I see a Ai video and normally I'll leave a dislike and don't recommend this channel but there's no dislike button. WHERE is my dislike button for YouTube shorts!?!?,4e35aa3032432a1db4be2fc9ad425c6ff8941c79e1392c2091e6a077330a9c8a,4e35aa3032432a1db4be2fc9ad425c6ff8941c79e1392c2091e6a077330a9c8a
google_play,YouTube,com.google.android.youtube,us,en,aadc752f-1218-44e9-b41f-21ef5b6be235,5,0,2026-07-03T03:15:01+00:00,20.02.40,run5_day3_20260704_032957,run5_day3_20260704_032957,Nice,Nice,fdc96ffbf256523aec8846ae56321053c7ab751c99eb766e6bb4a7d362a4f060,fdc96ffbf256523aec8846ae56321053c7ab751c99eb766e6bb4a7d362a4f060
google_play,YouTube,com.google.android.youtube,us,en,b5fb5689-769b-4562-acf5-b4ad82970658,5,0,2026-07-03T03:14:12+00:00,21.25.523,run5_day3_20260704_032957,run5_day3_20260704_032957,to many app updates but content and video excellent clear sounding and many to choose from the free you tube,to many app updates but content and video excellent clear sounding and many to choose from the free you tube,e00ba01d5e486efab4ce94345797cd02f063eb263d0e2c5621dd0b7f9c534084,e00ba01d5e486efab4ce94345797cd02f063eb263d0e2c5621dd0b7f9c534084
google_play,YouTube,com.google.android.youtube,us,en,3c27c6e4-9fc5-423f-9e7d-1d3005a5244e,2,0,2026-07-03T03:13:36+00:00,21.23.483,run5_day3_20260704_032957,run5_day3_20260704_032957,We need the dislike button back on shorts,We need the dislike button back on shorts,adfe7d821dd167ece852828b8b8c7ab54450c661bbf70cae6556db1baa665464,adfe7d821dd167ece852828b8b8c7ab54450c661bbf70cae6556db1baa665464
google_play,YouTube,com.google.android.youtube,us,en,e37def70-014d-4fdb-bb36-1c4a94159cf2,1,0,2026-07-03T03:12:30+00:00,21.26.364,run5_day3_20260704_032957,run5_day3_20260704_032957,Bring back the dislike button and it's counter.,Bring back the dislike button and it's counter.,e76df4b3c8520eb862d636d5eb72c1be55ecefd34c3799e2fda496b787ca87e2,e76df4b3c8520eb862d636d5eb72c1be55ecefd34c3799e2fda496b787ca87e2
google_play,YouTube,com.google.android.youtube,us,en,3184961e-ce31-43cf-b714-bbf263e65542,1,0,2026-07-03T03:11:22+00:00,21.26.364,run5_day3_20260704_032957,run5_day3_20260704_032957,You took away the dislike button.,You took away the dislike button.,5cb988d9e4a9691c9991d1f60814c2b199753c4140eeee1eaa68a09f95bc2986,5cb988d9e4a9691c9991d1f60814c2b199753c4140eeee1eaa68a09f95bc2986
google_play,YouTube,com.google.android.youtube,us,en,c122ec0e-d04d-4229-947b-ebfe8a2ac7ed,1,0,2026-07-03T03:11:14+00:00,15.26.34,run5_day3_20260704_032957,run5_day3_20260704_032957,not updat,not updat,f5ff8ad0dfdd54b90382f91edba95e3e873994739dd4fcb3bb2f53550f8cfa10,f5ff8ad0dfdd54b90382f91edba95e3e873994739dd4fcb3bb2f53550f8cfa10
google_play,YouTube,com.google.android.youtube,us,en,56451e9d-c301-4d2f-91c7-77b76809d259,5,0,2026-07-03T03:09:17+00:00,21.26.364,run5_day3_20260704_032957,run5_day3_20260704_032957,Nice,Nice,fdc96ffbf256523aec8846ae56321053c7ab751c99eb766e6bb4a7d362a4f060,fdc96ffbf256523aec8846ae56321053c7ab751c99eb766e6bb4a7d362a4f060
google_play,YouTube,com.google.android.youtube,us,en,7542bac8-1f25-49b1-8cee-68c1c0c92020,2,0,2026-07-03T03:07:03+00:00,21.26.364,run5_day3_20260704_032957,run5_day3_20260704_032957,Still getting the auto-dimming bug. They also removed the dislike button in the shorts. Not just the app but YT itself becoming sht. Sadly the alternatives aren't great either.,Still getting the auto-dimming bug. They also removed the dislike button in the shorts. Not just the app but YT itself becoming sht. Sadly the alternatives aren't great either.,065d83184fc0513dfe8cd08d2cad7ecd0acd50bb9ed61d63144cda4feb591b86,065d83184fc0513dfe8cd08d2cad7ecd0acd50bb9ed61d63144cda4feb591b86
google_play,YouTube,com.google.android.youtube,us,en,6320e820-dfdd-4234-8e60-d51364a5675c,1,0,2026-07-03T03:05:53+00:00,21.25.527,run5_day3_20260704_032957,run5_day3_20260704_032957,"dislike button gone, uninstall.","dislike button gone, uninstall.",785cd39d63eb584783066543f6f126bee8276644864ff251242a6b1065f7b19b,785cd39d63eb584783066543f6f126bee8276644864ff251242a6b1065f7b19b
google_play,YouTube,com.google.android.youtube,us,en,ae751f86-79a2-4bbc-9674-eb463e299271,5,0,2026-07-03T03:05:43+00:00,19.17.34,run5_day3_20260704_032957,run5_day3_20260704_032957,বেষ্ট,বেষ্ট,822c98b229b5b9e0792cd52fc0f88348bbfe2b3115498f42d6b8a9b6b9897210,822c98b229b5b9e0792cd52fc0f88348bbfe2b3115498f42d6b8a9b6b9897210
google_play,YouTube,com.google.android.youtube,us,en,04a24b54-78c8-4e0c-b077-1c0a63328d14,5,0,2026-07-03T03:05:16+00:00,21.25.528,run5_day3_20260704_032957,run5_day3_20260704_032957,Social media best platform,Social media best platform,e6df5079ebbb8b5fee0e8e100d51887466effc8cb1977232eccae16d1fe31def,e6df5079ebbb8b5fee0e8e100d51887466effc8cb1977232eccae16d1fe31def
google_play,YouTube,com.google.android.youtube,us,en,f851214e-e657-4cf0-8db0-324e85cd116b,5,0,2026-07-03T03:05:15+00:00,21.23.483,run5_day3_20260704_032957,run5_day3_20260704_032957,good,good,770e607624d689265ca6c44884d0807d9b054d23c473c106c72be9de08b7376c,770e607624d689265ca6c44884d0807d9b054d23c473c106c72be9de08b7376c
google_play,YouTube,com.google.android.youtube,us,en,b1e9e21c-8dc7-4766-941e-e6990f51611c,1,0,2026-07-03T03:04:36+00:00,18.09.37,run5_day3_20260704_032957,run5_day3_20260704_032957,my YouTube not open,my YouTube not open,dafcbc3a9bf6e62fbf798eb989f83b6782936a4a884424be3cf2f42ee159507c,dafcbc3a9bf6e62fbf798eb989f83b6782936a4a884424be3cf2f42ee159507c
google_play,YouTube,com.google.android.youtube,us,en,e9348fb6-e621-4a34-961b-fd74c8efc3f1,1,2,2026-07-03T03:04:28+00:00,21.26.364-SECONDARY,run5_day3_20260704_032957,run5_day3_20260704_032957,Bring back dislike button.,Bring back dislike button.,93dc1d1a19c683f4b3bdb340d271b7c3036f1cea1d0f8774dd48b43f7cbb7c37,93dc1d1a19c683f4b3bdb340d271b7c3036f1cea1d0f8774dd48b43f7cbb7c37
google_play,YouTube,com.google.android.youtube,us,en,6cdb4a41-a93b-4f24-8226-1266dc487a10,1,1,2026-07-03T03:03:40+00:00,21.26.364,run5_day3_20260704_032957,run5_day3_20260704_032957,"Stupid dev, like to change the UI, makes my life harder 😔","Stupid dev, like to change the UI, makes my life harder 😔",6a65f79ca10e9447ad5f54d6dab3a21edc2d469103ac65f90cbcd58d07735372,6a65f79ca10e9447ad5f54d6dab3a21edc2d469103ac65f90cbcd58d07735372
google_play,YouTube,com.google.android.youtube,us,en,1baf69c4-e432-4f31-a353-eeb3f1c3a25d,5,0,2026-07-03T03:03:30+00:00,13.07.55,run5_day3_20260704_032957,run5_day3_20260704_032957,ebar to thik ho,ebar to thik ho,554d1e467471634d90ba421dd08bf1276e469c0036b1e7b92276a0b4bdf6708d,554d1e467471634d90ba421dd08bf1276e469c0036b1e7b92276a0b4bdf6708d
google_play,YouTube,com.google.android.youtube,us,en,286dc486-cb40-465f-accf-dd69ac960522,1,0,2026-07-03T03:02:12+00:00,20.02.40,run5_day3_20260704_032957,run5_day3_20260704_032957,the app is not bad but it keeps showing small creatorsfor the past one day in my feed is only showing small creators,the app is not bad but it keeps showing small creatorsfor the past one day in my feed is only showing small creators,e62956dc7f6d609561741bb78fc9f6efaa091f7852cec353867efd19366fd341,e62956dc7f6d609561741bb78fc9f6efaa091f7852cec353867efd19366fd341
google_play,YouTube,com.google.android.youtube,us,en,62a7283c-f1a4-4f8a-8667-914f0cfa39df,5,0,2026-07-03T02:58:20+00:00,21.26.364,run5_day3_20260704_032957,run5_day3_20260704_032957,❤️ nice app,❤️ nice app,7f1e81817c341b5aaa3fe3914adbc5efd7fad2d4e8bb16ff50ea59d612ef6923,7f1e81817c341b5aaa3fe3914adbc5efd7fad2d4e8bb16ff50ea59d612ef6923
google_play,YouTube,com.google.android.youtube,us,en,44cc12c7-4c35-441f-b711-e948c6d8c795,2,76,2026-07-03T02:55:53+00:00,21.26.364-SECONDARY,run5_day3_20260704_032957,run5_day3_20260704_032957,YouTube on Roku is down here and the phone isn't acting correct using Google search bar.. television is down,YouTube on Roku is down here and the phone isn't acting correct using Google search bar.. television is down,ed16303b663b7eda906516b037259d40c6994a3fc82865d0c0c8bf42b518e97d,ed16303b663b7eda906516b037259d40c6994a3fc82865d0c0c8bf42b518e97d
google_play,YouTube,com.google.android.youtube,us,en,ae4ceabe-e7bb-4170-84a2-fc979d7ce081,1,1,2026-07-03T02:55:38+00:00,21.26.364,run5_day3_20260704_032957,run5_day3_20260704_032957,"Since the latest update, the app is almost unusable. When I open any video, the comments section and video description don't load at all. I've tried restarting the app and my phone, but the issue remains. Please fix this bug as soon as possible.","Since the latest update, the app is almost unusable. When I open any video, the comments section and video description don't load at all. I've tried restarting the app and my phone, but the issue remains. Please fix this bug as soon as possible.",ba1436ea11883d90629e8970d1e3fbc116ffb589a8c702fdcb10be68fdbb8c53,ba1436ea11883d90629e8970d1e3fbc116ffb589a8c702fdcb10be68fdbb8c53
google_play,YouTube,com.google.android.youtube,us,en,c1415fa1-48c4-4c14-83c9-c7484a9c5353,1,1,2026-07-03T02:54:44+00:00,21.26.364,run5_day3_20260704_032957,run5_day3_20260704_032957,"Well done getting rid of the dislike button and forcing people to start over with the algorithm, terrific job... NOT","Well done getting rid of the dislike button and forcing people to start over with the algorithm, terrific job... NOT",d68114db16ee506977881b8d4a3a128d6cc9f988817d55aa2ed726efa2a2215f,d68114db16ee506977881b8d4a3a128d6cc9f988817d55aa2ed726efa2a2215f
google_play,YouTube,com.google.android.youtube,us,en,ce20453a-2e49-4098-b840-e93af524b7a0,1,0,2026-07-03T02:53:50+00:00,21.25.523,run5_day3_20260704_032957,run5_day3_20260704_032957,BRING BACK VALKO,BRING BACK VALKO,897d244d0c05f28fd285d71c9841c022b0be4e52c8f295e764f45c07715dbbee,897d244d0c05f28fd285d71c9841c022b0be4e52c8f295e764f45c07715dbbee
google_play,YouTube,com.google.android.youtube,us,en,3e71d93c-80c4-4d4d-be4a-2157defc3f3d,1,0,2026-07-03T02:53:14+00:00,21.21.87,run5_day3_20260704_032957,run5_day3_20260704_032957,good,good,770e607624d689265ca6c44884d0807d9b054d23c473c106c72be9de08b7376c,770e607624d689265ca6c44884d0807d9b054d23c473c106c72be9de08b7376c
google_play,YouTube,com.google.android.youtube,us,en,fc2cbf66-a1a3-4f75-bb14-6785790990c3,1,0,2026-07-03T02:53:13+00:00,21.26.364,run5_day3_20260704_032957,run5_day3_20260704_032957,Bring back the thumbs down button.,Bring back the thumbs down button.,9c6d5c58533284b153cb047bdf0c0bda3920f761c5a10a37756abfe035d322ee,9c6d5c58533284b153cb047bdf0c0bda3920f761c5a10a37756abfe035d322ee
google_play,YouTube,com.google.android.youtube,us,en,cdf2ccee-0300-40f4-9ea0-2ea4ea54ab78,1,0,2026-07-03T02:53:11+00:00,21.25.529,run5_day3_20260704_032957,run5_day3_20260704_032957,video chalate-chalate network error dekha raha hai kisi kisi video pe. jab ki dusara video chalane pe chalane lagata hai. oor vapus vahi video chalane par fir se network problem dekhane lagata hai,video chalate-chalate network error dekha raha hai kisi kisi video pe. jab ki dusara video chalane pe chalane lagata hai. oor vapus vahi video chalane par fir se network problem dekhane lagata hai,6f2f052bddb3a752c5d5cff2148d2a298852c2ce5de4d6b45cbef80f9253644d,6f2f052bddb3a752c5d5cff2148d2a298852c2ce5de4d6b45cbef80f9253644d
google_play,YouTube,com.google.android.youtube,us,en,e5a2c0d5-8642-442b-ab57-111b8173a32d,1,0,2026-07-03T02:52:22+00:00,21.26.364,run5_day3_20260704_032957,run5_day3_20260704_032957,wheres the dislike button.,wheres the dislike button.,8683d690ec1496c55d3cff6e0b3802e709cc4ccb54e2a1c113dcd9b1c9eca75b,8683d690ec1496c55d3cff6e0b3802e709cc4ccb54e2a1c113dcd9b1c9eca75b
google_play,YouTube,com.google.android.youtube,us,en,a07fcfb1-1d4f-46a3-b4be-986a367926ac,4,0,2026-07-03T02:48:55+00:00,21.26.364,run5_day3_20260704_032957,run5_day3_20260704_032957,Good,Good,c939327ca16dcf97ca32521d8b834bf1de16573d21deda3bb2a337cf403787a6,c939327ca16dcf97ca32521d8b834bf1de16573d21deda3bb2a337cf403787a6
google_play,YouTube,com.google.android.youtube,us,en,04b32398-940f-428b-90bd-54c0599c54ea,1,0,2026-07-03T02:45:40+00:00,21.25.523,run5_day3_20260704_032957,run5_day3_20260704_032957,"why gemini reply when I say ""assalam walekum"" reply with ""walaikum assalam"" but it's not giving a reply of "" jai shree RAM. "" why fix this otherwise I will delete my all google account right now. i hope you resolve this .","why gemini reply when I say ""assalam walekum"" reply with ""walaikum assalam"" but it's not giving a reply of "" jai shree RAM. "" why fix this otherwise I will delete my all google account right now. i hope you resolve this .",e82bff138afa020c52f58f70a83edde1db689b8a6b9d5a09f94085bfda99af51,e82bff138afa020c52f58f70a83edde1db689b8a6b9d5a09f94085bfda99af51
google_play,YouTube,com.google.android.youtube,us,en,b390034d-932f-45ce-beb4-7caa5e66254d,5,1,2026-07-03T02:45:20+00:00,12.37.59,run5_day3_20260704_032957,run5_day3_20260704_032957,Good,Good,c939327ca16dcf97ca32521d8b834bf1de16573d21deda3bb2a337cf403787a6,c939327ca16dcf97ca32521d8b834bf1de16573d21deda3bb2a337cf403787a6
google_play,YouTube,com.google.android.youtube,us,en,5fdc3d3d-eb39-480a-a13c-d7b9067f8e8b,5,0,2026-07-03T02:44:56+00:00,21.26.364,run5_day3_20260704_032957,run5_day3_20260704_032957,Nice,Nice,fdc96ffbf256523aec8846ae56321053c7ab751c99eb766e6bb4a7d362a4f060,fdc96ffbf256523aec8846ae56321053c7ab751c99eb766e6bb4a7d362a4f060
google_play,YouTube,com.google.android.youtube,us,en,d3ca19db-4214-4a91-8e6b-0a907c20e76e,5,0,2026-07-03T02:44:40+00:00,21.25.523,run5_day3_20260704_032957,run5_day3_20260704_032957,best app forever ♾️,best app forever ♾️,79bc6cf77e1399fa3fbfc40757d6583d9d62cee79a4a4091906e2aa8b5a9aa3d,79bc6cf77e1399fa3fbfc40757d6583d9d62cee79a4a4091906e2aa8b5a9aa3d
google_play,YouTube,com.google.android.youtube,us,en,0e3781ae-38e1-4c4e-a8a2-862bc86c66a3,1,0,2026-07-03T02:44:28+00:00,21.26.364,run5_day3_20260704_032957,run5_day3_20260704_032957,where is my dislike button,where is my dislike button,1c9e238f68c7568607bce21c658783deaeb4987d5cd8bec7213fbf2afb1017ff,1c9e238f68c7568607bce21c658783deaeb4987d5cd8bec7213fbf2afb1017ff
google_play,YouTube,com.google.android.youtube,us,en,1ca1d941-b672-417e-80b9-befeb2df6983,1,0,2026-07-03T02:43:36+00:00,21.25.523,run5_day3_20260704_032957,run5_day3_20260704_032957,youtube hamre channel per sirf comunity strike hi deta mera 2 channel per bina vajah ke hi 2 comunity strike dedi aur vajah bhi nhi batate ye log sachme mai yutube se bahot desspoint hua hu,youtube hamre channel per sirf comunity strike hi deta mera 2 channel per bina vajah ke hi 2 comunity strike dedi aur vajah bhi nhi batate ye log sachme mai yutube se bahot desspoint hua hu,ee7c19169b2f12d69b152e528ba25f7a8e68716f74941ac50029fd89f253aff2,ee7c19169b2f12d69b152e528ba25f7a8e68716f74941ac50029fd89f253aff2
google_play,YouTube,com.google.android.youtube,us,en,b81021a9-2b0b-4126-bd59-b4affe55a1bb,5,0,2026-07-03T02:38:23+00:00,21.26.364,run5_day3_20260704_032957,run5_day3_20260704_032957,I can actually make videos,I can actually make videos,91dc3e7ba01c4903b5e8664a575fa3205a9e78fd534115d83f7663171fa19aab,91dc3e7ba01c4903b5e8664a575fa3205a9e78fd534115d83f7663171fa19aab
google_play,YouTube,com.google.android.youtube,us,en,17f8ffbd-dfa8-42af-8e6c-1a9e08d83704,5,0,2026-07-03T02:38:23+00:00,13.07.55,run5_day3_20260704_032957,run5_day3_20260704_032957,not working,not working,df19064d96673a4c6aa65516690233cb04499cc829d0db538e2256382146aa96,df19064d96673a4c6aa65516690233cb04499cc829d0db538e2256382146aa96
google_play,YouTube,com.google.android.youtube,us,en,62fbe34a-4bfc-4360-8a61-17db0204e9a3,1,0,2026-07-03T02:36:37+00:00,21.25.523,run5_day3_20260704_032957,run5_day3_20260704_032957,too many ads,too many ads,71931a1f9312d74a2ec17e472113f123ea38f04effad9c6782d51cb48a2c54fe,71931a1f9312d74a2ec17e472113f123ea38f04effad9c6782d51cb48a2c54fe
google_play,YouTube,com.google.android.youtube,us,en,d4fc3744-07d1-4b03-9789-86d690b9543e,3,0,2026-07-03T02:34:10+00:00,21.25.523,run5_day3_20260704_032957,run5_day3_20260704_032957,When you update to the latest version when you try to fast forward to the commercial dot...it disappears where you usually can go to and you have to fool around to find the end of the commercial. LAME,When you update to the latest version when you try to fast forward to the commercial dot...it disappears where you usually can go to and you have to fool around to find the end of the commercial. LAME,b928af1020859974862559ab61888625a2940c1eb564e86d9e8a3deb5793b226,b928af1020859974862559ab61888625a2940c1eb564e86d9e8a3deb5793b226
google_play,YouTube,com.google.android.youtube,us,en,7de45c16-3990-4bf5-abeb-d2fed8670842,5,0,2026-07-03T02:33:57+00:00,12.37.59,run5_day3_20260704_032957,run5_day3_20260704_032957,Fun,Fun,c960563f683a14202dc212ae6554753a03c6cd6ab9df8c27ebd818ba848ab9ef,c960563f683a14202dc212ae6554753a03c6cd6ab9df8c27ebd818ba848ab9ef
google_play,YouTube,com.google.android.youtube,us,en,f9d25964-ff32-4a67-bec7-8f8d4f612087,5,0,2026-07-03T02:33:43+00:00,21.24.366,run5_day3_20260704_032957,run5_day3_20260704_032957,the add is much than expected,the add is much than expected,b8abf39b70a6a36f17a276cbc3d2136815636d4d2b90dedf60cf7e1af41bc7cf,b8abf39b70a6a36f17a276cbc3d2136815636d4d2b90dedf60cf7e1af41bc7cf
google_play,YouTube,com.google.android.youtube,us,en,2e841e88-469f-4e73-9dd7-88ed26b557b8,5,0,2026-07-03T02:27:56+00:00,21.26.364,run5_day3_20260704_032957,run5_day3_20260704_032957,because you can watch a videos,because you can watch a videos,5b438e092926d5c32e38c63f665208530a18ae4cdcb148a2ce8f3a8e16245ece,5b438e092926d5c32e38c63f665208530a18ae4cdcb148a2ce8f3a8e16245ece
google_play,YouTube,com.google.android.youtube,us,en,e33022c3-bb2e-4313-8a01-233d0f3291dc,1,0,2026-07-03T02:27:53+00:00,21.26.364,run5_day3_20260704_032957,run5_day3_20260704_032957,"dozens of ads, expensive YouTube premium, shutting down original creators for kitty bs and AI use, constantly bugging out ""premium"" awards if you do use premium constantly bugging out clearing que, demonizing wrong videos, and supporting brain rot. and stop with the auto fill bs on the search bar, xbox, and mobile.","dozens of ads, expensive YouTube premium, shutting down original creators for kitty bs and AI use, constantly bugging out ""premium"" awards if you do use premium constantly bugging out clearing que, demonizing wrong videos, and supporting brain rot. and stop with the auto fill bs on the search bar, xbox, and mobile.",54425fd53343e9d73a711a3b90b3ff33aa2778b869c1b9948447466674599d81,54425fd53343e9d73a711a3b90b3ff33aa2778b869c1b9948447466674599d81
google_play,YouTube,com.google.android.youtube,us,en,aed33846-510e-4264-8af6-1e16c1177321,1,2,2026-07-03T02:27:23+00:00,21.26.364,run5_day3_20260704_032957,run5_day3_20260704_032957,"Stop censoring YouTube. Making it where I cant enjoy YouTube at all with the constant censoring of cussing,etc. People are adults using this app.There is a reason there is YouTube kids absolute trash app. 16 bucks for YouTube premium is not worth the price at all. Also why remove the dislike button probably for your woke agendas.If I could rate this app any lower I would.","Stop censoring YouTube. Making it where I cant enjoy YouTube at all with the constant censoring of cussing,etc. People are adults using this app.There is a reason there is YouTube kids absolute trash app. 16 bucks for YouTube premium is not worth the price at all. Also why remove the dislike button probably for your woke agendas.If I could rate this app any lower I would.",de834086848280ee28a2ce61b2c85ef487bc2ae93a3bc67d35c72f3238e81a7f,de834086848280ee28a2ce61b2c85ef487bc2ae93a3bc67d35c72f3238e81a7f
google_play,YouTube,com.google.android.youtube,us,en,eed3b049-aec8-476a-899f-9bb4db488c4e,5,0,2026-07-03T02:27:12+00:00,21.26.364,run5_day3_20260704_032957,run5_day3_20260704_032957,I wish you people remove the six seven meme because it is too much,I wish you people remove the six seven meme because it is too much,5d455187749c718cd5cee695957f7cc174d36f3824c66b2e8874337be892e2ba,5d455187749c718cd5cee695957f7cc174d36f3824c66b2e8874337be892e2ba
google_play,YouTube,com.google.android.youtube,us,en,9509b0f0-6a7c-4da6-b7a3-a745ca9fee7c,1,1,2026-07-03T02:26:17+00:00,21.24.368,run5_day3_20260704_032957,run5_day3_20260704_032957,"I cancelled my subscription due to my being on a fixed income, and YouTube is still attempting to force payment from my account. they attempted several times per day.","I cancelled my subscription due to my being on a fixed income, and YouTube is still attempting to force payment from my account. they attempted several times per day.",78e4d4d1c29851d29dded8fa8126cd5cb613e60149b5ec54850abd05dc8bcb5d,78e4d4d1c29851d29dded8fa8126cd5cb613e60149b5ec54850abd05dc8bcb5d
google_play,YouTube,com.google.android.youtube,us,en,10d0b79b-0877-4fe2-ae88-bc2743a15d63,5,0,2026-07-03T02:25:10+00:00,21.25.523,run5_day3_20260704_032957,run5_day3_20260704_032957,good,good,770e607624d689265ca6c44884d0807d9b054d23c473c106c72be9de08b7376c,770e607624d689265ca6c44884d0807d9b054d23c473c106c72be9de08b7376c
google_play,YouTube,com.google.android.youtube,us,en,2213052a-9eda-4574-bcbd-d53f22aa106a,5,0,2026-07-03T02:24:51+00:00,20.02.40,run5_day3_20260704_032957,run5_day3_20260704_032957,wow,wow,b6dc933311bc2357cc5fc636a4dbe41a01b7a33b583d043a7f870f3440697e27,b6dc933311bc2357cc5fc636a4dbe41a01b7a33b583d043a7f870f3440697e27
google_play,YouTube,com.google.android.youtube,us,en,bfa3ac64-8fef-4069-af3f-0b05c033448c,5,0,2026-07-03T02:23:17+00:00,21.19.286,run5_day3_20260704_032957,run5_day3_20260704_032957,GOOD 👍😊,GOOD 👍😊,cb06a2f7b4b6bcae993926183861afdba496a743d8abd8fd7ac9baece565bbbe,cb06a2f7b4b6bcae993926183861afdba496a743d8abd8fd7ac9baece565bbbe
google_play,YouTube,com.google.android.youtube,us,en,fde122fa-ef19-46e1-8a9e-d201c70de850,5,0,2026-07-03T02:22:53+00:00,21.25.527,run5_day3_20260704_032957,run5_day3_20260704_032957,Good,Good,c939327ca16dcf97ca32521d8b834bf1de16573d21deda3bb2a337cf403787a6,c939327ca16dcf97ca32521d8b834bf1de16573d21deda3bb2a337cf403787a6
google_play,YouTube,com.google.android.youtube,us,en,9e9fe0be-c554-4a36-a45e-b5b655a312ff,5,0,2026-07-03T02:22:00+00:00,21.26.364,run5_day3_20260704_032957,run5_day3_20260704_032957,looks like a good place to spend time,looks like a good place to spend time,640a32fc6d6a06fafc709f0687b9a715c804a99f1af1af747794a79751943f85,640a32fc6d6a06fafc709f0687b9a715c804a99f1af1af747794a79751943f85
google_play,YouTube,com.google.android.youtube,us,en,c1680698-9d29-4068-be24-10c51456aa1a,5,0,2026-07-03T02:21:20+00:00,12.37.59,run5_day3_20260704_032957,run5_day3_20260704_032957,Intertaining,Intertaining,fab4782c1eed9c3ab382facf4e09708cf720f45d383d8fa40f026c32f0abf3e7,fab4782c1eed9c3ab382facf4e09708cf720f45d383d8fa40f026c32f0abf3e7
google_play,YouTube,com.google.android.youtube,us,en,c1680442-a07a-4a60-9df7-48585b6a2a2a,1,16,2026-07-03T02:21:01+00:00,21.26.364,run5_day3_20260704_032957,run5_day3_20260704_032957,No dislike button. Shorts are filled with AI slop and a lot of videos are blatantly false info. At least google the actual fact before posting. Complete garbage except for youtube music,No dislike button. Shorts are filled with AI slop and a lot of videos are blatantly false info. At least google the actual fact before posting. Complete garbage except for youtube music,cf14e05f09b454a9e9ec4b491732430db9feea36b4f2f4db8bf91535ba895a2c,cf14e05f09b454a9e9ec4b491732430db9feea36b4f2f4db8bf91535ba895a2c
google_play,YouTube,com.google.android.youtube,us,en,b1caf505-9ab5-4c26-8ca7-0cbb7e3bd09e,1,1,2026-07-03T02:19:59+00:00,21.24.366,run5_day3_20260704_032957,run5_day3_20260704_032957,bring back the dislike button,bring back the dislike button,647c2e2c16a7bcc0fbb81dede0ab54d408feadf3e0e02260fcc831de7f0d877c,647c2e2c16a7bcc0fbb81dede0ab54d408feadf3e0e02260fcc831de7f0d877c
google_play,YouTube,com.google.android.youtube,us,en,90dddf3f-6db8-450b-9b37-098e35767931,2,0,2026-07-03T02:19:46+00:00,21.26.364,run5_day3_20260704_032957,run5_day3_20260704_032957,"Removed essential tool. By removing the dislike button on shorts, you have essentially removed the capacity to curate my experience. That's a really bad design choice.","Removed essential tool. By removing the dislike button on shorts, you have essentially removed the capacity to curate my experience. That's a really bad design choice.",e8905d9bf0c8f6fcf199fc5d65c6a1418f58d252f48d69e767d07339c90e49fd,e8905d9bf0c8f6fcf199fc5d65c6a1418f58d252f48d69e767d07339c90e49fd
google_play,YouTube,com.google.android.youtube,us,en,7b1e1b85-354f-4d13-9b42-620a02172050,2,47,2026-07-03T02:19:37+00:00,21.26.364,run5_day3_20260704_032957,run5_day3_20260704_032957,"Decreased my rating from 3 to 2 stars. YouTube seriously has an ad problem. Now it sometimes takes at most 15 seconds to skip an ad instead of the usual 5 seconds. YouTube will seriously do anything to force users to watch ads or pay for premium. I am seriously getting an adblocker if the ads get worse. And another thing besides the ads, pressing on chapters in a video doesnt work anymore. On computer, it works fine. How the hell do you screw that up?","Decreased my rating from 3 to 2 stars. YouTube seriously has an ad problem. Now it sometimes takes at most 15 seconds to skip an ad instead of the usual 5 seconds. YouTube will seriously do anything to force users to watch ads or pay for premium. I am seriously getting an adblocker if the ads get worse. And another thing besides the ads, pressing on chapters in a video doesnt work anymore. On computer, it works fine. How the hell do you screw that up?",b2c5cfbce4617dd28c75ee832b39e6978a6361a5dbe9b12e85069432383e119e,b2c5cfbce4617dd28c75ee832b39e6978a6361a5dbe9b12e85069432383e119e
google_play,YouTube,com.google.android.youtube,us,en,1d7d875b-3930-4813-8b8c-473584596f6b,1,1,2026-07-03T02:18:06+00:00,21.26.364,run5_day3_20260704_032957,run5_day3_20260704_032957,new font is so bad,new font is so bad,e4a8585f3b2102ef6cc0f19724c10022c057d068e66f8016696c12f92deb0d4d,e4a8585f3b2102ef6cc0f19724c10022c057d068e66f8016696c12f92deb0d4d
google_play,YouTube,com.google.android.youtube,us,en,22bc60cd-6bdf-41f5-ac3e-cf9191b1cdae,3,1,2026-07-03T02:15:31+00:00,21.08.265,run5_day3_20260704_032957,run5_day3_20260704_032957,you better have good reason for removing the dislike button like wht is wrong with you people,you better have good reason for removing the dislike button like wht is wrong with you people,71428515dc80d091385c45f402498840ea42d02ff9ea09893b1e80459f9dafc7,71428515dc80d091385c45f402498840ea42d02ff9ea09893b1e80459f9dafc7
google_play,YouTube,com.google.android.youtube,us,en,e33ca69c-2806-4746-adcb-b01e8fa1b207,1,1,2026-07-03T02:14:22+00:00,21.25.527,run5_day3_20260704_032957,run5_day3_20260704_032957,fix your app,fix your app,1533b4c8db0ca66bec3b85da749e3a455cf180e222b1cf02204c2734a8cb5d5f,1533b4c8db0ca66bec3b85da749e3a455cf180e222b1cf02204c2734a8cb5d5f
google_play,YouTube,com.google.android.youtube,us,en,61da401b-2b08-47be-867a-d24624ff6f43,5,0,2026-07-03T02:14:19+00:00,12.37.59,run5_day3_20260704_032957,run5_day3_20260704_032957,Very good experience,Very good experience,e5a1a83eb2e1f268bf6e3af704d6e66b8dff5edc465c2fa43c6a4eac230eea2e,e5a1a83eb2e1f268bf6e3af704d6e66b8dff5edc465c2fa43c6a4eac230eea2e
google_play,YouTube,com.google.android.youtube,us,en,d0ef75c7-ccbc-4b0c-956e-538c4c66c662,5,7,2026-07-03T02:13:37+00:00,21.25.528,run5_day3_20260704_032957,run5_day3_20260704_032957,"The app is obviously amazing, but I've noticed the buttons at the bottom of the screen like Home and Profile have been too low and almost entirely covered by the ▼ ● ■ buttons making getting to some thing incredibly tedious and annoying, please fix this","The app is obviously amazing, but I've noticed the buttons at the bottom of the screen like Home and Profile have been too low and almost entirely covered by the ▼ ● ■ buttons making getting to some thing incredibly tedious and annoying, please fix this",622038ed28973158300aa90046caaa2f9d756e45cddd0d2253916d54dc2fe3f8,622038ed28973158300aa90046caaa2f9d756e45cddd0d2253916d54dc2fe3f8
google_play,YouTube,com.google.android.youtube,us,en,25e5fc76-e917-4ff4-b966-26cbb003ab33,5,0,2026-07-03T02:13:32+00:00,21.23.488,run5_day3_20260704_032957,run5_day3_20260704_032957,good app ha,good app ha,139621f93df8142225008073c20f0eb3c0f1224fba0d76e4a3307706de7f807f,139621f93df8142225008073c20f0eb3c0f1224fba0d76e4a3307706de7f807f
google_play,YouTube,com.google.android.youtube,us,en,4640634b-bcaf-4dc4-bde3-aaf56cd21680,5,0,2026-07-03T02:06:29+00:00,21.13.163,run5_day3_20260704_032957,run5_day3_20260704_032957,Very good,Very good,06a2935e6f57d4494a9017393d4f3b5a7a3d4df4e26b25f853b27b6ae1d6f821,06a2935e6f57d4494a9017393d4f3b5a7a3d4df4e26b25f853b27b6ae1d6f821
google_play,YouTube,com.google.android.youtube,us,en,b6c21691-68d5-47fe-a127-007f7928041f,5,0,2026-07-03T02:06:18+00:00,21.25.523,run5_day3_20260704_032957,run5_day3_20260704_032957,good,good,770e607624d689265ca6c44884d0807d9b054d23c473c106c72be9de08b7376c,770e607624d689265ca6c44884d0807d9b054d23c473c106c72be9de08b7376c
google_play,YouTube,com.google.android.youtube,us,en,3732246e-f6c3-4b1e-bd5c-89ffffaa09c4,1,1,2026-07-03T02:05:33+00:00,21.26.364,run5_day3_20260704_032957,run5_day3_20260704_032957,i was putting a 5 yt shorts video on yt shorts video only playlist and when i try to put a long video on other playlist the system not even give me a menu screen which playlist i want to put the video on.Its instantly put the long video on a yt shorts only playlist it was so annoying and there is nothing to do because i can't turn off that feature even after i updated my YouTube the feature still there,i was putting a 5 yt shorts video on yt shorts video only playlist and when i try to put a long video on other playlist the system not even give me a menu screen which playlist i want to put the video on.Its instantly put the long video on a yt shorts only playlist it was so annoying and there is nothing to do because i can't turn off that feature even after i updated my YouTube the feature still there,f945cdc4514e8c00d6e3a1c68ce3e98083f9ecd9f54cf541d3aed38a4489d473,f945cdc4514e8c00d6e3a1c68ce3e98083f9ecd9f54cf541d3aed38a4489d473
google_play,YouTube,com.google.android.youtube,us,en,ca9cbd6b-9916-4b6d-bfa9-66017cda48fb,1,0,2026-07-03T02:05:00+00:00,20.40.41,run5_day3_20260704_032957,run5_day3_20260704_032957,Notopen,Notopen,5a6b4712066862ffd98aebeefd1fae5eb8f1303aaf892e93f7c101775466242f,5a6b4712066862ffd98aebeefd1fae5eb8f1303aaf892e93f7c101775466242f
google_play,YouTube,com.google.android.youtube,us,en,a07ffb72-3997-4f5e-b92a-23af528b3f53,5,0,2026-07-03T02:03:49+00:00,17.11.34,run5_day3_20260704_032957,run5_day3_20260704_032957,Tankyou,Tankyou,c2a8acf9457fb72796f4839584263fa649058bfbfe4b87f86476fa805a80835b,c2a8acf9457fb72796f4839584263fa649058bfbfe4b87f86476fa805a80835b
google_play,YouTube,com.google.android.youtube,us,en,4d508daa-9ba8-4df7-b096-f52ba939e754,5,0,2026-07-03T02:02:59+00:00,21.25.523,run5_day3_20260704_032957,run5_day3_20260704_032957,very nice this app very helpful,very nice this app very helpful,860f0a2d9f4c187bd91c4cca5615d1e2bf8d06f2996bb63d3befe7c27a57fc2a,860f0a2d9f4c187bd91c4cca5615d1e2bf8d06f2996bb63d3befe7c27a57fc2a
google_play,YouTube,com.google.android.youtube,us,en,3222f019-1aaa-4e21-bca9-56523059b44d,1,1,2026-07-03T02:02:34+00:00,20.02.40,run5_day3_20260704_032957,run5_day3_20260704_032957,very bad,very bad,81f1a179149981cbd4410cbce0485b03a74054a0ca72b843c45f957577e56c39,81f1a179149981cbd4410cbce0485b03a74054a0ca72b843c45f957577e56c39
google_play,YouTube,com.google.android.youtube,us,en,1d6ce966-25ce-48db-8bb6-ca756958221e,5,0,2026-07-03T02:01:31+00:00,21.26.364,run5_day3_20260704_032957,run5_day3_20260704_032957,ts peak🤞🏼🥺,ts peak🤞🏼🥺,34dbd5fa7ec920de738f4a0a3538da923c1b6ecc21970567ee85f2ffd8a66125,34dbd5fa7ec920de738f4a0a3538da923c1b6ecc21970567ee85f2ffd8a66125
google_play,YouTube,com.google.android.youtube,us,en,3663cf71-cffe-4084-b069-95ee93c8f8a3,5,0,2026-07-03T02:01:17+00:00,20.02.40,run5_day3_20260704_032957,run5_day3_20260704_032957,I love YouTube,I love YouTube,9616e69eae88756e725cf56203e7baa268cf456b3231c586eef56d81b5662127,9616e69eae88756e725cf56203e7baa268cf456b3231c586eef56d81b5662127
google_play,YouTube,com.google.android.youtube,us,en,f97d27b8-3696-4b03-a0bc-47e6d4b084df,5,0,2026-07-03T02:00:56+00:00,17.07.35,run5_day3_20260704_032957,run5_day3_20260704_032957,😍,😍,453cb3b789e7b403d4cb5342bc1469fb418be79e1ef74f30b79e6f699f20a39d,453cb3b789e7b403d4cb5342bc1469fb418be79e1ef74f30b79e6f699f20a39d
google_play,YouTube,com.google.android.youtube,us,en,2d4dddb6-c9f5-4d4e-b8d8-41b1daf93131,1,1,2026-07-03T01:58:26+00:00,13.46.53,run5_day3_20260704_032957,run5_day3_20260704_032957,everyday asking for update,everyday asking for update,ea051f86e6519b50732ec03f04fdd3de8deca3213fa4d72ff3e94d74e146364e,ea051f86e6519b50732ec03f04fdd3de8deca3213fa4d72ff3e94d74e146364e
google_play,YouTube,com.google.android.youtube,us,en,5e5b10f4-8331-4288-a430-97a67e6c441a,5,0,2026-07-03T01:58:03+00:00,21.26.364,run5_day3_20260704_032957,run5_day3_20260704_032957,good,good,770e607624d689265ca6c44884d0807d9b054d23c473c106c72be9de08b7376c,770e607624d689265ca6c44884d0807d9b054d23c473c106c72be9de08b7376c
google_play,YouTube,com.google.android.youtube,us,en,c8516c44-8ee6-4ac3-8cec-4af19c7b8d3d,1,0,2026-07-03T01:57:45+00:00,21.25.523,run5_day3_20260704_032957,run5_day3_20260704_032957,I can't download it,I can't download it,a0ecd14d4d73fbe9e1ee13623818fb1ea9a851a58d604715e4be039bde33d228,a0ecd14d4d73fbe9e1ee13623818fb1ea9a851a58d604715e4be039bde33d228
google_play,YouTube,com.google.android.youtube,us,en,03950e51-17a5-41fa-8f3f-50dd99779f3c,1,339,2026-07-03T01:57:09+00:00,20.47.46,run5_day3_20260704_032957,run5_day3_20260704_032957,"The amount of ads this app has is insane- there's now ads that you can't close while in full screen mode, back-to-back unskippable 60 second ads, literal porn site advertisements, etc. There's porn bots in EVERY SINGLE comments section as well. The buttons on the bottom of the screen keep disappearing while on the home page and don't come back. Disabling captions also doesn't actually disable them anymore. Newest update: they got rid of the dislike button, making the algorithm even worse.","The amount of ads this app has is insane- there's now ads that you can't close while in full screen mode, back-to-back unskippable 60 second ads, literal porn site advertisements, etc. There's porn bots in EVERY SINGLE comments section as well. The buttons on the bottom of the screen keep disappearing while on the home page and don't come back. Disabling captions also doesn't actually disable them anymore. Newest update: they got rid of the dislike button, making the algorithm even worse.",b3fc2622fbda0e0e326216f9d3c871a72a06cbab8032b4defa798dbb8561535a,b3fc2622fbda0e0e326216f9d3c871a72a06cbab8032b4defa798dbb8561535a
google_play,YouTube,com.google.android.youtube,us,en,bc26cad3-5fc0-4ea3-8ba3-bb965e738ef2,1,63,2026-07-03T01:56:46+00:00,21.26.364,run5_day3_20260704_032957,run5_day3_20260704_032957,AGE VERIFICATION HAS RUINED THIS APP. YouTube keeps asking me to verify my age. They already know my age. I have cancelled premium as a result of this insessant and infuriating screen that keeps jumping in front of my videos. Even ones I created and uploaded myself. I'm also cancelling my Google Apps for business accounts for my companies. I'm done with Google now. goodbye.,AGE VERIFICATION HAS RUINED THIS APP. YouTube keeps asking me to verify my age. They already know my age. I have cancelled premium as a result of this insessant and infuriating screen that keeps jumping in front of my videos. Even ones I created and uploaded myself. I'm also cancelling my Google Apps for business accounts for my companies. I'm done with Google now. goodbye.,76dc74590b325092fa8bcf6f2a5efb6c54bf65cb99d66db15605cb012fe8d27a,76dc74590b325092fa8bcf6f2a5efb6c54bf65cb99d66db15605cb012fe8d27a
google_play,YouTube,com.google.android.youtube,us,en,45922ad8-0f61-4842-8c36-462e4ff74f83,5,0,2026-07-03T01:50:02+00:00,21.26.364,run5_day3_20260704_032957,run5_day3_20260704_032957,super,super,73d1b1b1bc1dabfb97f216d897b7968e44b06457920f00f2dc6c1ed3be25ad4c,73d1b1b1bc1dabfb97f216d897b7968e44b06457920f00f2dc6c1ed3be25ad4c
google_play,YouTube,com.google.android.youtube,us,en,9d131f50-9213-434d-b9ea-a8140c65d7aa,1,1,2026-07-03T01:48:13+00:00,21.26.364,run5_day3_20260704_032957,run5_day3_20260704_032957,"why tf did the ui change constantly, just when peoplebstart to get the hang of the new ui you just change it again after like 2 months. This new ui is so bad that when you watch a video in the subscription tab, when you minimize the whole slide on the top disappeared and you were forced to close and open the app in order for it to appear again and this cycle doesn't end btw it will do this until you fix this ui or change it back to the previous one which is already better to begin with","why tf did the ui change constantly, just when peoplebstart to get the hang of the new ui you just change it again after like 2 months. This new ui is so bad that when you watch a video in the subscription tab, when you minimize the whole slide on the top disappeared and you were forced to close and open the app in order for it to appear again and this cycle doesn't end btw it will do this until you fix this ui or change it back to the previous one which is already better to begin with",fdb4f3a1e71939f7dcf1c00fcb1774302437c1f5016260e9fb6de1d7de841df8,fdb4f3a1e71939f7dcf1c00fcb1774302437c1f5016260e9fb6de1d7de841df8
google_play,YouTube,com.google.android.youtube,us,en,d0d898f9-ad92-4040-9f6c-183bfa40aa41,1,1,2026-07-03T01:47:12+00:00,21.26.364,run5_day3_20260704_032957,run5_day3_20260704_032957,"Dislike button, earlier youtube had a dislike button on shorts but later youtube removed it. It's sad and disappointing.","Dislike button, earlier youtube had a dislike button on shorts but later youtube removed it. It's sad and disappointing.",6c23b6ef758e91228cf21f2f4e689eec20f119d13553d8fc81a8ec55023e841d,6c23b6ef758e91228cf21f2f4e689eec20f119d13553d8fc81a8ec55023e841d
google_play,YouTube,com.google.android.youtube,us,en,92e98520-fd0f-4449-b5a3-b8ad7c7e7f0c,1,1,2026-07-03T01:45:59+00:00,21.26.364,run5_day3_20260704_032957,run5_day3_20260704_032957,"Now, we simply have a TON of ads, btw the display has a lot of erros!","Now, we simply have a TON of ads, btw the display has a lot of erros!",0320e5f57f8fc29f31a33426fe9ae1b9e0722abf89893f996e14b15d00a68dd8,0320e5f57f8fc29f31a33426fe9ae1b9e0722abf89893f996e14b15d00a68dd8
google_play,YouTube,com.google.android.youtube,us,en,18195170-ddfa-480b-8ba4-695266cf5e4c,5,1,2026-07-03T01:45:51+00:00,12.05.53,run5_day3_20260704_032957,run5_day3_20260704_032957,You tube close open please,You tube close open please,b7a9959eb6dcd6f3df1eb31ff3f5612216eae57b825c4fe90313c3ee63209330,b7a9959eb6dcd6f3df1eb31ff3f5612216eae57b825c4fe90313c3ee63209330
google_play,YouTube,com.google.android.youtube,us,en,76ca6b80-c0da-4b1c-9fd0-b1a5b4d792af,2,0,2026-07-03T01:43:51+00:00,21.25.523,run5_day3_20260704_032957,run5_day3_20260704_032957,not video up lode,not video up lode,c4560bf8f769b96e133416c41119ce8e8452061e34e966bafde6d9789eaaee01,c4560bf8f769b96e133416c41119ce8e8452061e34e966bafde6d9789eaaee01
google_play,YouTube,com.google.android.youtube,us,en,3c889db1-ba5a-44f9-8d8c-4bf631a70cc1,1,1,2026-07-03T01:42:57+00:00,21.25.523,run5_day3_20260704_032957,run5_day3_20260704_032957,some time you tube do not show caption,some time you tube do not show caption,34dfac2c2f1298a37d99b5d1e1f510de546a41b6b9aea56b249aec586aed098c,34dfac2c2f1298a37d99b5d1e1f510de546a41b6b9aea56b249aec586aed098c
google_play,YouTube,com.google.android.youtube,us,en,d48e2e69-ea82-473c-ae81-ba194c4f2292,5,9,2026-07-03T01:42:52+00:00,21.26.364,run5_day3_20260704_032957,run5_day3_20260704_032957,(TOP PRIORITY) please update YouTube because the video is rewinding 20 seconds every time when I'm on a video on Xbox please fix the Xbox version please & can you please add the advance video settings & please fix the problem with the playlist in the settings on YouTube app please & fix the mobile too,(TOP PRIORITY) please update YouTube because the video is rewinding 20 seconds every time when I'm on a video on Xbox please fix the Xbox version please & can you please add the advance video settings & please fix the problem with the playlist in the settings on YouTube app please & fix the mobile too,15aaf450d7b0ed65165ab434894feecc6acbd06b7133000586e0a1dc179a1235,15aaf450d7b0ed65165ab434894feecc6acbd06b7133000586e0a1dc179a1235
google_play,YouTube,com.google.android.youtube,us,en,6506d4c2-341d-4cbd-b339-3b016545025d,1,0,2026-07-03T01:39:35+00:00,12.37.59,run5_day3_20260704_032957,run5_day3_20260704_032957,Like,Like,64f915cb8bfcf2d0a471b9559a9d08f7349413813a72a78e053062377e29b8f5,64f915cb8bfcf2d0a471b9559a9d08f7349413813a72a78e053062377e29b8f5
google_play,YouTube,com.google.android.youtube,us,en,68c2c006-6204-4c98-9b57-fbca7bb48bf1,5,0,2026-07-02T04:39:56+00:00,21.26.364,run5_day2_20260703_043957,run5_day2_20260703_043957,nice,nice,e186022d0931afe9fe0690857e32f85e50165e7fbe0966d49609ef1981f920c6,e186022d0931afe9fe0690857e32f85e50165e7fbe0966d49609ef1981f920c6
google_play,YouTube,com.google.android.youtube,us,en,6caa6e3e-7187-499e-ac35-c7dd5487752e,5,0,2026-07-02T04:37:01+00:00,20.02.40,run5_day2_20260703_043957,run5_day2_20260703_043957,nice,nice,e186022d0931afe9fe0690857e32f85e50165e7fbe0966d49609ef1981f920c6,e186022d0931afe9fe0690857e32f85e50165e7fbe0966d49609ef1981f920c6
google_play,YouTube,com.google.android.youtube,us,en,dae3ac43-2745-436f-a4b8-8767da925e40,1,0,2026-07-02T04:36:38+00:00,21.12.524,run5_day2_20260703_043957,run5_day2_20260703_043957,i can only watch what i bought years ago on the app? lol yall are dumber than I thought.,i can only watch what i bought years ago on the app? lol yall are dumber than I thought.,ae6cfac10797c6e8ba0ed19ae3744ad346660e1e83e739be8ec57b5196807873,ae6cfac10797c6e8ba0ed19ae3744ad346660e1e83e739be8ec57b5196807873
google_play,YouTube,com.google.android.youtube,us,en,7cea4af9-a46a-4ecf-9e62-8a5c27e817dc,5,0,2026-07-02T04:36:35+00:00,20.26.40,run5_day2_20260703_043957,run5_day2_20260703_043957,good,good,770e607624d689265ca6c44884d0807d9b054d23c473c106c72be9de08b7376c,770e607624d689265ca6c44884d0807d9b054d23c473c106c72be9de08b7376c
google_play,YouTube,com.google.android.youtube,us,en,646b26d7-4931-4a52-b317-577c8d7592e0,5,0,2026-07-02T04:36:16+00:00,20.43.37,run5_day2_20260703_043957,run5_day2_20260703_043957,Good,Good,c939327ca16dcf97ca32521d8b834bf1de16573d21deda3bb2a337cf403787a6,c939327ca16dcf97ca32521d8b834bf1de16573d21deda3bb2a337cf403787a6
google_play,YouTube,com.google.android.youtube,us,en,a00f8e0f-2d98-4de0-9e3d-6ac592601330,1,0,2026-07-02T04:35:44+00:00,21.24.366,run5_day2_20260703_043957,run5_day2_20260703_043957,irritating long ads,irritating long ads,ffff6104641ce28e745aa73045601497120bc7b6cd2bc7262aefd819208f6c9c,ffff6104641ce28e745aa73045601497120bc7b6cd2bc7262aefd819208f6c9c
google_play,YouTube,com.google.android.youtube,us,en,d19038a2-98f2-44fc-a9f5-6b246b6662cb,5,0,2026-07-02T04:35:08+00:00,21.25.523,run5_day2_20260703_043957,run5_day2_20260703_043957,"this is a great app, only problem is I get caught up watching Chinese dudes spraying foam into something and three hours later wonder how did I just waste 3 hours here lol","this is a great app, only problem is I get caught up watching Chinese dudes spraying foam into something and three hours later wonder how did I just waste 3 hours here lol",c787e6a4e8e0237c7994b594e7facf2e4271c6f1aae9f113e54ff8acaa5e9bcf,c787e6a4e8e0237c7994b594e7facf2e4271c6f1aae9f113e54ff8acaa5e9bcf
google_play,YouTube,com.google.android.youtube,us,en,9926d292-2ff9-47f3-8c95-3671f43653e4,2,0,2026-07-02T04:34:16+00:00,21.25.523,run5_day2_20260703_043957,run5_day2_20260703_043957,good,good,770e607624d689265ca6c44884d0807d9b054d23c473c106c72be9de08b7376c,770e607624d689265ca6c44884d0807d9b054d23c473c106c72be9de08b7376c
google_play,YouTube,com.google.android.youtube,us,en,c3eeb1ab-58e3-4779-b6c3-adbaf5fd5c90,1,0,2026-07-02T04:32:54+00:00,12.37.59,run5_day2_20260703_043957,run5_day2_20260703_043957,Rohit Shakya,Rohit Shakya,96cd5b11a69ae2480d31bea765317e2804d624c585ffba8baace8338f226555d,96cd5b11a69ae2480d31bea765317e2804d624c585ffba8baace8338f226555d
google_play,YouTube,com.google.android.youtube,us,en,a1fcc08b-e195-4e36-93b3-0db9112f77ab,5,0,2026-07-02T04:32:42+00:00,21.25.523,run5_day2_20260703_043957,run5_day2_20260703_043957,Ok,Ok,843ac01149cced785dfebd0028d3b03ba78e286e1c6f9517ebfcdb609d97af4c,843ac01149cced785dfebd0028d3b03ba78e286e1c6f9517ebfcdb609d97af4c
google_play,YouTube,com.google.android.youtube,us,en,beb35d17-7cb1-45a0-ae2c-2762ca2499e3,1,1,2026-07-02T04:30:53+00:00,11.19.56,run5_day2_20260703_043957,run5_day2_20260703_043957,Wow,Wow,3deccf6826ef78994f099ec321f883527e8218301605e66114268e769d1df61e,3deccf6826ef78994f099ec321f883527e8218301605e66114268e769d1df61e
google_play,YouTube,com.google.android.youtube,us,en,18bdda22-56c6-4d8e-b5b2-2dbcb0cba399,5,0,2026-07-02T04:29:36+00:00,13.07.55,run5_day2_20260703_043957,run5_day2_20260703_043957,good,good,770e607624d689265ca6c44884d0807d9b054d23c473c106c72be9de08b7376c,770e607624d689265ca6c44884d0807d9b054d23c473c106c72be9de08b7376c
google_play,YouTube,com.google.android.youtube,us,en,c68994a2-033c-4676-9082-7184291d6735,5,0,2026-07-02T04:29:23+00:00,21.26.364,run5_day2_20260703_043957,run5_day2_20260703_043957,YouTube bahut achi app hai,YouTube bahut achi app hai,faa247b93cccbc455e6d260cad646540160662e5a6e624a9923033376bf8795b,faa247b93cccbc455e6d260cad646540160662e5a6e624a9923033376bf8795b
google_play,YouTube,com.google.android.youtube,us,en,0d30db1a-65d8-468f-8613-661f5c5e2937,4,0,2026-07-02T04:28:43+00:00,20.37.45,run5_day2_20260703_043957,run5_day2_20260703_043957,very interested,very interested,7aae0b54547d891115c3f61dca1f86fac38f1c2d4ab1a127f6de4c5295b74e82,7aae0b54547d891115c3f61dca1f86fac38f1c2d4ab1a127f6de4c5295b74e82
google_play,YouTube,com.google.android.youtube,us,en,bd396f50-1d96-422a-929c-e1e4027dc2f9,5,0,2026-07-02T04:27:10+00:00,21.25.523,run5_day2_20260703_043957,run5_day2_20260703_043957,Good,Good,c939327ca16dcf97ca32521d8b834bf1de16573d21deda3bb2a337cf403787a6,c939327ca16dcf97ca32521d8b834bf1de16573d21deda3bb2a337cf403787a6
google_play,YouTube,com.google.android.youtube,us,en,b2a833df-867d-4ddb-8fb6-256456fa5018,4,0,2026-07-02T04:25:39+00:00,21.23.483,run5_day2_20260703_043957,run5_day2_20260703_043957,good but too many ad's,good but too many ad's,493c22207cb86707e8a82a4a99709628512fb609024b26f87c6757d8585604f7,493c22207cb86707e8a82a4a99709628512fb609024b26f87c6757d8585604f7
google_play,YouTube,com.google.android.youtube,us,en,0dc2f035-0ba2-4abd-966e-74255b210a9a,5,0,2026-07-02T04:24:42+00:00,21.25.523,run5_day2_20260703_043957,run5_day2_20260703_043957,Very good,Very good,06a2935e6f57d4494a9017393d4f3b5a7a3d4df4e26b25f853b27b6ae1d6f821,06a2935e6f57d4494a9017393d4f3b5a7a3d4df4e26b25f853b27b6ae1d6f821
google_play,YouTube,com.google.android.youtube,us,en,cc294435-1257-4963-a68d-5df15d6c0ab5,5,0,2026-07-02T04:22:59+00:00,21.26.364,run5_day2_20260703_043957,run5_day2_20260703_043957,la mejor apicacino,la mejor apicacino,f6ebf0485a638fa465ff5e01f5075f569bca38063eef1c1757524207265716c9,f6ebf0485a638fa465ff5e01f5075f569bca38063eef1c1757524207265716c9
google_play,YouTube,com.google.android.youtube,us,en,ebb501bf-c2a0-471e-b39f-d7a24cf5b404,1,0,2026-07-02T04:22:33+00:00,21.26.364,run5_day2_20260703_043957,run5_day2_20260703_043957,worst update ever.,worst update ever.,15aa543603f6871e7e8bf5c8ea1a1b362d9b8277f0ea9d31528a4f2f61f70223,15aa543603f6871e7e8bf5c8ea1a1b362d9b8277f0ea9d31528a4f2f61f70223
google_play,YouTube,com.google.android.youtube,us,en,f918aeb6-e2a6-473d-ad68-d147c0909240,5,0,2026-07-02T04:22:05+00:00,16.06.34,run5_day2_20260703_043957,run5_day2_20260703_043957,Nice 👏,Nice 👏,9d41a25382e5ee354f75395d33aa3f9b8b16bc629040d94f0421b9a891d88131,9d41a25382e5ee354f75395d33aa3f9b8b16bc629040d94f0421b9a891d88131
google_play,YouTube,com.google.android.youtube,us,en,63de82bb-40aa-4cdb-b1b7-5adaae00a80d,4,0,2026-07-02T04:21:03+00:00,21.26.364,run5_day2_20260703_043957,run5_day2_20260703_043957,"what happened to the 👎 button? it has disappeared, BEFORE I updated the app, and is still gone AFTER I updated.. bring it back, please 🙏","what happened to the 👎 button? it has disappeared, BEFORE I updated the app, and is still gone AFTER I updated.. bring it back, please 🙏",7ffc37ce0846d23edef974b4aded2cb112c5226f04e3684ace275278d24e48b2,7ffc37ce0846d23edef974b4aded2cb112c5226f04e3684ace275278d24e48b2
google_play,YouTube,com.google.android.youtube,us,en,2fa3141f-bad9-411f-9e2e-4435b24b685f,5,0,2026-07-02T04:20:32+00:00,21.23.489,run5_day2_20260703_043957,run5_day2_20260703_043957,good,good,770e607624d689265ca6c44884d0807d9b054d23c473c106c72be9de08b7376c,770e607624d689265ca6c44884d0807d9b054d23c473c106c72be9de08b7376c
google_play,YouTube,com.google.android.youtube,us,en,c61ca4e5-810d-487d-90b3-b91b1e2a5c84,1,2,2026-07-02T04:19:33+00:00,21.25.523,run5_day2_20260703_043957,run5_day2_20260703_043957,I'd give zero stars if it was possible for removing the dislike feature. 👎🏽👎🏽👎🏽,I'd give zero stars if it was possible for removing the dislike feature. 👎🏽👎🏽👎🏽,0787a2e7897de08bff3f007f4e34550f3b081064c21893a4baf980b15fb8fd99,0787a2e7897de08bff3f007f4e34550f3b081064c21893a4baf980b15fb8fd99
google_play,YouTube,com.google.android.youtube,us,en,771778eb-6615-43a3-9cd6-c470e2a84206,5,0,2026-07-02T04:17:10+00:00,21.23.483,run5_day2_20260703_043957,run5_day2_20260703_043957,good,good,770e607624d689265ca6c44884d0807d9b054d23c473c106c72be9de08b7376c,770e607624d689265ca6c44884d0807d9b054d23c473c106c72be9de08b7376c
google_play,YouTube,com.google.android.youtube,us,en,a0c643bd-0682-4d9d-bc03-6e1fc5895487,1,2,2026-07-02T04:14:37+00:00,21.19.286,run5_day2_20260703_043957,run5_day2_20260703_043957,"you do realise that removing dislike button is going to frustrate people more? and they will do more harmful to the creator things like leaving mean comments and making ""callout"" videos? bring back the dislike button, and how many number of dislikes. you think dumb","you do realise that removing dislike button is going to frustrate people more? and they will do more harmful to the creator things like leaving mean comments and making ""callout"" videos? bring back the dislike button, and how many number of dislikes. you think dumb",309b6ec262246d7eb3d7655c028f702254d02cba53e549d6e6458272f1ab9777,309b6ec262246d7eb3d7655c028f702254d02cba53e549d6e6458272f1ab9777
google_play,YouTube,com.google.android.youtube,us,en,e2349c5e-b3ca-4653-b6a9-e74e5b1d3827,5,0,2026-07-02T04:14:33+00:00,12.37.59,run5_day2_20260703_043957,run5_day2_20260703_043957,Rafjq Gujar,Rafjq Gujar,c4d35cdc0e683f7d556c9466af7e4840b613d3b4adada5ab4117b75e696f9927,c4d35cdc0e683f7d556c9466af7e4840b613d3b4adada5ab4117b75e696f9927
google_play,YouTube,com.google.android.youtube,us,en,323ae360-8d51-44a3-b59c-a9d03aad9257,1,0,2026-07-02T04:13:11+00:00,21.26.364,run5_day2_20260703_043957,run5_day2_20260703_043957,уберите громкий звук при старте записи шортса. мой недорогой телефон его не обрезает🤦,уберите громкий звук при старте записи шортса. мой недорогой телефон его не обрезает🤦,07abf1f788921ed7368cf7aa89324af91ea53a9059348f3afb3445322d16a238,07abf1f788921ed7368cf7aa89324af91ea53a9059348f3afb3445322d16a238
google_play,YouTube,com.google.android.youtube,us,en,95aeb219-3190-4dbb-ac83-7d6460ec8af4,1,0,2026-07-02T04:12:04+00:00,21.23.483,run5_day2_20260703_043957,run5_day2_20260703_043957,too many ads!!!!!!!! it feels like I'm getting an ad every 4 minutes,too many ads!!!!!!!! it feels like I'm getting an ad every 4 minutes,4911e01deae09afe03957f0a17f6fbe8fc71e9dc25edbc6b54eac6ee93bfc673,4911e01deae09afe03957f0a17f6fbe8fc71e9dc25edbc6b54eac6ee93bfc673
google_play,YouTube,com.google.android.youtube,us,en,a0e1a4cc-cd96-40b7-ae77-d7f5bdfeed03,1,3,2026-07-02T04:09:54+00:00,21.25.529,run5_day2_20260703_043957,run5_day2_20260703_043957,getting a little silly with ads,getting a little silly with ads,a7af4076ede9df6c4a5d4836cafeaeb4a06cb65a5825b324f546db6c8689fdc4,a7af4076ede9df6c4a5d4836cafeaeb4a06cb65a5825b324f546db6c8689fdc4
google_play,YouTube,com.google.android.youtube,us,en,4c13ff96-6182-4d8b-8061-1fe7b3014891,5,1,2026-07-02T04:06:52+00:00,17.11.34,run5_day2_20260703_043957,run5_day2_20260703_043957,superb,superb,0178fa91fd0fe5bdd059ffecf865aed15fd1a94904f46f311c1047c21663fe2c,0178fa91fd0fe5bdd059ffecf865aed15fd1a94904f46f311c1047c21663fe2c
google_play,YouTube,com.google.android.youtube,us,en,92b44348-819c-4dd4-b91d-513f74b70b35,1,0,2026-07-02T04:06:14+00:00,21.26.364,run5_day2_20260703_043957,run5_day2_20260703_043957,Why are you recommending videos I've already watched? You need to add a command for those that pay for this product to manage their viewing preferences. What is YouTube's CX leader going to do about this?,Why are you recommending videos I've already watched? You need to add a command for those that pay for this product to manage their viewing preferences. What is YouTube's CX leader going to do about this?,84210d9aa201f9e63f8f1cf9530c2b948e99c2e98232aec53983b914ef15dd4e,84210d9aa201f9e63f8f1cf9530c2b948e99c2e98232aec53983b914ef15dd4e
google_play,YouTube,com.google.android.youtube,us,en,f8d97275-3cd0-4856-aa90-df874bae0d72,5,0,2026-07-02T04:05:23+00:00,21.25.530,run5_day2_20260703_043957,run5_day2_20260703_043957,@SMWEDIT-295 MY CHANNEL HAI ESPER VIEW NAHI AA RAHE HAI,@SMWEDIT-295 MY CHANNEL HAI ESPER VIEW NAHI AA RAHE HAI,d0b74af11c4d03b6adea060f66ce2c9261e03220ff2b512c58296892c8434b48,d0b74af11c4d03b6adea060f66ce2c9261e03220ff2b512c58296892c8434b48
google_play,YouTube,com.google.android.youtube,us,en,b140eae4-dcda-4d7b-a22f-98432d84ccdc,1,1,2026-07-02T04:04:19+00:00,21.14.484,run5_day2_20260703_043957,run5_day2_20260703_043957,"Your ads placement suck! because everyone is suffering from E.D. taking the ""thumbs down"" feature doesnt help","Your ads placement suck! because everyone is suffering from E.D. taking the ""thumbs down"" feature doesnt help",6284d4cbb12d9ded0d9f916779287e6fd2f3cb62fc88672435e0da9ca97832e5,6284d4cbb12d9ded0d9f916779287e6fd2f3cb62fc88672435e0da9ca97832e5
google_play,YouTube,com.google.android.youtube,us,en,ff5d9d30-843c-4a8c-a64f-5c042aba2368,1,1,2026-07-02T04:00:26+00:00,21.26.364,run5_day2_20260703_043957,run5_day2_20260703_043957,bring back the dislike button!,bring back the dislike button!,3b4cedd904b8d7eb2937982dd2a77576bfba9ac9175fa0e4a73e4b77068ab959,3b4cedd904b8d7eb2937982dd2a77576bfba9ac9175fa0e4a73e4b77068ab959
google_play,YouTube,com.google.android.youtube,us,en,fc721415-8d64-4fa1-9e50-366a091a4bef,1,0,2026-07-02T03:59:51+00:00,21.26.364,run5_day2_20260703_043957,run5_day2_20260703_043957,my YouTube wasn't working how do I fix it??,my YouTube wasn't working how do I fix it??,c1f7200192c05d897e0309375736b880872a3753c21205ed689e1f05fc81bcb3,c1f7200192c05d897e0309375736b880872a3753c21205ed689e1f05fc81bcb3
google_play,YouTube,com.google.android.youtube,us,en,78f3f221-3c00-42cb-a039-1cebf2ec244c,2,0,2026-07-02T03:57:41+00:00,18.46.41,run5_day2_20260703_043957,run5_day2_20260703_043957,Too many short videos flooding the search results. There should be a filter to omit them (and vice versa),Too many short videos flooding the search results. There should be a filter to omit them (and vice versa),8f682d942ef8a816b219cb86bf74c9f22efc3114a3fabf832d7274edd0cae5fe,8f682d942ef8a816b219cb86bf74c9f22efc3114a3fabf832d7274edd0cae5fe
google_play,YouTube,com.google.android.youtube,us,en,94e25674-b2b9-4b1d-909d-290b06edec81,1,2,2026-07-02T03:55:59+00:00,21.26.364,run5_day2_20260703_043957,run5_day2_20260703_043957,Bring back the dislike button!,Bring back the dislike button!,e5f5d982f591435ad6036578fe5260dd16ac0438f84c50dde08f0155c8687908,e5f5d982f591435ad6036578fe5260dd16ac0438f84c50dde08f0155c8687908
google_play,YouTube,com.google.android.youtube,us,en,ac08241c-c3f6-4010-99bf-eb1e3622685b,5,0,2026-07-02T03:55:34+00:00,21.25.523,run5_day2_20260703_043957,run5_day2_20260703_043957,I want to earn to this app more people,I want to earn to this app more people,e52c46a5f755ff3ce85f15e265d30ad5d8128d51448de0415079edfda66df9e9,e52c46a5f755ff3ce85f15e265d30ad5d8128d51448de0415079edfda66df9e9
google_play,YouTube,com.google.android.youtube,us,en,74b333f5-b359-41f9-b5f7-20d8b6fb45d7,1,11,2026-07-02T03:55:26+00:00,21.26.364,run5_day2_20260703_043957,run5_day2_20260703_043957,Too many irrelevant repetitive inappropriate ad. Never seen 5 mins ad anywhere in my life before just for 30 sec videos. This is simply too much. I wish we could rate below 1 star.,Too many irrelevant repetitive inappropriate ad. Never seen 5 mins ad anywhere in my life before just for 30 sec videos. This is simply too much. I wish we could rate below 1 star.,062622b4a411f545fcca161a1e1b6c2a4d33e6aeb60621c7e50786f5452cd28c,062622b4a411f545fcca161a1e1b6c2a4d33e6aeb60621c7e50786f5452cd28c
google_play,YouTube,com.google.android.youtube,us,en,065a174d-bc52-44be-ad4f-7e0ec0150114,1,1,2026-07-02T03:55:20+00:00,21.25.523,run5_day2_20260703_043957,run5_day2_20260703_043957,they took away the thumbs down to feed ai slop. trash,they took away the thumbs down to feed ai slop. trash,508ffd54ff610592067185b2f75098746af24a6cbff8c1ff627b480bcb03c678,508ffd54ff610592067185b2f75098746af24a6cbff8c1ff627b480bcb03c678
google_play,YouTube,com.google.android.youtube,us,en,1034bd6f-cfec-4575-8891-73621e0e62c3,5,0,2026-07-02T03:54:48+00:00,21.26.364,run5_day2_20260703_043957,run5_day2_20260703_043957,please help me🙏 yotube family my channel virl all videos like coment sear 1000000 subscribe views 1000000,please help me🙏 yotube family my channel virl all videos like coment sear 1000000 subscribe views 1000000,32c19e0fcde845d80dd5d9f28026c979651559eaee8d363d8c488df76396c603,32c19e0fcde845d80dd5d9f28026c979651559eaee8d363d8c488df76396c603
google_play,YouTube,com.google.android.youtube,us,en,c79c627e-5693-4965-b684-afa7ee94a62d,1,1,2026-07-02T03:54:23+00:00,21.26.364,run5_day2_20260703_043957,run5_day2_20260703_043957,Give us back the dislike button.,Give us back the dislike button.,eeed5ef1fc31933daa590698319fe59291473d26eade8fa97b72bd6a38350d6a,eeed5ef1fc31933daa590698319fe59291473d26eade8fa97b72bd6a38350d6a
google_play,YouTube,com.google.android.youtube,us,en,dc38a0e0-aaba-42bb-8c40-65994acc28d3,2,1,2026-07-02T03:53:57+00:00,21.25.526,run5_day2_20260703_043957,run5_day2_20260703_043957,why the hell was the dislike button removed from shorts? now nothing but ai slop is coming through.,why the hell was the dislike button removed from shorts? now nothing but ai slop is coming through.,8cac726df56e24d119b5ddd4294a876f184da6842e53c8f6050f55d6407054db,8cac726df56e24d119b5ddd4294a876f184da6842e53c8f6050f55d6407054db
google_play,YouTube,com.google.android.youtube,us,en,f3dacd9c-d8f3-49c3-9005-f998586ad51d,1,0,2026-07-02T03:53:35+00:00,21.25.529,run5_day2_20260703_043957,run5_day2_20260703_043957,slow YouTube,slow YouTube,2a7c8031a655fa91c0fb84b86cb41cfbd5451fdaa8b081532c6abb3ff35f88c1,2a7c8031a655fa91c0fb84b86cb41cfbd5451fdaa8b081532c6abb3ff35f88c1
google_play,YouTube,com.google.android.youtube,us,en,253f257c-6dd2-471b-9b3b-4d0c167578cf,1,1,2026-07-02T03:52:29+00:00,21.26.364,run5_day2_20260703_043957,run5_day2_20260703_043957,bad experience UI,bad experience UI,623e2b145ecc2909f0bd05a484d21d2c1daacb3b237b290bdd02a02ddeb347aa,623e2b145ecc2909f0bd05a484d21d2c1daacb3b237b290bdd02a02ddeb347aa
google_play,YouTube,com.google.android.youtube,us,en,1c1564fa-13b2-4c5b-8208-b1edebc389d2,5,0,2026-07-02T03:52:09+00:00,21.26.364,run5_day2_20260703_043957,run5_day2_20260703_043957,thanks for youtube video,thanks for youtube video,f7c689cc1f9b0f57cb5c15a267a93f2b16bdd1c9a133c183419473b0701e00d8,f7c689cc1f9b0f57cb5c15a267a93f2b16bdd1c9a133c183419473b0701e00d8
google_play,YouTube,com.google.android.youtube,us,en,c13b4a0e-a848-4ae7-9d68-e754f7d4f467,1,1,2026-07-02T03:50:47+00:00,20.15.38,run5_day2_20260703_043957,run5_day2_20260703_043957,"They removed even more dislikes and freedom of personalization, while their algorithm forces every agenda down your throat in the meantime. This is a company and they really don't care about you; you are less than a commodity.","They removed even more dislikes and freedom of personalization, while their algorithm forces every agenda down your throat in the meantime. This is a company and they really don't care about you; you are less than a commodity.",b025036ad020235e4edf90c8a3f2e8dec318e0b4ab8110717051ec994c741860,b025036ad020235e4edf90c8a3f2e8dec318e0b4ab8110717051ec994c741860
google_play,YouTube,com.google.android.youtube,us,en,13b20e71-06f8-41d5-ad8c-db01d4045c99,4,0,2026-07-02T03:48:38+00:00,21.26.364,run5_day2_20260703_043957,run5_day2_20260703_043957,ads are annoying kinda money hungry but I make content so but the content it has can be corny,ads are annoying kinda money hungry but I make content so but the content it has can be corny,c0fbe0550f75fa2bd274b48104ef567e10b7a686ca872bee887504d45adef0f7,c0fbe0550f75fa2bd274b48104ef567e10b7a686ca872bee887504d45adef0f7
google_play,YouTube,com.google.android.youtube,us,en,956fefb6-fa81-4c90-9f40-51e2dbd9dcd1,1,1,2026-07-02T03:48:01+00:00,21.26.364,run5_day2_20260703_043957,run5_day2_20260703_043957,New update is bad,New update is bad,bbb504a084366add1b43960d259163e5638e882f38167a8da7dbf6688f6e2263,bbb504a084366add1b43960d259163e5638e882f38167a8da7dbf6688f6e2263
google_play,YouTube,com.google.android.youtube,us,en,cec3e8d1-c291-4369-b387-83b3bfc9d0fa,5,0,2026-07-02T03:46:23+00:00,12.37.59,run5_day2_20260703_043957,run5_day2_20260703_043957,My YouTube,My YouTube,92c0cc0c3e3ce2ac1c8f75ca30baae579e92517e177882260abe99625224b6bf,92c0cc0c3e3ce2ac1c8f75ca30baae579e92517e177882260abe99625224b6bf
google_play,YouTube,com.google.android.youtube,us,en,4b06f598-2da0-4495-8c7b-8a8f3f517d32,1,1,2026-07-02T03:46:18+00:00,21.26.364,run5_day2_20260703_043957,run5_day2_20260703_043957,yall removed the dislike button from shorts this aint tiktok put it back,yall removed the dislike button from shorts this aint tiktok put it back,fa501a4b2972f53540448c7cf14365d5c8d9683a89b6ab5b35ee66c8b0442c8e,fa501a4b2972f53540448c7cf14365d5c8d9683a89b6ab5b35ee66c8b0442c8e
google_play,YouTube,com.google.android.youtube,us,en,91e59055-809b-4880-95f2-81635227b65f,1,262,2026-07-02T03:44:26+00:00,21.25.523,run5_day2_20260703_043957,run5_day2_20260703_043957,bring back the dislike button on shorts you COWARDS,bring back the dislike button on shorts you COWARDS,b598f3c9b81efc7590f6c782c4e969835c9e54a2393232171dd959fd3e0b0d08,b598f3c9b81efc7590f6c782c4e969835c9e54a2393232171dd959fd3e0b0d08
google_play,YouTube,com.google.android.youtube,us,en,f075739c-a082-4718-9af8-1cdd2c060167,1,1,2026-07-02T03:44:00+00:00,21.25.527,run5_day2_20260703_043957,run5_day2_20260703_043957,"Too many annoying popups blocking the view (ads, CC) need manual actions to dismiss.","Too many annoying popups blocking the view (ads, CC) need manual actions to dismiss.",71a65685615df5f518e672d29caa4b10d1feba6c82aff7dacf44e1991749f53b,71a65685615df5f518e672d29caa4b10d1feba6c82aff7dacf44e1991749f53b
google_play,YouTube,com.google.android.youtube,us,en,633dd166-0604-407d-a6d7-2619e1ceffbf,5,0,2026-07-02T03:42:57+00:00,21.26.364,run5_day2_20260703_043957,run5_day2_20260703_043957,it w good,it w good,55a77d4c1fbe90594a1546b04264a542947f961bf2e86ed94a757ba43919df5c,55a77d4c1fbe90594a1546b04264a542947f961bf2e86ed94a757ba43919df5c
google_play,YouTube,com.google.android.youtube,us,en,25bb5173-f5b7-43a5-aae0-a015ab9484bc,5,0,2026-07-02T03:41:53+00:00,21.20.402,run5_day2_20260703_043957,run5_day2_20260703_043957,really cool,really cool,a41bfe8e196e397151cb0793c507f9e76d51835c86f028ff2c06c77680e449d8,a41bfe8e196e397151cb0793c507f9e76d51835c86f028ff2c06c77680e449d8
google_play,YouTube,com.google.android.youtube,us,en,af176edf-a2e8-4a26-99c1-accec238daf3,1,4,2026-07-02T03:40:10+00:00,21.25.526,run5_day2_20260703_043957,run5_day2_20260703_043957,spy/malware you can't uninstall from your phone that sells your data to anybody at all.,spy/malware you can't uninstall from your phone that sells your data to anybody at all.,ae6a5b81b8e529a1effc60837ff8f24e3f9375155f54d6579a9bd986fac5e1c6,ae6a5b81b8e529a1effc60837ff8f24e3f9375155f54d6579a9bd986fac5e1c6
google_play,YouTube,com.google.android.youtube,us,en,8492c24c-63f0-410b-975c-a9c90307a87e,5,0,2026-07-02T03:39:29+00:00,12.37.59,run5_day2_20260703_043957,run5_day2_20260703_043957,Ahhh,Ahhh,3d2c7511b8f026661eeadab4b52c98bedfaa20e0e7b825c20f25afcc24bef62a,3d2c7511b8f026661eeadab4b52c98bedfaa20e0e7b825c20f25afcc24bef62a
google_play,YouTube,com.google.android.youtube,us,en,bdeda1e8-4b75-49a9-b766-b074d45fefee,1,1,2026-07-02T03:39:11+00:00,21.26.364,run5_day2_20260703_043957,run5_day2_20260703_043957,where is dislike button?,where is dislike button?,0da16d1bf9be29e1c928807e4e75b4b7f13d1754fa3cf2e74f61d9e3078d9c4c,0da16d1bf9be29e1c928807e4e75b4b7f13d1754fa3cf2e74f61d9e3078d9c4c
google_play,YouTube,com.google.android.youtube,us,en,2a079352-1dca-4be5-af4a-1a7a0ea3d9e8,5,0,2026-07-02T03:38:59+00:00,21.03.36,run5_day2_20260703_043957,run5_day2_20260703_043957,Ok,Ok,843ac01149cced785dfebd0028d3b03ba78e286e1c6f9517ebfcdb609d97af4c,843ac01149cced785dfebd0028d3b03ba78e286e1c6f9517ebfcdb609d97af4c
google_play,YouTube,com.google.android.youtube,us,en,a9648c10-4949-4ac7-a967-b3a100f7cfb8,4,0,2026-07-02T03:38:43+00:00,12.37.59,run5_day2_20260703_043957,run5_day2_20260703_043957,Sad,Sad,3ba6f1aeede102d36c0511309781ae5df4ee0f2cd43621942988fe186fb62bad,3ba6f1aeede102d36c0511309781ae5df4ee0f2cd43621942988fe186fb62bad
google_play,YouTube,com.google.android.youtube,us,en,78e99eb6-d954-4a0a-b329-3b242c535b0d,1,0,2026-07-02T03:37:15+00:00,21.26.364,run5_day2_20260703_043957,run5_day2_20260703_043957,this app crashing in my vivo z1 pro before update after update i face this issue today app open i scroll 1 or 3 sec and app close automatically and this is happening all time now i clear cache but still facing this issue please fix it,this app crashing in my vivo z1 pro before update after update i face this issue today app open i scroll 1 or 3 sec and app close automatically and this is happening all time now i clear cache but still facing this issue please fix it,981fe9e96c8e54f2c7bbe858aa73e075019e97007af23d69239265be66616589,981fe9e96c8e54f2c7bbe858aa73e075019e97007af23d69239265be66616589
google_play,YouTube,com.google.android.youtube,us,en,d793f0c2-fffc-4f8d-9abd-672e77bc514b,5,0,2026-07-02T03:37:14+00:00,21.22.165,run5_day2_20260703_043957,run5_day2_20260703_043957,funny video come in YouTube l like funny video ryi,funny video come in YouTube l like funny video ryi,934e6ed98aaa8ef71003406bb23cd92efa973abf28b4b48eefdced0bd342decf,934e6ed98aaa8ef71003406bb23cd92efa973abf28b4b48eefdced0bd342decf
google_play,YouTube,com.google.android.youtube,us,en,6f0d5c90-886f-4a87-bf1d-e37834cfb1c6,1,0,2026-07-02T03:37:06+00:00,21.25.523,run5_day2_20260703_043957,run5_day2_20260703_043957,"Took away the dislike button and my shorts feed is filled with ai slop that requires me to click options, click 'not interested', fill out a survey, and click submit.","Took away the dislike button and my shorts feed is filled with ai slop that requires me to click options, click 'not interested', fill out a survey, and click submit.",389994f17f71c6e6a7f70fc1ebf3c4a0b3c2ae09e7d5ee4863b8fa0cce1d3887,389994f17f71c6e6a7f70fc1ebf3c4a0b3c2ae09e7d5ee4863b8fa0cce1d3887
google_play,YouTube,com.google.android.youtube,us,en,a4a567aa-c8e3-4840-bd4e-d45a3e16bbaf,1,0,2026-07-02T03:36:48+00:00,21.25.523,run5_day2_20260703_043957,run5_day2_20260703_043957,it have a lot of tactical problems,it have a lot of tactical problems,6e95db0e15c19b797d986a4c59ebfb2d62b816415dd11cb5cc994a5d9c74ac49,6e95db0e15c19b797d986a4c59ebfb2d62b816415dd11cb5cc994a5d9c74ac49
google_play,YouTube,com.google.android.youtube,us,en,5e47dda4-97c7-4859-b06a-101a3dfc252f,1,1,2026-07-02T03:35:53+00:00,21.26.364,run5_day2_20260703_043957,run5_day2_20260703_043957,"it is ruined cuz there are lots of ad,you should use youtube revanced","it is ruined cuz there are lots of ad,you should use youtube revanced",40bd3174d6de8c5711ffbd162ad172e3ddf782cb666d570b4406ed70ac841b1c,40bd3174d6de8c5711ffbd162ad172e3ddf782cb666d570b4406ed70ac841b1c
google_play,YouTube,com.google.android.youtube,us,en,fd05d25b-b1ef-42bc-ae9c-4932345508ae,1,1,2026-07-02T03:35:47+00:00,21.26.364,run5_day2_20260703_043957,run5_day2_20260703_043957,"I have been using YouTube since 2008, and I have never seen the Ads so bad like this in June/July. obviously I get it with revenue and trying to get people to get the premium but this is legit the worse I've seen. The first two are unskipable, and there are 4 to 6 ads in a 5 to 10 minute video.","I have been using YouTube since 2008, and I have never seen the Ads so bad like this in June/July. obviously I get it with revenue and trying to get people to get the premium but this is legit the worse I've seen. The first two are unskipable, and there are 4 to 6 ads in a 5 to 10 minute video.",ebe62ce5a77620639f68c8edcf70a0731d5a581d3c94be4ed30e44db2caea221,ebe62ce5a77620639f68c8edcf70a0731d5a581d3c94be4ed30e44db2caea221
google_play,YouTube,com.google.android.youtube,us,en,a8058385-7673-4733-bee4-f13f79178e1d,1,1,2026-07-02T03:34:58+00:00,21.26.364,run5_day2_20260703_043957,run5_day2_20260703_043957,"stop trying to auto translate everything. If you want to make a feature, make it an option.","stop trying to auto translate everything. If you want to make a feature, make it an option.",7bd83a5ccbf49ebc9e7f7810cd381839353d141dbfdfe1fd57aa0f863ba13c8e,7bd83a5ccbf49ebc9e7f7810cd381839353d141dbfdfe1fd57aa0f863ba13c8e
google_play,YouTube,com.google.android.youtube,us,en,be03865b-4527-43fa-aa48-48e504d0d339,5,0,2026-07-02T03:34:35+00:00,21.23.483,run5_day2_20260703_043957,run5_day2_20260703_043957,This app is best for videos,This app is best for videos,4d80364375b9a2cee93bfb023f237cf1ae98942b0f886556d894d69d1d1068b6,4d80364375b9a2cee93bfb023f237cf1ae98942b0f886556d894d69d1d1068b6
google_play,YouTube,com.google.android.youtube,us,en,886c4311-886f-4a06-bed8-d3f076a5ab1b,4,0,2026-07-02T03:33:07+00:00,21.05.264,run5_day2_20260703_043957,run5_day2_20260703_043957,ভালো।,ভালো।,79aeadb1ff39d3b5901e8f34bf155d1b7e48769ab8a0eba1ac1e55278dfbd216,79aeadb1ff39d3b5901e8f34bf155d1b7e48769ab8a0eba1ac1e55278dfbd216
google_play,YouTube,com.google.android.youtube,us,en,3396c0cf-a458-4813-8842-27e908e1ec02,2,0,2026-07-02T03:32:02+00:00,21.26.364,run5_day2_20260703_043957,run5_day2_20260703_043957,"Horrible app. No app has this many adds, youtube used to be a great app. now they are greedy jerks who want to put 5 ads in a 10 minute video. I do not mean 2 ads a time in a break, I mean FIVE breaks of ads. I'm very close to deleting the app considering there are plenty more services in which I can watch stuff without an ad in my face.","Horrible app. No app has this many adds, youtube used to be a great app. now they are greedy jerks who want to put 5 ads in a 10 minute video. I do not mean 2 ads a time in a break, I mean FIVE breaks of ads. I'm very close to deleting the app considering there are plenty more services in which I can watch stuff without an ad in my face.",0e29ac7d1be4c3b078c09b7ff4ac67b2d0d4c59ed54b76ae2b6267eb4e8d4ce0,0e29ac7d1be4c3b078c09b7ff4ac67b2d0d4c59ed54b76ae2b6267eb4e8d4ce0
google_play,YouTube,com.google.android.youtube,us,en,68a1ccd3-fe76-49ed-be40-0d9239b31f0f,5,0,2026-07-02T03:27:21+00:00,21.25.523,run5_day2_20260703_043957,run5_day2_20260703_043957,Love the app,Love the app,2430cec35f2a85b603e2f545783e80ca211db0f89b8a78edd4b713207c292762,2430cec35f2a85b603e2f545783e80ca211db0f89b8a78edd4b713207c292762
google_play,YouTube,com.google.android.youtube,us,en,f8447909-4138-4f8b-aea3-0ab693db7b86,1,0,2026-07-02T03:25:08+00:00,21.25.530,run5_day2_20260703_043957,run5_day2_20260703_043957,Chromecast icon no longer appearing,Chromecast icon no longer appearing,ed730b92e0dee8e7286e1cb11bdddaa252f8fdb88bb72cf2f5bc9116d69a4797,ed730b92e0dee8e7286e1cb11bdddaa252f8fdb88bb72cf2f5bc9116d69a4797
google_play,YouTube,com.google.android.youtube,us,en,bfca4da8-6542-4f21-b48e-1cfa5e2efbf8,3,0,2026-07-02T03:23:10+00:00,21.26.364,run5_day2_20260703_043957,run5_day2_20260703_043957,"I paid for the membership, but never received an acknowledgement or perks. No different from subscribing for free.","I paid for the membership, but never received an acknowledgement or perks. No different from subscribing for free.",f4038582670d0a8ca5c1f6821d77f120cd145d7335c6d4d90a567cf7ca7897a9,f4038582670d0a8ca5c1f6821d77f120cd145d7335c6d4d90a567cf7ca7897a9
google_play,YouTube,com.google.android.youtube,us,en,835a65bb-7fda-40b1-81ac-a550a66fe0d2,1,0,2026-07-02T03:23:04+00:00,21.25.523,run5_day2_20260703_043957,run5_day2_20260703_043957,ads are more than real videos.,ads are more than real videos.,a5099b3cb3dd68ff9be8fb1cbac55e04f5925e11fd6c5b9716f7c61749979652,a5099b3cb3dd68ff9be8fb1cbac55e04f5925e11fd6c5b9716f7c61749979652
google_play,YouTube,com.google.android.youtube,us,en,c5e47037-7a15-4e28-b4e9-424309a45f18,1,1,2026-07-02T03:22:03+00:00,21.25.523,run5_day2_20260703_043957,run5_day2_20260703_043957,"the ads are getting out of hand. there is the number of ads thrown at you and the type of ads that is shown in a 12+ rated app. I've seen some ads where they promote ai chatbots and you know what type these apps are and they are literally 18+ applications in the playstore. not only you can't skip them,even worse random pop up ads are also thrown to you. shame on what once was a great app. I've tried reporting and blocking these types of ads just for them to show me more of them. unbelievable.","the ads are getting out of hand. there is the number of ads thrown at you and the type of ads that is shown in a 12+ rated app. I've seen some ads where they promote ai chatbots and you know what type these apps are and they are literally 18+ applications in the playstore. not only you can't skip them,even worse random pop up ads are also thrown to you. shame on what once was a great app. I've tried reporting and blocking these types of ads just for them to show me more of them. unbelievable.",dd70a91d383914be2eecd6f68c11e1c9211970f56adbd9e00bc1bef8f262d88e,dd70a91d383914be2eecd6f68c11e1c9211970f56adbd9e00bc1bef8f262d88e
google_play,YouTube,com.google.android.youtube,us,en,3ed0c2f4-96a9-41ff-9b3d-10428d05dae0,4,0,2026-07-02T03:21:04+00:00,21.26.364,run5_day2_20260703_043957,run5_day2_20260703_043957,this is the best social media app... it's better than any other thousands social app,this is the best social media app... it's better than any other thousands social app,5923d9888c7fd0462185a4917815708f3045d396b7d02a105a654145f76b4f12,5923d9888c7fd0462185a4917815708f3045d396b7d02a105a654145f76b4f12
google_play,YouTube,com.google.android.youtube,us,en,d9d102d3-5743-4e6b-bb6b-9181fb7bf106,2,0,2026-07-02T03:19:59+00:00,20.51.39,run5_day2_20260703_043957,run5_day2_20260703_043957,not dollod,not dollod,f27649b23341801ca1bca72a5be629864f57019414fbfe89bc0b61efbb3fcf6e,f27649b23341801ca1bca72a5be629864f57019414fbfe89bc0b61efbb3fcf6e
google_play,YouTube,com.google.android.youtube,us,en,a2b1ea6b-b8c8-4175-8994-c52e3efdd337,1,1,2026-07-02T03:19:57+00:00,21.25.530,run5_day2_20260703_043957,run5_day2_20260703_043957,"They took away the dislike button, now every 3rd video is A.I.","They took away the dislike button, now every 3rd video is A.I.",d32014ceb3ecebc6f81dfadca41606ffe2c85b15f56ca07dd53ccd8ae57ae083,d32014ceb3ecebc6f81dfadca41606ffe2c85b15f56ca07dd53ccd8ae57ae083
google_play,YouTube,com.google.android.youtube,us,en,10146c62-fe1a-4a90-9446-44d89a0b2e41,2,0,2026-07-02T03:19:56+00:00,21.26.364,run5_day2_20260703_043957,run5_day2_20260703_043957,needs an update,needs an update,16ca6d8a553a47c8b805c063c136d36c3811c7b127fc92013a986e599823d01a,16ca6d8a553a47c8b805c063c136d36c3811c7b127fc92013a986e599823d01a
google_play,YouTube,com.google.android.youtube,us,en,5cdcc727-2b28-45fa-a0c0-caf10ed98c03,1,15,2026-07-02T03:19:40+00:00,21.26.364-SECONDARY,run5_day2_20260703_043957,run5_day2_20260703_043957,"The like button and save button keeps disappearing on all devices. My phone and tablet. I've cleared the cache, uninstalled and reinstalled and updated dozens of times on both devices and it only comes back temporarily and I have to do it again the next time I use the app. I'm about to uninstall and reinstall on both devices yet again. update, after mostly working for a few weeks it's happening again but worse, now comments are greyed out also. can't like, subscribe, save, or read comments.","The like button and save button keeps disappearing on all devices. My phone and tablet. I've cleared the cache, uninstalled and reinstalled and updated dozens of times on both devices and it only comes back temporarily and I have to do it again the next time I use the app. I'm about to uninstall and reinstall on both devices yet again. update, after mostly working for a few weeks it's happening again but worse, now comments are greyed out also. can't like, subscribe, save, or read comments.",5cd33fd4d26c4f8fe2447e0988484753bea6d3534bc1ef9f4da1f3bd05af9cf3,5cd33fd4d26c4f8fe2447e0988484753bea6d3534bc1ef9f4da1f3bd05af9cf3
google_play,YouTube,com.google.android.youtube,us,en,d0fb8280-04bd-4bdf-8f10-5a92afb55170,2,90,2026-07-02T03:19:03+00:00,21.26.364,run5_day2_20260703_043957,run5_day2_20260703_043957,7/1/26 not being able to give a thumbs down to shorts is ridiculous. You're taking away our voice. Thumbs down a the way for us to tell creators we like that we didn't like a particular video. Thumbs down isn't just about my algorithm. It's a form of expression. Now the alternative is just ban the channel of any video I want to thumbs down? Also the app continues to have its nasty habit of inserting videos I don't ask for into my carefully selected que of videos. 👎,7/1/26 not being able to give a thumbs down to shorts is ridiculous. You're taking away our voice. Thumbs down a the way for us to tell creators we like that we didn't like a particular video. Thumbs down isn't just about my algorithm. It's a form of expression. Now the alternative is just ban the channel of any video I want to thumbs down? Also the app continues to have its nasty habit of inserting videos I don't ask for into my carefully selected que of videos. 👎,b2d130adf4b9682d7968448d21e9ac818700580dd4beb29109bdb6c78be6c412,b2d130adf4b9682d7968448d21e9ac818700580dd4beb29109bdb6c78be6c412
google_play,YouTube,com.google.android.youtube,us,en,f8e04268-5d04-49d6-a45e-0a9a427d7f1a,1,1,2026-07-02T03:18:27+00:00,21.26.364,run5_day2_20260703_043957,run5_day2_20260703_043957,"YouTube algorithm is not base on my activity, nor my location","YouTube algorithm is not base on my activity, nor my location",78c78d1075a33004c089acc718573bc642409722f4471484f638b6e90b460bfb,78c78d1075a33004c089acc718573bc642409722f4471484f638b6e90b460bfb
google_play,YouTube,com.google.android.youtube,us,en,1f4a7df0-3488-4186-a48a-0af270896514,5,0,2026-07-02T03:17:42+00:00,21.26.364,run5_day2_20260703_043957,run5_day2_20260703_043957,"I absolutely love youtube so much, I love watching youtube and youtube shorts. I think u guys should do a collaboration with a celebrity or someone. I love youtube so much❤️","I absolutely love youtube so much, I love watching youtube and youtube shorts. I think u guys should do a collaboration with a celebrity or someone. I love youtube so much❤️",dddf5db86106be864ccb7e684cd1b424b6c909528581b33ebd78f637dbe5f908,dddf5db86106be864ccb7e684cd1b424b6c909528581b33ebd78f637dbe5f908
google_play,YouTube,com.google.android.youtube,us,en,50069c04-00dd-4640-a737-7aad605318d3,4,0,2026-07-02T03:17:17+00:00,13.07.55,run5_day2_20260703_043957,run5_day2_20260703_043957,nice,nice,e186022d0931afe9fe0690857e32f85e50165e7fbe0966d49609ef1981f920c6,e186022d0931afe9fe0690857e32f85e50165e7fbe0966d49609ef1981f920c6
google_play,YouTube,com.google.android.youtube,us,en,adf863f9-56ff-4c35-a4c8-f4e27c30cfda,1,0,2026-07-02T03:15:05+00:00,21.25.523,run5_day2_20260703_043957,run5_day2_20260703_043957,Ads kill the app,Ads kill the app,cb15ed4d0d9473ece49810687cbc6b3c532fcb6d6daa051cb060f1d73f7b2e75,cb15ed4d0d9473ece49810687cbc6b3c532fcb6d6daa051cb060f1d73f7b2e75
google_play,YouTube,com.google.android.youtube,us,en,d62d72e0-23c3-4da9-9600-f6b0fa9270e4,5,0,2026-07-02T03:13:33+00:00,4.4.11,run5_day2_20260703_043957,run5_day2_20260703_043957,Very good,Very good,06a2935e6f57d4494a9017393d4f3b5a7a3d4df4e26b25f853b27b6ae1d6f821,06a2935e6f57d4494a9017393d4f3b5a7a3d4df4e26b25f853b27b6ae1d6f821
google_play,YouTube,com.google.android.youtube,us,en,ae8fd6c4-dfe1-4dfb-b783-9ce8c4fc912b,3,0,2026-07-02T03:13:27+00:00,21.25.529,run5_day2_20260703_043957,run5_day2_20260703_043957,It's ok. Mines start a random youtube short video after opening the app. Ita been doing this as of 07/01/26,It's ok. Mines start a random youtube short video after opening the app. Ita been doing this as of 07/01/26,1ff8cb6d136bc2bf94e5bd8be5163d5bd58b95328520e7ddbab2939689108112,1ff8cb6d136bc2bf94e5bd8be5163d5bd58b95328520e7ddbab2939689108112
google_play,YouTube,com.google.android.youtube,us,en,f17d6554-89e7-4b9f-aeda-30ff656a0a7c,5,0,2026-07-02T03:12:49+00:00,15.26.34,run5_day2_20260703_043957,run5_day2_20260703_043957,good,good,770e607624d689265ca6c44884d0807d9b054d23c473c106c72be9de08b7376c,770e607624d689265ca6c44884d0807d9b054d23c473c106c72be9de08b7376c
google_play,YouTube,com.google.android.youtube,us,en,dd9142e5-441f-4459-8f14-341cde6f7f68,5,0,2026-07-02T03:12:24+00:00,21.25.523,run5_day2_20260703_043957,run5_day2_20260703_043957,Mast app,Mast app,6ff656a5d9dcb07e990617637024cccc7b2da1c6ef665fdfa8391d9e1e75137e,6ff656a5d9dcb07e990617637024cccc7b2da1c6ef665fdfa8391d9e1e75137e
google_play,YouTube,com.google.android.youtube,us,en,5a240752-4237-4651-a7ac-05a543a534de,1,1,2026-07-02T03:12:11+00:00,21.25.523,run5_day2_20260703_043957,run5_day2_20260703_043957,Put the dislike button back on shorts.,Put the dislike button back on shorts.,4691b9dfd0cf7d6aade0dec2326cfa74093dd5fc54e2d3e23dbf5dce722c3103,4691b9dfd0cf7d6aade0dec2326cfa74093dd5fc54e2d3e23dbf5dce722c3103
google_play,YouTube,com.google.android.youtube,us,en,f9c4f599-86d5-4a8c-bca9-93ecf6fe1000,5,0,2026-07-02T03:11:01+00:00,17.07.35,run5_day2_20260703_043957,run5_day2_20260703_043957,good,good,770e607624d689265ca6c44884d0807d9b054d23c473c106c72be9de08b7376c,770e607624d689265ca6c44884d0807d9b054d23c473c106c72be9de08b7376c
google_play,YouTube,com.google.android.youtube,us,en,c4f2f329-23a8-4497-b8e5-394ab5dbc3be,5,0,2026-07-02T03:10:19+00:00,21.26.364,run5_day2_20260703_043957,run5_day2_20260703_043957,👍,👍,5d57d39e6b7d8ea050980e6665bb1da357db14249d74e122f7d4e8cc2253beff,5d57d39e6b7d8ea050980e6665bb1da357db14249d74e122f7d4e8cc2253beff
google_play,YouTube,com.google.android.youtube,us,en,ae3b129f-ced2-494b-b747-fbcabd152901,1,1,2026-07-02T03:08:38+00:00,21.24.368,run5_day2_20260703_043957,run5_day2_20260703_043957,Youtube is adding stuff no one asked for,Youtube is adding stuff no one asked for,ed24eab7205c159aae45b2a3e2832753776717581aacd9ecc52f1ab98632ed64,ed24eab7205c159aae45b2a3e2832753776717581aacd9ecc52f1ab98632ed64
google_play,YouTube,com.google.android.youtube,us,en,caed841a-be42-475b-9b5a-b2c35fbe4e0a,3,0,2026-07-02T03:03:19+00:00,21.26.364,run5_day2_20260703_043957,run5_day2_20260703_043957,where has the dislike button gone?,where has the dislike button gone?,0ea7d5abf661d9e19c83a211b3feae01f69346236f36f94f00824423b0e62ad2,0ea7d5abf661d9e19c83a211b3feae01f69346236f36f94f00824423b0e62ad2
google_play,YouTube,com.google.android.youtube,us,en,c97c1442-05dd-4c29-b08f-8958424dc56a,5,0,2026-07-02T03:02:02+00:00,21.26.364,run5_day2_20260703_043957,run5_day2_20260703_043957,It's cool,It's cool,5989418ad12c0cdd2aebc5897782151cc9686ea711044cbeff924c0d668205ca,5989418ad12c0cdd2aebc5897782151cc9686ea711044cbeff924c0d668205ca
google_play,YouTube,com.google.android.youtube,us,en,692a8137-98e6-46c4-8236-72d3470b1561,1,1,2026-07-02T03:02:00+00:00,21.26.364-SECONDARY,run5_day2_20260703_043957,run5_day2_20260703_043957,what's wrong with this ad after every 5 mins are you telling me to use an ad blocker???,what's wrong with this ad after every 5 mins are you telling me to use an ad blocker???,0cca926908a2d22ee0fdfb534f6605d8d2893c7d5e75dbac9cf7c98ad7a9e4f6,0cca926908a2d22ee0fdfb534f6605d8d2893c7d5e75dbac9cf7c98ad7a9e4f6
google_play,YouTube,com.google.android.youtube,us,en,e88e7023-6832-4144-9319-8c4d7b693d30,4,0,2026-07-02T03:00:46+00:00,21.25.530,run5_day2_20260703_043957,run5_day2_20260703_043957,enjoy the dramas,enjoy the dramas,5f43b3f6efffd290d82fb93679d764d3382829f71971ea8f870b6f3c990e0f34,5f43b3f6efffd290d82fb93679d764d3382829f71971ea8f870b6f3c990e0f34
google_play,YouTube,com.google.android.youtube,us,en,7dd9d575-7d89-490b-96d6-3925da9d78bf,1,1,2026-07-02T02:57:19+00:00,21.25.523,run5_day2_20260703_043957,run5_day2_20260703_043957,they are slowly getting rid of any way of disliking which I find to be a very bad move,they are slowly getting rid of any way of disliking which I find to be a very bad move,f2a908a8c7a85f98c783c63ccdc94ae5a8ebe5eb4654dc734f1790228bc05760,f2a908a8c7a85f98c783c63ccdc94ae5a8ebe5eb4654dc734f1790228bc05760
google_play,YouTube,com.google.android.youtube,us,en,230bb4a8-674a-4140-bff0-06021955eb15,5,0,2026-07-02T02:53:50+00:00,21.25.523,run5_day2_20260703_043957,run5_day2_20260703_043957,i love youtube so much👌❤️✅️,i love youtube so much👌❤️✅️,93bf396c144053f99c89479ba008c5456c9f93ac106f4d78355a3762c9696854,93bf396c144053f99c89479ba008c5456c9f93ac106f4d78355a3762c9696854
google_play,YouTube,com.google.android.youtube,us,en,e56d97d3-7587-4d8a-98dd-c3948b8cc0dc,5,0,2026-07-02T02:53:31+00:00,21.25.528,run5_day2_20260703_043957,run5_day2_20260703_043957,লং ভিডিও আপলোড করতে পারছি না প্লিজ খুলে দেন,লং ভিডিও আপলোড করতে পারছি না প্লিজ খুলে দেন,6c3af7f971970979a1151e3d8ddecb6f783ed749c2d45fe4b84e108c36c46c73,6c3af7f971970979a1151e3d8ddecb6f783ed749c2d45fe4b84e108c36c46c73
google_play,YouTube,com.google.android.youtube,us,en,0e5483b7-488b-4010-a2dc-8fa17f723d8d,1,0,2026-07-01T05:00:41+00:00,,run5_20260702_050046,run5_20260702_050059,👎👎👎Google👎👎👎,👎👎👎Google👎👎👎,5386aaabfe2cb04bd9c783605d0c7675dd705351aaca4ef9b4b500c06fe5ba9c,5386aaabfe2cb04bd9c783605d0c7675dd705351aaca4ef9b4b500c06fe5ba9c
google_play,YouTube,com.google.android.youtube,us,en,64e51e5f-6267-4540-b50b-a601b086c038,5,0,2026-07-01T05:00:07+00:00,21.26.364,run5_20260702_050046,run5_20260702_050059,"Very, very best app","Very, very best app",8449a359dccf1b77ff8b2a5242765e18eb231a8eefe0b609e7b7c36aec442b4a,8449a359dccf1b77ff8b2a5242765e18eb231a8eefe0b609e7b7c36aec442b4a
google_play,YouTube,com.google.android.youtube,us,en,ae2a8495-a0d2-40a3-b5d2-2e5730a90699,1,0,2026-07-01T04:58:47+00:00,21.26.364,run5_20260702_050046,run5_20260702_050059,"Hello, I accidentally deleted my YouTube account. Please recover it as soon as possible.","Hello, I accidentally deleted my YouTube account. Please recover it as soon as possible.",c1fd8f3045ce0acf1ee5103097694c0c982c6ab35ed950ce7235758d5b0c780e,c1fd8f3045ce0acf1ee5103097694c0c982c6ab35ed950ce7235758d5b0c780e
google_play,YouTube,com.google.android.youtube,us,en,b87ba705-2a72-40bb-b180-9c84cf78a6e2,1,0,2026-07-01T04:58:32+00:00,21.26.364,run5_20260702_050046,run5_20260702_050059,why I'm unable to arrange video in a playlist according to my preference of playing that video?????,why I'm unable to arrange video in a playlist according to my preference of playing that video?????,e19e743601643467ce5263901c842b5c8cca11939a6c67d728e6bd7922705b17,e19e743601643467ce5263901c842b5c8cca11939a6c67d728e6bd7922705b17
google_play,YouTube,com.google.android.youtube,us,en,e99aa890-67aa-4707-9663-ebfd5702d91e,2,1,2026-07-01T04:57:52+00:00,21.25.523,run5_20260702_050046,run5_20260702_050059,"Used to be great, but as they keep making updates it gradually gets worse and worse. Videos in your watch later sometimes wont show up, you wont get notifications for channels you're subscribed to, and even if you choose the ""stop seeing this"" option on ads or videos they will continue to shove them in your face. Update June 2026 Things have not improved. YouTube has only continued to make bad decision after bad decision, constantly redesigning in the dumbest ways and removing everything good.","Used to be great, but as they keep making updates it gradually gets worse and worse. Videos in your watch later sometimes wont show up, you wont get notifications for channels you're subscribed to, and even if you choose the ""stop seeing this"" option on ads or videos they will continue to shove them in your face. Update June 2026 Things have not improved. YouTube has only continued to make bad decision after bad decision, constantly redesigning in the dumbest ways and removing everything good.",379bd8193690f4d5c83492ff088d15b9d54e99a8450af0dba3e335349e8143e1,379bd8193690f4d5c83492ff088d15b9d54e99a8450af0dba3e335349e8143e1
google_play,YouTube,com.google.android.youtube,us,en,ad3a66e1-d86e-4d45-a5c0-091e5e07a05c,5,0,2026-07-01T04:57:25+00:00,21.25.524,run5_20260702_050046,run5_20260702_050059,updated,updated,27eb5e51506c911f6fc4bb345c0d9db6f60415fceab7c18e1e9b862637415777,27eb5e51506c911f6fc4bb345c0d9db6f60415fceab7c18e1e9b862637415777
google_play,YouTube,com.google.android.youtube,us,en,fe0ee87f-31c9-46fd-8be5-0889133f2cc8,5,136,2026-07-01T04:56:22+00:00,21.25.523,run5_20260702_050046,run5_20260702_050059,"Great app works well for me, updates were nice also thanks so much..","Great app works well for me, updates were nice also thanks so much..",1d0a855396a215c624a9410318f8c089ad0712d106c304e2ce55357ee2493220,1d0a855396a215c624a9410318f8c089ad0712d106c304e2ce55357ee2493220
google_play,YouTube,com.google.android.youtube,us,en,b89be2da-75c6-491d-ae7d-54065deca3a0,5,0,2026-07-01T04:56:11+00:00,11.07.59,run5_20260702_050046,run5_20260702_050059,Krisna podh,Krisna podh,2f884857b009aef35dc7e4c5bb2f3477219809cf02cb6c6fecfa1ac103a65f09,2f884857b009aef35dc7e4c5bb2f3477219809cf02cb6c6fecfa1ac103a65f09
google_play,YouTube,com.google.android.youtube,us,en,b6208eab-cf5f-4a01-be66-5289483ea683,5,0,2026-07-01T04:55:44+00:00,21.26.364,run5_20260702_050046,run5_20260702_050059,very useful app and this is very entertainment,very useful app and this is very entertainment,338149f0a0b75eeea90df20b435a00612e6410e13a461d2825eb4c4b7a950587,338149f0a0b75eeea90df20b435a00612e6410e13a461d2825eb4c4b7a950587
google_play,YouTube,com.google.android.youtube,us,en,32a9def5-a83d-42b8-8199-eba49202c73f,1,4,2026-07-01T04:54:39+00:00,21.25.528,run5_20260702_050046,run5_20260702_050059,"The app literally gets worse with every ""update"".","The app literally gets worse with every ""update"".",bd7061d02ef65900f1a62ea64a8740c87c86d2da42376a97224eb4b9b7493165,bd7061d02ef65900f1a62ea64a8740c87c86d2da42376a97224eb4b9b7493165
google_play,YouTube,com.google.android.youtube,us,en,b142f000-031b-453e-b4e9-5bf9f79c3674,5,0,2026-07-01T04:54:32+00:00,21.25.523,run5_20260702_050046,run5_20260702_050059,Good,Good,c939327ca16dcf97ca32521d8b834bf1de16573d21deda3bb2a337cf403787a6,c939327ca16dcf97ca32521d8b834bf1de16573d21deda3bb2a337cf403787a6
google_play,YouTube,com.google.android.youtube,us,en,9f119226-6c5b-4300-a714-35d443ef8ef4,5,0,2026-07-01T04:54:00+00:00,21.25.523,run5_20260702_050046,run5_20260702_050059,very nice,very nice,343614bcdb829f7e0ab1e3a876dc5437a01a6eea3df3fd1031774b5e691fd949,343614bcdb829f7e0ab1e3a876dc5437a01a6eea3df3fd1031774b5e691fd949
google_play,YouTube,com.google.android.youtube,us,en,db9c14de-2182-49dd-8499-f5450deb0ce5,1,1,2026-07-01T04:53:40+00:00,21.25.523,run5_20260702_050046,run5_20260702_050059,"I can't believe that for such a large and popular app that it would have as many glitches as it does. having to restart the app twice because there's no audio, exiting full screen mode to have all of the text and thumbnails in the suggestions box be gray boxes, and leaving picture in picture mode always breaking the app in a new way are are incredibly annoying.","I can't believe that for such a large and popular app that it would have as many glitches as it does. having to restart the app twice because there's no audio, exiting full screen mode to have all of the text and thumbnails in the suggestions box be gray boxes, and leaving picture in picture mode always breaking the app in a new way are are incredibly annoying.",c3273211ba5d3db5f68e54fe4f8c85c6f520236fea73065bad701686059aa124,c3273211ba5d3db5f68e54fe4f8c85c6f520236fea73065bad701686059aa124
google_play,YouTube,com.google.android.youtube,us,en,db49d0bd-80af-4c64-98fb-3d14e98b8923,1,2,2026-07-01T04:53:20+00:00,21.26.364-SECONDARY,run5_20260702_050046,run5_20260702_050059,"The ads are so annoying nowadays. Also those gambling poster ads with Ai sexual womens, are always at the front page of youtube. Wth is this? Youtube or Corn hub? Gambling ads everywhare. 4 ads on many videos. And now you even disabled the dislike button for youtube shorts? I wish I could give you a 0 start.","The ads are so annoying nowadays. Also those gambling poster ads with Ai sexual womens, are always at the front page of youtube. Wth is this? Youtube or Corn hub? Gambling ads everywhare. 4 ads on many videos. And now you even disabled the dislike button for youtube shorts? I wish I could give you a 0 start.",78db64df4ad96b78cdd2b952ce9a6be0753554091d3d827b44c1b27ad904dcca,78db64df4ad96b78cdd2b952ce9a6be0753554091d3d827b44c1b27ad904dcca
google_play,YouTube,com.google.android.youtube,us,en,d89eaaf3-c699-46e0-8b35-d11772a3e563,5,0,2026-07-01T04:52:59+00:00,21.26.364,run5_20260702_050046,run5_20260702_050059,good,good,770e607624d689265ca6c44884d0807d9b054d23c473c106c72be9de08b7376c,770e607624d689265ca6c44884d0807d9b054d23c473c106c72be9de08b7376c
google_play,YouTube,com.google.android.youtube,us,en,152aa1b5-3779-4e0e-bc3e-46688f56068e,5,0,2026-07-01T04:52:07+00:00,21.25.523,run5_20260702_050046,run5_20260702_050059,"""Best video streaming app. Easy to use, fast, and reliable. Love the features and overall experience. Keep up the good work!","""Best video streaming app. Easy to use, fast, and reliable. Love the features and overall experience. Keep up the good work!",4ba8d7ae3e638e28cc1e8d05df1ccc39035d173f3e6eedc4cfd7a428d005324c,4ba8d7ae3e638e28cc1e8d05df1ccc39035d173f3e6eedc4cfd7a428d005324c
google_play,YouTube,com.google.android.youtube,us,en,9f47f3cb-102f-48ef-9c8d-1b2b39254325,1,0,2026-07-01T04:51:46+00:00,21.25.528,run5_20260702_050046,run5_20260702_050059,my YouTube keeps zooming out on my tablet how do I fix it,my YouTube keeps zooming out on my tablet how do I fix it,6f472ad7f0e1a839c4f1512eb23bd5ad45fbf310d9d91d07468c43cc8582e438,6f472ad7f0e1a839c4f1512eb23bd5ad45fbf310d9d91d07468c43cc8582e438
google_play,YouTube,com.google.android.youtube,us,en,108d4c7f-1407-48d4-8a62-13b502d9e639,5,0,2026-07-01T04:50:58+00:00,21.25.523,run5_20260702_050046,run5_20260702_050059,🥰🥰😍😍,🥰🥰😍😍,534e4a98ae15c078f00b1f3b137ae8e29525b008b005476f2193c265b9195a0c,534e4a98ae15c078f00b1f3b137ae8e29525b008b005476f2193c265b9195a0c
google_play,YouTube,com.google.android.youtube,us,en,9208e520-4fdd-4554-925f-14efadd3feba,5,0,2026-07-01T04:50:00+00:00,17.07.35,run5_20260702_050046,run5_20260702_050059,very very good app and short video,very very good app and short video,86320fa92cd92c4ba82a1e197be9ed5f272008d7272b9d8248afd917654de514,86320fa92cd92c4ba82a1e197be9ed5f272008d7272b9d8248afd917654de514
google_play,YouTube,com.google.android.youtube,us,en,8822d7bc-42dd-4c2e-be24-aa09970d05e3,3,0,2026-07-01T04:49:54+00:00,21.26.364,run5_20260702_050046,run5_20260702_050059,my daughter said it's not that good because it has so many ads,my daughter said it's not that good because it has so many ads,ad1c6807dfd0468d1dd83fc1599f8941d2bac64f061ceddd45b7ae17c51d4e72,ad1c6807dfd0468d1dd83fc1599f8941d2bac64f061ceddd45b7ae17c51d4e72
google_play,YouTube,com.google.android.youtube,us,en,33ba42a1-2eee-49fe-bcf3-d51ea0af52f9,1,0,2026-07-01T04:49:36+00:00,21.25.523,run5_20260702_050046,run5_20260702_050059,more then doubled the amount of ads and made them needed to be manually started. mass enshitification of the product.,more then doubled the amount of ads and made them needed to be manually started. mass enshitification of the product.,171d2ddb4e488f67e96246137b14cd740cc3f1ec062d3a30ca3f07587f65a7c6,171d2ddb4e488f67e96246137b14cd740cc3f1ec062d3a30ca3f07587f65a7c6
google_play,YouTube,com.google.android.youtube,us,en,f06c3b5c-a82b-4e2a-9922-0d88b0b47c0c,5,0,2026-07-01T04:49:23+00:00,11.19.56,run5_20260702_050046,run5_20260702_050059,মুসতাকিম,মুসতাকিম,13de3852c2ad0d4875ec9ff819cfe705cedeb73f47341c81152ed8028747f499,13de3852c2ad0d4875ec9ff819cfe705cedeb73f47341c81152ed8028747f499
google_play,YouTube,com.google.android.youtube,us,en,1cc068ea-8469-47a3-9e94-a1e5d9947824,5,0,2026-07-01T04:48:51+00:00,21.25.523,run5_20260702_050046,run5_20260702_050059,I am a beautiful person,I am a beautiful person,3d0ba9aa14e3da802ddd205c6043c00b6608e831584952f4bd1e5a23bd3d18f9,3d0ba9aa14e3da802ddd205c6043c00b6608e831584952f4bd1e5a23bd3d18f9
google_play,YouTube,com.google.android.youtube,us,en,699f1f69-746d-4fa4-bb20-e29ed5be22fc,4,0,2026-07-01T04:48:41+00:00,21.09.266,run5_20260702_050046,run5_20260702_050059,Good,Good,c939327ca16dcf97ca32521d8b834bf1de16573d21deda3bb2a337cf403787a6,c939327ca16dcf97ca32521d8b834bf1de16573d21deda3bb2a337cf403787a6
google_play,YouTube,com.google.android.youtube,us,en,ac2a6648-7541-4af7-9873-ff27d098ec3a,1,0,2026-07-01T04:47:11+00:00,21.25.523,run5_20260702_050046,run5_20260702_050059,dislike ka option kyo hta diya,dislike ka option kyo hta diya,f6a0d7903991acfbc248ba26eed4cf2a6985b08cc11dc44cca9f9cb38341d17e,f6a0d7903991acfbc248ba26eed4cf2a6985b08cc11dc44cca9f9cb38341d17e
google_play,YouTube,com.google.android.youtube,us,en,e075a849-193d-4562-92e2-5946b5372bfe,4,0,2026-07-01T04:45:56+00:00,21.11.483,run5_20260702_050046,run5_20260702_050059,😍😍😍😍😍,😍😍😍😍😍,15685b8ba7832d93f78b7013d611d295163edbc291c7fd9d83858797c5e137f4,15685b8ba7832d93f78b7013d611d295163edbc291c7fd9d83858797c5e137f4
google_play,YouTube,com.google.android.youtube,us,en,f3b891aa-8451-42c9-b486-f075bec328ef,5,0,2026-07-01T04:45:53+00:00,21.26.364,run5_20260702_050046,run5_20260702_050059,i am miss old youtube,i am miss old youtube,6ef92506c39b6a5df8509b80a0bee3b073377e9fa21177d166b286e8b6fcf810,6ef92506c39b6a5df8509b80a0bee3b073377e9fa21177d166b286e8b6fcf810
google_play,YouTube,com.google.android.youtube,us,en,3d089596-be57-41c3-9b9a-4b43350c6a5d,1,0,2026-07-01T04:45:32+00:00,21.25.526,run5_20260702_050046,run5_20260702_050059,these days youtube content recommendation not according to geographical area where someone present or belongs to. Unrelevant recommendation always pop out.youtube premium members cheated quality content missing including fifa WC 2026.,these days youtube content recommendation not according to geographical area where someone present or belongs to. Unrelevant recommendation always pop out.youtube premium members cheated quality content missing including fifa WC 2026.,2e3e35684605e38c6d1bdc210ea5ca747fcab24508e2b4c50d3c936be6c1536c,2e3e35684605e38c6d1bdc210ea5ca747fcab24508e2b4c50d3c936be6c1536c
google_play,YouTube,com.google.android.youtube,us,en,ed3569d1-0353-4238-a281-fa62a5529534,5,0,2026-07-01T04:45:05+00:00,21.24.368,run5_20260702_050046,run5_20260702_050059,Good,Good,c939327ca16dcf97ca32521d8b834bf1de16573d21deda3bb2a337cf403787a6,c939327ca16dcf97ca32521d8b834bf1de16573d21deda3bb2a337cf403787a6
google_play,YouTube,com.google.android.youtube,us,en,8edc0a0d-9aef-4b25-8de8-f28d1d9b7ff3,1,0,2026-07-01T04:45:00+00:00,21.26.364,run5_20260702_050046,run5_20260702_050059,"Without the dislike counter, YouTube was mid. Without dislikes, YouTube is a ghost of itself.","Without the dislike counter, YouTube was mid. Without dislikes, YouTube is a ghost of itself.",2ef20e34774d7c658d80de2e224a76ad91e3e7e7a7fec5742023f443cecee45e,2ef20e34774d7c658d80de2e224a76ad91e3e7e7a7fec5742023f443cecee45e
google_play,YouTube,com.google.android.youtube,us,en,58805a1b-63e5-496b-8bfb-98204e7b94dc,5,0,2026-07-01T04:44:36+00:00,20.02.40,run5_20260702_050046,run5_20260702_050059,محمد اسماعیل,محمد اسماعیل,5fbc5f1720d78d25a6c573307620cfc97a25285c3efeb2cae02cf7ef10d80ffb,5fbc5f1720d78d25a6c573307620cfc97a25285c3efeb2cae02cf7ef10d80ffb
google_play,YouTube,com.google.android.youtube,us,en,17517425-1386-46e1-9b2a-932d8aeb3d70,5,0,2026-07-01T04:44:36+00:00,11.45.59,run5_20260702_050046,run5_20260702_050059,you Tuoe,you Tuoe,5065f076d0bee054ff58bfe12311d96f0a0cef86cb5e37f5c875ab0a9116182d,5065f076d0bee054ff58bfe12311d96f0a0cef86cb5e37f5c875ab0a9116182d
google_play,YouTube,com.google.android.youtube,us,en,74526842-8062-4ac7-87b3-f201e6af9ee7,5,0,2026-07-01T04:44:33+00:00,20.02.40,run5_20260702_050046,run5_20260702_050059,ev angeline,ev angeline,744c3199c4a17b2f356ef3fd6fa80f4f0429c0b679c97d45a62f5d8012316234,744c3199c4a17b2f356ef3fd6fa80f4f0429c0b679c97d45a62f5d8012316234
google_play,YouTube,com.google.android.youtube,us,en,b52e445f-cf32-4f6a-bdfc-508468792b85,5,0,2026-07-01T04:44:27+00:00,21.25.523,run5_20260702_050046,run5_20260702_050059,zoon,zoon,117d4c8873bf995dca74c8dd605370deb5e8dc7bfd76a204c9679142e9a38bcb,117d4c8873bf995dca74c8dd605370deb5e8dc7bfd76a204c9679142e9a38bcb
google_play,YouTube,com.google.android.youtube,us,en,152814b5-1d32-487c-a5a9-4c9f20139edc,5,0,2026-07-01T04:43:47+00:00,21.25.524,run5_20260702_050046,run5_20260702_050059,I love thu,I love thu,9df6a5a0abee0070b74ef8e0f25f8824da420a4b68478d66b09cd996a4c6cde6,9df6a5a0abee0070b74ef8e0f25f8824da420a4b68478d66b09cd996a4c6cde6
google_play,YouTube,com.google.android.youtube,us,en,0422c03d-02d7-4fbc-bf4c-ce3a1d317375,1,0,2026-07-01T04:43:06+00:00,21.21.87,run5_20260702_050046,run5_20260702_050059,Nic cute app,Nic cute app,2520196f9b4cca5c1efe5090380beb1c5baeff13bf7d01dfac0594bb8ec0a013,2520196f9b4cca5c1efe5090380beb1c5baeff13bf7d01dfac0594bb8ec0a013
google_play,YouTube,com.google.android.youtube,us,en,cd8d3e0f-08df-49f9-b2db-d28a8ffc0e03,5,0,2026-07-01T04:42:47+00:00,21.25.524,run5_20260702_050046,run5_20260702_050059,awesome app,awesome app,fb2ad1a8a570916bab964c957d0a66a8ab766605a206e50bc562f35950dfae5b,fb2ad1a8a570916bab964c957d0a66a8ab766605a206e50bc562f35950dfae5b
google_play,YouTube,com.google.android.youtube,us,en,4328080b-39ea-4a12-85cf-36e34dc0849e,5,0,2026-07-01T04:41:59+00:00,20.02.40,run5_20260702_050046,run5_20260702_050059,love you too sweetheart my dear friend and my family is my love I will always be happy for your birthday to be a friend and my friend of my friend I have been doing this to me and a lot about the other one but it wasn't the only thing that was a lot to me that 💖,love you too sweetheart my dear friend and my family is my love I will always be happy for your birthday to be a friend and my friend of my friend I have been doing this to me and a lot about the other one but it wasn't the only thing that was a lot to me that 💖,73ce112e4ae7bb533ad5f56d897064ab84b8ec5f88ac413f2eb4e37969c7ec31,73ce112e4ae7bb533ad5f56d897064ab84b8ec5f88ac413f2eb4e37969c7ec31
google_play,YouTube,com.google.android.youtube,us,en,001ad9f4-8044-4aae-9505-2f504d9afa9c,5,0,2026-07-01T04:41:24+00:00,21.25.523,run5_20260702_050046,run5_20260702_050059,best,best,8f4375ec65c2c4092a1cc21e76712472eae0de999384e8327c495957121db9c2,8f4375ec65c2c4092a1cc21e76712472eae0de999384e8327c495957121db9c2
google_play,YouTube,com.google.android.youtube,us,en,02368d24-f406-4449-8fe8-1715c06186ab,5,0,2026-07-01T04:40:05+00:00,12.37.59,run5_20260702_050046,run5_20260702_050059,Jaykishan,Jaykishan,b49438d4bbc16a735deb346b789eb2c4d1033315886565bce9f15a53f3639edb,b49438d4bbc16a735deb346b789eb2c4d1033315886565bce9f15a53f3639edb
google_play,YouTube,com.google.android.youtube,us,en,4fe9a16b-0569-495d-a43d-036f0bb784c6,4,0,2026-07-01T04:39:53+00:00,21.21.87,run5_20260702_050046,run5_20260702_050059,My name is shadab khan,My name is shadab khan,c0d49477b64217b9225f5bb64629a194b67d769c6751f55ea5e5b517c5f54b08,c0d49477b64217b9225f5bb64629a194b67d769c6751f55ea5e5b517c5f54b08
google_play,YouTube,com.google.android.youtube,us,en,92c6113a-016e-4bcb-9880-a87b7c7986c9,5,0,2026-07-01T04:39:07+00:00,21.26.364,run5_20260702_050046,run5_20260702_050059,"I love YouTube!! I've had a glitch lately tho..I want to make a short, but when I press the plus at the bottom of my screen, it only says video live and post. why cant I make a short that way??😭😭","I love YouTube!! I've had a glitch lately tho..I want to make a short, but when I press the plus at the bottom of my screen, it only says video live and post. why cant I make a short that way??😭😭",71d12473f8ef6a1041b311b306574f852070d8adb0d53a7d4890f1bb38c8e35e,71d12473f8ef6a1041b311b306574f852070d8adb0d53a7d4890f1bb38c8e35e
google_play,YouTube,com.google.android.youtube,us,en,a458cf4a-6e4f-4314-b834-8aa85f310139,1,0,2026-07-01T04:38:48+00:00,21.25.523,run5_20260702_050046,run5_20260702_050059,They removed dislikes from shorts,They removed dislikes from shorts,5981349696a40d5e8d29d7a3463e411c6ec4f0fd2588cec694785a3cfa56e057,5981349696a40d5e8d29d7a3463e411c6ec4f0fd2588cec694785a3cfa56e057
google_play,YouTube,com.google.android.youtube,us,en,b72100d6-5809-4ecf-a61a-1ebbb888190e,1,0,2026-07-01T04:38:07+00:00,20.33.38,run5_20260702_050046,run5_20260702_050059,tau ah,tau ah,d6bd8edd63c5ddfe839916ede5a7d352ba3f8ca1595c40ed284f9aa35404775f,d6bd8edd63c5ddfe839916ede5a7d352ba3f8ca1595c40ed284f9aa35404775f
google_play,YouTube,com.google.android.youtube,us,en,aedbb9d4-5dcb-4e1c-9eca-75893e1a630d,5,2,2026-07-01T04:37:39+00:00,10.37.58,run5_20260702_050046,run5_20260702_050059,Please meria YouTube Chala do,Please meria YouTube Chala do,c64ed41691bd47491c99fcd04e35ee9bc7e7ab203073aace427d705b2ac199c1,c64ed41691bd47491c99fcd04e35ee9bc7e7ab203073aace427d705b2ac199c1
google_play,YouTube,com.google.android.youtube,us,en,0d57efd0-3971-4130-9988-1ad689d957d8,5,0,2026-07-01T04:37:30+00:00,21.25.523,run5_20260702_050046,run5_20260702_050059,best for kids and our,best for kids and our,faa9e0cb52c75fc19b522bdc5a7d74297a096c00363c84cfd490edafa85b91b6,faa9e0cb52c75fc19b522bdc5a7d74297a096c00363c84cfd490edafa85b91b6
google_play,YouTube,com.google.android.youtube,us,en,8a6ae2df-5318-40bb-a234-c802c1ace104,2,0,2026-07-01T04:37:27+00:00,21.25.523,run5_20260702_050046,run5_20260702_050059,Please put back the dislike button on shorts! 🙏🏻,Please put back the dislike button on shorts! 🙏🏻,6da8eeec1d8269d5f2ea6b3da6c6f9c04777c0c110eb8a750c3cbf620432bfda,6da8eeec1d8269d5f2ea6b3da6c6f9c04777c0c110eb8a750c3cbf620432bfda
google_play,YouTube,com.google.android.youtube,us,en,21961db1-81a7-436a-a75b-17bd7a2e026c,1,0,2026-07-01T04:36:17+00:00,21.25.527,run5_20260702_050046,run5_20260702_050059,"BRING BACK MY DISLIKE BUTTON, YOU MTFK.","BRING BACK MY DISLIKE BUTTON, YOU MTFK.",941def22f75783f143fac1ea7c326119deae8c61fea1d7d4b56349c9c8ee4217,941def22f75783f143fac1ea7c326119deae8c61fea1d7d4b56349c9c8ee4217
google_play,YouTube,com.google.android.youtube,us,en,e3c7bd70-f4d0-4873-b408-5d5aa1e1a72d,1,0,2026-07-01T04:36:14+00:00,21.26.364,run5_20260702_050046,run5_20260702_050059,I have auto play on YouTube but still it's just keep loading on the next video and not playing the playlist and my internet is perfect please fix the problem,I have auto play on YouTube but still it's just keep loading on the next video and not playing the playlist and my internet is perfect please fix the problem,492ad445e607679a61c5fbda1e9e2a8027d2d7987db03c719f5ae24a42a79666,492ad445e607679a61c5fbda1e9e2a8027d2d7987db03c719f5ae24a42a79666
google_play,YouTube,com.google.android.youtube,us,en,58b01676-14f3-4ed1-9dc4-17f99872e01a,3,0,2026-07-01T04:35:54+00:00,20.02.40,run5_20260702_050046,run5_20260702_050059,8 shah nawa Sagar,8 shah nawa Sagar,2ab5ede793e5abadae16c5d95a38ea96d5f850cb45416ee0a8a172ae5db53613,2ab5ede793e5abadae16c5d95a38ea96d5f850cb45416ee0a8a172ae5db53613
google_play,YouTube,com.google.android.youtube,us,en,8674444b-2fce-4372-9664-f9092caea398,1,1,2026-07-01T04:35:32+00:00,21.26.364,run5_20260702_050046,run5_20260702_050059,"The amount of ads and a YT Short being auto played when you start up the app is straight up annoying man. 2026 they got rid of the dislike button, seriously?","The amount of ads and a YT Short being auto played when you start up the app is straight up annoying man. 2026 they got rid of the dislike button, seriously?",0266887cfa90c71707a7ecb4e6a1f4b3f452ca5b6d87d4ce41e4b5ce6452b2c0,0266887cfa90c71707a7ecb4e6a1f4b3f452ca5b6d87d4ce41e4b5ce6452b2c0
google_play,YouTube,com.google.android.youtube,us,en,b5a7318c-c166-4180-a95b-a1a92f23c631,5,0,2026-07-01T04:35:15+00:00,21.25.523,run5_20260702_050046,run5_20260702_050059,Best Beast,Best Beast,e7f2bdea1a0eaf6bfa5d115133f1023d25fb70b69b8ae09a2b35005d9852778f,e7f2bdea1a0eaf6bfa5d115133f1023d25fb70b69b8ae09a2b35005d9852778f
google_play,YouTube,com.google.android.youtube,us,en,4e43097c-d0ac-4c50-b591-f9317ca68af3,5,0,2026-07-01T04:34:12+00:00,21.04.222,run5_20260702_050046,run5_20260702_050059,god app,god app,a14d2c755695d7118749b90423cdd82a3e0590e2036ff8089b1efa4a8af8e33f,a14d2c755695d7118749b90423cdd82a3e0590e2036ff8089b1efa4a8af8e33f
google_play,YouTube,com.google.android.youtube,us,en,ad3c2811-2843-4944-8c63-367fa9021b00,1,0,2026-07-01T04:33:40+00:00,21.26.364,run5_20260702_050046,run5_20260702_050059,"too many ads, terrible management of the app, not enough flexibility for creators/people overall, and you don't listen or care.","too many ads, terrible management of the app, not enough flexibility for creators/people overall, and you don't listen or care.",78d4be0e2c8116ae39d3f75226a66bd49b13aaae8be58b34654614038e5cc8b5,78d4be0e2c8116ae39d3f75226a66bd49b13aaae8be58b34654614038e5cc8b5
google_play,YouTube,com.google.android.youtube,us,en,6b1bd69d-9034-4548-adcb-d920e9287de4,1,1,2026-07-01T04:32:08+00:00,13.07.55,run5_20260702_050046,run5_20260702_050059,🙂,🙂,d06f1525f791397809f9bc98682b5c13318eca4c3123433467fd4dffda44fd14,d06f1525f791397809f9bc98682b5c13318eca4c3123433467fd4dffda44fd14
google_play,YouTube,com.google.android.youtube,us,en,5c238010-0101-4cc9-a8a5-0d2e63253c77,5,0,2026-07-01T04:31:57+00:00,21.14.484,run5_20260702_050046,run5_20260702_050059,Bzoxc,Bzoxc,233402b4a67d693f3aad7c10ff005223cdcf87de8fbe239f6cd1ab2792337c9d,233402b4a67d693f3aad7c10ff005223cdcf87de8fbe239f6cd1ab2792337c9d
google_play,YouTube,com.google.android.youtube,us,en,126712e7-dd98-42a6-818b-c1a754b4aaa3,1,0,2026-07-01T04:31:16+00:00,21.23.483,run5_20260702_050046,run5_20260702_050059,add back dislikes onto shorts,add back dislikes onto shorts,d94894c0d987aed1a0c1a8c77e4979586aa9abeaded3c261df933b087ae5d161,d94894c0d987aed1a0c1a8c77e4979586aa9abeaded3c261df933b087ae5d161
google_play,YouTube,com.google.android.youtube,us,en,c53e40a3-590a-4009-a256-7ac52954bb26,5,0,2026-07-01T04:29:32+00:00,18.49.36,run5_20260702_050046,run5_20260702_050059,the perfect balance between ads music and entertainment. thanks to YouTube,the perfect balance between ads music and entertainment. thanks to YouTube,3998fd700dba486fbe03011a3142dc9789ffe7e152983751e5c388784e02121b,3998fd700dba486fbe03011a3142dc9789ffe7e152983751e5c388784e02121b
google_play,YouTube,com.google.android.youtube,us,en,339601c4-4dab-4165-a4cb-0e66934373e0,1,954,2026-07-01T04:29:21+00:00,21.25.523,run5_20260702_050046,run5_20260702_050059,"It's an ok free app, outdated and poorly optimised for a paid app. The ""premium controls"" are basic compared to most paid apps, and should be included in the free version. After literal years of the same issues of crashing during queued videos, and the annoying and unavoidable""connect devices"" notification, I solved these by using a browser with adblocker. No crashing, no notification. I think I can probably ditch my long held subscription, too. Thanks, YouTube!","It's an ok free app, outdated and poorly optimised for a paid app. The ""premium controls"" are basic compared to most paid apps, and should be included in the free version. After literal years of the same issues of crashing during queued videos, and the annoying and unavoidable""connect devices"" notification, I solved these by using a browser with adblocker. No crashing, no notification. I think I can probably ditch my long held subscription, too. Thanks, YouTube!",b647437c12d18f95fb73d89eb2891d86a5361e278071848f96457285e764f8a5,b647437c12d18f95fb73d89eb2891d86a5361e278071848f96457285e764f8a5
google_play,YouTube,com.google.android.youtube,us,en,33531d97-0a7a-4375-87b6-a66e72f933f9,1,0,2026-07-01T04:28:25+00:00,11.07.59,run5_20260702_050046,run5_20260702_050059,Open this app,Open this app,ef556ce126d01fc5ed20e46e67532815ee82c9731ce532fb94fda81447be6ead,ef556ce126d01fc5ed20e46e67532815ee82c9731ce532fb94fda81447be6ead
google_play,YouTube,com.google.android.youtube,us,en,8bb91341-67dc-4165-b52d-ee247df3ff86,1,0,2026-07-01T04:27:17+00:00,21.26.364-SECONDARY,run5_20260702_050046,run5_20260702_050059,"They want their platform, to be nearly unusable. If the success of a platform was actually determined by quality of service, rather than anything else. YouTube would be one of the worst platforms in history. Annoying pop ups that need to be dismissed, constant ads, pop up ads for YouTube premium, removal of dislikes, algorithms that just feed you slop or videos you already seen, terrible UI decisions. never let anyone defend YouTube in any way, cuz it sucks for no other reason than greed.","They want their platform, to be nearly unusable. If the success of a platform was actually determined by quality of service, rather than anything else. YouTube would be one of the worst platforms in history. Annoying pop ups that need to be dismissed, constant ads, pop up ads for YouTube premium, removal of dislikes, algorithms that just feed you slop or videos you already seen, terrible UI decisions. never let anyone defend YouTube in any way, cuz it sucks for no other reason than greed.",5573bdd0e218b7dbdbadd16c4553992872f7a28f044a2de147277a5e17fdc431,5573bdd0e218b7dbdbadd16c4553992872f7a28f044a2de147277a5e17fdc431
google_play,YouTube,com.google.android.youtube,us,en,9aeb2130-c419-42c0-ad01-034c6b007327,1,0,2026-07-01T04:27:02+00:00,21.25.523,run5_20260702_050046,run5_20260702_050059,1 star for removing the dislike button.,1 star for removing the dislike button.,cc994c628a31c9c614a104b3825590b567686774abf808aba37891f4fd26201c,cc994c628a31c9c614a104b3825590b567686774abf808aba37891f4fd26201c
google_play,YouTube,com.google.android.youtube,us,en,826dc9df-781b-486d-8fb0-949651fc3ec8,1,0,2026-07-01T04:26:26+00:00,21.25.523,run5_20260702_050046,run5_20260702_050059,"too many damn ads. every time I pause an ad pops up and throws me out of full-screen, it's ridiculous. on top of that, recently I've only been getting ai ads, disgusting to look at.","too many damn ads. every time I pause an ad pops up and throws me out of full-screen, it's ridiculous. on top of that, recently I've only been getting ai ads, disgusting to look at.",0af319f5cfd4dbea1de6e074c4873e0b6509d49a6b6fcbb06a50939ee6f53fb5,0af319f5cfd4dbea1de6e074c4873e0b6509d49a6b6fcbb06a50939ee6f53fb5
google_play,YouTube,com.google.android.youtube,us,en,c1c7c8d8-1c8e-4df0-9b61-41ae1a9d9518,1,0,2026-07-01T04:25:40+00:00,21.25.527,run5_20260702_050046,run5_20260702_050059,i can't open this app....,i can't open this app....,1c5de2961b734c303fa522443ec61c20c73b4c77530d2a3428cb6135ff7a0b73,1c5de2961b734c303fa522443ec61c20c73b4c77530d2a3428cb6135ff7a0b73
google_play,YouTube,com.google.android.youtube,us,en,990fb1f7-fc20-4c1f-98ab-f35fa63fa04b,5,0,2026-07-01T04:25:40+00:00,20.02.40,run5_20260702_050046,run5_20260702_050059,najib khan,najib khan,a5630600754b7e8cd212c367eac667d3164b6790d891bbd011a37752805ba3a2,a5630600754b7e8cd212c367eac667d3164b6790d891bbd011a37752805ba3a2
google_play,YouTube,com.google.android.youtube,us,en,a1b1ece3-6294-430f-ae4e-4104dd489f55,2,231,2026-07-01T04:25:09+00:00,21.21.83,run5_20260702_050046,run5_20260702_050059,WHERE THE HECK DID THIS DISLIKE BUTTON GO,WHERE THE HECK DID THIS DISLIKE BUTTON GO,6941be7ce0d1b992aa4a5b809b19b75af0152904f89460d35543268a75eeeb64,6941be7ce0d1b992aa4a5b809b19b75af0152904f89460d35543268a75eeeb64
google_play,YouTube,com.google.android.youtube,us,en,19c206dc-fab2-425c-8e85-d8dbcf38564c,5,0,2026-07-01T04:24:40+00:00,21.25.523,run5_20260702_050046,run5_20260702_050059,Youtube,Youtube,1c919af1ee39359466900b6d8580b7fed34227322fffbdf01593a1c5d3e7b385,1c919af1ee39359466900b6d8580b7fed34227322fffbdf01593a1c5d3e7b385
google_play,YouTube,com.google.android.youtube,us,en,66721afb-b050-43ae-8111-56d85218b75c,5,0,2026-07-01T04:24:34+00:00,21.20.402,run5_20260702_050046,run5_20260702_050059,M Tariq Manhood,M Tariq Manhood,ee8e824f6f9aece5259617394cfdc4f9ad24557887e40ebdfd85b0215e46625e,ee8e824f6f9aece5259617394cfdc4f9ad24557887e40ebdfd85b0215e46625e
google_play,YouTube,com.google.android.youtube,us,en,eb049852-79d5-4213-b4a3-33f037c9fc56,1,0,2026-07-01T04:24:33+00:00,12.34.55,run5_20260702_050046,run5_20260702_050059,the you tube is connect h with this adevice,the you tube is connect h with this adevice,89cec973c3a7efc1208c60fed84547d0cb5f64ce9aff04404d082b0671d013ec,89cec973c3a7efc1208c60fed84547d0cb5f64ce9aff04404d082b0671d013ec
google_play,YouTube,com.google.android.youtube,us,en,8c1abea5-e602-4163-adf7-8c42ed016166,1,0,2026-07-01T04:24:32+00:00,21.26.364,run5_20260702_050046,run5_20260702_050059,absolutely ruined the platform with too many ads and pop ups,absolutely ruined the platform with too many ads and pop ups,35fbff2fc36ef0c3d950f657405390333c040d53dca5006fdce69a2decaab929,35fbff2fc36ef0c3d950f657405390333c040d53dca5006fdce69a2decaab929
google_play,YouTube,com.google.android.youtube,us,en,c1d61a05-32cc-49da-9f38-459e84e8829d,1,0,2026-07-01T04:23:26+00:00,21.25.523,run5_20260702_050046,run5_20260702_050059,WHY DO YOU NEED SUPPORTED DEVICES FOR YOU I HATE YOU,WHY DO YOU NEED SUPPORTED DEVICES FOR YOU I HATE YOU,5dcb7bc43f39684794a08c7b0dd639266b135847bba0dc29f1ea909e6a28df9f,5dcb7bc43f39684794a08c7b0dd639266b135847bba0dc29f1ea909e6a28df9f
google_play,YouTube,com.google.android.youtube,us,en,2fe5cc50-e94e-48df-9084-d5fd81870a54,1,1,2026-07-01T04:22:59+00:00,21.25.523,run5_20260702_050046,run5_20260702_050059,why would you remove the dislike button? and why did you change likes to hearts? likes and dislikes is what made YouTube really stand out and it helps you decide which videos are worth watching,why would you remove the dislike button? and why did you change likes to hearts? likes and dislikes is what made YouTube really stand out and it helps you decide which videos are worth watching,5868a2f06b3ec931e3482319e57484858187d9aaba5c0b8885953d21f22f5f63,5868a2f06b3ec931e3482319e57484858187d9aaba5c0b8885953d21f22f5f63
google_play,YouTube,com.google.android.youtube,us,en,a7afcb8a-8893-40ae-9ae2-bf43b19401e7,4,0,2026-07-01T04:22:42+00:00,11.45.59,run5_20260702_050046,run5_20260702_050059,Ahadutafese,Ahadutafese,61f418fd0269059992af6bee30063704acec356fc0ad24518cbcf5e20714ed81,61f418fd0269059992af6bee30063704acec356fc0ad24518cbcf5e20714ed81
google_play,YouTube,com.google.android.youtube,us,en,ce692f94-1ae9-46a9-ba21-393718af998b,1,0,2026-07-01T04:22:37+00:00,21.25.523,run5_20260702_050046,run5_20260702_050059,U removed the dislike button and turned the like button into a heart!? 😭💔💀,U removed the dislike button and turned the like button into a heart!? 😭💔💀,ac1b88abe1baf49e3f37697064df1ca8db48d95a637b6d4f9b5f5565a096ce1b,ac1b88abe1baf49e3f37697064df1ca8db48d95a637b6d4f9b5f5565a096ce1b
google_play,YouTube,com.google.android.youtube,us,en,e45caff8-2938-4ffc-ae5e-ec45b61a67e7,1,381,2026-07-01T04:21:14+00:00,21.24.366,run5_20260702_050046,run5_20260702_050059,*Edit: Now they removed the dislike button. How does Youtube respond to ad issue? - ADDS MORE ADS! It's a catalogue at this point!* Horrible app design. Why are there so many things popping up on the screen when I pause shorts? They cover text and captions. Also we don't need to see random comments pop up on the videos. If I want to see what people are saying I will open the mf comments myself. And don't get me started on the ads. Now they appear right on the videos as little stickers.,*Edit: Now they removed the dislike button. How does Youtube respond to ad issue? - ADDS MORE ADS! It's a catalogue at this point!* Horrible app design. Why are there so many things popping up on the screen when I pause shorts? They cover text and captions. Also we don't need to see random comments pop up on the videos. If I want to see what people are saying I will open the mf comments myself. And don't get me started on the ads. Now they appear right on the videos as little stickers.,73461bc5bf9d876d6873e02a810fb440b5ba7d7b406def25ee9dbc2638fb13ee,73461bc5bf9d876d6873e02a810fb440b5ba7d7b406def25ee9dbc2638fb13ee
google_play,YouTube,com.google.android.youtube,us,en,34ab9436-9fef-4c5b-b9d5-e90dd8e01582,1,1,2026-07-01T04:20:43+00:00,10.37.58,run5_20260702_050046,run5_20260702_050059,Hfyenf,Hfyenf,60586b726b79fbf195c038fa647ff0304c729e3383f0818e9ee457836da603da,60586b726b79fbf195c038fa647ff0304c729e3383f0818e9ee457836da603da
google_play,YouTube,com.google.android.youtube,us,en,4dda5c10-8d1f-4531-ba86-a84ae640777f,1,1,2026-07-01T04:19:40+00:00,21.25.523,run5_20260702_050046,run5_20260702_050059,"They could fix bugs or improve the app, but they don't.","They could fix bugs or improve the app, but they don't.",55bca014edaafd177f7178519e856efedf10504fe7cdedde07cdeb6b16ec38d1,55bca014edaafd177f7178519e856efedf10504fe7cdedde07cdeb6b16ec38d1
google_play,YouTube,com.google.android.youtube,us,en,f8adbe02-ea2d-429e-a99d-2df07b1b9d15,5,0,2026-07-01T04:18:35+00:00,21.05.264,run5_20260702_050046,run5_20260702_050059,great,great,87765da6ccf0668238c1d27c35692e11b4cee9c0e5cd5713a3f6e462d48e9730,87765da6ccf0668238c1d27c35692e11b4cee9c0e5cd5713a3f6e462d48e9730
google_play,YouTube,com.google.android.youtube,us,en,0688f04b-7e5d-4a7b-8dff-b3b15214cdbf,1,0,2026-07-01T04:18:22+00:00,21.25.523,run5_20260702_050046,run5_20260702_050059,I knew this would eventually happen... I apparently stated my opinion too much on something I think I know what it was I asked somebody to block me numerous times and they refused to because I did not want my children or myself to see any more of their content respectfully so they decided to steal my thumbs down opinion because apparently America you're not allowed to have an opinion anymore.....,I knew this would eventually happen... I apparently stated my opinion too much on something I think I know what it was I asked somebody to block me numerous times and they refused to because I did not want my children or myself to see any more of their content respectfully so they decided to steal my thumbs down opinion because apparently America you're not allowed to have an opinion anymore.....,d67624ad0a07d81872a02d706b73a72169f797dd5fe6ef39a3d51230dce97b50,d67624ad0a07d81872a02d706b73a72169f797dd5fe6ef39a3d51230dce97b50
google_play,YouTube,com.google.android.youtube,us,en,101116a6-8d61-49f0-ac78-ef8f0cc0a48d,1,0,2026-07-01T04:18:06+00:00,12.37.59,run5_20260702_050046,run5_20260702_050059,Ankusush,Ankusush,f639249621b621d45698fc0b875691adebbbf176b866edff015003ee110c5169,f639249621b621d45698fc0b875691adebbbf176b866edff015003ee110c5169
google_play,YouTube,com.google.android.youtube,us,en,4b24c834-2c1f-4776-881d-2bd7748e3493,1,0,2026-07-01T04:17:10+00:00,21.25.523,run5_20260702_050046,run5_20260702_050059,bring back the dislike. trying so hard to be Instagram or tiktok that you're removing everything that makes YouTube different.🗑️🗑️🗑️❌❌👎👎👎,bring back the dislike. trying so hard to be Instagram or tiktok that you're removing everything that makes YouTube different.🗑️🗑️🗑️❌❌👎👎👎,cc801775259884bc23f55a3d0d5ec42d4f4d2f85596c1e5bb65d0439ef983fa8,cc801775259884bc23f55a3d0d5ec42d4f4d2f85596c1e5bb65d0439ef983fa8
google_play,YouTube,com.google.android.youtube,us,en,2dfce192-de6d-44ba-b554-a0ab70c0e508,5,0,2026-07-01T04:16:29+00:00,11.45.59,run5_20260702_050046,run5_20260702_050059,this app open,this app open,538eb3d0a7f172b7f71ba3d441f29f1e33690b1306bdb471ebfea6fd25850429,538eb3d0a7f172b7f71ba3d441f29f1e33690b1306bdb471ebfea6fd25850429
google_play,YouTube,com.google.android.youtube,us,en,ae13c343-4f65-4bb8-8124-2798cd5e2038,1,0,2026-07-01T04:14:11+00:00,21.25.523,run5_20260702_050046,run5_20260702_050059,Gooddam ads,Gooddam ads,db8c0ca0eb39212d7d760584f6cd2a9a0cd39bc11360d612599608a8cfe4900b,db8c0ca0eb39212d7d760584f6cd2a9a0cd39bc11360d612599608a8cfe4900b
google_play,YouTube,com.google.android.youtube,us,en,2fac4b0b-09fc-446d-bb3d-d43fe5a433f3,5,0,2026-07-01T04:13:12+00:00,21.26.364,run5_20260702_050046,run5_20260702_050059,R is GA ha,R is GA ha,6a401fff4c27aa131a8d6a41cead19a960fe7ae1dc542501cb42117cbd4aba4b,6a401fff4c27aa131a8d6a41cead19a960fe7ae1dc542501cb42117cbd4aba4b
google_play,YouTube,com.google.android.youtube,us,en,14acd35b-7536-409b-b3b4-6ae072101c80,5,0,2026-07-01T04:12:56+00:00,21.26.364,run5_20260702_050046,run5_20260702_050059,this application is the best one have found 🙌 👌 ❤️,this application is the best one have found 🙌 👌 ❤️,fab7c1a09dac18be9f9de6c6aaac2fff7bf3149504889494924e4ea583dfde88,fab7c1a09dac18be9f9de6c6aaac2fff7bf3149504889494924e4ea583dfde88
google_play,YouTube,com.google.android.youtube,us,en,e31d0562-27e5-409d-b56d-f45c596bae9e,5,0,2026-07-01T04:12:43+00:00,21.26.364,run5_20260702_050046,run5_20260702_050059,"Youtube is the best I've ever seen .but I hate because my views getting 2,3 only so i don't want to upload shorts and video","Youtube is the best I've ever seen .but I hate because my views getting 2,3 only so i don't want to upload shorts and video",69cfd170a8b53da7bba13534502b7f3aeefcf4e83fa386f9eadd0ce41e741b97,69cfd170a8b53da7bba13534502b7f3aeefcf4e83fa386f9eadd0ce41e741b97
google_play,YouTube,com.google.android.youtube,us,en,5d29cb58-05a6-4aa1-a9a7-d4f2dfd382cf,1,1,2026-07-01T04:11:32+00:00,21.26.364,run5_20260702_050046,run5_20260702_050059,Taking away the dislike button and then spamming me with questions about recommendations for my feed is counterintuitive. I would be able to dial it in if you left the dislike button.,Taking away the dislike button and then spamming me with questions about recommendations for my feed is counterintuitive. I would be able to dial it in if you left the dislike button.,4f6db98942f8e7775bd3fe56cb893c29be22d8d537d55dc90eafc19eee24e1cb,4f6db98942f8e7775bd3fe56cb893c29be22d8d537d55dc90eafc19eee24e1cb
google_play,YouTube,com.google.android.youtube,us,en,5eea6a8c-09c3-4092-a2cb-60242bc0d104,1,0,2026-07-01T04:11:19+00:00,21.26.364,run5_20260702_050046,run5_20260702_050059,IT US GOOD APP WHY I AM NOT UNDERSTAND THIS APP DELETE MY COMMITMENT ON LIVE STREAM AUTOMATICALLY,IT US GOOD APP WHY I AM NOT UNDERSTAND THIS APP DELETE MY COMMITMENT ON LIVE STREAM AUTOMATICALLY,e15fc88f3b9866abae8292480173687106b8cc0dd78a6199490535eac5eb06ce,e15fc88f3b9866abae8292480173687106b8cc0dd78a6199490535eac5eb06ce
google_play,YouTube,com.google.android.youtube,us,en,22b34543-5162-488d-ae59-6e897c9bab49,1,3,2026-07-01T04:10:32+00:00,21.26.364,run5_20260702_050046,run5_20260702_050059,they've totally ruined it,they've totally ruined it,3784daba9e32a2cec5896a452502fb49ab0aa40ed9c759e50bc3da8733223e47,3784daba9e32a2cec5896a452502fb49ab0aa40ed9c759e50bc3da8733223e47
google_play,YouTube,com.google.android.youtube,us,en,bd114523-db6c-42f2-ae64-71b633a48902,4,0,2026-07-01T04:10:27+00:00,21.25.523-SECONDARY,run5_20260702_050046,run5_20260702_050059,"""Creative Commons Attribution license (reuse allowed)""। এই লেখাটি দেখা যাচ্ছে না আমাদের অসুবিধা হচ্ছে।","""Creative Commons Attribution license (reuse allowed)""। এই লেখাটি দেখা যাচ্ছে না আমাদের অসুবিধা হচ্ছে।",27963efc2ff56103d18650ade3a6993d5f171668dbf5990e56646488a777e3d9,27963efc2ff56103d18650ade3a6993d5f171668dbf5990e56646488a777e3d9
google_play,YouTube,com.google.android.youtube,us,en,33327a12-a58e-45e7-befa-0d2d6440acec,4,0,2026-07-01T04:09:49+00:00,12.05.53,run5_20260702_050046,run5_20260702_050059,Ok,Ok,843ac01149cced785dfebd0028d3b03ba78e286e1c6f9517ebfcdb609d97af4c,843ac01149cced785dfebd0028d3b03ba78e286e1c6f9517ebfcdb609d97af4c
google_play,YouTube,com.google.android.youtube,us,en,73f4ee53-639e-42b9-9499-8fee8ba2e877,5,0,2026-07-01T04:09:30+00:00,21.25.523-SECONDARY,run5_20260702_050046,run5_20260702_050059,I am youtuber,I am youtuber,a1c8cc44db7c8fca3c4f47f5dd369b5edeec9a55282e7e04fa4909e4643cbae3,a1c8cc44db7c8fca3c4f47f5dd369b5edeec9a55282e7e04fa4909e4643cbae3
google_play,YouTube,com.google.android.youtube,us,en,9e99b10d-e3aa-45f3-8979-e3bc194bd461,5,0,2026-07-01T04:09:05+00:00,21.25.523,run5_20260702_050046,run5_20260702_050059,kog,kog,6357680cf864aabdefe28b1e7124400f50e419d0ff00855fc26c1d48d9a454d2,6357680cf864aabdefe28b1e7124400f50e419d0ff00855fc26c1d48d9a454d2
google_play,YouTube,com.google.android.youtube,us,en,fdbb3cc8-1dcb-4199-8f84-68cd2e32fd10,2,0,2026-07-01T04:08:03+00:00,21.26.364,run5_20260702_050046,run5_20260702_050059,not liking some recent features. don't take away my down arrow. make fine grain disapproval easier. bring in community notes. similar stuff.,not liking some recent features. don't take away my down arrow. make fine grain disapproval easier. bring in community notes. similar stuff.,a9f52c7638a1b9eb787bcf95502390dc15c51fe89fbe1b16c565c300635c8505,a9f52c7638a1b9eb787bcf95502390dc15c51fe89fbe1b16c565c300635c8505
google_play,YouTube,com.google.android.youtube,us,en,025586c9-a016-41d9-8e2a-c3e3f698883c,1,0,2026-07-01T04:07:29+00:00,21.25.523,run5_20260702_050046,run5_20260702_050059,no dislike button.,no dislike button.,592f859e2a31b67888ddcc8b65ef1b8d9cbb2437dd6ed019e3d5ca0b3fb42836,592f859e2a31b67888ddcc8b65ef1b8d9cbb2437dd6ed019e3d5ca0b3fb42836
google_play,YouTube,com.google.android.youtube,us,en,dc1504b9-e543-4fc0-9593-889a7a689046,5,0,2026-07-01T04:05:25+00:00,21.26.364,run5_20260702_050046,run5_20260702_050059,Nice for the apps,Nice for the apps,c941f94d574fa707319e321891a90ee7f9ede4e41a5b2512c6157f71abe3aff4,c941f94d574fa707319e321891a90ee7f9ede4e41a5b2512c6157f71abe3aff4
google_play,YouTube,com.google.android.youtube,us,en,709a7c81-e107-4aea-b996-81ce420622ed,1,0,2026-07-01T04:04:30+00:00,16.38.38,run5_20260702_050046,run5_20260702_050059,i was shutdown for channels that a hacker must have operated using my name and without my permission.. please uninstall this app on my cellphone. the app is useless to me because i cannot use it.,i was shutdown for channels that a hacker must have operated using my name and without my permission.. please uninstall this app on my cellphone. the app is useless to me because i cannot use it.,7c9de2acec89dca4dc103823218d6f9a6408a58612377583c8ef05eb3bfeeb7a,7c9de2acec89dca4dc103823218d6f9a6408a58612377583c8ef05eb3bfeeb7a
google_play,YouTube,com.google.android.youtube,us,en,d65d2b37-d724-41df-88ba-6863dcc6e72a,5,0,2026-07-01T04:04:28+00:00,12.37.59,run5_20260702_050046,run5_20260702_050059,Ok,Ok,843ac01149cced785dfebd0028d3b03ba78e286e1c6f9517ebfcdb609d97af4c,843ac01149cced785dfebd0028d3b03ba78e286e1c6f9517ebfcdb609d97af4c
google_play,YouTube,com.google.android.youtube,us,en,e384e8be-aabc-4fbc-b712-881e2db8b2a8,4,0,2026-07-01T04:03:17+00:00,21.24.366,run5_20260702_050046,run5_20260702_050059,good morning,good morning,cdf71dea7d7741a2b6f021f3dd344f75c8333988f547866a8fbf28f064cf7c78,cdf71dea7d7741a2b6f021f3dd344f75c8333988f547866a8fbf28f064cf7c78
google_play,YouTube,com.google.android.youtube,us,en,098935d2-98cc-44bf-b617-9878591777e0,2,1,2026-07-01T04:02:55+00:00,21.26.364,run5_20260702_050046,run5_20260702_050059,"Shorts have gotten worse over the months. Glitchy or stuttery performance was bad enough, but now you get the same series of videos replaying within the same day. Dislike button has been removed, so trying to filter out content requires additional drop down selections to attempt to dissuade the omni-god-algorithm from serving unwanted content. Every other video is unfiltered AI garbage in video or audio form.","Shorts have gotten worse over the months. Glitchy or stuttery performance was bad enough, but now you get the same series of videos replaying within the same day. Dislike button has been removed, so trying to filter out content requires additional drop down selections to attempt to dissuade the omni-god-algorithm from serving unwanted content. Every other video is unfiltered AI garbage in video or audio form.",3b27ac20b725e5d969e4c0a5228ab8ab6ae667966917ea37aba8b351490c2314,3b27ac20b725e5d969e4c0a5228ab8ab6ae667966917ea37aba8b351490c2314
