review_key,source,app_id,app_name,review_id,user_name,user_image,content_raw,score,thumbs_up_count,review_created_at,reply_content_raw,replied_at,app_version,fetched_at,run_id,raw_json
f3c5960c10513dcfb9c3f926704f9582aa54eb0feee9e8e27d060e2f5396cc6c,google_play,com.ubercab,Uber,0183e0d4-7723-49a6-a323-8dc622fc5142,Marquez Million,https://play-lh.googleusercontent.com/a-/ALV-UjWORX_LRCnq7YqtRS-jbdh61YOc6fzCzm8DTagB4Zq7CSGYRcd-,"Please don't choose Uber. This app has a robot talking as a customer server and some of the drivers on here are not from this state and don't comprehend anything the last one I had was a african and I'm not racist, but twice, this guy has came up with excuses, About his phone, not working or some other thing, twice. He bring me back no food and when I tried to get my money back, the robot customer service. Tells me that he said that I was being ruled to him , but he was the one irresponsible 1",2,0,2026-07-07T09:49:30+00:00,,,4.637.10003,2026-07-09T04:05:06.825330+00:00,phase2_day3_controlled_repeated_run_20260709_040118,"{""reviewId"": ""0183e0d4-7723-49a6-a323-8dc622fc5142"", ""userName"": ""Marquez Million"", ""userImage"": ""https://play-lh.googleusercontent.com/a-/ALV-UjWORX_LRCnq7YqtRS-jbdh61YOc6fzCzm8DTagB4Zq7CSGYRcd-"", ""content"": ""Please don't choose Uber. This app has a robot talking as a customer server and some of the drivers on here are not from this state and don't comprehend anything the last one I had was a african and I'm not racist, but twice, this guy has came up with excuses, About his phone, not working or some other thing, twice. He bring me back no food and when I tried to get my money back, the robot customer service. Tells me that he said that I was being ruled to him , but he was the one irresponsible 1"", ""score"": 2, ""thumbsUpCount"": 0, ""reviewCreatedVersion"": ""4.637.10003"", ""at"": ""2026-07-07T09:49:30+00:00"", ""replyContent"": null, ""repliedAt"": null, ""appVersion"": ""4.637.10003""}"
f67062a4cf0abc0819e057b520541e2a91b742147fcf84ba8b391888555dae46,google_play,com.duolingo,Duolingo,57d4c4a1-47f0-4d9d-901e-a9263454a924,Maryam Tariq,https://play-lh.googleusercontent.com/a/ACg8ocK29BLJwsGqfPKBGLEcRwKhTsBQa24KnCVlFPuSmewZh8ZGfg=mo,nice and Fun,5,0,2026-07-07T05:29:22+00:00,,,6.86.5,2026-07-09T04:05:12.253563+00:00,phase2_day3_controlled_repeated_run_20260709_040118,"{""reviewId"": ""57d4c4a1-47f0-4d9d-901e-a9263454a924"", ""userName"": ""Maryam Tariq"", ""userImage"": ""https://play-lh.googleusercontent.com/a/ACg8ocK29BLJwsGqfPKBGLEcRwKhTsBQa24KnCVlFPuSmewZh8ZGfg=mo"", ""content"": ""nice and Fun"", ""score"": 5, ""thumbsUpCount"": 0, ""reviewCreatedVersion"": ""6.86.5"", ""at"": ""2026-07-07T05:29:22+00:00"", ""replyContent"": null, ""repliedAt"": null, ""appVersion"": ""6.86.5""}"
6f545867916a11ea7cbc25749daa5d5f00772a0f3c515469fc9fc113dcb328b1,google_play,com.instagram.android,Instagram,b0d4842f-5c67-4298-a0f1-39da6079cbeb,Jignash Thakuria,https://play-lh.googleusercontent.com/a-/ALV-UjX3-GvXzV6OoYwQWzudt67fmCdMoIbyAuB5n4s6g4H6Ew9Zjwg,very bad I am stucked in a ban loop.,1,0,2026-07-07T14:17:30+00:00,,,436.0.0.41.73,2026-07-09T04:05:03.895816+00:00,phase2_day3_controlled_repeated_run_20260709_040118,"{""reviewId"": ""b0d4842f-5c67-4298-a0f1-39da6079cbeb"", ""userName"": ""Jignash Thakuria"", ""userImage"": ""https://play-lh.googleusercontent.com/a-/ALV-UjX3-GvXzV6OoYwQWzudt67fmCdMoIbyAuB5n4s6g4H6Ew9Zjwg"", ""content"": ""very bad I am stucked in a ban loop."", ""score"": 1, ""thumbsUpCount"": 0, ""reviewCreatedVersion"": ""436.0.0.41.73"", ""at"": ""2026-07-07T14:17:30+00:00"", ""replyContent"": null, ""repliedAt"": null, ""appVersion"": ""436.0.0.41.73""}"
dd568e2e353c2d8e472fb5dddb38ea9c4288f2113a51917cba7eaf19ef6c6438,google_play,com.zhiliaoapp.musically,TikTok,426f4d8e-fe7c-4539-b956-f4bdde181fe5,Azmat Jokhio,https://play-lh.googleusercontent.com/a/ACg8ocJW-sXetAz4EzLjSJolROEseP5zaHdnveVkzer_RrLlubjVmA=mo,اسان کي ھئ اپ ڏاڏي پسند آهي ڇاڪاڻ ته اهي سڀ شيون اسان کي ڏيکاري ٿي,5,0,2026-07-07T17:08:07+00:00,,,45.9.3,2026-07-09T04:04:58.240590+00:00,phase2_day3_controlled_repeated_run_20260709_040118,"{""reviewId"": ""426f4d8e-fe7c-4539-b956-f4bdde181fe5"", ""userName"": ""Azmat Jokhio"", ""userImage"": ""https://play-lh.googleusercontent.com/a/ACg8ocJW-sXetAz4EzLjSJolROEseP5zaHdnveVkzer_RrLlubjVmA=mo"", ""content"": ""اسان کي ھئ اپ ڏاڏي پسند آهي ڇاڪاڻ ته اهي سڀ شيون اسان کي ڏيکاري ٿي"", ""score"": 5, ""thumbsUpCount"": 0, ""reviewCreatedVersion"": ""45.9.3"", ""at"": ""2026-07-07T17:08:07+00:00"", ""replyContent"": null, ""repliedAt"": null, ""appVersion"": ""45.9.3""}"
9bb4fa5092ce032a5a30bc96a3984fa74e35155c8f7e1ac1ec8d34d7cd0218a7,google_play,com.instagram.android,Instagram,83496f0c-d77e-46a8-a2d6-22fc9cbcf8ff,Babli Devi,https://play-lh.googleusercontent.com/a-/ALV-UjVkCYiq_0QP_IhHYCmoh-s3_Gl94v4B22vFTqVdVVcbFxhGA-8,again and again suspend I'd without reason,1,0,2026-07-07T17:10:29+00:00,,,436.0.0.41.73,2026-07-09T04:05:03.895816+00:00,phase2_day3_controlled_repeated_run_20260709_040118,"{""reviewId"": ""83496f0c-d77e-46a8-a2d6-22fc9cbcf8ff"", ""userName"": ""Babli Devi"", ""userImage"": ""https://play-lh.googleusercontent.com/a-/ALV-UjVkCYiq_0QP_IhHYCmoh-s3_Gl94v4B22vFTqVdVVcbFxhGA-8"", ""content"": ""again and again suspend I'd without reason"", ""score"": 1, ""thumbsUpCount"": 0, ""reviewCreatedVersion"": ""436.0.0.41.73"", ""at"": ""2026-07-07T17:10:29+00:00"", ""replyContent"": null, ""repliedAt"": null, ""appVersion"": ""436.0.0.41.73""}"
ce8f3cf6770f636a5a8ee8bb6b1a35854a4b80f8c9252a6d4a435f44ab40ae86,google_play,com.spotify.music,Spotify,82c39c79-1428-4b88-9811-eda54aac00ed,Madison Bridger,https://play-lh.googleusercontent.com/a-/ALV-UjWey4pKhDUM-s-9CaFJyH8PlGa4ukR3loOPKodLwvxzAKUWzYU,it's alr,4,0,2026-07-08T01:51:42+00:00,,,9.1.62.1601,2026-07-09T04:05:01.081677+00:00,phase2_day3_controlled_repeated_run_20260709_040118,"{""reviewId"": ""82c39c79-1428-4b88-9811-eda54aac00ed"", ""userName"": ""Madison Bridger"", ""userImage"": ""https://play-lh.googleusercontent.com/a-/ALV-UjWey4pKhDUM-s-9CaFJyH8PlGa4ukR3loOPKodLwvxzAKUWzYU"", ""content"": ""it's alr"", ""score"": 4, ""thumbsUpCount"": 0, ""reviewCreatedVersion"": ""9.1.62.1601"", ""at"": ""2026-07-08T01:51:42+00:00"", ""replyContent"": null, ""repliedAt"": null, ""appVersion"": ""9.1.62.1601""}"
9d7fbe8a5bf743be31937b67426727a5064f3e41b3457af8dd7658fec6fd15bf,google_play,com.google.android.youtube,YouTube,48a35cba-e4de-4f52-84be-04916207d447,Deepanshu Kosaliya,https://play-lh.googleusercontent.com/a-/ALV-UjUR_cVjWBvxO75ude1phMdjrN23j-fNRcPDezQoq-SUjpsgn5Q5,lot of distraction,1,0,2026-07-07T12:56:23+00:00,,,21.26.364,2026-07-09T04:04:54.998644+00:00,phase2_day3_controlled_repeated_run_20260709_040118,"{""reviewId"": ""48a35cba-e4de-4f52-84be-04916207d447"", ""userName"": ""Deepanshu Kosaliya"", ""userImage"": ""https://play-lh.googleusercontent.com/a-/ALV-UjUR_cVjWBvxO75ude1phMdjrN23j-fNRcPDezQoq-SUjpsgn5Q5"", ""content"": ""lot of distraction"", ""score"": 1, ""thumbsUpCount"": 0, ""reviewCreatedVersion"": ""21.26.364"", ""at"": ""2026-07-07T12:56:23+00:00"", ""replyContent"": null, ""repliedAt"": null, ""appVersion"": ""21.26.364""}"
a0239863281b82ff3af2c9a95ee0170185ec2a8ff17eb7155e658f235b0c02db,google_play,com.duolingo,Duolingo,bd2984ce-08d8-419e-a42d-a94505103db7,Joan Minnaar,https://play-lh.googleusercontent.com/a-/ALV-UjU3L_diVWPTWJAM3sdx7ueoBob_RTn1tWCVMI68ODwU_cLjLQkt,Love using this app.,5,0,2026-07-07T18:24:50+00:00,,,6.86.5,2026-07-09T04:05:12.253563+00:00,phase2_day3_controlled_repeated_run_20260709_040118,"{""reviewId"": ""bd2984ce-08d8-419e-a42d-a94505103db7"", ""userName"": ""Joan Minnaar"", ""userImage"": ""https://play-lh.googleusercontent.com/a-/ALV-UjU3L_diVWPTWJAM3sdx7ueoBob_RTn1tWCVMI68ODwU_cLjLQkt"", ""content"": ""Love using this app."", ""score"": 5, ""thumbsUpCount"": 0, ""reviewCreatedVersion"": ""6.86.5"", ""at"": ""2026-07-07T18:24:50+00:00"", ""replyContent"": null, ""repliedAt"": null, ""appVersion"": ""6.86.5""}"
4358e2a73c4e218de7efe6403425fed80e7f4546a5f3c404729226a240e3b266,google_play,com.ubercab,Uber,1733cf2a-6538-4bc0-830f-cb85d575e4f8,Robiul Hasan,https://play-lh.googleusercontent.com/a-/ALV-UjUp1JfL8WaaL8_oCBjzT8noStdsr8XhJ9VaqbNVO7bMsLxqzCE,Excellent,5,0,2026-07-07T10:55:24+00:00,,,4.637.10003,2026-07-09T04:05:06.825330+00:00,phase2_day3_controlled_repeated_run_20260709_040118,"{""reviewId"": ""1733cf2a-6538-4bc0-830f-cb85d575e4f8"", ""userName"": ""Robiul Hasan"", ""userImage"": ""https://play-lh.googleusercontent.com/a-/ALV-UjUp1JfL8WaaL8_oCBjzT8noStdsr8XhJ9VaqbNVO7bMsLxqzCE"", ""content"": ""Excellent"", ""score"": 5, ""thumbsUpCount"": 0, ""reviewCreatedVersion"": ""4.637.10003"", ""at"": ""2026-07-07T10:55:24+00:00"", ""replyContent"": null, ""repliedAt"": null, ""appVersion"": ""4.637.10003""}"
a29d37fc4123eb4ec4930f7e90e0f729ffae675c6857514bf28bda9a3faceb20,google_play,com.zhiliaoapp.musically,TikTok,f10832d2-cdf7-4ef4-9fac-1e874fda2e9c,Allex Ahmed,https://play-lh.googleusercontent.com/a-/ALV-UjW_YWJQP_Fun08eA_Z94pkwrbXkqpVNsnjnnf-M1y_CINCKvZ4,"Please help my videos reach more people. Thank you!""",5,0,2026-07-07T11:42:31+00:00,Hi! Thanks for taking the time to share your feedback. Your support is greatly appreciated.,2026-07-07T12:00:12+00:00,,2026-07-09T04:04:58.240590+00:00,phase2_day3_controlled_repeated_run_20260709_040118,"{""reviewId"": ""f10832d2-cdf7-4ef4-9fac-1e874fda2e9c"", ""userName"": ""Allex Ahmed"", ""userImage"": ""https://play-lh.googleusercontent.com/a-/ALV-UjW_YWJQP_Fun08eA_Z94pkwrbXkqpVNsnjnnf-M1y_CINCKvZ4"", ""content"": ""Please help my videos reach more people. Thank you!\"""", ""score"": 5, ""thumbsUpCount"": 0, ""reviewCreatedVersion"": null, ""at"": ""2026-07-07T11:42:31+00:00"", ""replyContent"": ""Hi! Thanks for taking the time to share your feedback. Your support is greatly appreciated."", ""repliedAt"": ""2026-07-07T12:00:12+00:00"", ""appVersion"": null}"
21254e5d0291771b5296b0d592a33bd0f5f54ee706af09450d6a751d403b0a78,google_play,com.duolingo,Duolingo,a165cd2f-5caa-40fd-83a6-98a5e3e5f0bd,Aleeza Ali,https://play-lh.googleusercontent.com/a/ACg8ocJjUgUAVkksdNh9qMJoPi4iogxGteupqcr1Kwhp-6HKMBIqfQ=mo,feb but too much ads,5,1,2026-07-07T17:00:52+00:00,,,6.86.5,2026-07-09T04:05:12.253563+00:00,phase2_day3_controlled_repeated_run_20260709_040118,"{""reviewId"": ""a165cd2f-5caa-40fd-83a6-98a5e3e5f0bd"", ""userName"": ""Aleeza Ali"", ""userImage"": ""https://play-lh.googleusercontent.com/a/ACg8ocJjUgUAVkksdNh9qMJoPi4iogxGteupqcr1Kwhp-6HKMBIqfQ=mo"", ""content"": ""feb but too much ads"", ""score"": 5, ""thumbsUpCount"": 1, ""reviewCreatedVersion"": ""6.86.5"", ""at"": ""2026-07-07T17:00:52+00:00"", ""replyContent"": null, ""repliedAt"": null, ""appVersion"": ""6.86.5""}"
de2fd47989cdacd44b72419422b5b3341f1818f123817299d19731a2bdbf7cd8,google_play,com.google.android.youtube,YouTube,11e69069-a253-438e-8bfa-3a8e8f9f2818,Dilip Halder,https://play-lh.googleusercontent.com/a-/ALV-UjUmHxagjABMAycDLTGa04l0h7mo8spa5_76XQ3HffJ3wp2qJu4,Oppo f5,5,1,2026-07-07T16:54:14+00:00,,,12.37.59,2026-07-09T04:04:54.998644+00:00,phase2_day3_controlled_repeated_run_20260709_040118,"{""reviewId"": ""11e69069-a253-438e-8bfa-3a8e8f9f2818"", ""userName"": ""Dilip Halder"", ""userImage"": ""https://play-lh.googleusercontent.com/a-/ALV-UjUmHxagjABMAycDLTGa04l0h7mo8spa5_76XQ3HffJ3wp2qJu4"", ""content"": ""Oppo f5"", ""score"": 5, ""thumbsUpCount"": 1, ""reviewCreatedVersion"": ""12.37.59"", ""at"": ""2026-07-07T16:54:14+00:00"", ""replyContent"": null, ""repliedAt"": null, ""appVersion"": ""12.37.59""}"
9cb732117d2c4b568e9b3f65bc09f9d23e52152173118e7367ed1256698afaac,google_play,com.duolingo,Duolingo,4f73cb04-f516-462d-8c31-2c30cbc199c0,Sodiq Fatimah,https://play-lh.googleusercontent.com/a/ACg8ocIp3ByMz2RMFFxSOIdA6KNqqzMOn46XXldYJfjEUuL1xHBl6A=mo,easy to learn from,5,0,2026-07-07T09:54:11+00:00,,,6.86.4,2026-07-09T04:05:12.253563+00:00,phase2_day3_controlled_repeated_run_20260709_040118,"{""reviewId"": ""4f73cb04-f516-462d-8c31-2c30cbc199c0"", ""userName"": ""Sodiq Fatimah"", ""userImage"": ""https://play-lh.googleusercontent.com/a/ACg8ocIp3ByMz2RMFFxSOIdA6KNqqzMOn46XXldYJfjEUuL1xHBl6A=mo"", ""content"": ""easy to learn from"", ""score"": 5, ""thumbsUpCount"": 0, ""reviewCreatedVersion"": ""6.86.4"", ""at"": ""2026-07-07T09:54:11+00:00"", ""replyContent"": null, ""repliedAt"": null, ""appVersion"": ""6.86.4""}"
a45b89b70a0fd774bc7a86a41fbdc97b5bfca6afeda736570e56847c767305d9,google_play,com.duolingo,Duolingo,57dde0c9-83bb-499c-a3ba-61d7dc1ee61b,Owami Ncama,https://play-lh.googleusercontent.com/a/ACg8ocJ9hZCNsO9Iu7QWHH5GXG0K2l0SZQNwdOuGUdHF31-f20JADA=mo,It is very good and you always want to come back and learn with duolingo🎀,5,0,2026-07-07T12:35:26+00:00,,,6.86.5,2026-07-09T04:05:12.253563+00:00,phase2_day3_controlled_repeated_run_20260709_040118,"{""reviewId"": ""57dde0c9-83bb-499c-a3ba-61d7dc1ee61b"", ""userName"": ""Owami Ncama"", ""userImage"": ""https://play-lh.googleusercontent.com/a/ACg8ocJ9hZCNsO9Iu7QWHH5GXG0K2l0SZQNwdOuGUdHF31-f20JADA=mo"", ""content"": ""It is very good and you always want to come back and learn with duolingo🎀"", ""score"": 5, ""thumbsUpCount"": 0, ""reviewCreatedVersion"": ""6.86.5"", ""at"": ""2026-07-07T12:35:26+00:00"", ""replyContent"": null, ""repliedAt"": null, ""appVersion"": ""6.86.5""}"
009239ab6a29bb212c7673794ce4d687c98562a7e9100570a5f7d27cd1cd8568,google_play,com.instagram.android,Instagram,98584ae1-8566-4ad6-b994-9e30d931e6a5,Ice Cream,https://play-lh.googleusercontent.com/a/ACg8ocJPMlNZTsv0qED-tlgVKmA8vqWphbKfrRaUifsc98754XxuTQ=mo,THIS APP JUST AUTOMATICALLY SUSPENDED MY ACCOUNT EVEN THOUGH I DIDN'T DO ANYTHING. I FOLLOWED COMMUNITY GUIDELINES. IG DO SOMETHING.,1,0,2026-07-07T14:28:13+00:00,,,,2026-07-09T04:05:03.895816+00:00,phase2_day3_controlled_repeated_run_20260709_040118,"{""reviewId"": ""98584ae1-8566-4ad6-b994-9e30d931e6a5"", ""userName"": ""Ice Cream"", ""userImage"": ""https://play-lh.googleusercontent.com/a/ACg8ocJPMlNZTsv0qED-tlgVKmA8vqWphbKfrRaUifsc98754XxuTQ=mo"", ""content"": ""THIS APP JUST AUTOMATICALLY SUSPENDED MY ACCOUNT EVEN THOUGH I DIDN'T DO ANYTHING. I FOLLOWED COMMUNITY GUIDELINES. IG DO SOMETHING."", ""score"": 1, ""thumbsUpCount"": 0, ""reviewCreatedVersion"": null, ""at"": ""2026-07-07T14:28:13+00:00"", ""replyContent"": null, ""repliedAt"": null, ""appVersion"": null}"
b6081c95bb22129ed9e1c6985a497a183576f141b260dbb80f0a1efdf175c3a7,google_play,com.spotify.music,Spotify,688432c6-42c2-4d87-a19d-f3a18fbf72bc,Santosh Kumar,https://play-lh.googleusercontent.com/a-/ALV-UjXtKA7v2Sfy0857EQpOUuXfR7HxzXfxwsB33fRy0Sh74GLtS6rt,"It's literally the best music listening app . Just one word ""miracle"". ❤️❤️❤️❤️❤️",5,0,2026-07-07T06:28:32+00:00,,,9.1.62.1601,2026-07-09T04:05:01.081677+00:00,phase2_day3_controlled_repeated_run_20260709_040118,"{""reviewId"": ""688432c6-42c2-4d87-a19d-f3a18fbf72bc"", ""userName"": ""Santosh Kumar"", ""userImage"": ""https://play-lh.googleusercontent.com/a-/ALV-UjXtKA7v2Sfy0857EQpOUuXfR7HxzXfxwsB33fRy0Sh74GLtS6rt"", ""content"": ""It's literally the best music listening app . Just one word \""miracle\"". ❤️❤️❤️❤️❤️"", ""score"": 5, ""thumbsUpCount"": 0, ""reviewCreatedVersion"": ""9.1.62.1601"", ""at"": ""2026-07-07T06:28:32+00:00"", ""replyContent"": null, ""repliedAt"": null, ""appVersion"": ""9.1.62.1601""}"
13aaab3452833ff8bac189c1af39b1a8aa1c310f9fce82e6e47697e3b9bbdf9a,google_play,com.duolingo,Duolingo,2cd17bc9-806b-400a-acf1-f1c72a7f2178,POPI DAS ROUTH,https://play-lh.googleusercontent.com/a/ACg8ocIORKnUND3MGVKkZT_GPDi5Pa5wNQrIhBh2m_okanpYWlVFBQ=mo,it's literally very nice I LOVE IT I didn't see any apps like this,5,0,2026-07-07T16:25:37+00:00,,,6.86.5,2026-07-09T04:05:12.253563+00:00,phase2_day3_controlled_repeated_run_20260709_040118,"{""reviewId"": ""2cd17bc9-806b-400a-acf1-f1c72a7f2178"", ""userName"": ""POPI DAS ROUTH"", ""userImage"": ""https://play-lh.googleusercontent.com/a/ACg8ocIORKnUND3MGVKkZT_GPDi5Pa5wNQrIhBh2m_okanpYWlVFBQ=mo"", ""content"": ""it's literally very nice I LOVE IT I didn't see any apps like this"", ""score"": 5, ""thumbsUpCount"": 0, ""reviewCreatedVersion"": ""6.86.5"", ""at"": ""2026-07-07T16:25:37+00:00"", ""replyContent"": null, ""repliedAt"": null, ""appVersion"": ""6.86.5""}"
3f466676f9201c5b20370ac10fa5fb8b01477618cacc70a03d8103c3e653a61a,google_play,com.duolingo,Duolingo,adb4a5db-9c79-4d7a-83dd-bf6ae68836d9,Akash Gupta,https://play-lh.googleusercontent.com/a/ACg8ocKhaNItHu6HjFvbzdg4b707p7QMH65kxK67sPhoNDH-XYi18VAQ=mo,This platform is good to learn English with hind,5,0,2026-07-07T09:40:28+00:00,,,6.86.5,2026-07-09T04:05:12.253563+00:00,phase2_day3_controlled_repeated_run_20260709_040118,"{""reviewId"": ""adb4a5db-9c79-4d7a-83dd-bf6ae68836d9"", ""userName"": ""Akash Gupta"", ""userImage"": ""https://play-lh.googleusercontent.com/a/ACg8ocKhaNItHu6HjFvbzdg4b707p7QMH65kxK67sPhoNDH-XYi18VAQ=mo"", ""content"": ""This platform is good to learn English with hind"", ""score"": 5, ""thumbsUpCount"": 0, ""reviewCreatedVersion"": ""6.86.5"", ""at"": ""2026-07-07T09:40:28+00:00"", ""replyContent"": null, ""repliedAt"": null, ""appVersion"": ""6.86.5""}"
a2e5b05d3b5bf70abe0be9ae6faecf07184232506964c482b3b3650dbdf9449b,google_play,com.duolingo,Duolingo,8152d4d8-5cd0-4dc4-bd02-db4fb3298c50,Yodha,https://play-lh.googleusercontent.com/a/ACg8ocIrBe_omqJBIzzDx3_FLYEQqoVnO6KdnDXtz1KZa5tyXsAm1A=mo,"ini bikin saya jadi fokus, untuk mengembangkan hobi saya. terimakasih Duolingo 😊",5,0,2026-07-07T12:37:51+00:00,,,6.86.4,2026-07-09T04:05:12.253563+00:00,phase2_day3_controlled_repeated_run_20260709_040118,"{""reviewId"": ""8152d4d8-5cd0-4dc4-bd02-db4fb3298c50"", ""userName"": ""Yodha"", ""userImage"": ""https://play-lh.googleusercontent.com/a/ACg8ocIrBe_omqJBIzzDx3_FLYEQqoVnO6KdnDXtz1KZa5tyXsAm1A=mo"", ""content"": ""ini bikin saya jadi fokus, untuk mengembangkan hobi saya. terimakasih Duolingo 😊"", ""score"": 5, ""thumbsUpCount"": 0, ""reviewCreatedVersion"": ""6.86.4"", ""at"": ""2026-07-07T12:37:51+00:00"", ""replyContent"": null, ""repliedAt"": null, ""appVersion"": ""6.86.4""}"
6249f70b7403a983b6850b9e040529c59391d1ecaa957693e620642d7f0042ed,google_play,com.google.android.youtube,YouTube,cf26d9bb-8c9e-44c2-a262-8fdc8ea14ddc,Ali Raza,https://play-lh.googleusercontent.com/a-/ALV-UjWFGpiYIrq1KN0JcTBvwbubRoi4bGNjKd-8k0hwdgixEG-aQLoc,"Dear YouTube Team, ​I am writing to report a technical issue with the YouTube Shorts creator tools. The ""Effects"" button is missing from my Shorts camera interface, and I am unable to apply any filters or effects to my videos. ​I have already tried the following steps, but the issue persists: ​Updated the YouTube app to the latest version. ​Cleared the app cache and restarted my device. ​Ensured my internet connection is stable. ​Please look into this matter and resolve it as soon as possible so",3,0,2026-07-07T14:23:50+00:00,,,21.26.364,2026-07-09T04:04:54.998644+00:00,phase2_day3_controlled_repeated_run_20260709_040118,"{""reviewId"": ""cf26d9bb-8c9e-44c2-a262-8fdc8ea14ddc"", ""userName"": ""Ali Raza"", ""userImage"": ""https://play-lh.googleusercontent.com/a-/ALV-UjWFGpiYIrq1KN0JcTBvwbubRoi4bGNjKd-8k0hwdgixEG-aQLoc"", ""content"": ""Dear YouTube Team, ​I am writing to report a technical issue with the YouTube Shorts creator tools. The \""Effects\"" button is missing from my Shorts camera interface, and I am unable to apply any filters or effects to my videos. ​I have already tried the following steps, but the issue persists: ​Updated the YouTube app to the latest version. ​Cleared the app cache and restarted my device. ​Ensured my internet connection is stable. ​Please look into this matter and resolve it as soon as possible so"", ""score"": 3, ""thumbsUpCount"": 0, ""reviewCreatedVersion"": ""21.26.364"", ""at"": ""2026-07-07T14:23:50+00:00"", ""replyContent"": null, ""repliedAt"": null, ""appVersion"": ""21.26.364""}"
ea5ae2173c58bd97776b5d7f0c4ccc73b98f3800076c4da2d8a41fd026210083,google_play,com.google.android.youtube,YouTube,67d04e13-02b6-45ce-95f8-fa60c07ba348,M Haneef,https://play-lh.googleusercontent.com/a/ACg8ocJXeOnTn3T8zB4ZzRg78bs8rFNuUfbqA7kBRAUd6n2d7tz-JQ=mo,Khan g,3,0,2026-07-08T02:43:24+00:00,,,12.37.59,2026-07-09T04:04:54.998644+00:00,phase2_day3_controlled_repeated_run_20260709_040118,"{""reviewId"": ""67d04e13-02b6-45ce-95f8-fa60c07ba348"", ""userName"": ""M Haneef"", ""userImage"": ""https://play-lh.googleusercontent.com/a/ACg8ocJXeOnTn3T8zB4ZzRg78bs8rFNuUfbqA7kBRAUd6n2d7tz-JQ=mo"", ""content"": ""Khan g"", ""score"": 3, ""thumbsUpCount"": 0, ""reviewCreatedVersion"": ""12.37.59"", ""at"": ""2026-07-08T02:43:24+00:00"", ""replyContent"": null, ""repliedAt"": null, ""appVersion"": ""12.37.59""}"
938facf2a50c8022bb00825cf1e2480d722d867c09cd8091b6a5b8be608ee48f,google_play,com.zhiliaoapp.musically,TikTok,593067c5-d477-44a1-8e97-8476c03f8e7d,BLESSING MOSES,https://play-lh.googleusercontent.com/a/ACg8ocJADdgNA4J02ReZWVO14VUpOIYfeUk3Hp-q8eF8No-_M6d4iA=mo,it goes off when I login to the app,2,0,2026-07-07T22:43:54+00:00,"Hi, sorry for the inconvenience. To help us look into this properly, please report your issue directly through the TikTok app:
Go to your Profile, tap Menu, Settings and Privacy, then Help Center.
We truly appreciate your patience and look forward to getting this resolved.",2026-07-07T23:00:11+00:00,45.9.3,2026-07-09T04:04:58.240590+00:00,phase2_day3_controlled_repeated_run_20260709_040118,"{""reviewId"": ""593067c5-d477-44a1-8e97-8476c03f8e7d"", ""userName"": ""BLESSING MOSES"", ""userImage"": ""https://play-lh.googleusercontent.com/a/ACg8ocJADdgNA4J02ReZWVO14VUpOIYfeUk3Hp-q8eF8No-_M6d4iA=mo"", ""content"": ""it goes off when I login to the app"", ""score"": 2, ""thumbsUpCount"": 0, ""reviewCreatedVersion"": ""45.9.3"", ""at"": ""2026-07-07T22:43:54+00:00"", ""replyContent"": ""Hi, sorry for the inconvenience. To help us look into this properly, please report your issue directly through the TikTok app:\nGo to your Profile, tap Menu, Settings and Privacy, then Help Center.\nWe truly appreciate your patience and look forward to getting this resolved."", ""repliedAt"": ""2026-07-07T23:00:11+00:00"", ""appVersion"": ""45.9.3""}"
ab020ab88b302c8cb6788b168d30539e1c7c17668ab6bf608146e7aff87e6b6e,google_play,com.ubercab,Uber,265ddaea-75c5-441a-86ce-421ba7da9c4f,Shivdas Patil,https://play-lh.googleusercontent.com/a/ACg8ocIV5Zid6IxkLloGaZoMiPNYBGESFOVY8A9vu_ehnVtwNffHpw=mo,good 😊 job,5,0,2026-07-07T15:55:34+00:00,,,4.637.10003,2026-07-09T04:05:06.825330+00:00,phase2_day3_controlled_repeated_run_20260709_040118,"{""reviewId"": ""265ddaea-75c5-441a-86ce-421ba7da9c4f"", ""userName"": ""Shivdas Patil"", ""userImage"": ""https://play-lh.googleusercontent.com/a/ACg8ocIV5Zid6IxkLloGaZoMiPNYBGESFOVY8A9vu_ehnVtwNffHpw=mo"", ""content"": ""good 😊 job"", ""score"": 5, ""thumbsUpCount"": 0, ""reviewCreatedVersion"": ""4.637.10003"", ""at"": ""2026-07-07T15:55:34+00:00"", ""replyContent"": null, ""repliedAt"": null, ""appVersion"": ""4.637.10003""}"
4e3a87b79e43b248b3165625f65f32bf10f272d9cbce5d9488f30a09f0eb55e9,google_play,com.duolingo,Duolingo,0c72bd41-4944-40df-9fa6-13267a0c8315,Ahsen Sheikh,https://play-lh.googleusercontent.com/a-/ALV-UjUtZyyzylBRxhXHWTluMnSNJWUgrZXKEwFKS9TJpAGa0rvqCxix4A,very nice,5,0,2026-07-07T18:03:31+00:00,,,6.86.5,2026-07-09T04:05:12.253563+00:00,phase2_day3_controlled_repeated_run_20260709_040118,"{""reviewId"": ""0c72bd41-4944-40df-9fa6-13267a0c8315"", ""userName"": ""Ahsen Sheikh"", ""userImage"": ""https://play-lh.googleusercontent.com/a-/ALV-UjUtZyyzylBRxhXHWTluMnSNJWUgrZXKEwFKS9TJpAGa0rvqCxix4A"", ""content"": ""very nice"", ""score"": 5, ""thumbsUpCount"": 0, ""reviewCreatedVersion"": ""6.86.5"", ""at"": ""2026-07-07T18:03:31+00:00"", ""replyContent"": null, ""repliedAt"": null, ""appVersion"": ""6.86.5""}"
b70dbb937d4981b520a0ead315862b9e083c5414c456488f3324eb24b9bfb406,google_play,com.google.android.youtube,YouTube,2d1ea901-9ea9-4f91-8778-0a9c036fc3b2,Rekha Shukla,https://play-lh.googleusercontent.com/a/ACg8ocI572wtnpg02heAYoq_H-cG9iS8DVsDVCQurNhP2EFFxCjAqA=mo,mreayoutub Nani chat Raja had apdete Nani go Raja hai,4,0,2026-07-08T01:49:13+00:00,,,12.37.59,2026-07-09T04:04:54.998644+00:00,phase2_day3_controlled_repeated_run_20260709_040118,"{""reviewId"": ""2d1ea901-9ea9-4f91-8778-0a9c036fc3b2"", ""userName"": ""Rekha Shukla"", ""userImage"": ""https://play-lh.googleusercontent.com/a/ACg8ocI572wtnpg02heAYoq_H-cG9iS8DVsDVCQurNhP2EFFxCjAqA=mo"", ""content"": ""mreayoutub Nani chat Raja had apdete Nani go Raja hai"", ""score"": 4, ""thumbsUpCount"": 0, ""reviewCreatedVersion"": ""12.37.59"", ""at"": ""2026-07-08T01:49:13+00:00"", ""replyContent"": null, ""repliedAt"": null, ""appVersion"": ""12.37.59""}"
dc264bbaab3f1e2d26c1e432f52763442aa2e626c62b01142fbf609fbeaa6d2a,google_play,com.ubercab,Uber,997ab30f-e795-4423-8d0b-8cc287b99578,Tracy,https://play-lh.googleusercontent.com/a-/ALV-UjV5GF6yMgvBOqYBC2LprdSLaehmYT_wF73B_jNWwY_vGzs-ai22jw,Had a great ride with Jay! Laughs all the way home! 5 stars for sure.,5,0,2026-07-07T22:14:45+00:00,,,4.638.10003,2026-07-09T04:05:06.825330+00:00,phase2_day3_controlled_repeated_run_20260709_040118,"{""reviewId"": ""997ab30f-e795-4423-8d0b-8cc287b99578"", ""userName"": ""Tracy"", ""userImage"": ""https://play-lh.googleusercontent.com/a-/ALV-UjV5GF6yMgvBOqYBC2LprdSLaehmYT_wF73B_jNWwY_vGzs-ai22jw"", ""content"": ""Had a great ride with Jay! Laughs all the way home! 5 stars for sure."", ""score"": 5, ""thumbsUpCount"": 0, ""reviewCreatedVersion"": ""4.638.10003"", ""at"": ""2026-07-07T22:14:45+00:00"", ""replyContent"": null, ""repliedAt"": null, ""appVersion"": ""4.638.10003""}"
c2083d5a66fb9c6146cd869861546224e4fff45d259c7ab6688c5d3955d34b78,google_play,com.duolingo,Duolingo,be1320ce-5776-4bc7-930c-13c2e08987fa,Angel singh Singh,https://play-lh.googleusercontent.com/a-/ALV-UjUT6Du2ypM7dVidrJyDlB_IGm-1r-UvX7jA5UK6WYpxiPeGIkI,this is very helpful app,5,0,2026-07-07T06:23:09+00:00,,,,2026-07-09T04:05:12.253563+00:00,phase2_day3_controlled_repeated_run_20260709_040118,"{""reviewId"": ""be1320ce-5776-4bc7-930c-13c2e08987fa"", ""userName"": ""Angel singh Singh"", ""userImage"": ""https://play-lh.googleusercontent.com/a-/ALV-UjUT6Du2ypM7dVidrJyDlB_IGm-1r-UvX7jA5UK6WYpxiPeGIkI"", ""content"": ""this is very helpful app"", ""score"": 5, ""thumbsUpCount"": 0, ""reviewCreatedVersion"": null, ""at"": ""2026-07-07T06:23:09+00:00"", ""replyContent"": null, ""repliedAt"": null, ""appVersion"": null}"
d28228e3d8ee30b8095fe143010b43c0c4617b5776c0530af5d94d07094ed7b8,google_play,com.instagram.android,Instagram,ca2a18cf-f16b-4cc9-b1bf-a076bd13842c,Sarita Nikode,https://play-lh.googleusercontent.com/a/ACg8ocIMwaJBwp0ZbnMYihtmJeyCwdWM-8-nJxqrFz0CgZrU-eFCZg=mo,🥰😍😇😎,5,0,2026-07-08T02:37:45+00:00,,,437.0.0.33.78,2026-07-09T04:05:03.895816+00:00,phase2_day3_controlled_repeated_run_20260709_040118,"{""reviewId"": ""ca2a18cf-f16b-4cc9-b1bf-a076bd13842c"", ""userName"": ""Sarita Nikode"", ""userImage"": ""https://play-lh.googleusercontent.com/a/ACg8ocIMwaJBwp0ZbnMYihtmJeyCwdWM-8-nJxqrFz0CgZrU-eFCZg=mo"", ""content"": ""🥰😍😇😎"", ""score"": 5, ""thumbsUpCount"": 0, ""reviewCreatedVersion"": ""437.0.0.33.78"", ""at"": ""2026-07-08T02:37:45+00:00"", ""replyContent"": null, ""repliedAt"": null, ""appVersion"": ""437.0.0.33.78""}"
7d1a5e75af58d185453b8c5c67b8e0280be9523ca9ffbb5763aa5fac6c2349ee,google_play,com.instagram.android,Instagram,fff82f1c-1cdb-4d5a-aabd-199c593bdf55,Zain Ikram,https://play-lh.googleusercontent.com/a/ACg8ocLSbOM8PmXI5DSKAXgguLiWX8xucql2EvjOYoOpwm_B2QT3ew=mo,not good i am uploading a video story and instagram set auto 5 sec music i want to increase more then 5 sec but i can't do idk what is the issue please fix this,1,0,2026-07-07T23:38:43+00:00,,,436.0.0.41.73,2026-07-09T04:05:03.895816+00:00,phase2_day3_controlled_repeated_run_20260709_040118,"{""reviewId"": ""fff82f1c-1cdb-4d5a-aabd-199c593bdf55"", ""userName"": ""Zain Ikram"", ""userImage"": ""https://play-lh.googleusercontent.com/a/ACg8ocLSbOM8PmXI5DSKAXgguLiWX8xucql2EvjOYoOpwm_B2QT3ew=mo"", ""content"": ""not good i am uploading a video story and instagram set auto 5 sec music i want to increase more then 5 sec but i can't do idk what is the issue please fix this"", ""score"": 1, ""thumbsUpCount"": 0, ""reviewCreatedVersion"": ""436.0.0.41.73"", ""at"": ""2026-07-07T23:38:43+00:00"", ""replyContent"": null, ""repliedAt"": null, ""appVersion"": ""436.0.0.41.73""}"
242c6aad9b39abeae26f44c05df2fdeaf545868c7c94af71b40b68d68ca6a263,google_play,com.google.android.apps.maps,Google Maps,6361f9d1-53ab-4270-a8f8-628c05cdd9b4,A Google user,https://play-lh.googleusercontent.com/EGemoI2NTXmTsBVtJqk8jxF9rh8ApRWfsIMQSt2uE4OcpQqbFu7f7NbTK05lx80nuSijCz7sc3a277R67g,"Can't get directions from a destination to another destination. Zooms out after exploring a potential stop while exploring a route, causing me to lose my place. This app used to feel like it was made by UX experts, now it just seems to be riding on the coattails of past success.",3,0,2026-07-07T19:30:20+00:00,,,26.26.03.935742811,2026-07-09T04:05:15.564699+00:00,phase2_day3_controlled_repeated_run_20260709_040118,"{""reviewId"": ""6361f9d1-53ab-4270-a8f8-628c05cdd9b4"", ""userName"": ""A Google user"", ""userImage"": ""https://play-lh.googleusercontent.com/EGemoI2NTXmTsBVtJqk8jxF9rh8ApRWfsIMQSt2uE4OcpQqbFu7f7NbTK05lx80nuSijCz7sc3a277R67g"", ""content"": ""Can't get directions from a destination to another destination. Zooms out after exploring a potential stop while exploring a route, causing me to lose my place. This app used to feel like it was made by UX experts, now it just seems to be riding on the coattails of past success."", ""score"": 3, ""thumbsUpCount"": 0, ""reviewCreatedVersion"": ""26.26.03.935742811"", ""at"": ""2026-07-07T19:30:20+00:00"", ""replyContent"": null, ""repliedAt"": null, ""appVersion"": ""26.26.03.935742811""}"
5c5f97ef39a50383bac0ab1226e3d0e16b07433ce4fd6502d6c892bcee3668c6,google_play,com.spotify.music,Spotify,42e92af7-4739-4ced-ae3b-501cd7c5bae8,Theo Pienaar,https://play-lh.googleusercontent.com/a/ACg8ocJA8g7aKxHDQKPtHG-BnBjBJaMBHlWRqh3vUWMiFZ-mPNkw1A=mo,awesome,5,0,2026-07-07T19:57:31+00:00,,,9.1.62.1601,2026-07-09T04:05:01.081677+00:00,phase2_day3_controlled_repeated_run_20260709_040118,"{""reviewId"": ""42e92af7-4739-4ced-ae3b-501cd7c5bae8"", ""userName"": ""Theo Pienaar"", ""userImage"": ""https://play-lh.googleusercontent.com/a/ACg8ocJA8g7aKxHDQKPtHG-BnBjBJaMBHlWRqh3vUWMiFZ-mPNkw1A=mo"", ""content"": ""awesome"", ""score"": 5, ""thumbsUpCount"": 0, ""reviewCreatedVersion"": ""9.1.62.1601"", ""at"": ""2026-07-07T19:57:31+00:00"", ""replyContent"": null, ""repliedAt"": null, ""appVersion"": ""9.1.62.1601""}"
d9556f8d21e19124e4707fdbf0194cfccdac7fc1b6088bd72bb80c3a9ccd47e5,google_play,com.spotify.music,Spotify,aea38626-aac4-4401-b463-52ecef0fb563,Emily Dasis,https://play-lh.googleusercontent.com/a-/ALV-UjVnMl9bYAtlIazFh2qKLbSx7ufhqC0gXcufL3vrYY_HZj6YN7ph,I've had to delete and reinstall the app twice so far because it wouldn't open. I tried without wifi and my service cut off since I have premium and it still wouldn't load past a gray scree. Other than that annoying thing it's been fine,3,1,2026-07-07T17:05:25+00:00,"Hi! Appreciate the review. We’d recommend uninstalling the app, restarting your phone, and redownloading the latest version from the Google Play store. If that doesn't work, feel free to contact our Customer Service. Just search “Contact Us” at support.spotify.com.",2026-07-07T17:26:11+00:00,9.1.62.1601,2026-07-09T04:05:01.081677+00:00,phase2_day3_controlled_repeated_run_20260709_040118,"{""reviewId"": ""aea38626-aac4-4401-b463-52ecef0fb563"", ""userName"": ""Emily Dasis"", ""userImage"": ""https://play-lh.googleusercontent.com/a-/ALV-UjVnMl9bYAtlIazFh2qKLbSx7ufhqC0gXcufL3vrYY_HZj6YN7ph"", ""content"": ""I've had to delete and reinstall the app twice so far because it wouldn't open. I tried without wifi and my service cut off since I have premium and it still wouldn't load past a gray scree. Other than that annoying thing it's been fine"", ""score"": 3, ""thumbsUpCount"": 1, ""reviewCreatedVersion"": ""9.1.62.1601"", ""at"": ""2026-07-07T17:05:25+00:00"", ""replyContent"": ""Hi! Appreciate the review. We’d recommend uninstalling the app, restarting your phone, and redownloading the latest version from the Google Play store. If that doesn't work, feel free to contact our Customer Service. Just search “Contact Us” at support.spotify.com."", ""repliedAt"": ""2026-07-07T17:26:11+00:00"", ""appVersion"": ""9.1.62.1601""}"
8e81fce260fd841dbea7558c271b049c7d0747beab14dd9e77b104d28c2d563e,google_play,com.google.android.youtube,YouTube,92929310-388b-465d-879e-ba98a2833128,Dalton Burton,https://play-lh.googleusercontent.com/a/ACg8ocJHQdkjVq8ki6B8VkQKO0PHSZrHxHQ3EYd1yrL__nOrqwCreA=mo,it's just what I need.,5,0,2026-07-07T22:29:50+00:00,,,21.25.523,2026-07-09T04:04:54.998644+00:00,phase2_day3_controlled_repeated_run_20260709_040118,"{""reviewId"": ""92929310-388b-465d-879e-ba98a2833128"", ""userName"": ""Dalton Burton"", ""userImage"": ""https://play-lh.googleusercontent.com/a/ACg8ocJHQdkjVq8ki6B8VkQKO0PHSZrHxHQ3EYd1yrL__nOrqwCreA=mo"", ""content"": ""it's just what I need."", ""score"": 5, ""thumbsUpCount"": 0, ""reviewCreatedVersion"": ""21.25.523"", ""at"": ""2026-07-07T22:29:50+00:00"", ""replyContent"": null, ""repliedAt"": null, ""appVersion"": ""21.25.523""}"
ddf62371882bd9a8bb3d0517c0bc5ed4937d695127ac755badf8a1e6b2e91599,google_play,com.instagram.android,Instagram,2495d60b-abb3-4e9a-9b55-05752c173be9,Daniel,https://play-lh.googleusercontent.com/a-/ALV-UjWxVVO-haASG0IweFCP6_cIzxv6zDU_pfamDt77yoOQNxH8kSiJ,FYI Meta and Instagram push Child Sex Ads in India and other countries while they cause Girls in America to self harm and commit suicide all because no one wanted to touch the deformed excuses of a cock Zuckerberg has.,1,0,2026-07-07T17:49:53+00:00,,,436.0.0.41.73,2026-07-09T04:05:03.895816+00:00,phase2_day3_controlled_repeated_run_20260709_040118,"{""reviewId"": ""2495d60b-abb3-4e9a-9b55-05752c173be9"", ""userName"": ""Daniel"", ""userImage"": ""https://play-lh.googleusercontent.com/a-/ALV-UjWxVVO-haASG0IweFCP6_cIzxv6zDU_pfamDt77yoOQNxH8kSiJ"", ""content"": ""FYI Meta and Instagram push Child Sex Ads in India and other countries while they cause Girls in America to self harm and commit suicide all because no one wanted to touch the deformed excuses of a cock Zuckerberg has."", ""score"": 1, ""thumbsUpCount"": 0, ""reviewCreatedVersion"": ""436.0.0.41.73"", ""at"": ""2026-07-07T17:49:53+00:00"", ""replyContent"": null, ""repliedAt"": null, ""appVersion"": ""436.0.0.41.73""}"
a17e7ca3f4d10140a299f851d5b97ae8c9c255ac50d23f4f0fa6f1f024028d2c,google_play,com.ubercab,Uber,acded2d7-fd51-46ae-9baf-3bcfa61c85ff,Keagan Utter,https://play-lh.googleusercontent.com/a-/ALV-UjUTf0QnI7a0pWiwX1edOHRGvz5MmUWLGGO2NUpY5T_s3veQ6aYWbw,had a unsafe and unsettling experience and couldnt get past the waste of water AI representative to talk to an actual person. My driver literally drove off with the door open.,1,0,2026-07-07T12:24:37+00:00,,,4.637.10003,2026-07-09T04:05:06.825330+00:00,phase2_day3_controlled_repeated_run_20260709_040118,"{""reviewId"": ""acded2d7-fd51-46ae-9baf-3bcfa61c85ff"", ""userName"": ""Keagan Utter"", ""userImage"": ""https://play-lh.googleusercontent.com/a-/ALV-UjUTf0QnI7a0pWiwX1edOHRGvz5MmUWLGGO2NUpY5T_s3veQ6aYWbw"", ""content"": ""had a unsafe and unsettling experience and couldnt get past the waste of water AI representative to talk to an actual person. My driver literally drove off with the door open."", ""score"": 1, ""thumbsUpCount"": 0, ""reviewCreatedVersion"": ""4.637.10003"", ""at"": ""2026-07-07T12:24:37+00:00"", ""replyContent"": null, ""repliedAt"": null, ""appVersion"": ""4.637.10003""}"
eeae015efaa07a2c3c27b6ea666eddf8880d9a110dba09686ccbe45dbe543f38,google_play,com.duolingo,Duolingo,a2ed9c26-681c-437e-91a5-fc36b2dcd9b6,Muhammad Mansoor sameejo,https://play-lh.googleusercontent.com/a/ACg8ocL7xzPDCSRt9dPNXJkQA3rsDlJxZ-c9ENaNNIS2yDqeHfefaA=mo,best lerninig app,5,0,2026-07-07T12:12:07+00:00,,,6.86.5,2026-07-09T04:05:12.253563+00:00,phase2_day3_controlled_repeated_run_20260709_040118,"{""reviewId"": ""a2ed9c26-681c-437e-91a5-fc36b2dcd9b6"", ""userName"": ""Muhammad Mansoor sameejo"", ""userImage"": ""https://play-lh.googleusercontent.com/a/ACg8ocL7xzPDCSRt9dPNXJkQA3rsDlJxZ-c9ENaNNIS2yDqeHfefaA=mo"", ""content"": ""best lerninig app"", ""score"": 5, ""thumbsUpCount"": 0, ""reviewCreatedVersion"": ""6.86.5"", ""at"": ""2026-07-07T12:12:07+00:00"", ""replyContent"": null, ""repliedAt"": null, ""appVersion"": ""6.86.5""}"
eb2faca48acd644196ebdf364a63300c301e536d50e850c4068db50bfb3312c5,google_play,com.google.android.apps.maps,Google Maps,d6f03ac0-72c8-4a14-a62a-48795c828a81,rupesh yadav,https://play-lh.googleusercontent.com/a/ACg8ocI6uzYAjHaGdtSSPDjt0EJGq5c4X_Bb2ZZj6M_xtukvmJKahg=mo,nice app,5,0,2026-07-07T13:42:55+00:00,,,26.15.01.894202351,2026-07-09T04:05:15.564699+00:00,phase2_day3_controlled_repeated_run_20260709_040118,"{""reviewId"": ""d6f03ac0-72c8-4a14-a62a-48795c828a81"", ""userName"": ""rupesh yadav"", ""userImage"": ""https://play-lh.googleusercontent.com/a/ACg8ocI6uzYAjHaGdtSSPDjt0EJGq5c4X_Bb2ZZj6M_xtukvmJKahg=mo"", ""content"": ""nice app"", ""score"": 5, ""thumbsUpCount"": 0, ""reviewCreatedVersion"": ""26.15.01.894202351"", ""at"": ""2026-07-07T13:42:55+00:00"", ""replyContent"": null, ""repliedAt"": null, ""appVersion"": ""26.15.01.894202351""}"
c9b1a04da787bffda357c4d3eca505bd1aa968097ed74c7726bf3ddcaf6d7fb1,google_play,com.instagram.android,Instagram,f25c06c9-db3f-44a8-99d5-054b7934eac8,Manam Manam,https://play-lh.googleusercontent.com/a/ACg8ocLdkg1oUE63xbSCNZTfLzKsmPtCzq2cTcZNz6xGPcD5k5pUbA=mo,The app is very bad and accounts are being challenged for no reason.,1,0,2026-07-07T23:24:27+00:00,,,,2026-07-09T04:05:03.895816+00:00,phase2_day3_controlled_repeated_run_20260709_040118,"{""reviewId"": ""f25c06c9-db3f-44a8-99d5-054b7934eac8"", ""userName"": ""Manam Manam"", ""userImage"": ""https://play-lh.googleusercontent.com/a/ACg8ocLdkg1oUE63xbSCNZTfLzKsmPtCzq2cTcZNz6xGPcD5k5pUbA=mo"", ""content"": ""The app is very bad and accounts are being challenged for no reason."", ""score"": 1, ""thumbsUpCount"": 0, ""reviewCreatedVersion"": null, ""at"": ""2026-07-07T23:24:27+00:00"", ""replyContent"": null, ""repliedAt"": null, ""appVersion"": null}"
963655b443e778c80c3968a2d04d83f6be399edba6c4653ccf73fb3aa1c106dc,google_play,com.ubercab,Uber,18041eea-8a52-4cd9-9a2a-17d3d07f6d76,Katie Harmon,https://play-lh.googleusercontent.com/a-/ALV-UjVQtGVszgxXlwhvFN8bRk3Ss5gxEbz1ZH-ZDSt33QKjjJn_zDQ,Overpriced. Uber driver's service is getting worse and worse. Greedy company that only cares about profits.,1,0,2026-07-08T00:28:19+00:00,,,4.636.10000,2026-07-09T04:05:06.825330+00:00,phase2_day3_controlled_repeated_run_20260709_040118,"{""reviewId"": ""18041eea-8a52-4cd9-9a2a-17d3d07f6d76"", ""userName"": ""Katie Harmon"", ""userImage"": ""https://play-lh.googleusercontent.com/a-/ALV-UjVQtGVszgxXlwhvFN8bRk3Ss5gxEbz1ZH-ZDSt33QKjjJn_zDQ"", ""content"": ""Overpriced. Uber driver's service is getting worse and worse. Greedy company that only cares about profits."", ""score"": 1, ""thumbsUpCount"": 0, ""reviewCreatedVersion"": ""4.636.10000"", ""at"": ""2026-07-08T00:28:19+00:00"", ""replyContent"": null, ""repliedAt"": null, ""appVersion"": ""4.636.10000""}"
1adacd03c3e5e09b40279805b9c745ca021d3cf8769791b44b41cdfef1743217,google_play,com.duolingo,Duolingo,f838068c-8477-46e3-b908-3290ec6d4079,Banjao Geno,https://play-lh.googleusercontent.com/a/ACg8ocKxqlmf6n5iYrw0TlG3kW8g46MkddZWsEtWZUOF_7t2Ql03hA=mo,it's good for someone who wants to learn a new language and it also helps for students who struggle with English.,5,0,2026-07-07T14:31:56+00:00,,,6.86.5,2026-07-09T04:05:12.253563+00:00,phase2_day3_controlled_repeated_run_20260709_040118,"{""reviewId"": ""f838068c-8477-46e3-b908-3290ec6d4079"", ""userName"": ""Banjao Geno"", ""userImage"": ""https://play-lh.googleusercontent.com/a/ACg8ocKxqlmf6n5iYrw0TlG3kW8g46MkddZWsEtWZUOF_7t2Ql03hA=mo"", ""content"": ""it's good for someone who wants to learn a new language and it also helps for students who struggle with English."", ""score"": 5, ""thumbsUpCount"": 0, ""reviewCreatedVersion"": ""6.86.5"", ""at"": ""2026-07-07T14:31:56+00:00"", ""replyContent"": null, ""repliedAt"": null, ""appVersion"": ""6.86.5""}"
e4e31917b193fd1b6fa307c87372176dad6d493dffc80ed1f1a9ef49e90b67de,google_play,com.zhiliaoapp.musically,TikTok,cdacde0d-5565-4741-ba5c-378eac84b4a3,Fahad Farooq,https://play-lh.googleusercontent.com/a/ACg8ocLV-4eqdrSVXn4phGLABDL5a3Q3WR8PGJ0F6IIb71eFQ4PdXQ=mo,Today update TikTok ❤️👍,5,7,2026-07-07T15:50:35+00:00,,,45.7.3,2026-07-09T04:04:58.240590+00:00,phase2_day3_controlled_repeated_run_20260709_040118,"{""reviewId"": ""cdacde0d-5565-4741-ba5c-378eac84b4a3"", ""userName"": ""Fahad Farooq"", ""userImage"": ""https://play-lh.googleusercontent.com/a/ACg8ocLV-4eqdrSVXn4phGLABDL5a3Q3WR8PGJ0F6IIb71eFQ4PdXQ=mo"", ""content"": ""Today update TikTok ❤️👍"", ""score"": 5, ""thumbsUpCount"": 7, ""reviewCreatedVersion"": ""45.7.3"", ""at"": ""2026-07-07T15:50:35+00:00"", ""replyContent"": null, ""repliedAt"": null, ""appVersion"": ""45.7.3""}"
fad7d2076032061caa97dc15747b63aa350ee4e4f24dcacf8c80682009035d9d,google_play,com.google.android.youtube,YouTube,9475e7b7-aa18-4690-9179-d7c9d6b49c48,Kiran Devi,https://play-lh.googleusercontent.com/a/ACg8ocKKn0_tFcfTfYIttFuvhjtW4bAK5G8ADtvHEtFPFR65CgpBXQ=mo,Kian devi,5,1,2026-07-07T12:45:59+00:00,,,12.37.59,2026-07-09T04:04:54.998644+00:00,phase2_day3_controlled_repeated_run_20260709_040118,"{""reviewId"": ""9475e7b7-aa18-4690-9179-d7c9d6b49c48"", ""userName"": ""Kiran Devi"", ""userImage"": ""https://play-lh.googleusercontent.com/a/ACg8ocKKn0_tFcfTfYIttFuvhjtW4bAK5G8ADtvHEtFPFR65CgpBXQ=mo"", ""content"": ""Kian devi"", ""score"": 5, ""thumbsUpCount"": 1, ""reviewCreatedVersion"": ""12.37.59"", ""at"": ""2026-07-07T12:45:59+00:00"", ""replyContent"": null, ""repliedAt"": null, ""appVersion"": ""12.37.59""}"
a59105e4e7b5233e44518d5fd7b8366cb43150c29ae533f6c3d332814fc6ed76,google_play,com.duolingo,Duolingo,49d9fc21-d31d-43f0-a6c3-a2277382a191,Rekha Basant,https://play-lh.googleusercontent.com/a/ACg8ocJxtaL5o8cNWF-hESSmE2UeKKON9FCrKaDV2MBknz_C5PW7OQ=mo,good app,4,0,2026-07-07T14:57:34+00:00,,,6.86.5,2026-07-09T04:05:12.253563+00:00,phase2_day3_controlled_repeated_run_20260709_040118,"{""reviewId"": ""49d9fc21-d31d-43f0-a6c3-a2277382a191"", ""userName"": ""Rekha Basant"", ""userImage"": ""https://play-lh.googleusercontent.com/a/ACg8ocJxtaL5o8cNWF-hESSmE2UeKKON9FCrKaDV2MBknz_C5PW7OQ=mo"", ""content"": ""good app"", ""score"": 4, ""thumbsUpCount"": 0, ""reviewCreatedVersion"": ""6.86.5"", ""at"": ""2026-07-07T14:57:34+00:00"", ""replyContent"": null, ""repliedAt"": null, ""appVersion"": ""6.86.5""}"
2a671e9cd3adfcbbbfcf36182685eb4b66acbcc6779578e43ea47065aa28fd86,google_play,com.spotify.music,Spotify,63fdedc8-975a-4e28-ab5a-d3f68109b60a,Josh Lofgran,https://play-lh.googleusercontent.com/a-/ALV-UjW7Ug3i8173I65PQK4EYv308g6_Bx-BV36M17RvKRJYGWGi7Q-R,"I love Spotify! I dont have premium, but I have found that downloading a w ebplayer account is still satisfactory 😏. Plenty of good options and songs, I love ho2 you can easily make playlists and collaborate on them. What I dont love about it is the Video Feature spamming my feed instead of music. I have only watched one video. Another thing is spamming me with 3 months off premium! I would recommend this to whoever reads this!!",4,0,2026-07-07T16:15:49+00:00,,,9.1.16.1450,2026-07-09T04:05:01.081677+00:00,phase2_day3_controlled_repeated_run_20260709_040118,"{""reviewId"": ""63fdedc8-975a-4e28-ab5a-d3f68109b60a"", ""userName"": ""Josh Lofgran"", ""userImage"": ""https://play-lh.googleusercontent.com/a-/ALV-UjW7Ug3i8173I65PQK4EYv308g6_Bx-BV36M17RvKRJYGWGi7Q-R"", ""content"": ""I love Spotify! I dont have premium, but I have found that downloading a w ebplayer account is still satisfactory 😏. Plenty of good options and songs, I love ho2 you can easily make playlists and collaborate on them. What I dont love about it is the Video Feature spamming my feed instead of music. I have only watched one video. Another thing is spamming me with 3 months off premium! I would recommend this to whoever reads this!!"", ""score"": 4, ""thumbsUpCount"": 0, ""reviewCreatedVersion"": ""9.1.16.1450"", ""at"": ""2026-07-07T16:15:49+00:00"", ""replyContent"": null, ""repliedAt"": null, ""appVersion"": ""9.1.16.1450""}"
6412ef542b652afe832639504288e68e35fa34cfd5d289456a5499bc330aaece,google_play,com.zhiliaoapp.musically,TikTok,91259f01-46be-4798-be85-efcb40af29dc,Imran Jutt,https://play-lh.googleusercontent.com/a-/ALV-UjXTgUwloX1HLi1vJhhzvlE7z3PdwdUBG4WOl3qQxxuX5Jh7Yw67,بادشاہ,5,0,2026-07-07T20:36:18+00:00,ہائے! اپنا فیڈبیک شیئر کرنے کے لیے وقت نکالنے پر آپ کا شکریہ۔ آپ کی معاونت کے بہت مشکور ہیں۔,2026-07-07T21:00:11+00:00,44.8.3,2026-07-09T04:04:58.240590+00:00,phase2_day3_controlled_repeated_run_20260709_040118,"{""reviewId"": ""91259f01-46be-4798-be85-efcb40af29dc"", ""userName"": ""Imran Jutt"", ""userImage"": ""https://play-lh.googleusercontent.com/a-/ALV-UjXTgUwloX1HLi1vJhhzvlE7z3PdwdUBG4WOl3qQxxuX5Jh7Yw67"", ""content"": ""بادشاہ"", ""score"": 5, ""thumbsUpCount"": 0, ""reviewCreatedVersion"": ""44.8.3"", ""at"": ""2026-07-07T20:36:18+00:00"", ""replyContent"": ""ہائے! اپنا فیڈبیک شیئر کرنے کے لیے وقت نکالنے پر آپ کا شکریہ۔ آپ کی معاونت کے بہت مشکور ہیں۔"", ""repliedAt"": ""2026-07-07T21:00:11+00:00"", ""appVersion"": ""44.8.3""}"
23d2e092bbabb3e293d43433f82ce5bfe307d27f5dd320e7810335622afe549e,google_play,com.duolingo,Duolingo,1e47696a-cfa1-4a76-a37b-c8de9f4d9e74,aderinsola faturoti,https://play-lh.googleusercontent.com/a/ACg8ocKQ5Kukw4r7JR_-xrILrRPkvDzDYwnMDk9npDsY-jWIGGlMeA=mo,nice app. helps with beginner level language learning,4,0,2026-07-07T08:05:47+00:00,,,6.85.7,2026-07-09T04:05:12.253563+00:00,phase2_day3_controlled_repeated_run_20260709_040118,"{""reviewId"": ""1e47696a-cfa1-4a76-a37b-c8de9f4d9e74"", ""userName"": ""aderinsola faturoti"", ""userImage"": ""https://play-lh.googleusercontent.com/a/ACg8ocKQ5Kukw4r7JR_-xrILrRPkvDzDYwnMDk9npDsY-jWIGGlMeA=mo"", ""content"": ""nice app. helps with beginner level language learning"", ""score"": 4, ""thumbsUpCount"": 0, ""reviewCreatedVersion"": ""6.85.7"", ""at"": ""2026-07-07T08:05:47+00:00"", ""replyContent"": null, ""repliedAt"": null, ""appVersion"": ""6.85.7""}"
535c9d3fb6e6d1ce10bf1c95a0cea3681695165e5a94e6b5fe0a93c3b5de9d12,google_play,com.instagram.android,Instagram,0ffd0052-1678-4542-96ed-7ec30bd82339,Deepsikha Biswas,https://play-lh.googleusercontent.com/a-/ALV-UjXYk4gCaLNEubFGKMVIVHAO9dhIIHV4r2a5GQBo7vxCi8tQmWgo,"I can't follow anyone. When I tap follow it goes back to 0. I can only view profiles. Please remove the restriction. Whenever I update Instagram, I see something or the other.There is a problem, no matter how many times I say it, please fix it.",1,1,2026-07-07T19:47:55+00:00,,,436.0.0.41.73,2026-07-09T04:05:03.895816+00:00,phase2_day3_controlled_repeated_run_20260709_040118,"{""reviewId"": ""0ffd0052-1678-4542-96ed-7ec30bd82339"", ""userName"": ""Deepsikha Biswas"", ""userImage"": ""https://play-lh.googleusercontent.com/a-/ALV-UjXYk4gCaLNEubFGKMVIVHAO9dhIIHV4r2a5GQBo7vxCi8tQmWgo"", ""content"": ""I can't follow anyone. When I tap follow it goes back to 0. I can only view profiles. Please remove the restriction. Whenever I update Instagram, I see something or the other.There is a problem, no matter how many times I say it, please fix it."", ""score"": 1, ""thumbsUpCount"": 1, ""reviewCreatedVersion"": ""436.0.0.41.73"", ""at"": ""2026-07-07T19:47:55+00:00"", ""replyContent"": null, ""repliedAt"": null, ""appVersion"": ""436.0.0.41.73""}"
34f0bc6cab55818e7d0132e8a9690afefcaf7f6ede2da4bc864c99c2c57a5d78,google_play,com.instagram.android,Instagram,96799a50-7ae8-4367-ab2b-8796dd8b8113,Tushar Kumar,https://play-lh.googleusercontent.com/a-/ALV-UjWr5XomtxLZpQFsWqMSgBQ8QP5gAWNJFjJXi8BGVE0rHVE0gFT1,suspended account bagair koi matlab ke 🥺🫤,1,0,2026-07-07T18:03:10+00:00,,,436.0.0.41.73,2026-07-09T04:05:03.895816+00:00,phase2_day3_controlled_repeated_run_20260709_040118,"{""reviewId"": ""96799a50-7ae8-4367-ab2b-8796dd8b8113"", ""userName"": ""Tushar Kumar"", ""userImage"": ""https://play-lh.googleusercontent.com/a-/ALV-UjWr5XomtxLZpQFsWqMSgBQ8QP5gAWNJFjJXi8BGVE0rHVE0gFT1"", ""content"": ""suspended account bagair koi matlab ke 🥺🫤"", ""score"": 1, ""thumbsUpCount"": 0, ""reviewCreatedVersion"": ""436.0.0.41.73"", ""at"": ""2026-07-07T18:03:10+00:00"", ""replyContent"": null, ""repliedAt"": null, ""appVersion"": ""436.0.0.41.73""}"
897a72c555367889c5cbfa23d7d7270ac05b4af788037a71be02db03fdefeec5,google_play,com.google.android.youtube,YouTube,f2288477-6938-4a30-ab33-20132e565edc,U.S. ARMY,https://play-lh.googleusercontent.com/a-/ALV-UjXc2rzKYmo9gUc07XxHpJU82u6tJ_uG1YgrzCDKUIAHAdKA0ntm,"The ads within the video, and also when I enter the video itself, are extremely annoying and have made me angry and fed up with them. Please stop the ads within the video for me permanently.",1,0,2026-07-07T18:30:33+00:00,,,21.26.364,2026-07-09T04:04:54.998644+00:00,phase2_day3_controlled_repeated_run_20260709_040118,"{""reviewId"": ""f2288477-6938-4a30-ab33-20132e565edc"", ""userName"": ""U.S. ARMY"", ""userImage"": ""https://play-lh.googleusercontent.com/a-/ALV-UjXc2rzKYmo9gUc07XxHpJU82u6tJ_uG1YgrzCDKUIAHAdKA0ntm"", ""content"": ""The ads within the video, and also when I enter the video itself, are extremely annoying and have made me angry and fed up with them. Please stop the ads within the video for me permanently."", ""score"": 1, ""thumbsUpCount"": 0, ""reviewCreatedVersion"": ""21.26.364"", ""at"": ""2026-07-07T18:30:33+00:00"", ""replyContent"": null, ""repliedAt"": null, ""appVersion"": ""21.26.364""}"
f02529665d34fbbcaea26d851ad44b82a638d7bf80a6d692bedd3bc288ad1e47,google_play,com.spotify.music,Spotify,2348656a-663b-4cbb-86bd-9204e9e42b69,Ruchika Singh,https://play-lh.googleusercontent.com/a-/ALV-UjWkkQId9UBS0CIhpz8svtXvszLnRRxXi1JyK92M4_XvCtW-M8etmg,Spotify in 2026 is just not it. you need to pay for even wanting to skip a song. they say you will only get six skips an hour. what even. and won't even let you select the song of your choice. the free version is barely tolerable.,1,0,2026-07-07T19:42:32+00:00,,,9.1.62.1601,2026-07-09T04:05:01.081677+00:00,phase2_day3_controlled_repeated_run_20260709_040118,"{""reviewId"": ""2348656a-663b-4cbb-86bd-9204e9e42b69"", ""userName"": ""Ruchika Singh"", ""userImage"": ""https://play-lh.googleusercontent.com/a-/ALV-UjWkkQId9UBS0CIhpz8svtXvszLnRRxXi1JyK92M4_XvCtW-M8etmg"", ""content"": ""Spotify in 2026 is just not it. you need to pay for even wanting to skip a song. they say you will only get six skips an hour. what even. and won't even let you select the song of your choice. the free version is barely tolerable."", ""score"": 1, ""thumbsUpCount"": 0, ""reviewCreatedVersion"": ""9.1.62.1601"", ""at"": ""2026-07-07T19:42:32+00:00"", ""replyContent"": null, ""repliedAt"": null, ""appVersion"": ""9.1.62.1601""}"
d74987b10f851fbfcc2642f5789465b1e73516dc842ad172c223b961565140e1,google_play,com.ubercab,Uber,86f830d1-7899-4493-b4cc-5f47dbf45edd,Sonu Kumar,https://play-lh.googleusercontent.com/a-/ALV-UjXS2ksw-p-FKpBTH8NbetII6tVZ3FbXpdQyehIlsDQ-jhQFSpGyRw,👍,5,0,2026-07-07T21:00:39+00:00,,,4.638.10003,2026-07-09T04:05:06.825330+00:00,phase2_day3_controlled_repeated_run_20260709_040118,"{""reviewId"": ""86f830d1-7899-4493-b4cc-5f47dbf45edd"", ""userName"": ""Sonu Kumar"", ""userImage"": ""https://play-lh.googleusercontent.com/a-/ALV-UjXS2ksw-p-FKpBTH8NbetII6tVZ3FbXpdQyehIlsDQ-jhQFSpGyRw"", ""content"": ""👍"", ""score"": 5, ""thumbsUpCount"": 0, ""reviewCreatedVersion"": ""4.638.10003"", ""at"": ""2026-07-07T21:00:39+00:00"", ""replyContent"": null, ""repliedAt"": null, ""appVersion"": ""4.638.10003""}"
06af1afd1562bc9cf73ff9b73481d0408e0146b2ed51776da60d50a7364174c6,google_play,com.google.android.youtube,YouTube,6b3e569a-d4b3-4ad0-9b02-1badb8c5fa24,Akas ram,https://play-lh.googleusercontent.com/a/ACg8ocKRxaQIAtlGhxWjEc1jNAOyEAcu9MohBJfL1AEVGeCqZLKFnQ=mo,aakashram,5,0,2026-07-07T15:46:05+00:00,,,13.46.53,2026-07-09T04:04:54.998644+00:00,phase2_day3_controlled_repeated_run_20260709_040118,"{""reviewId"": ""6b3e569a-d4b3-4ad0-9b02-1badb8c5fa24"", ""userName"": ""Akas ram"", ""userImage"": ""https://play-lh.googleusercontent.com/a/ACg8ocKRxaQIAtlGhxWjEc1jNAOyEAcu9MohBJfL1AEVGeCqZLKFnQ=mo"", ""content"": ""aakashram"", ""score"": 5, ""thumbsUpCount"": 0, ""reviewCreatedVersion"": ""13.46.53"", ""at"": ""2026-07-07T15:46:05+00:00"", ""replyContent"": null, ""repliedAt"": null, ""appVersion"": ""13.46.53""}"
a14a48cc74cf2709074fb394f281627d48e6279fc132f283afe4c60065015c86,google_play,com.netflix.mediaclient,Netflix,927c2453-9629-48db-869b-18c137c2d9b0,Nisha Khan,https://play-lh.googleusercontent.com/a/ACg8ocJxM_JRCENiooC4SJZB_QRyFjjp73MtjLZsdmGQQFRiab9wLA=mo,is mai bahut paise lagte Hain,1,0,2026-07-07T15:47:22+00:00,,,,2026-07-09T04:05:18.984606+00:00,phase2_day3_controlled_repeated_run_20260709_040118,"{""reviewId"": ""927c2453-9629-48db-869b-18c137c2d9b0"", ""userName"": ""Nisha Khan"", ""userImage"": ""https://play-lh.googleusercontent.com/a/ACg8ocJxM_JRCENiooC4SJZB_QRyFjjp73MtjLZsdmGQQFRiab9wLA=mo"", ""content"": ""is mai bahut paise lagte Hain"", ""score"": 1, ""thumbsUpCount"": 0, ""reviewCreatedVersion"": null, ""at"": ""2026-07-07T15:47:22+00:00"", ""replyContent"": null, ""repliedAt"": null, ""appVersion"": null}"
bc534b50e35ac1e118530ab2b87ae303f7991d2d49e42b8c927119240b7ca422,google_play,com.duolingo,Duolingo,091e8f04-943b-4efa-af1c-b7c09e64c971,howard gibson,https://play-lh.googleusercontent.com/a-/ALV-UjW6TGUGdDofYQDda4WyMm_jhdH-_Ogli3RGLhOqyJJLm_0XnV0c,great app for beginners who want to learn different languages,5,0,2026-07-07T18:44:34+00:00,,,6.86.5,2026-07-09T04:05:12.253563+00:00,phase2_day3_controlled_repeated_run_20260709_040118,"{""reviewId"": ""091e8f04-943b-4efa-af1c-b7c09e64c971"", ""userName"": ""howard gibson"", ""userImage"": ""https://play-lh.googleusercontent.com/a-/ALV-UjW6TGUGdDofYQDda4WyMm_jhdH-_Ogli3RGLhOqyJJLm_0XnV0c"", ""content"": ""great app for beginners who want to learn different languages"", ""score"": 5, ""thumbsUpCount"": 0, ""reviewCreatedVersion"": ""6.86.5"", ""at"": ""2026-07-07T18:44:34+00:00"", ""replyContent"": null, ""repliedAt"": null, ""appVersion"": ""6.86.5""}"
a7b52e5071d6c08d98a148c037ed4b885a4f09ca97e8ac0b848ab0601eaf1522,google_play,com.instagram.android,Instagram,0ae51925-b008-4efd-8d91-c52d3558d1de,Anshu Anshu,https://play-lh.googleusercontent.com/a/ACg8ocLVUeFv3YhaDXB0VRw1xjedgkOVcwVacJ2vcFc-NXCP2dNqcw=mo,please mera reel ke views Badwado naa l please 🥺😭,5,0,2026-07-07T16:51:19+00:00,,,433.0.0.47.68,2026-07-09T04:05:03.895816+00:00,phase2_day3_controlled_repeated_run_20260709_040118,"{""reviewId"": ""0ae51925-b008-4efd-8d91-c52d3558d1de"", ""userName"": ""Anshu Anshu"", ""userImage"": ""https://play-lh.googleusercontent.com/a/ACg8ocLVUeFv3YhaDXB0VRw1xjedgkOVcwVacJ2vcFc-NXCP2dNqcw=mo"", ""content"": ""please mera reel ke views Badwado naa l please 🥺😭"", ""score"": 5, ""thumbsUpCount"": 0, ""reviewCreatedVersion"": ""433.0.0.47.68"", ""at"": ""2026-07-07T16:51:19+00:00"", ""replyContent"": null, ""repliedAt"": null, ""appVersion"": ""433.0.0.47.68""}"
fa25ce03248b56d3b147b5ccc3c18482d4b0ade36ba2ae005965c3ffe727274b,google_play,com.instagram.android,Instagram,1f3a3f74-0179-4f4b-9cea-cbd8d01ce552,syedsaad,https://play-lh.googleusercontent.com/a/ACg8ocLDiZgR6FuJI8q42RocsdJGw5geAKpnlCGocJIJCRRQWKZ-Sw=mo,good,3,0,2026-07-07T13:50:54+00:00,,,436.0.0.41.73,2026-07-09T04:05:03.895816+00:00,phase2_day3_controlled_repeated_run_20260709_040118,"{""reviewId"": ""1f3a3f74-0179-4f4b-9cea-cbd8d01ce552"", ""userName"": ""syedsaad"", ""userImage"": ""https://play-lh.googleusercontent.com/a/ACg8ocLDiZgR6FuJI8q42RocsdJGw5geAKpnlCGocJIJCRRQWKZ-Sw=mo"", ""content"": ""good"", ""score"": 3, ""thumbsUpCount"": 0, ""reviewCreatedVersion"": ""436.0.0.41.73"", ""at"": ""2026-07-07T13:50:54+00:00"", ""replyContent"": null, ""repliedAt"": null, ""appVersion"": ""436.0.0.41.73""}"
167b8e5ae4b17c2a6ce44fee311cbf2ba2ff0a206fd7442245a867af56e444d7,google_play,com.spotify.music,Spotify,61ff54a3-c50d-409f-a6e6-15dc1ef0ddb3,Kamohelo Motaung,https://play-lh.googleusercontent.com/a-/ALV-UjW6biyfGEkQsCrbTdDuIRNeU94dRboWOHhAeyCrjbQbe-waCUsK,I can't Pay for subscriptions,4,0,2026-07-07T08:20:56+00:00,,,9.1.62.1601,2026-07-09T04:05:01.081677+00:00,phase2_day3_controlled_repeated_run_20260709_040118,"{""reviewId"": ""61ff54a3-c50d-409f-a6e6-15dc1ef0ddb3"", ""userName"": ""Kamohelo Motaung"", ""userImage"": ""https://play-lh.googleusercontent.com/a-/ALV-UjW6biyfGEkQsCrbTdDuIRNeU94dRboWOHhAeyCrjbQbe-waCUsK"", ""content"": ""I can't Pay for subscriptions"", ""score"": 4, ""thumbsUpCount"": 0, ""reviewCreatedVersion"": ""9.1.62.1601"", ""at"": ""2026-07-07T08:20:56+00:00"", ""replyContent"": null, ""repliedAt"": null, ""appVersion"": ""9.1.62.1601""}"
d824b2822efb4882998a5b368a35e261b637eedb73bee0c72b079541437a8a1b,google_play,com.google.android.youtube,YouTube,6bca8cc5-d015-4959-9cb8-79609934d5ff,Kim N,https://play-lh.googleusercontent.com/a/ACg8ocJ2qMo7JNXjzn2rrmwDbwE2lB7vGSE1ZB5MfC6Cx4zMJiLXcuQ=mo,I don't support Google and deleting all their apps due to them contanimating the air and water with their data centers.,1,0,2026-07-08T03:01:06+00:00,,,21.26.364,2026-07-09T04:04:54.998644+00:00,phase2_day3_controlled_repeated_run_20260709_040118,"{""reviewId"": ""6bca8cc5-d015-4959-9cb8-79609934d5ff"", ""userName"": ""Kim N"", ""userImage"": ""https://play-lh.googleusercontent.com/a/ACg8ocJ2qMo7JNXjzn2rrmwDbwE2lB7vGSE1ZB5MfC6Cx4zMJiLXcuQ=mo"", ""content"": ""I don't support Google and deleting all their apps due to them contanimating the air and water with their data centers."", ""score"": 1, ""thumbsUpCount"": 0, ""reviewCreatedVersion"": ""21.26.364"", ""at"": ""2026-07-08T03:01:06+00:00"", ""replyContent"": null, ""repliedAt"": null, ""appVersion"": ""21.26.364""}"
bc3e7704c8df95d9f98af4dcb6f1a56ed68b678123e8363d8f945747c0f496ff,google_play,com.instagram.android,Instagram,ea80bf86-2fc8-43fc-a00e-d935be19a4af,Eyecone Sun,https://play-lh.googleusercontent.com/a-/ALV-UjX6YToteZTt-Y_fDqU6nhZTasb26cK_RJLx6_c-7NnEHzuHbV8X,its gud,5,0,2026-07-08T01:32:35+00:00,,,,2026-07-09T04:05:03.895816+00:00,phase2_day3_controlled_repeated_run_20260709_040118,"{""reviewId"": ""ea80bf86-2fc8-43fc-a00e-d935be19a4af"", ""userName"": ""Eyecone Sun"", ""userImage"": ""https://play-lh.googleusercontent.com/a-/ALV-UjX6YToteZTt-Y_fDqU6nhZTasb26cK_RJLx6_c-7NnEHzuHbV8X"", ""content"": ""its gud"", ""score"": 5, ""thumbsUpCount"": 0, ""reviewCreatedVersion"": null, ""at"": ""2026-07-08T01:32:35+00:00"", ""replyContent"": null, ""repliedAt"": null, ""appVersion"": null}"
568e51dd1a35dcad8e0f8290405424b067050b0ec7f10af7b61ab8915c4da5a1,google_play,com.instagram.android,Instagram,de3347c7-2741-4d1f-92a1-cec124364ac7,Gangf Bc,https://play-lh.googleusercontent.com/a/ACg8ocK0WlPPiquEuTqUPoYCIUCwLmUqTXQkOe1yR7-wRrPZGRgA4g=mo,naic,5,0,2026-07-07T18:15:04+00:00,,,,2026-07-09T04:05:03.895816+00:00,phase2_day3_controlled_repeated_run_20260709_040118,"{""reviewId"": ""de3347c7-2741-4d1f-92a1-cec124364ac7"", ""userName"": ""Gangf Bc"", ""userImage"": ""https://play-lh.googleusercontent.com/a/ACg8ocK0WlPPiquEuTqUPoYCIUCwLmUqTXQkOe1yR7-wRrPZGRgA4g=mo"", ""content"": ""naic"", ""score"": 5, ""thumbsUpCount"": 0, ""reviewCreatedVersion"": null, ""at"": ""2026-07-07T18:15:04+00:00"", ""replyContent"": null, ""repliedAt"": null, ""appVersion"": null}"
91b0025ed67ed067341f2f2a42cc8f9fc3bc0cc301ea3e7af92d204b5e07ca9d,google_play,com.duolingo,Duolingo,67b32c23-9a59-45e5-a146-08c0d52ecb70,Armaan Dhyani,https://play-lh.googleusercontent.com/a-/ALV-UjWFuRVF-lBd_6XDqivWjMw93lKiaHo_XfZcXpFeHatQpgXQ8TYz,this app is very very well to learn 100+ languages I learn English and chess,5,0,2026-07-07T15:32:53+00:00,,,6.86.5,2026-07-09T04:05:12.253563+00:00,phase2_day3_controlled_repeated_run_20260709_040118,"{""reviewId"": ""67b32c23-9a59-45e5-a146-08c0d52ecb70"", ""userName"": ""Armaan Dhyani"", ""userImage"": ""https://play-lh.googleusercontent.com/a-/ALV-UjWFuRVF-lBd_6XDqivWjMw93lKiaHo_XfZcXpFeHatQpgXQ8TYz"", ""content"": ""this app is very very well to learn 100+ languages I learn English and chess"", ""score"": 5, ""thumbsUpCount"": 0, ""reviewCreatedVersion"": ""6.86.5"", ""at"": ""2026-07-07T15:32:53+00:00"", ""replyContent"": null, ""repliedAt"": null, ""appVersion"": ""6.86.5""}"
e8a668cabb3f84e87dac4f2ba91e5a3e35de7c796e8521ddce564aedabc732d7,google_play,com.google.android.youtube,YouTube,2fee2f03-ecab-45e8-8b50-555ffa5b989b,Lallie Lebohang,https://play-lh.googleusercontent.com/a/ACg8ocIonIPAwtWwxzSTVLuGW44CF_jYrgCNnHWUXEzHN02Y-zCc8g=mo,More than great,5,0,2026-07-07T20:44:51+00:00,,,21.25.527,2026-07-09T04:04:54.998644+00:00,phase2_day3_controlled_repeated_run_20260709_040118,"{""reviewId"": ""2fee2f03-ecab-45e8-8b50-555ffa5b989b"", ""userName"": ""Lallie Lebohang"", ""userImage"": ""https://play-lh.googleusercontent.com/a/ACg8ocIonIPAwtWwxzSTVLuGW44CF_jYrgCNnHWUXEzHN02Y-zCc8g=mo"", ""content"": ""More than great"", ""score"": 5, ""thumbsUpCount"": 0, ""reviewCreatedVersion"": ""21.25.527"", ""at"": ""2026-07-07T20:44:51+00:00"", ""replyContent"": null, ""repliedAt"": null, ""appVersion"": ""21.25.527""}"
318b5f3dcea93d4e794402a43e4c83f19654d331733ac1a6f83180d0565aaa12,google_play,com.duolingo,Duolingo,7d6d6ed4-7f22-4be0-91d1-ef50e168be94,"Mc Muthee gikuni,madam shosh",https://play-lh.googleusercontent.com/a-/ALV-UjX8Zr8PcwlNQN9ZIXzb7P7svujeqds8MbuYko2uwFrRso0gqbtb,I have been enjoying this app,5,0,2026-07-07T13:50:02+00:00,,,6.86.5,2026-07-09T04:05:12.253563+00:00,phase2_day3_controlled_repeated_run_20260709_040118,"{""reviewId"": ""7d6d6ed4-7f22-4be0-91d1-ef50e168be94"", ""userName"": ""Mc Muthee gikuni,madam shosh"", ""userImage"": ""https://play-lh.googleusercontent.com/a-/ALV-UjX8Zr8PcwlNQN9ZIXzb7P7svujeqds8MbuYko2uwFrRso0gqbtb"", ""content"": ""I have been enjoying this app"", ""score"": 5, ""thumbsUpCount"": 0, ""reviewCreatedVersion"": ""6.86.5"", ""at"": ""2026-07-07T13:50:02+00:00"", ""replyContent"": null, ""repliedAt"": null, ""appVersion"": ""6.86.5""}"
a975cd625e760da6ba9a41ea9a6aac94eb010b3781e62938005ccfb5551cc200,google_play,com.google.android.youtube,YouTube,4a5a298b-5cfa-49bf-82e4-1f5c88bf04c1,Mbah Suratmo,https://play-lh.googleusercontent.com/a/ACg8ocIQeVjno5yHCH7ei3-X5y0HF-30ixs4LezNSlEBDphOErWnMA=mo,"New UI/UX really bad too minimalist, i have to click more to do things",1,0,2026-07-07T10:53:20+00:00,,,21.26.364,2026-07-09T04:04:54.998644+00:00,phase2_day3_controlled_repeated_run_20260709_040118,"{""reviewId"": ""4a5a298b-5cfa-49bf-82e4-1f5c88bf04c1"", ""userName"": ""Mbah Suratmo"", ""userImage"": ""https://play-lh.googleusercontent.com/a/ACg8ocIQeVjno5yHCH7ei3-X5y0HF-30ixs4LezNSlEBDphOErWnMA=mo"", ""content"": ""New UI/UX really bad too minimalist, i have to click more to do things"", ""score"": 1, ""thumbsUpCount"": 0, ""reviewCreatedVersion"": ""21.26.364"", ""at"": ""2026-07-07T10:53:20+00:00"", ""replyContent"": null, ""repliedAt"": null, ""appVersion"": ""21.26.364""}"
773adfd49c7f4c7d60b1d905296059a34dc2e4487418fad91eaaea08bf016e74,google_play,com.instagram.android,Instagram,67b229d4-599a-4469-8d5a-736339e8931d,Zoyaanjum Shaik,https://play-lh.googleusercontent.com/a/ACg8ocLY5iPvotfMdffG3UF7kgFwAV4p-q_X3016CH4WchOoJs2ARg=mo,gooo forr it guyzz this app is amazing i jst loved this 🎀💫✨,5,0,2026-07-07T15:05:42+00:00,,,,2026-07-09T04:05:03.895816+00:00,phase2_day3_controlled_repeated_run_20260709_040118,"{""reviewId"": ""67b229d4-599a-4469-8d5a-736339e8931d"", ""userName"": ""Zoyaanjum Shaik"", ""userImage"": ""https://play-lh.googleusercontent.com/a/ACg8ocLY5iPvotfMdffG3UF7kgFwAV4p-q_X3016CH4WchOoJs2ARg=mo"", ""content"": ""gooo forr it guyzz this app is amazing i jst loved this 🎀💫✨"", ""score"": 5, ""thumbsUpCount"": 0, ""reviewCreatedVersion"": null, ""at"": ""2026-07-07T15:05:42+00:00"", ""replyContent"": null, ""repliedAt"": null, ""appVersion"": null}"
461af729d951def3687a07385a15a026f4c9322a8578e61d8697dd50ed4fe3d5,google_play,com.google.android.youtube,YouTube,545799af-2aaa-4a4a-9b36-1b5925ead927,Mahfuj Ahmed Fahim,https://play-lh.googleusercontent.com/a-/ALV-UjXRfMx9KVnuwlWp2WsOMn9y0xU5_Ty7COMs8vAxY5hQLhiGsMaZ,making YouTube the worst of possible removing the dislike buttons and and adding other stuff,1,0,2026-07-08T01:20:33+00:00,,,21.25.526,2026-07-09T04:04:54.998644+00:00,phase2_day3_controlled_repeated_run_20260709_040118,"{""reviewId"": ""545799af-2aaa-4a4a-9b36-1b5925ead927"", ""userName"": ""Mahfuj Ahmed Fahim"", ""userImage"": ""https://play-lh.googleusercontent.com/a-/ALV-UjXRfMx9KVnuwlWp2WsOMn9y0xU5_Ty7COMs8vAxY5hQLhiGsMaZ"", ""content"": ""making YouTube the worst of possible removing the dislike buttons and and adding other stuff"", ""score"": 1, ""thumbsUpCount"": 0, ""reviewCreatedVersion"": ""21.25.526"", ""at"": ""2026-07-08T01:20:33+00:00"", ""replyContent"": null, ""repliedAt"": null, ""appVersion"": ""21.25.526""}"
7b19a8e2bf7bad3c19eb8f03bbd1648da0729d08170190a19dd577a19225135a,google_play,com.duolingo,Duolingo,8447e67d-dc00-4624-98ff-ee6ea7020b94,M Mehedi Hasan,https://play-lh.googleusercontent.com/a-/ALV-UjXh8OPCsUDal4lbfHnHZx7q1rbaT0L7Lc0MaWGW1G1HkmRG4eqg,nice,5,0,2026-07-07T15:20:08+00:00,,,6.86.5,2026-07-09T04:05:12.253563+00:00,phase2_day3_controlled_repeated_run_20260709_040118,"{""reviewId"": ""8447e67d-dc00-4624-98ff-ee6ea7020b94"", ""userName"": ""M Mehedi Hasan"", ""userImage"": ""https://play-lh.googleusercontent.com/a-/ALV-UjXh8OPCsUDal4lbfHnHZx7q1rbaT0L7Lc0MaWGW1G1HkmRG4eqg"", ""content"": ""nice"", ""score"": 5, ""thumbsUpCount"": 0, ""reviewCreatedVersion"": ""6.86.5"", ""at"": ""2026-07-07T15:20:08+00:00"", ""replyContent"": null, ""repliedAt"": null, ""appVersion"": ""6.86.5""}"
fdb2dbbc5eef646a7eadaed7ea7d90d7ea307375d4f857047c19d88d60aacb72,google_play,com.google.android.apps.maps,Google Maps,6e6ba204-38b0-4cbc-9741-17eb2e6a9e85,Md Imran,https://play-lh.googleusercontent.com/a/ACg8ocLzx_APXF35kjH0RXksjCFu3o99sJvCuEdB19IDT39WLkiFGw=mo,Ki,5,0,2026-07-08T01:43:28+00:00,,,26.27.01.941319029,2026-07-09T04:05:15.564699+00:00,phase2_day3_controlled_repeated_run_20260709_040118,"{""reviewId"": ""6e6ba204-38b0-4cbc-9741-17eb2e6a9e85"", ""userName"": ""Md Imran"", ""userImage"": ""https://play-lh.googleusercontent.com/a/ACg8ocLzx_APXF35kjH0RXksjCFu3o99sJvCuEdB19IDT39WLkiFGw=mo"", ""content"": ""Ki"", ""score"": 5, ""thumbsUpCount"": 0, ""reviewCreatedVersion"": ""26.27.01.941319029"", ""at"": ""2026-07-08T01:43:28+00:00"", ""replyContent"": null, ""repliedAt"": null, ""appVersion"": ""26.27.01.941319029""}"
4dee10da374af46b30d84cb9ffe9ad831bf10594283e9b0fe76153351933d90c,google_play,com.spotify.music,Spotify,2ead57c0-e0f4-44df-af44-e633ea48fdb8,Dhoni Kumar,https://play-lh.googleusercontent.com/a/ACg8ocIPLn32ohtaLH4JIXaBo7wDZaNEuaPiXK0gcHVg6IHmPaSXVw=mo,exlent ✅,5,0,2026-07-08T02:06:11+00:00,,,9.1.18.1504,2026-07-09T04:05:01.081677+00:00,phase2_day3_controlled_repeated_run_20260709_040118,"{""reviewId"": ""2ead57c0-e0f4-44df-af44-e633ea48fdb8"", ""userName"": ""Dhoni Kumar"", ""userImage"": ""https://play-lh.googleusercontent.com/a/ACg8ocIPLn32ohtaLH4JIXaBo7wDZaNEuaPiXK0gcHVg6IHmPaSXVw=mo"", ""content"": ""exlent ✅"", ""score"": 5, ""thumbsUpCount"": 0, ""reviewCreatedVersion"": ""9.1.18.1504"", ""at"": ""2026-07-08T02:06:11+00:00"", ""replyContent"": null, ""repliedAt"": null, ""appVersion"": ""9.1.18.1504""}"
12e4a0dc55b8445961abbd71bc15e553d523983955655f1e4ec5a70fcd5b4388,google_play,com.netflix.mediaclient,Netflix,f5e32009-6702-478b-90a6-2c781af5f01f,Hit Modi,https://play-lh.googleusercontent.com/a/ACg8ocKL_FBlQHOdGcjzV2cdPS-EyXAhauwcsPGREMp8zxf0o1E_vFQ=mo,good,5,0,2026-07-07T17:18:48+00:00,,,9.73.0 build 7 64240,2026-07-09T04:05:18.984606+00:00,phase2_day3_controlled_repeated_run_20260709_040118,"{""reviewId"": ""f5e32009-6702-478b-90a6-2c781af5f01f"", ""userName"": ""Hit Modi"", ""userImage"": ""https://play-lh.googleusercontent.com/a/ACg8ocKL_FBlQHOdGcjzV2cdPS-EyXAhauwcsPGREMp8zxf0o1E_vFQ=mo"", ""content"": ""good"", ""score"": 5, ""thumbsUpCount"": 0, ""reviewCreatedVersion"": ""9.73.0 build 7 64240"", ""at"": ""2026-07-07T17:18:48+00:00"", ""replyContent"": null, ""repliedAt"": null, ""appVersion"": ""9.73.0 build 7 64240""}"
3c4644348310d74077af77b156bb0c40b610aae3e377f1537d5b4c65ea230a72,google_play,com.instagram.android,Instagram,326cc19c-b2a5-4aca-b852-9d53269bfc88,Vishnu Lodhi,https://play-lh.googleusercontent.com/a-/ALV-UjWNUWMxZuxYV__fzISoVK_sjnPsmU5tdiKBeFiYMxeNX02zFWY,Nice,2,1,2026-07-07T19:39:48+00:00,,,435.0.0.37.76,2026-07-09T04:05:03.895816+00:00,phase2_day3_controlled_repeated_run_20260709_040118,"{""reviewId"": ""326cc19c-b2a5-4aca-b852-9d53269bfc88"", ""userName"": ""Vishnu Lodhi"", ""userImage"": ""https://play-lh.googleusercontent.com/a-/ALV-UjWNUWMxZuxYV__fzISoVK_sjnPsmU5tdiKBeFiYMxeNX02zFWY"", ""content"": ""Nice"", ""score"": 2, ""thumbsUpCount"": 1, ""reviewCreatedVersion"": ""435.0.0.37.76"", ""at"": ""2026-07-07T19:39:48+00:00"", ""replyContent"": null, ""repliedAt"": null, ""appVersion"": ""435.0.0.37.76""}"
0a2d2672bc3dde52c4ae55a45d8b23db17b30785a9ceaf96a2f9ef1e5d233de6,google_play,com.google.android.youtube,YouTube,9543e0bf-1047-4ed0-9b1b-bbcf74f54df1,Rajni Jain,https://play-lh.googleusercontent.com/a/ACg8ocLWMfqgYULWb0tEtN5pH4w6OqMEF1vQboccYLLpZZhgO-kLig=mo,Best buy neg jldi.khtam hojata hai,5,0,2026-07-07T10:57:11+00:00,,,20.31.39,2026-07-09T04:04:54.998644+00:00,phase2_day3_controlled_repeated_run_20260709_040118,"{""reviewId"": ""9543e0bf-1047-4ed0-9b1b-bbcf74f54df1"", ""userName"": ""Rajni Jain"", ""userImage"": ""https://play-lh.googleusercontent.com/a/ACg8ocLWMfqgYULWb0tEtN5pH4w6OqMEF1vQboccYLLpZZhgO-kLig=mo"", ""content"": ""Best buy neg jldi.khtam hojata hai"", ""score"": 5, ""thumbsUpCount"": 0, ""reviewCreatedVersion"": ""20.31.39"", ""at"": ""2026-07-07T10:57:11+00:00"", ""replyContent"": null, ""repliedAt"": null, ""appVersion"": ""20.31.39""}"
1d12a2ae1238640ab15a53d697d09cedb64decb476e9a243577c34a943598c73,google_play,com.google.android.youtube,YouTube,e3b89687-55da-411e-b933-33ec12fb579d,Martina Amasi,https://play-lh.googleusercontent.com/a/ACg8ocKTC0rJ_x-btmS2CcCeUKUTK8CYkWXGoTbmSO-LGkPJHhE5MQ=mo,Pleas open youtube,5,1,2026-07-07T13:50:15+00:00,,,12.37.59,2026-07-09T04:04:54.998644+00:00,phase2_day3_controlled_repeated_run_20260709_040118,"{""reviewId"": ""e3b89687-55da-411e-b933-33ec12fb579d"", ""userName"": ""Martina Amasi"", ""userImage"": ""https://play-lh.googleusercontent.com/a/ACg8ocKTC0rJ_x-btmS2CcCeUKUTK8CYkWXGoTbmSO-LGkPJHhE5MQ=mo"", ""content"": ""Pleas open youtube"", ""score"": 5, ""thumbsUpCount"": 1, ""reviewCreatedVersion"": ""12.37.59"", ""at"": ""2026-07-07T13:50:15+00:00"", ""replyContent"": null, ""repliedAt"": null, ""appVersion"": ""12.37.59""}"
2fef96ef4f93ea29fd7d9057e7fc101e63ac43fb79160c20eef5efd9178f94b6,google_play,com.instagram.android,Instagram,7077e5c1-3d24-40d8-b309-cd6bbc1a347c,Artin,https://play-lh.googleusercontent.com/a-/ALV-UjX3Wo4_QPEQr87Oai6i3gNG5pjJtOWlvAAxcqv3erHse9rWuKY,good app,5,1,2026-07-07T18:32:25+00:00,,,436.0.0.41.73,2026-07-09T04:05:03.895816+00:00,phase2_day3_controlled_repeated_run_20260709_040118,"{""reviewId"": ""7077e5c1-3d24-40d8-b309-cd6bbc1a347c"", ""userName"": ""Artin"", ""userImage"": ""https://play-lh.googleusercontent.com/a-/ALV-UjX3Wo4_QPEQr87Oai6i3gNG5pjJtOWlvAAxcqv3erHse9rWuKY"", ""content"": ""good app"", ""score"": 5, ""thumbsUpCount"": 1, ""reviewCreatedVersion"": ""436.0.0.41.73"", ""at"": ""2026-07-07T18:32:25+00:00"", ""replyContent"": null, ""repliedAt"": null, ""appVersion"": ""436.0.0.41.73""}"
381062ff9b045d71806038e4ce5ddc056803b65d0770d7ca87cc5be06f7435e6,google_play,com.zhiliaoapp.musically,TikTok,d64e3770-3306-40bb-8004-322e46cefa01,Sabit Khan,https://play-lh.googleusercontent.com/a/ACg8ocJHmi8NQW5BEb_RegLqEkzOxSqKUuM3B9Evmttj7D9NGvHpfA=mo,please Pakistan live tiktok on please 🥺,5,0,2026-07-07T19:11:21+00:00,,,,2026-07-09T04:04:58.240590+00:00,phase2_day3_controlled_repeated_run_20260709_040118,"{""reviewId"": ""d64e3770-3306-40bb-8004-322e46cefa01"", ""userName"": ""Sabit Khan"", ""userImage"": ""https://play-lh.googleusercontent.com/a/ACg8ocJHmi8NQW5BEb_RegLqEkzOxSqKUuM3B9Evmttj7D9NGvHpfA=mo"", ""content"": ""please Pakistan live tiktok on please 🥺"", ""score"": 5, ""thumbsUpCount"": 0, ""reviewCreatedVersion"": null, ""at"": ""2026-07-07T19:11:21+00:00"", ""replyContent"": null, ""repliedAt"": null, ""appVersion"": null}"
871c90736f69e82ad02eac9c4eb8cc227312e3f2a76533fd14835222499f420d,google_play,com.instagram.android,Instagram,144a4275-8541-4b2e-95b4-7ef002c20918,Sagar Yadav,https://play-lh.googleusercontent.com/a/ACg8ocJOImajn290vYdU4VK24tlq9YygnqiqtzUGhG1tkOdHjFZxCw=mo,"my account was suspended even though I beleive I did not violate the rules.submitted an appeal,but the review process is slow and frustrating .I hope instagram improves it's support and account review system.""",1,0,2026-07-07T14:20:55+00:00,,,436.0.0.41.73,2026-07-09T04:05:03.895816+00:00,phase2_day3_controlled_repeated_run_20260709_040118,"{""reviewId"": ""144a4275-8541-4b2e-95b4-7ef002c20918"", ""userName"": ""Sagar Yadav"", ""userImage"": ""https://play-lh.googleusercontent.com/a/ACg8ocJOImajn290vYdU4VK24tlq9YygnqiqtzUGhG1tkOdHjFZxCw=mo"", ""content"": ""my account was suspended even though I beleive I did not violate the rules.submitted an appeal,but the review process is slow and frustrating .I hope instagram improves it's support and account review system.\"""", ""score"": 1, ""thumbsUpCount"": 0, ""reviewCreatedVersion"": ""436.0.0.41.73"", ""at"": ""2026-07-07T14:20:55+00:00"", ""replyContent"": null, ""repliedAt"": null, ""appVersion"": ""436.0.0.41.73""}"
269842ab9c8b64a43bf892e7428ebe0b6f0a818cbda86043f1f85818af932fda,google_play,com.instagram.android,Instagram,307cf8ae-dcfb-4af3-af4c-1e21565f68b1,Faseeh Rajput,https://play-lh.googleusercontent.com/a-/ALV-UjVS4XRJ7VDvadpZWXm_hnpjDdZotvKerg-UpDnQoibKe_Z8cwIk,best 👍,5,0,2026-07-07T16:09:59+00:00,,,436.0.0.41.73,2026-07-09T04:05:03.895816+00:00,phase2_day3_controlled_repeated_run_20260709_040118,"{""reviewId"": ""307cf8ae-dcfb-4af3-af4c-1e21565f68b1"", ""userName"": ""Faseeh Rajput"", ""userImage"": ""https://play-lh.googleusercontent.com/a-/ALV-UjVS4XRJ7VDvadpZWXm_hnpjDdZotvKerg-UpDnQoibKe_Z8cwIk"", ""content"": ""best 👍"", ""score"": 5, ""thumbsUpCount"": 0, ""reviewCreatedVersion"": ""436.0.0.41.73"", ""at"": ""2026-07-07T16:09:59+00:00"", ""replyContent"": null, ""repliedAt"": null, ""appVersion"": ""436.0.0.41.73""}"
1a38e2d94f7662ea29f4d1a430ebf70a9ee315c9cc7570e17a26cf6f3be32283,google_play,com.zhiliaoapp.musically,TikTok,aa3278ba-3bc2-4cde-811c-cfcb35fdd8c9,Malik Hammad,https://play-lh.googleusercontent.com/a/ACg8ocLeUEBhM3BCuujfOktWno4lXJFQxpafZzl3M4watKAtHw5p3g=mo,app a create issue not downl,5,0,2026-07-07T16:08:52+00:00,,,,2026-07-09T04:04:58.240590+00:00,phase2_day3_controlled_repeated_run_20260709_040118,"{""reviewId"": ""aa3278ba-3bc2-4cde-811c-cfcb35fdd8c9"", ""userName"": ""Malik Hammad"", ""userImage"": ""https://play-lh.googleusercontent.com/a/ACg8ocLeUEBhM3BCuujfOktWno4lXJFQxpafZzl3M4watKAtHw5p3g=mo"", ""content"": ""app a create issue not downl"", ""score"": 5, ""thumbsUpCount"": 0, ""reviewCreatedVersion"": null, ""at"": ""2026-07-07T16:08:52+00:00"", ""replyContent"": null, ""repliedAt"": null, ""appVersion"": null}"
4d9a0ecd4908a359005896d0b6567fc6563f5be51e619f1a1a76104533cb5de4,google_play,com.duolingo,Duolingo,0ba3313d-9231-4b51-9e30-b09f35c5a34e,Meenakshi Bhat,https://play-lh.googleusercontent.com/a-/ALV-UjVyIM3zD-zHC60FjeNawyBzsRymoncA0f5-8os4WVK865CbG6QU,"It is good for learning many languages like french, japanese, russian etc .",5,0,2026-07-07T16:56:36+00:00,,,6.86.5,2026-07-09T04:05:12.253563+00:00,phase2_day3_controlled_repeated_run_20260709_040118,"{""reviewId"": ""0ba3313d-9231-4b51-9e30-b09f35c5a34e"", ""userName"": ""Meenakshi Bhat"", ""userImage"": ""https://play-lh.googleusercontent.com/a-/ALV-UjVyIM3zD-zHC60FjeNawyBzsRymoncA0f5-8os4WVK865CbG6QU"", ""content"": ""It is good for learning many languages like french, japanese, russian etc ."", ""score"": 5, ""thumbsUpCount"": 0, ""reviewCreatedVersion"": ""6.86.5"", ""at"": ""2026-07-07T16:56:36+00:00"", ""replyContent"": null, ""repliedAt"": null, ""appVersion"": ""6.86.5""}"
a6edf2519a11d8b82be2809f16302b11ec9e5d8802a6edcdc9fb8c4fa70f868e,google_play,com.instagram.android,Instagram,9647cd0a-ef8d-4283-ad3d-247741c8a814,Rajan Giri,https://play-lh.googleusercontent.com/a/ACg8ocIbeLxtpr4l-stNIksEpPsrcCyZ726WI51ENH6PQBbilIm2jA=mo,meri id pata nhi kyu suspended ho ja rahi hai turant turant,1,0,2026-07-08T00:02:05+00:00,,,436.0.0.41.73,2026-07-09T04:05:03.895816+00:00,phase2_day3_controlled_repeated_run_20260709_040118,"{""reviewId"": ""9647cd0a-ef8d-4283-ad3d-247741c8a814"", ""userName"": ""Rajan Giri"", ""userImage"": ""https://play-lh.googleusercontent.com/a/ACg8ocIbeLxtpr4l-stNIksEpPsrcCyZ726WI51ENH6PQBbilIm2jA=mo"", ""content"": ""meri id pata nhi kyu suspended ho ja rahi hai turant turant"", ""score"": 1, ""thumbsUpCount"": 0, ""reviewCreatedVersion"": ""436.0.0.41.73"", ""at"": ""2026-07-08T00:02:05+00:00"", ""replyContent"": null, ""repliedAt"": null, ""appVersion"": ""436.0.0.41.73""}"
9163d1bf6ec165a86ad0fff761fded440f97a7cb302e163469b4d78f23ebac02,google_play,com.spotify.music,Spotify,57cdaf44-ff8e-4fe6-a79e-5d0ebc736c91,Ikechukwu Eric,https://play-lh.googleusercontent.com/a-/ALV-UjV9rJ_UsBON4X2JG959jGVDxrNMLXgZ2RPKkDrELaicGBeZ2WMf,My favourite 🌹💕,5,0,2026-07-07T16:36:42+00:00,,,9.1.60.1970,2026-07-09T04:05:01.081677+00:00,phase2_day3_controlled_repeated_run_20260709_040118,"{""reviewId"": ""57cdaf44-ff8e-4fe6-a79e-5d0ebc736c91"", ""userName"": ""Ikechukwu Eric"", ""userImage"": ""https://play-lh.googleusercontent.com/a-/ALV-UjV9rJ_UsBON4X2JG959jGVDxrNMLXgZ2RPKkDrELaicGBeZ2WMf"", ""content"": ""My favourite 🌹💕"", ""score"": 5, ""thumbsUpCount"": 0, ""reviewCreatedVersion"": ""9.1.60.1970"", ""at"": ""2026-07-07T16:36:42+00:00"", ""replyContent"": null, ""repliedAt"": null, ""appVersion"": ""9.1.60.1970""}"
6972cfd1340114f9ed4e20713ab98db0cf0b01e8fb09dd78ae750e15cb5cf1d2,google_play,com.netflix.mediaclient,Netflix,1d5a5ed9-59c5-46f5-8984-5af66bc1a9be,Debora Midgley,https://play-lh.googleusercontent.com/a/ACg8ocJQf7aBZr1vyInjGtYbvFFhUO7XJhj_eImpth-A-mIEQeBgHQ=mo,great,5,0,2026-07-07T16:06:49+00:00,,,9.72.0 build 3 64216,2026-07-09T04:05:18.984606+00:00,phase2_day3_controlled_repeated_run_20260709_040118,"{""reviewId"": ""1d5a5ed9-59c5-46f5-8984-5af66bc1a9be"", ""userName"": ""Debora Midgley"", ""userImage"": ""https://play-lh.googleusercontent.com/a/ACg8ocJQf7aBZr1vyInjGtYbvFFhUO7XJhj_eImpth-A-mIEQeBgHQ=mo"", ""content"": ""great"", ""score"": 5, ""thumbsUpCount"": 0, ""reviewCreatedVersion"": ""9.72.0 build 3 64216"", ""at"": ""2026-07-07T16:06:49+00:00"", ""replyContent"": null, ""repliedAt"": null, ""appVersion"": ""9.72.0 build 3 64216""}"
9038496e259b4c8a416bf66027a63e5ef6d30d18576a3eb60cfa66cfa387b38b,google_play,com.reddit.frontpage,Reddit,17252f59-ccfe-4cbe-b6de-4884577af49b,Tristan Fraker,https://play-lh.googleusercontent.com/a/ACg8ocKXY9TvjVze4lqysRvTVGUAdiigBtEXBkG6QJxP5GD3QX-6aAg=mo,love the feedbacks!,5,0,2026-07-07T17:34:23+00:00,,,2026.26.0,2026-07-09T04:05:21.650566+00:00,phase2_day3_controlled_repeated_run_20260709_040118,"{""reviewId"": ""17252f59-ccfe-4cbe-b6de-4884577af49b"", ""userName"": ""Tristan Fraker"", ""userImage"": ""https://play-lh.googleusercontent.com/a/ACg8ocKXY9TvjVze4lqysRvTVGUAdiigBtEXBkG6QJxP5GD3QX-6aAg=mo"", ""content"": ""love the feedbacks!"", ""score"": 5, ""thumbsUpCount"": 0, ""reviewCreatedVersion"": ""2026.26.0"", ""at"": ""2026-07-07T17:34:23+00:00"", ""replyContent"": null, ""repliedAt"": null, ""appVersion"": ""2026.26.0""}"
b4c40e57a1a3db4bb0d1f7c660b06b18751de449da38eaba36ad0314addefd1d,google_play,com.zhiliaoapp.musically,TikTok,18dcef3a-1eb9-47de-b171-5475b8142e86,Sara O.,https://play-lh.googleusercontent.com/a/ACg8ocLOe0wv5Oq_CVIw6KNx7CLHBOWgEsqnPDStu_0pfRdEvz2IJQ=mo,its a good add helps and its just interesting,5,0,2026-07-07T05:28:18+00:00,Hi! Thanks for taking the time to share your feedback. Your support is greatly appreciated.,2026-07-07T05:40:12+00:00,,2026-07-09T04:04:58.240590+00:00,phase2_day3_controlled_repeated_run_20260709_040118,"{""reviewId"": ""18dcef3a-1eb9-47de-b171-5475b8142e86"", ""userName"": ""Sara O."", ""userImage"": ""https://play-lh.googleusercontent.com/a/ACg8ocLOe0wv5Oq_CVIw6KNx7CLHBOWgEsqnPDStu_0pfRdEvz2IJQ=mo"", ""content"": ""its a good add helps and its just interesting"", ""score"": 5, ""thumbsUpCount"": 0, ""reviewCreatedVersion"": null, ""at"": ""2026-07-07T05:28:18+00:00"", ""replyContent"": ""Hi! Thanks for taking the time to share your feedback. Your support is greatly appreciated."", ""repliedAt"": ""2026-07-07T05:40:12+00:00"", ""appVersion"": null}"
809b19bed1e67ef7756995ce48d2aeaf8215571d7d6d282df0a4e3401d1d7565,google_play,com.spotify.music,Spotify,6849c1e2-45ce-433f-bec2-d08d7c16e7fa,Iblex Nuhu,https://play-lh.googleusercontent.com/a-/ALV-UjW62DUbhxGCh1WlWHCGWJKvI3ZVm_Z_ofdagSx-53aToPe0Dns,spectacular,5,0,2026-07-07T20:02:35+00:00,,,9.1.62.1601,2026-07-09T04:05:01.081677+00:00,phase2_day3_controlled_repeated_run_20260709_040118,"{""reviewId"": ""6849c1e2-45ce-433f-bec2-d08d7c16e7fa"", ""userName"": ""Iblex Nuhu"", ""userImage"": ""https://play-lh.googleusercontent.com/a-/ALV-UjW62DUbhxGCh1WlWHCGWJKvI3ZVm_Z_ofdagSx-53aToPe0Dns"", ""content"": ""spectacular"", ""score"": 5, ""thumbsUpCount"": 0, ""reviewCreatedVersion"": ""9.1.62.1601"", ""at"": ""2026-07-07T20:02:35+00:00"", ""replyContent"": null, ""repliedAt"": null, ""appVersion"": ""9.1.62.1601""}"
1078708a731b49da462c72c20eec6292d4bb786f242a395d55e35b8e0783b103,google_play,com.ubercab,Uber,f961e295-8191-4df7-a61d-c81d501fdc39,Aamna Ilyas,https://play-lh.googleusercontent.com/a-/ALV-UjU1uR8VQEh0L8mJNNwsUR17gFzSkHudQbgw2uNpP3hljFzo8mY,"UBER ONE IS NOT WORTH IT 1. This app is terrible at finding good reasonable prices in general 2. UberEats section is even worse. 3. Someone hacked into my account and my money was never returned £50+ down the drain. Just cancelled an order too without reason. 4. CS is terrible. Theres no one to speak to, no phone to call, and nothing to explain special circumstances.",1,0,2026-07-07T19:26:10+00:00,,,4.637.10003,2026-07-09T04:05:06.825330+00:00,phase2_day3_controlled_repeated_run_20260709_040118,"{""reviewId"": ""f961e295-8191-4df7-a61d-c81d501fdc39"", ""userName"": ""Aamna Ilyas"", ""userImage"": ""https://play-lh.googleusercontent.com/a-/ALV-UjU1uR8VQEh0L8mJNNwsUR17gFzSkHudQbgw2uNpP3hljFzo8mY"", ""content"": ""UBER ONE IS NOT WORTH IT 1. This app is terrible at finding good reasonable prices in general 2. UberEats section is even worse. 3. Someone hacked into my account and my money was never returned £50+ down the drain. Just cancelled an order too without reason. 4. CS is terrible. Theres no one to speak to, no phone to call, and nothing to explain special circumstances."", ""score"": 1, ""thumbsUpCount"": 0, ""reviewCreatedVersion"": ""4.637.10003"", ""at"": ""2026-07-07T19:26:10+00:00"", ""replyContent"": null, ""repliedAt"": null, ""appVersion"": ""4.637.10003""}"
76df424e26553f11e99c2ea4ee79c244e3e06cfe073b2b9ee5c7558421d27063,google_play,com.instagram.android,Instagram,d1a0a674-a64a-4c68-8ce8-f6ba680365d1,Pampa Biswas,https://play-lh.googleusercontent.com/a/ACg8ocJvNCZLMtlPzZYNup05A3EEUchkzTG3zOVyolmpJvxKkDAkNg=mo,good,5,0,2026-07-07T15:28:48+00:00,,,349.3.0.42.104,2026-07-09T04:05:03.895816+00:00,phase2_day3_controlled_repeated_run_20260709_040118,"{""reviewId"": ""d1a0a674-a64a-4c68-8ce8-f6ba680365d1"", ""userName"": ""Pampa Biswas"", ""userImage"": ""https://play-lh.googleusercontent.com/a/ACg8ocJvNCZLMtlPzZYNup05A3EEUchkzTG3zOVyolmpJvxKkDAkNg=mo"", ""content"": ""good"", ""score"": 5, ""thumbsUpCount"": 0, ""reviewCreatedVersion"": ""349.3.0.42.104"", ""at"": ""2026-07-07T15:28:48+00:00"", ""replyContent"": null, ""repliedAt"": null, ""appVersion"": ""349.3.0.42.104""}"
076161eb8b00d675ca90c23c101a4e304a7ca9dd0dae86f49c5459b34e9bdc97,google_play,com.google.android.youtube,YouTube,57522f9b-0459-41d0-a650-9815bed1af48,Manish Pathak,https://play-lh.googleusercontent.com/a-/ALV-UjWg5KaDupio83_wsXGtr421Zc9oFZbLqGoG4V4O-HEwx67CNvzA,nice,5,0,2026-07-08T01:49:29+00:00,,,20.26.40,2026-07-09T04:04:54.998644+00:00,phase2_day3_controlled_repeated_run_20260709_040118,"{""reviewId"": ""57522f9b-0459-41d0-a650-9815bed1af48"", ""userName"": ""Manish Pathak"", ""userImage"": ""https://play-lh.googleusercontent.com/a-/ALV-UjWg5KaDupio83_wsXGtr421Zc9oFZbLqGoG4V4O-HEwx67CNvzA"", ""content"": ""nice"", ""score"": 5, ""thumbsUpCount"": 0, ""reviewCreatedVersion"": ""20.26.40"", ""at"": ""2026-07-08T01:49:29+00:00"", ""replyContent"": null, ""repliedAt"": null, ""appVersion"": ""20.26.40""}"
0158476f74c5fc00178a5830844df99a99e335c84b244a297f7b9bb87d59428b,google_play,com.instagram.android,Instagram,b81ef02a-54aa-4adc-aa13-490f7717a6d5,Partaim Shaw,https://play-lh.googleusercontent.com/a/ACg8ocKAcSBCnfJymo31LConx9FOqEcCSJ7_MkVBpnkn7bokwsYxIA=mo,nice 👍,5,0,2026-07-08T03:03:00+00:00,,,436.0.0.41.73,2026-07-09T04:05:03.895816+00:00,phase2_day3_controlled_repeated_run_20260709_040118,"{""reviewId"": ""b81ef02a-54aa-4adc-aa13-490f7717a6d5"", ""userName"": ""Partaim Shaw"", ""userImage"": ""https://play-lh.googleusercontent.com/a/ACg8ocKAcSBCnfJymo31LConx9FOqEcCSJ7_MkVBpnkn7bokwsYxIA=mo"", ""content"": ""nice 👍"", ""score"": 5, ""thumbsUpCount"": 0, ""reviewCreatedVersion"": ""436.0.0.41.73"", ""at"": ""2026-07-08T03:03:00+00:00"", ""replyContent"": null, ""repliedAt"": null, ""appVersion"": ""436.0.0.41.73""}"
deef4078d85b0d79ddc04bbbb4070fb264fe7ad2743a1d44a6c534c4e0bf6f3e,google_play,com.duolingo,Duolingo,bf65dbbb-4974-4fb7-8ea6-9e9b4ab36828,ethira Raju,https://play-lh.googleusercontent.com/a/ACg8ocI7MKD47G7S0KTmsxCquLgPvBuevsNeATmrK5L6iBryfrs2Xw=mo,super and the best language learning app but very add,5,0,2026-07-07T17:09:15+00:00,,,6.86.5,2026-07-09T04:05:12.253563+00:00,phase2_day3_controlled_repeated_run_20260709_040118,"{""reviewId"": ""bf65dbbb-4974-4fb7-8ea6-9e9b4ab36828"", ""userName"": ""ethira Raju"", ""userImage"": ""https://play-lh.googleusercontent.com/a/ACg8ocI7MKD47G7S0KTmsxCquLgPvBuevsNeATmrK5L6iBryfrs2Xw=mo"", ""content"": ""super and the best language learning app but very add"", ""score"": 5, ""thumbsUpCount"": 0, ""reviewCreatedVersion"": ""6.86.5"", ""at"": ""2026-07-07T17:09:15+00:00"", ""replyContent"": null, ""repliedAt"": null, ""appVersion"": ""6.86.5""}"
69a57c05188c67f1e2e0a526d237ea1b110a251dd6165659966d4947395cbf68,google_play,com.google.android.youtube,YouTube,53f434a0-f6da-4dbf-8816-8d3132807d9e,Raj,https://play-lh.googleusercontent.com/a-/ALV-UjWFtPashWsJMdYpDIrr-fmpRb5ooLTvxtMmhDsWABwCrf_rx3s,###comeback need DISLIKE button,1,0,2026-07-07T14:10:09+00:00,,,21.23.490,2026-07-09T04:04:54.998644+00:00,phase2_day3_controlled_repeated_run_20260709_040118,"{""reviewId"": ""53f434a0-f6da-4dbf-8816-8d3132807d9e"", ""userName"": ""Raj"", ""userImage"": ""https://play-lh.googleusercontent.com/a-/ALV-UjWFtPashWsJMdYpDIrr-fmpRb5ooLTvxtMmhDsWABwCrf_rx3s"", ""content"": ""###comeback need DISLIKE button"", ""score"": 1, ""thumbsUpCount"": 0, ""reviewCreatedVersion"": ""21.23.490"", ""at"": ""2026-07-07T14:10:09+00:00"", ""replyContent"": null, ""repliedAt"": null, ""appVersion"": ""21.23.490""}"
14b2e602826a0dde05d2a31557ebda041e55232454f0e660dbb2721af9444e05,google_play,com.spotify.music,Spotify,b419fc0e-ebe3-457b-a12c-238a15e37644,Mark Ramsay,https://play-lh.googleusercontent.com/a-/ALV-UjXOLn3CiFpbI9pruZ6VOgDTxvGFtrRtN_DEZr3bsLY8CW1DALc,love it,5,0,2026-07-08T00:50:20+00:00,,,9.1.62.1601,2026-07-09T04:05:01.081677+00:00,phase2_day3_controlled_repeated_run_20260709_040118,"{""reviewId"": ""b419fc0e-ebe3-457b-a12c-238a15e37644"", ""userName"": ""Mark Ramsay"", ""userImage"": ""https://play-lh.googleusercontent.com/a-/ALV-UjXOLn3CiFpbI9pruZ6VOgDTxvGFtrRtN_DEZr3bsLY8CW1DALc"", ""content"": ""love it"", ""score"": 5, ""thumbsUpCount"": 0, ""reviewCreatedVersion"": ""9.1.62.1601"", ""at"": ""2026-07-08T00:50:20+00:00"", ""replyContent"": null, ""repliedAt"": null, ""appVersion"": ""9.1.62.1601""}"
969ec29aa0300ee220edf2f0683824d05eed88b8e1bb8c2e0fb926459f8a695c,google_play,com.google.android.youtube,YouTube,196f3af2-856a-459a-988e-ca740f4cbef8,Amir El azzali,https://play-lh.googleusercontent.com/a/ACg8ocIklcL3qRChidJBDBVI4XrxXnAoZeeW2iN5fCQodFz6gCZ8=mo,👍 nice,5,0,2026-07-07T21:09:58+00:00,,,18.42.36,2026-07-09T04:04:54.998644+00:00,phase2_day3_controlled_repeated_run_20260709_040118,"{""reviewId"": ""196f3af2-856a-459a-988e-ca740f4cbef8"", ""userName"": ""Amir El azzali"", ""userImage"": ""https://play-lh.googleusercontent.com/a/ACg8ocIklcL3qRChidJBDBVI4XrxXnAoZeeW2iN5fCQodFz6gCZ8=mo"", ""content"": ""👍 nice"", ""score"": 5, ""thumbsUpCount"": 0, ""reviewCreatedVersion"": ""18.42.36"", ""at"": ""2026-07-07T21:09:58+00:00"", ""replyContent"": null, ""repliedAt"": null, ""appVersion"": ""18.42.36""}"
365e441ebadf23957256cfe40b566bdb2eff10504abf400d48a50028c8ed7b48,google_play,com.instagram.android,Instagram,6b4a89f7-581e-49ca-99f5-2d0a799ceab6,King Zaidy,https://play-lh.googleusercontent.com/a/ACg8ocJIODeXRkBni16Gjuv2gi3b86eFVcR3XJokJfODtoXad2PyCg=mo,noice,3,0,2026-07-08T00:02:13+00:00,,,436.0.0.41.73,2026-07-09T04:05:03.895816+00:00,phase2_day3_controlled_repeated_run_20260709_040118,"{""reviewId"": ""6b4a89f7-581e-49ca-99f5-2d0a799ceab6"", ""userName"": ""King Zaidy"", ""userImage"": ""https://play-lh.googleusercontent.com/a/ACg8ocJIODeXRkBni16Gjuv2gi3b86eFVcR3XJokJfODtoXad2PyCg=mo"", ""content"": ""noice"", ""score"": 3, ""thumbsUpCount"": 0, ""reviewCreatedVersion"": ""436.0.0.41.73"", ""at"": ""2026-07-08T00:02:13+00:00"", ""replyContent"": null, ""repliedAt"": null, ""appVersion"": ""436.0.0.41.73""}"
7b4cc9ed8e623d440b2792fe529f685a808c432901ba04217fed655de7efd80d,google_play,com.google.android.youtube,YouTube,aaed2985-9a67-46d6-8f9e-750117022397,B&C,https://play-lh.googleusercontent.com/a/ACg8ocKNPXnNebTWuYsg_n7AlmEGFHi3M1myc1YrbXhVRbmDmzt75Ss=mo,it's just stupid to exit the full screen for an ad. it's annoying and adds a negative impact on the user experience,1,0,2026-07-07T13:06:35+00:00,,,21.26.364,2026-07-09T04:04:54.998644+00:00,phase2_day3_controlled_repeated_run_20260709_040118,"{""reviewId"": ""aaed2985-9a67-46d6-8f9e-750117022397"", ""userName"": ""B&C"", ""userImage"": ""https://play-lh.googleusercontent.com/a/ACg8ocKNPXnNebTWuYsg_n7AlmEGFHi3M1myc1YrbXhVRbmDmzt75Ss=mo"", ""content"": ""it's just stupid to exit the full screen for an ad. it's annoying and adds a negative impact on the user experience"", ""score"": 1, ""thumbsUpCount"": 0, ""reviewCreatedVersion"": ""21.26.364"", ""at"": ""2026-07-07T13:06:35+00:00"", ""replyContent"": null, ""repliedAt"": null, ""appVersion"": ""21.26.364""}"
38d683d82b58e7763e83ec66b9c0a61935595838ce7d8f9209cdfab25a2d710c,google_play,com.google.android.youtube,YouTube,ce4668ba-36a0-4880-81c6-f94b619c3361,J,https://play-lh.googleusercontent.com/a/ACg8ocKJeNB0QNQmZoXBih0oLhaS8WYfO14_FfBhpmoB3hhIcFx3kA=mo,"Neal has turned Youtube into a wannabe Tiktok stop doing that. first you removed dislikes from yt shorts, then you changed the like to a heart. stop.",1,0,2026-07-08T03:46:50+00:00,,,21.26.364,2026-07-09T04:04:54.998644+00:00,phase2_day3_controlled_repeated_run_20260709_040118,"{""reviewId"": ""ce4668ba-36a0-4880-81c6-f94b619c3361"", ""userName"": ""J"", ""userImage"": ""https://play-lh.googleusercontent.com/a/ACg8ocKJeNB0QNQmZoXBih0oLhaS8WYfO14_FfBhpmoB3hhIcFx3kA=mo"", ""content"": ""Neal has turned Youtube into a wannabe Tiktok stop doing that. first you removed dislikes from yt shorts, then you changed the like to a heart. stop."", ""score"": 1, ""thumbsUpCount"": 0, ""reviewCreatedVersion"": ""21.26.364"", ""at"": ""2026-07-08T03:46:50+00:00"", ""replyContent"": null, ""repliedAt"": null, ""appVersion"": ""21.26.364""}"
d3a15bf3632e293ecf927dbd6b594de9e558128faa1617eaec773c738e0114d5,google_play,com.instagram.android,Instagram,2c3328dd-650d-4f89-89a7-ee86a1b7d508,mariem remas,https://play-lh.googleusercontent.com/a/ACg8ocKDft0493ICo-KMAzKxqmdbHevhgDF0pTwwsj9-nmSIrxerEA=mo,"An excellent and very, very entertaining app.",5,0,2026-07-07T23:27:31+00:00,,,,2026-07-09T04:05:03.895816+00:00,phase2_day3_controlled_repeated_run_20260709_040118,"{""reviewId"": ""2c3328dd-650d-4f89-89a7-ee86a1b7d508"", ""userName"": ""mariem remas"", ""userImage"": ""https://play-lh.googleusercontent.com/a/ACg8ocKDft0493ICo-KMAzKxqmdbHevhgDF0pTwwsj9-nmSIrxerEA=mo"", ""content"": ""An excellent and very, very entertaining app."", ""score"": 5, ""thumbsUpCount"": 0, ""reviewCreatedVersion"": null, ""at"": ""2026-07-07T23:27:31+00:00"", ""replyContent"": null, ""repliedAt"": null, ""appVersion"": null}"
6affb9626cc6dd1e3899f837895fff0d42b35c0ba839f8878e9937c5b29a205c,google_play,com.instagram.android,Instagram,7b673681-9063-48ae-8be3-0b5f8efd28a5,YASH AGGARWAL,https://play-lh.googleusercontent.com/a-/ALV-UjUyOwlw5MFf3tvS0jQ0vcH0LTXPm5PYVHrRAtKFSnS3s8CIPdQ,New update late in my device i always update all apps but in Instagram it didn't see the major problem is when we enter correct password it said it is incorrect,3,0,2026-07-07T17:28:03+00:00,,,436.0.0.41.73,2026-07-09T04:05:03.895816+00:00,phase2_day3_controlled_repeated_run_20260709_040118,"{""reviewId"": ""7b673681-9063-48ae-8be3-0b5f8efd28a5"", ""userName"": ""YASH AGGARWAL"", ""userImage"": ""https://play-lh.googleusercontent.com/a-/ALV-UjUyOwlw5MFf3tvS0jQ0vcH0LTXPm5PYVHrRAtKFSnS3s8CIPdQ"", ""content"": ""New update late in my device i always update all apps but in Instagram it didn't see the major problem is when we enter correct password it said it is incorrect"", ""score"": 3, ""thumbsUpCount"": 0, ""reviewCreatedVersion"": ""436.0.0.41.73"", ""at"": ""2026-07-07T17:28:03+00:00"", ""replyContent"": null, ""repliedAt"": null, ""appVersion"": ""436.0.0.41.73""}"
cd7809afd7244c86bc1608c282ed23011cb641732e858d1ef61c0ae33ba66bda,google_play,com.duolingo,Duolingo,bd9fbddf-4704-46a3-8ae7-74875a36e76c,Tino Ndlovu,https://play-lh.googleusercontent.com/a/ACg8ocLYyCIGbmtUtcONakD5eqoEXLnuhb2mwN44XvpbeqGq1xad-w=mo,besttt😭😭❤️❤️,5,0,2026-07-07T15:51:38+00:00,,,6.86.5,2026-07-09T04:05:12.253563+00:00,phase2_day3_controlled_repeated_run_20260709_040118,"{""reviewId"": ""bd9fbddf-4704-46a3-8ae7-74875a36e76c"", ""userName"": ""Tino Ndlovu"", ""userImage"": ""https://play-lh.googleusercontent.com/a/ACg8ocLYyCIGbmtUtcONakD5eqoEXLnuhb2mwN44XvpbeqGq1xad-w=mo"", ""content"": ""besttt😭😭❤️❤️"", ""score"": 5, ""thumbsUpCount"": 0, ""reviewCreatedVersion"": ""6.86.5"", ""at"": ""2026-07-07T15:51:38+00:00"", ""replyContent"": null, ""repliedAt"": null, ""appVersion"": ""6.86.5""}"
7350e8b60423c187b10a78670cd5d7b2a863f698d4fb9969455ea422efad2719,google_play,com.google.android.youtube,YouTube,c8864505-11f3-458c-8263-a3a45b69dcf9,KUNAL KOHLI,https://play-lh.googleusercontent.com/a-/ALV-UjWDQOlruQVeLxKFRyCsPw4CFz8QBiRmKUUXFAZ8SwVWplrLGtZb,awesome platform for earning,5,1,2026-07-07T12:10:40+00:00,,,21.26.364,2026-07-09T04:04:54.998644+00:00,phase2_day3_controlled_repeated_run_20260709_040118,"{""reviewId"": ""c8864505-11f3-458c-8263-a3a45b69dcf9"", ""userName"": ""KUNAL KOHLI"", ""userImage"": ""https://play-lh.googleusercontent.com/a-/ALV-UjWDQOlruQVeLxKFRyCsPw4CFz8QBiRmKUUXFAZ8SwVWplrLGtZb"", ""content"": ""awesome platform for earning"", ""score"": 5, ""thumbsUpCount"": 1, ""reviewCreatedVersion"": ""21.26.364"", ""at"": ""2026-07-07T12:10:40+00:00"", ""replyContent"": null, ""repliedAt"": null, ""appVersion"": ""21.26.364""}"
5c1a36c25f46874b922e65cfebdb4e9526af51775df678bd629f59231e578193,google_play,com.google.android.youtube,YouTube,eb76feb4-e56b-4e65-b84a-15e3f637049d,latisha,https://play-lh.googleusercontent.com/a/ACg8ocIVqvLuquncUb78F33ECQ12lrBe6ECKbCn-hz9i1ZIF_O30cQ=mo,not bad 😊,5,1,2026-07-07T22:54:38+00:00,,,20.02.40,2026-07-09T04:04:54.998644+00:00,phase2_day3_controlled_repeated_run_20260709_040118,"{""reviewId"": ""eb76feb4-e56b-4e65-b84a-15e3f637049d"", ""userName"": ""latisha"", ""userImage"": ""https://play-lh.googleusercontent.com/a/ACg8ocIVqvLuquncUb78F33ECQ12lrBe6ECKbCn-hz9i1ZIF_O30cQ=mo"", ""content"": ""not bad 😊"", ""score"": 5, ""thumbsUpCount"": 1, ""reviewCreatedVersion"": ""20.02.40"", ""at"": ""2026-07-07T22:54:38+00:00"", ""replyContent"": null, ""repliedAt"": null, ""appVersion"": ""20.02.40""}"
688b29dddf29c0b0e4190b9651bb5fd33e50519642e5f360c764ad248400d0b4,google_play,com.google.android.youtube,YouTube,433996aa-b0cd-4712-bd2e-446299aaff55,Jitu Praha,https://play-lh.googleusercontent.com/a/ACg8ocJtgDO_Y8ZBrhoYR_VgdwWu12LPPjU3Z40tqEuFCYzkHrVbcA=mo,saruoop,5,0,2026-07-07T15:48:20+00:00,,,16.06.34,2026-07-09T04:04:54.998644+00:00,phase2_day3_controlled_repeated_run_20260709_040118,"{""reviewId"": ""433996aa-b0cd-4712-bd2e-446299aaff55"", ""userName"": ""Jitu Praha"", ""userImage"": ""https://play-lh.googleusercontent.com/a/ACg8ocJtgDO_Y8ZBrhoYR_VgdwWu12LPPjU3Z40tqEuFCYzkHrVbcA=mo"", ""content"": ""saruoop"", ""score"": 5, ""thumbsUpCount"": 0, ""reviewCreatedVersion"": ""16.06.34"", ""at"": ""2026-07-07T15:48:20+00:00"", ""replyContent"": null, ""repliedAt"": null, ""appVersion"": ""16.06.34""}"
5251c88c2dea7a7601dafca09cb871b0a4c0af36b1ed0946b204f99fbe0d132f,google_play,com.google.android.youtube,YouTube,4b76f35e-b28c-4b26-a12e-4cf4bb5636e7,Talha Ali,https://play-lh.googleusercontent.com/a/ACg8ocIyRCw875AXtrAv1JceXBNX_Qe-uax-c3Iriryp-G96YxhSwg=mo,Talh Ali,5,0,2026-07-07T18:44:01+00:00,,,18.49.36,2026-07-09T04:04:54.998644+00:00,phase2_day3_controlled_repeated_run_20260709_040118,"{""reviewId"": ""4b76f35e-b28c-4b26-a12e-4cf4bb5636e7"", ""userName"": ""Talha Ali"", ""userImage"": ""https://play-lh.googleusercontent.com/a/ACg8ocIyRCw875AXtrAv1JceXBNX_Qe-uax-c3Iriryp-G96YxhSwg=mo"", ""content"": ""Talh Ali"", ""score"": 5, ""thumbsUpCount"": 0, ""reviewCreatedVersion"": ""18.49.36"", ""at"": ""2026-07-07T18:44:01+00:00"", ""replyContent"": null, ""repliedAt"": null, ""appVersion"": ""18.49.36""}"
f780924dd3cff716a54544bb0827f3275d7bfcfe3ef3a4224490c17eeb2f7940,google_play,com.zhiliaoapp.musically,TikTok,0d0710ca-4550-4ee0-949c-ba44ab3da477,Bruce Lee Suliman,https://play-lh.googleusercontent.com/a-/ALV-UjWygfSgkkknjGejXXXaFjBAJ5A2TbPj7x26OIQDZmlJqnBX1Kov,i like titok very much thanks,5,0,2026-07-07T17:03:16+00:00,Hi! Thanks for taking the time to share your feedback. Your support is greatly appreciated.,2026-07-07T17:20:13+00:00,45.9.3,2026-07-09T04:04:58.240590+00:00,phase2_day3_controlled_repeated_run_20260709_040118,"{""reviewId"": ""0d0710ca-4550-4ee0-949c-ba44ab3da477"", ""userName"": ""Bruce Lee Suliman"", ""userImage"": ""https://play-lh.googleusercontent.com/a-/ALV-UjWygfSgkkknjGejXXXaFjBAJ5A2TbPj7x26OIQDZmlJqnBX1Kov"", ""content"": ""i like titok very much thanks"", ""score"": 5, ""thumbsUpCount"": 0, ""reviewCreatedVersion"": ""45.9.3"", ""at"": ""2026-07-07T17:03:16+00:00"", ""replyContent"": ""Hi! Thanks for taking the time to share your feedback. Your support is greatly appreciated."", ""repliedAt"": ""2026-07-07T17:20:13+00:00"", ""appVersion"": ""45.9.3""}"
86a8575c54f9041a19e328591c114b6ab4506134818d407e241644ed713d5835,google_play,com.ubercab,Uber,9d667b36-0b02-4015-af95-1e4d87ae43a6,Sushmitha M,https://play-lh.googleusercontent.com/a/ACg8ocJVW3uBe4sQNjJ79th1KekzVtGTL9rY0P_LRMEog9B4p9RZ=mo,"The fare shown at the time of booking was different from the amount charged after the trip. There was no clear explanation for the price increase. This is confusing and disappointing. Please ensure the final fare matches the quoted price or clearly explain any changes before charging customers,it's better if fix this issue",1,0,2026-07-07T08:34:13+00:00,,,,2026-07-09T04:05:06.825330+00:00,phase2_day3_controlled_repeated_run_20260709_040118,"{""reviewId"": ""9d667b36-0b02-4015-af95-1e4d87ae43a6"", ""userName"": ""Sushmitha M"", ""userImage"": ""https://play-lh.googleusercontent.com/a/ACg8ocJVW3uBe4sQNjJ79th1KekzVtGTL9rY0P_LRMEog9B4p9RZ=mo"", ""content"": ""The fare shown at the time of booking was different from the amount charged after the trip. There was no clear explanation for the price increase. This is confusing and disappointing. Please ensure the final fare matches the quoted price or clearly explain any changes before charging customers,it's better if fix this issue"", ""score"": 1, ""thumbsUpCount"": 0, ""reviewCreatedVersion"": null, ""at"": ""2026-07-07T08:34:13+00:00"", ""replyContent"": null, ""repliedAt"": null, ""appVersion"": null}"
44589f3e4fcd6aa92bb82662823d2199652c6f711ce7da1c2ea592092772a5e1,google_play,com.spotify.music,Spotify,9f184feb-3985-44b5-83bc-0a05976d1ff1,2Jav,https://play-lh.googleusercontent.com/a/ACg8ocJQ7gAjcACz_-3o_yH_NwOwD9xtSYY4ODldSxZMLKiuzVxDp0A=mo,"My go to App for music streaming, huge data collection. works smoothly. App Layout is seamless",5,0,2026-07-08T03:54:31+00:00,,,9.1.62.1601,2026-07-09T04:05:01.081677+00:00,phase2_day3_controlled_repeated_run_20260709_040118,"{""reviewId"": ""9f184feb-3985-44b5-83bc-0a05976d1ff1"", ""userName"": ""2Jav"", ""userImage"": ""https://play-lh.googleusercontent.com/a/ACg8ocJQ7gAjcACz_-3o_yH_NwOwD9xtSYY4ODldSxZMLKiuzVxDp0A=mo"", ""content"": ""My go to App for music streaming, huge data collection. works smoothly. App Layout is seamless"", ""score"": 5, ""thumbsUpCount"": 0, ""reviewCreatedVersion"": ""9.1.62.1601"", ""at"": ""2026-07-08T03:54:31+00:00"", ""replyContent"": null, ""repliedAt"": null, ""appVersion"": ""9.1.62.1601""}"
78ddc4d9a43cef44c63a7c9585a13617762da63710eb95e2d92f90695b1aa481,google_play,com.google.android.youtube,YouTube,718f640b-aea6-41c6-a791-209eb409d4c6,Vijay garg,https://play-lh.googleusercontent.com/a/ACg8ocLAU4SL8-mbJSpjYthRLgKR3oYDdPK6-ipYrmcv6Cv2zLgtEg=mo,bahut achcha hai bhai,3,0,2026-07-08T02:59:53+00:00,,,21.26.364-SECONDARY,2026-07-09T04:04:54.998644+00:00,phase2_day3_controlled_repeated_run_20260709_040118,"{""reviewId"": ""718f640b-aea6-41c6-a791-209eb409d4c6"", ""userName"": ""Vijay garg"", ""userImage"": ""https://play-lh.googleusercontent.com/a/ACg8ocLAU4SL8-mbJSpjYthRLgKR3oYDdPK6-ipYrmcv6Cv2zLgtEg=mo"", ""content"": ""bahut achcha hai bhai"", ""score"": 3, ""thumbsUpCount"": 0, ""reviewCreatedVersion"": ""21.26.364-SECONDARY"", ""at"": ""2026-07-08T02:59:53+00:00"", ""replyContent"": null, ""repliedAt"": null, ""appVersion"": ""21.26.364-SECONDARY""}"
f6d303fe531819a2ca5e8c937febcd7b73c0772e794963753e27f907736e0f46,google_play,com.google.android.youtube,YouTube,7817cb16-9d82-49a2-a1d6-5e663f63a706,Nadinda Nadinda,https://play-lh.googleusercontent.com/a/ACg8ocL_GL3cg7gnR4YCJch9QMEjZVvKx3nYCLdOIAXKgv4be-tJug=mo,"Kenapa setiap kali liat video di youtube selalu saja ngelag sih, tolong di perbaiki",1,0,2026-07-08T02:15:50+00:00,,,20.26.40,2026-07-09T04:04:54.998644+00:00,phase2_day3_controlled_repeated_run_20260709_040118,"{""reviewId"": ""7817cb16-9d82-49a2-a1d6-5e663f63a706"", ""userName"": ""Nadinda Nadinda"", ""userImage"": ""https://play-lh.googleusercontent.com/a/ACg8ocL_GL3cg7gnR4YCJch9QMEjZVvKx3nYCLdOIAXKgv4be-tJug=mo"", ""content"": ""Kenapa setiap kali liat video di youtube selalu saja ngelag sih, tolong di perbaiki"", ""score"": 1, ""thumbsUpCount"": 0, ""reviewCreatedVersion"": ""20.26.40"", ""at"": ""2026-07-08T02:15:50+00:00"", ""replyContent"": null, ""repliedAt"": null, ""appVersion"": ""20.26.40""}"
74a4f285bbf4d8038acda1134eb2a4380a97c05a33f132ff19abca03f0cc731c,google_play,com.google.android.youtube,YouTube,7abbe8fb-b233-4e4d-93b6-d39d8d9564f6,Abner Velasquez,https://play-lh.googleusercontent.com/a/ACg8ocJgeeBBRH4Lopni6V6kSO2NCQzir_QufFC2ihU-q8Pdw1nR4g=mo,"I pay YouTube premium for the feature where u can listen to music with the screen off, now everytime I turn the screen off it stops playing and I have to click on the video again!!",1,0,2026-07-07T19:56:25+00:00,,,21.25.529,2026-07-09T04:04:54.998644+00:00,phase2_day3_controlled_repeated_run_20260709_040118,"{""reviewId"": ""7abbe8fb-b233-4e4d-93b6-d39d8d9564f6"", ""userName"": ""Abner Velasquez"", ""userImage"": ""https://play-lh.googleusercontent.com/a/ACg8ocJgeeBBRH4Lopni6V6kSO2NCQzir_QufFC2ihU-q8Pdw1nR4g=mo"", ""content"": ""I pay YouTube premium for the feature where u can listen to music with the screen off, now everytime I turn the screen off it stops playing and I have to click on the video again!!"", ""score"": 1, ""thumbsUpCount"": 0, ""reviewCreatedVersion"": ""21.25.529"", ""at"": ""2026-07-07T19:56:25+00:00"", ""replyContent"": null, ""repliedAt"": null, ""appVersion"": ""21.25.529""}"
7d6adbb35528fb77655cf6f794644e2e5c7c2041a2f666fe8e0c93bde85b1e14,google_play,com.zhiliaoapp.musically,TikTok,719ed00c-f008-4bdc-ba76-e6b1e56427b1,Jason Denton,https://play-lh.googleusercontent.com/a/ACg8ocJLRTTWJF0BhZ-mHQ7kbn19_Pkj4fATpSIETKy7N-yKTiQchA=mo,too many breathing adds of it,1,0,2026-07-07T17:21:54+00:00,,,,2026-07-09T04:04:58.240590+00:00,phase2_day3_controlled_repeated_run_20260709_040118,"{""reviewId"": ""719ed00c-f008-4bdc-ba76-e6b1e56427b1"", ""userName"": ""Jason Denton"", ""userImage"": ""https://play-lh.googleusercontent.com/a/ACg8ocJLRTTWJF0BhZ-mHQ7kbn19_Pkj4fATpSIETKy7N-yKTiQchA=mo"", ""content"": ""too many breathing adds of it"", ""score"": 1, ""thumbsUpCount"": 0, ""reviewCreatedVersion"": null, ""at"": ""2026-07-07T17:21:54+00:00"", ""replyContent"": null, ""repliedAt"": null, ""appVersion"": null}"
50cbf442991ad7526d2823edd6872f26909c50a8251a5f8f1e5bf65816ef2ce0,google_play,com.google.android.youtube,YouTube,8500405a-969e-4b42-b19b-d0fc03e03251,Carlos Gonzalez,https://play-lh.googleusercontent.com/a/ACg8ocKN4keHUVxglImpgheld3aUmzk7GPUTFbWm4QAKB1T7MK31xg=mo,vwG a. ag qa,1,0,2026-07-07T18:38:44+00:00,,,21.26.364,2026-07-09T04:04:54.998644+00:00,phase2_day3_controlled_repeated_run_20260709_040118,"{""reviewId"": ""8500405a-969e-4b42-b19b-d0fc03e03251"", ""userName"": ""Carlos Gonzalez"", ""userImage"": ""https://play-lh.googleusercontent.com/a/ACg8ocKN4keHUVxglImpgheld3aUmzk7GPUTFbWm4QAKB1T7MK31xg=mo"", ""content"": ""vwG a. ag qa"", ""score"": 1, ""thumbsUpCount"": 0, ""reviewCreatedVersion"": ""21.26.364"", ""at"": ""2026-07-07T18:38:44+00:00"", ""replyContent"": null, ""repliedAt"": null, ""appVersion"": ""21.26.364""}"
a44da57771b9f621ccdcb4d76f60f87b0ef03dc727a7c9d29adc7f2a3943e6bd,google_play,com.google.android.youtube,YouTube,f053b7c2-e25b-47cd-94ec-44025fbc1404,molvie farooq,https://play-lh.googleusercontent.com/a/ACg8ocLwk4sCLvZQ44ACMYGuQgvX1kLh9hF2JC6Q3Or3WWPG_9sXNg=mo,Bad,2,0,2026-07-07T20:36:00+00:00,,,5.7.41,2026-07-09T04:04:54.998644+00:00,phase2_day3_controlled_repeated_run_20260709_040118,"{""reviewId"": ""f053b7c2-e25b-47cd-94ec-44025fbc1404"", ""userName"": ""molvie farooq"", ""userImage"": ""https://play-lh.googleusercontent.com/a/ACg8ocLwk4sCLvZQ44ACMYGuQgvX1kLh9hF2JC6Q3Or3WWPG_9sXNg=mo"", ""content"": ""Bad"", ""score"": 2, ""thumbsUpCount"": 0, ""reviewCreatedVersion"": ""5.7.41"", ""at"": ""2026-07-07T20:36:00+00:00"", ""replyContent"": null, ""repliedAt"": null, ""appVersion"": ""5.7.41""}"
bbcf4808f82998cfaadbac699b5c50551fe5030dd94040bacf2b4e690de16ce5,google_play,com.instagram.android,Instagram,03a71b8e-88c7-4291-9047-587433dbda28,Niruta Biswakarma,https://play-lh.googleusercontent.com/a/ACg8ocKn6_FrxfK6K2P6KX4j1qcSH2OrTSuLAWsTDNBq71P3SCXwKQ=mo,wowwww,5,0,2026-07-07T15:38:27+00:00,,,436.0.0.41.73,2026-07-09T04:05:03.895816+00:00,phase2_day3_controlled_repeated_run_20260709_040118,"{""reviewId"": ""03a71b8e-88c7-4291-9047-587433dbda28"", ""userName"": ""Niruta Biswakarma"", ""userImage"": ""https://play-lh.googleusercontent.com/a/ACg8ocKn6_FrxfK6K2P6KX4j1qcSH2OrTSuLAWsTDNBq71P3SCXwKQ=mo"", ""content"": ""wowwww"", ""score"": 5, ""thumbsUpCount"": 0, ""reviewCreatedVersion"": ""436.0.0.41.73"", ""at"": ""2026-07-07T15:38:27+00:00"", ""replyContent"": null, ""repliedAt"": null, ""appVersion"": ""436.0.0.41.73""}"
69f9f61a69abf6b05556aeb8800d3e62bfedffc5a3d7411efd9dcf6c8dec0252,google_play,com.spotify.music,Spotify,7322ac0c-0b5c-43ae-9b70-dcdc5c6fdd46,huzaif khan,https://play-lh.googleusercontent.com/a-/ALV-UjVox1B-lOBo89xcVc5ikXHojT0o3n7QoTTQXq0WGE-fsVpSPO4F,forcing to take membership and getting random promotion by random people as ad,1,0,2026-07-07T17:52:17+00:00,,,9.1.62.1601,2026-07-09T04:05:01.081677+00:00,phase2_day3_controlled_repeated_run_20260709_040118,"{""reviewId"": ""7322ac0c-0b5c-43ae-9b70-dcdc5c6fdd46"", ""userName"": ""huzaif khan"", ""userImage"": ""https://play-lh.googleusercontent.com/a-/ALV-UjVox1B-lOBo89xcVc5ikXHojT0o3n7QoTTQXq0WGE-fsVpSPO4F"", ""content"": ""forcing to take membership and getting random promotion by random people as ad"", ""score"": 1, ""thumbsUpCount"": 0, ""reviewCreatedVersion"": ""9.1.62.1601"", ""at"": ""2026-07-07T17:52:17+00:00"", ""replyContent"": null, ""repliedAt"": null, ""appVersion"": ""9.1.62.1601""}"
cc24b10b17a459edac197e480938f0f71837f99c8a49bd7e92c219bc3f4e31e8,google_play,com.zhiliaoapp.musically,TikTok,733bff99-b295-4e6b-a03f-a8816506a808,Kashif Kashi,https://play-lh.googleusercontent.com/a/ACg8ocKXc4lcAbUuoU_seHivTtZvwLIpY7CVeISZwNZ1kZ2MUrWpjg=mo,I like tiktok,5,0,2026-07-07T15:59:51+00:00,Hi! Thanks for taking the time to share your feedback. Your support is greatly appreciated.,2026-07-07T16:20:11+00:00,,2026-07-09T04:04:58.240590+00:00,phase2_day3_controlled_repeated_run_20260709_040118,"{""reviewId"": ""733bff99-b295-4e6b-a03f-a8816506a808"", ""userName"": ""Kashif Kashi"", ""userImage"": ""https://play-lh.googleusercontent.com/a/ACg8ocKXc4lcAbUuoU_seHivTtZvwLIpY7CVeISZwNZ1kZ2MUrWpjg=mo"", ""content"": ""I like tiktok"", ""score"": 5, ""thumbsUpCount"": 0, ""reviewCreatedVersion"": null, ""at"": ""2026-07-07T15:59:51+00:00"", ""replyContent"": ""Hi! Thanks for taking the time to share your feedback. Your support is greatly appreciated."", ""repliedAt"": ""2026-07-07T16:20:11+00:00"", ""appVersion"": null}"
69588af0f61f7a9a71539004b695c66c9e55ead3d7170e0ad4f56bf8fbcad823,google_play,com.instagram.android,Instagram,b983ed7c-de2c-4e0e-93e2-e32a210249e1,Mashooq Khan,https://play-lh.googleusercontent.com/a/ACg8ocJ5cIiA_A5LMTQZWMBvIbjz-e07y4Kpg8vXpYDniLZkjktd6Q=mo,nice app,5,0,2026-07-07T15:16:20+00:00,,,,2026-07-09T04:05:03.895816+00:00,phase2_day3_controlled_repeated_run_20260709_040118,"{""reviewId"": ""b983ed7c-de2c-4e0e-93e2-e32a210249e1"", ""userName"": ""Mashooq Khan"", ""userImage"": ""https://play-lh.googleusercontent.com/a/ACg8ocJ5cIiA_A5LMTQZWMBvIbjz-e07y4Kpg8vXpYDniLZkjktd6Q=mo"", ""content"": ""nice app"", ""score"": 5, ""thumbsUpCount"": 0, ""reviewCreatedVersion"": null, ""at"": ""2026-07-07T15:16:20+00:00"", ""replyContent"": null, ""repliedAt"": null, ""appVersion"": null}"
8dfb2bc6ed4b6938505ca267491aa54c358c1f8a97c03fa31a099dd869b71888,google_play,com.spotify.music,Spotify,63873be0-c55a-4014-ac79-5d117a5c2b87,Priya Darshini,https://play-lh.googleusercontent.com/a-/ALV-UjUx4Hqh-cz8Fbc6NadcEHwrpibRs1aZAVIwHnXr_Mfnnd6KZiqZ,very good experience,5,0,2026-07-07T12:51:38+00:00,,,,2026-07-09T04:05:01.081677+00:00,phase2_day3_controlled_repeated_run_20260709_040118,"{""reviewId"": ""63873be0-c55a-4014-ac79-5d117a5c2b87"", ""userName"": ""Priya Darshini"", ""userImage"": ""https://play-lh.googleusercontent.com/a-/ALV-UjUx4Hqh-cz8Fbc6NadcEHwrpibRs1aZAVIwHnXr_Mfnnd6KZiqZ"", ""content"": ""very good experience"", ""score"": 5, ""thumbsUpCount"": 0, ""reviewCreatedVersion"": null, ""at"": ""2026-07-07T12:51:38+00:00"", ""replyContent"": null, ""repliedAt"": null, ""appVersion"": null}"
23c4196d10f25b7334e44cdaafa5760abb6d7cc6473111dac39f902d5b4ced4d,google_play,com.instagram.android,Instagram,98a8cd5e-ff7d-4d22-8373-ed4ca21653d7,Jhon Bengia,https://play-lh.googleusercontent.com/a/ACg8ocKRRf-Jy4HbzpMavBWQkA45T1L_oRFYRDikRn2WgE3VoejCXQ=mo,continuosly suspending my account even i didn't do anything wrong why is that sooo lol yar very worst experience with this app I don't even want to give this app single star,1,0,2026-07-07T15:18:53+00:00,,,436.0.0.41.73,2026-07-09T04:05:03.895816+00:00,phase2_day3_controlled_repeated_run_20260709_040118,"{""reviewId"": ""98a8cd5e-ff7d-4d22-8373-ed4ca21653d7"", ""userName"": ""Jhon Bengia"", ""userImage"": ""https://play-lh.googleusercontent.com/a/ACg8ocKRRf-Jy4HbzpMavBWQkA45T1L_oRFYRDikRn2WgE3VoejCXQ=mo"", ""content"": ""continuosly suspending my account even i didn't do anything wrong why is that sooo lol yar very worst experience with this app I don't even want to give this app single star"", ""score"": 1, ""thumbsUpCount"": 0, ""reviewCreatedVersion"": ""436.0.0.41.73"", ""at"": ""2026-07-07T15:18:53+00:00"", ""replyContent"": null, ""repliedAt"": null, ""appVersion"": ""436.0.0.41.73""}"
8ea6c88dd79d021b9d5ef695f462c55cc1c280ce9b1a22f5edf4259325b77c06,google_play,com.spotify.music,Spotify,9995df8a-4483-4caa-b7fd-05827234bdec,Anirudh,https://play-lh.googleusercontent.com/a-/ALV-UjUTVJPdHCvQCSk3ypDjTcZ5Ptd-uemD6me1JiEAqa2a2fszzIks,❣️❣️❣️,5,0,2026-07-07T16:29:01+00:00,,,9.1.60.1970,2026-07-09T04:05:01.081677+00:00,phase2_day3_controlled_repeated_run_20260709_040118,"{""reviewId"": ""9995df8a-4483-4caa-b7fd-05827234bdec"", ""userName"": ""Anirudh"", ""userImage"": ""https://play-lh.googleusercontent.com/a-/ALV-UjUTVJPdHCvQCSk3ypDjTcZ5Ptd-uemD6me1JiEAqa2a2fszzIks"", ""content"": ""❣️❣️❣️"", ""score"": 5, ""thumbsUpCount"": 0, ""reviewCreatedVersion"": ""9.1.60.1970"", ""at"": ""2026-07-07T16:29:01+00:00"", ""replyContent"": null, ""repliedAt"": null, ""appVersion"": ""9.1.60.1970""}"
37ed6d4d44619286f1c570140974f0c4b1115d16f55033c2e903fbdb8dcdfafe,google_play,com.instagram.android,Instagram,790a5914-9629-466a-bd9b-ca996609a436,Joya Sree Boysnob,https://play-lh.googleusercontent.com/a/ACg8ocKsBP4-bguzSPVXyG0JfqAcYwjKpKS4B8_zxdiQkVbGozb3IA=mo,just wow,5,1,2026-07-07T19:12:58+00:00,,,,2026-07-09T04:05:03.895816+00:00,phase2_day3_controlled_repeated_run_20260709_040118,"{""reviewId"": ""790a5914-9629-466a-bd9b-ca996609a436"", ""userName"": ""Joya Sree Boysnob"", ""userImage"": ""https://play-lh.googleusercontent.com/a/ACg8ocKsBP4-bguzSPVXyG0JfqAcYwjKpKS4B8_zxdiQkVbGozb3IA=mo"", ""content"": ""just wow"", ""score"": 5, ""thumbsUpCount"": 1, ""reviewCreatedVersion"": null, ""at"": ""2026-07-07T19:12:58+00:00"", ""replyContent"": null, ""repliedAt"": null, ""appVersion"": null}"
ab1ee9d629adb5d911e75580b4fc9bb50c04e3ef55fc67fe0a424994bcaa927d,google_play,com.ubercab,Uber,36f21d48-4784-419a-9924-a97e4a35e92e,Vipu Munda,https://play-lh.googleusercontent.com/a-/ALV-UjUT9UzW-1clKgVZV7CDEGTCnBASAcoppgs9rA5C5f4ikmn11pfl,very excellent experience,5,0,2026-07-07T04:57:03+00:00,,,4.634.10003,2026-07-09T04:05:06.825330+00:00,phase2_day3_controlled_repeated_run_20260709_040118,"{""reviewId"": ""36f21d48-4784-419a-9924-a97e4a35e92e"", ""userName"": ""Vipu Munda"", ""userImage"": ""https://play-lh.googleusercontent.com/a-/ALV-UjUT9UzW-1clKgVZV7CDEGTCnBASAcoppgs9rA5C5f4ikmn11pfl"", ""content"": ""very excellent experience"", ""score"": 5, ""thumbsUpCount"": 0, ""reviewCreatedVersion"": ""4.634.10003"", ""at"": ""2026-07-07T04:57:03+00:00"", ""replyContent"": null, ""repliedAt"": null, ""appVersion"": ""4.634.10003""}"
6ae627fcb6b47622fe2e84b76bf8bb92b65cc0a8ef9e37ce7cb9a658d5cba301,google_play,com.duolingo,Duolingo,9024574f-b68e-4baf-949a-5a7cd43b2eb5,Aiman Aiman,https://play-lh.googleusercontent.com/a/ACg8ocIRe8PVbtIiFv6zXkBL0IX43l5RUu_hIXU-4pWhJ-XlOObOEQ=mo,it's help me to learn languages,4,0,2026-07-07T06:59:32+00:00,,,6.86.5,2026-07-09T04:05:12.253563+00:00,phase2_day3_controlled_repeated_run_20260709_040118,"{""reviewId"": ""9024574f-b68e-4baf-949a-5a7cd43b2eb5"", ""userName"": ""Aiman Aiman"", ""userImage"": ""https://play-lh.googleusercontent.com/a/ACg8ocIRe8PVbtIiFv6zXkBL0IX43l5RUu_hIXU-4pWhJ-XlOObOEQ=mo"", ""content"": ""it's help me to learn languages"", ""score"": 4, ""thumbsUpCount"": 0, ""reviewCreatedVersion"": ""6.86.5"", ""at"": ""2026-07-07T06:59:32+00:00"", ""replyContent"": null, ""repliedAt"": null, ""appVersion"": ""6.86.5""}"
bb14ff4d17827c1f8e643fdca5bbe71e9c04ab82b2d590eac944fada46549eef,google_play,com.zhiliaoapp.musically,TikTok,3cb26a71-eadc-4748-aca7-06f40f5698d7,Raheel Lakho,https://play-lh.googleusercontent.com/a/ACg8ocLreuxOtYVnrnJ0BnIrt-xDFBtgA6KbUcEOYaO2ltWZOQPZ=mo,"I met the valuable persons on TikTok those are my friends 😀 we are far from one an other but we are happy 😊, Inshallah we will meet in real life 😇",5,0,2026-07-07T16:34:42+00:00,Hi! Thanks for taking the time to share your feedback. Your support is greatly appreciated.,2026-07-07T17:00:11+00:00,,2026-07-09T04:04:58.240590+00:00,phase2_day3_controlled_repeated_run_20260709_040118,"{""reviewId"": ""3cb26a71-eadc-4748-aca7-06f40f5698d7"", ""userName"": ""Raheel Lakho"", ""userImage"": ""https://play-lh.googleusercontent.com/a/ACg8ocLreuxOtYVnrnJ0BnIrt-xDFBtgA6KbUcEOYaO2ltWZOQPZ=mo"", ""content"": ""I met the valuable persons on TikTok those are my friends 😀 we are far from one an other but we are happy 😊, Inshallah we will meet in real life 😇"", ""score"": 5, ""thumbsUpCount"": 0, ""reviewCreatedVersion"": null, ""at"": ""2026-07-07T16:34:42+00:00"", ""replyContent"": ""Hi! Thanks for taking the time to share your feedback. Your support is greatly appreciated."", ""repliedAt"": ""2026-07-07T17:00:11+00:00"", ""appVersion"": null}"
bdbe92885664ac1d9e8301f248d30b43451eff14f7b4d2b590d8e965a2486a00,google_play,com.zhiliaoapp.musically,TikTok,e266a488-e7ed-40ab-8088-fafc137166bb,Mim Akter,https://play-lh.googleusercontent.com/a/ACg8ocIEJ8zQTd2kQYtxJV8AxOTBuAn8wXUnFhanP4Ru5QGShfz3EQ=mo,mim ekter,5,0,2026-07-07T08:18:54+00:00,Hi! Thanks for taking the time to share your feedback. Your support is greatly appreciated.,2026-07-07T08:40:10+00:00,,2026-07-09T04:04:58.240590+00:00,phase2_day3_controlled_repeated_run_20260709_040118,"{""reviewId"": ""e266a488-e7ed-40ab-8088-fafc137166bb"", ""userName"": ""Mim Akter"", ""userImage"": ""https://play-lh.googleusercontent.com/a/ACg8ocIEJ8zQTd2kQYtxJV8AxOTBuAn8wXUnFhanP4Ru5QGShfz3EQ=mo"", ""content"": ""mim ekter"", ""score"": 5, ""thumbsUpCount"": 0, ""reviewCreatedVersion"": null, ""at"": ""2026-07-07T08:18:54+00:00"", ""replyContent"": ""Hi! Thanks for taking the time to share your feedback. Your support is greatly appreciated."", ""repliedAt"": ""2026-07-07T08:40:10+00:00"", ""appVersion"": null}"
8f6870cc7a05923341819139669bf99a63cb2ddc01322b4bf593c68a016ece73,google_play,com.google.android.youtube,YouTube,9a762c76-f246-4789-8e19-66e756681152,Eishuuu 860,https://play-lh.googleusercontent.com/a/ACg8ocLaeX0_CkqYKKgGgHzX6mfd7oTX4p3fPpOPYJmvK2zyr4HYNA=mo,"youtube is very best platform to internment,and this is very best results,",5,0,2026-07-08T01:41:17+00:00,,,13.07.55,2026-07-09T04:04:54.998644+00:00,phase2_day3_controlled_repeated_run_20260709_040118,"{""reviewId"": ""9a762c76-f246-4789-8e19-66e756681152"", ""userName"": ""Eishuuu 860"", ""userImage"": ""https://play-lh.googleusercontent.com/a/ACg8ocLaeX0_CkqYKKgGgHzX6mfd7oTX4p3fPpOPYJmvK2zyr4HYNA=mo"", ""content"": ""youtube is very best platform to internment,and this is very best results,"", ""score"": 5, ""thumbsUpCount"": 0, ""reviewCreatedVersion"": ""13.07.55"", ""at"": ""2026-07-08T01:41:17+00:00"", ""replyContent"": null, ""repliedAt"": null, ""appVersion"": ""13.07.55""}"
c936d1f261f917c2debdc159420455e48643b0888768c65ee87be44494ce3631,google_play,com.instagram.android,Instagram,a8f2ecce-61c9-4e7f-a07b-ab3e13b0ae8d,Two Tab,https://play-lh.googleusercontent.com/a/ACg8ocLlvcnbVeCOl_JcoDt6BHAEUde_c1qV6r5Af3aZ70HT5T4zjg=mo,very poor sequrity why you ban my account why what your problem you know what about my id,1,0,2026-07-07T18:20:23+00:00,,,,2026-07-09T04:05:03.895816+00:00,phase2_day3_controlled_repeated_run_20260709_040118,"{""reviewId"": ""a8f2ecce-61c9-4e7f-a07b-ab3e13b0ae8d"", ""userName"": ""Two Tab"", ""userImage"": ""https://play-lh.googleusercontent.com/a/ACg8ocLlvcnbVeCOl_JcoDt6BHAEUde_c1qV6r5Af3aZ70HT5T4zjg=mo"", ""content"": ""very poor sequrity why you ban my account why what your problem you know what about my id"", ""score"": 1, ""thumbsUpCount"": 0, ""reviewCreatedVersion"": null, ""at"": ""2026-07-07T18:20:23+00:00"", ""replyContent"": null, ""repliedAt"": null, ""appVersion"": null}"
5ce3c0c8f394230b27425bf2e9e9d2b5db9b3afe99e1ba1a6a4378a3b8279e72,google_play,com.spotify.music,Spotify,5e6f5de4-c917-4e5e-801a-1b42ecf04f1f,Regie Rei Reyes,https://play-lh.googleusercontent.com/a-/ALV-UjUfdND_2HoDh2cJ0df335hKlkD-JZnBrizZHX6MitBR4Q8LjEk,I LOVE MY MUSIC TASTE.,5,0,2026-07-07T09:38:57+00:00,,,9.1.62.1601,2026-07-09T04:05:01.081677+00:00,phase2_day3_controlled_repeated_run_20260709_040118,"{""reviewId"": ""5e6f5de4-c917-4e5e-801a-1b42ecf04f1f"", ""userName"": ""Regie Rei Reyes"", ""userImage"": ""https://play-lh.googleusercontent.com/a-/ALV-UjUfdND_2HoDh2cJ0df335hKlkD-JZnBrizZHX6MitBR4Q8LjEk"", ""content"": ""I LOVE MY MUSIC TASTE."", ""score"": 5, ""thumbsUpCount"": 0, ""reviewCreatedVersion"": ""9.1.62.1601"", ""at"": ""2026-07-07T09:38:57+00:00"", ""replyContent"": null, ""repliedAt"": null, ""appVersion"": ""9.1.62.1601""}"
2efd82f6a0fd3f79f34fcc0d31f6cb78ad08739460388c61b326519e096b3b78,google_play,com.reddit.frontpage,Reddit,1038d669-c22b-4b97-bd3e-50e30b740ad5,Katie kline,https://play-lh.googleusercontent.com/a/ACg8ocIYVWSowh8O2Uwqvt3ZgvJi2l9A6GgwtKhtIhit3yGWbfTLEQ=mo,forces this stupid pop up to tell me to download the app 😒 just let me read the damn post! I cant keep reading cause of your stupid freaking app advertising 🤬,1,1,2026-07-07T19:23:22+00:00,,,2026.11.0,2026-07-09T04:05:21.650566+00:00,phase2_day3_controlled_repeated_run_20260709_040118,"{""reviewId"": ""1038d669-c22b-4b97-bd3e-50e30b740ad5"", ""userName"": ""Katie kline"", ""userImage"": ""https://play-lh.googleusercontent.com/a/ACg8ocIYVWSowh8O2Uwqvt3ZgvJi2l9A6GgwtKhtIhit3yGWbfTLEQ=mo"", ""content"": ""forces this stupid pop up to tell me to download the app 😒 just let me read the damn post! I cant keep reading cause of your stupid freaking app advertising 🤬"", ""score"": 1, ""thumbsUpCount"": 1, ""reviewCreatedVersion"": ""2026.11.0"", ""at"": ""2026-07-07T19:23:22+00:00"", ""replyContent"": null, ""repliedAt"": null, ""appVersion"": ""2026.11.0""}"
62d5e695b190d904903df46241fb46ecdee74b00b1c0c04aa9848ea9473b763a,google_play,com.google.android.youtube,YouTube,59993bb1-f8ac-465e-8443-18d18c4d1167,MD RUBEL,https://play-lh.googleusercontent.com/a-/ALV-UjXamcmmcr0ccutPuVIbKcPGpAkIwjflqaX-mlQrLAJsCndXGlQn,nice,5,1,2026-07-07T10:42:04+00:00,,,20.51.39,2026-07-09T04:04:54.998644+00:00,phase2_day3_controlled_repeated_run_20260709_040118,"{""reviewId"": ""59993bb1-f8ac-465e-8443-18d18c4d1167"", ""userName"": ""MD RUBEL"", ""userImage"": ""https://play-lh.googleusercontent.com/a-/ALV-UjXamcmmcr0ccutPuVIbKcPGpAkIwjflqaX-mlQrLAJsCndXGlQn"", ""content"": ""nice"", ""score"": 5, ""thumbsUpCount"": 1, ""reviewCreatedVersion"": ""20.51.39"", ""at"": ""2026-07-07T10:42:04+00:00"", ""replyContent"": null, ""repliedAt"": null, ""appVersion"": ""20.51.39""}"
cbd1d622b16b7eb97a9cd75ba24490b40471ef3a631c86f7e177d30542d16e69,google_play,com.ubercab,Uber,0f6970ab-cef3-4714-9231-933799551b6b,Mohammed khamar Pasha,https://play-lh.googleusercontent.com/a-/ALV-UjXbIK9ukFI9j7Q-pnygdsYCSq-vyhWdVprWA6uIRl6ACjn1866l,super hero,5,0,2026-07-07T16:34:04+00:00,,,,2026-07-09T04:05:06.825330+00:00,phase2_day3_controlled_repeated_run_20260709_040118,"{""reviewId"": ""0f6970ab-cef3-4714-9231-933799551b6b"", ""userName"": ""Mohammed khamar Pasha"", ""userImage"": ""https://play-lh.googleusercontent.com/a-/ALV-UjXbIK9ukFI9j7Q-pnygdsYCSq-vyhWdVprWA6uIRl6ACjn1866l"", ""content"": ""super hero"", ""score"": 5, ""thumbsUpCount"": 0, ""reviewCreatedVersion"": null, ""at"": ""2026-07-07T16:34:04+00:00"", ""replyContent"": null, ""repliedAt"": null, ""appVersion"": null}"
33b57951124a9957293e5b181bc024c47333f7b9b6e302fc56ada2aa9a43a066,google_play,com.google.android.youtube,YouTube,db505dfd-a6ab-42c8-974d-fbfaae4cb4d7,Balaji B,https://play-lh.googleusercontent.com/a/ACg8ocLiY7LfAUeQp-GfgjerKiluSWtsKlUIa_f0lRLRNdwrKc2gXQ=mo,aravint,1,0,2026-07-08T03:09:49+00:00,,,13.07.55,2026-07-09T04:04:54.998644+00:00,phase2_day3_controlled_repeated_run_20260709_040118,"{""reviewId"": ""db505dfd-a6ab-42c8-974d-fbfaae4cb4d7"", ""userName"": ""Balaji B"", ""userImage"": ""https://play-lh.googleusercontent.com/a/ACg8ocLiY7LfAUeQp-GfgjerKiluSWtsKlUIa_f0lRLRNdwrKc2gXQ=mo"", ""content"": ""aravint"", ""score"": 1, ""thumbsUpCount"": 0, ""reviewCreatedVersion"": ""13.07.55"", ""at"": ""2026-07-08T03:09:49+00:00"", ""replyContent"": null, ""repliedAt"": null, ""appVersion"": ""13.07.55""}"
6f1926bc41fa03554200179f079b0d05db0de5c3629de0ebc23f916d3c9b35d6,google_play,com.reddit.frontpage,Reddit,3c74bd2a-1323-4b84-bb86-bfeb0961b814,Kevin Paulus,https://play-lh.googleusercontent.com/a-/ALV-UjVU38W_crnkxhciEnQY_Kb43bXAl0UfVsQj3xCEyi1_rRtqgLKe,Even 1 star is too much for the privacy concerns this app introduced.,1,1,2026-07-07T19:45:03+00:00,,,2026.26.0,2026-07-09T04:05:21.650566+00:00,phase2_day3_controlled_repeated_run_20260709_040118,"{""reviewId"": ""3c74bd2a-1323-4b84-bb86-bfeb0961b814"", ""userName"": ""Kevin Paulus"", ""userImage"": ""https://play-lh.googleusercontent.com/a-/ALV-UjVU38W_crnkxhciEnQY_Kb43bXAl0UfVsQj3xCEyi1_rRtqgLKe"", ""content"": ""Even 1 star is too much for the privacy concerns this app introduced."", ""score"": 1, ""thumbsUpCount"": 1, ""reviewCreatedVersion"": ""2026.26.0"", ""at"": ""2026-07-07T19:45:03+00:00"", ""replyContent"": null, ""repliedAt"": null, ""appVersion"": ""2026.26.0""}"
06cc4939dcb47b93bdee781db6965539d83666afb25267b1d8b237ab0578df8a,google_play,com.netflix.mediaclient,Netflix,1e7a5a08-d5bd-46d6-80d9-db2afc7c42ba,steven mayle,https://play-lh.googleusercontent.com/a-/ALV-UjWJDGM7iEDOMxXNgO6Yd77Qfr4JpHdV0t2wmpuO_HrEkba-tJnz,"from making fake liberal propaganda to sexualizing children, Netflix has fallen",1,0,2026-07-07T16:26:41+00:00,,,,2026-07-09T04:05:18.984606+00:00,phase2_day3_controlled_repeated_run_20260709_040118,"{""reviewId"": ""1e7a5a08-d5bd-46d6-80d9-db2afc7c42ba"", ""userName"": ""steven mayle"", ""userImage"": ""https://play-lh.googleusercontent.com/a-/ALV-UjWJDGM7iEDOMxXNgO6Yd77Qfr4JpHdV0t2wmpuO_HrEkba-tJnz"", ""content"": ""from making fake liberal propaganda to sexualizing children, Netflix has fallen"", ""score"": 1, ""thumbsUpCount"": 0, ""reviewCreatedVersion"": null, ""at"": ""2026-07-07T16:26:41+00:00"", ""replyContent"": null, ""repliedAt"": null, ""appVersion"": null}"
c90d498c5aca4b93a8e79c26e9f7b7e98e24cfb1bc22b59d10cf26028ee92a20,google_play,com.google.android.youtube,YouTube,ce442d78-105d-4b34-a664-69483525ece9,Pieter Rietveld,https://play-lh.googleusercontent.com/a/ACg8ocLHfzPr9TUGyKixGn4MsWYzY759kZEuSphzjWdRWD_O5NryZA=mo,degrading,1,1,2026-07-07T11:04:26+00:00,,,21.26.364,2026-07-09T04:04:54.998644+00:00,phase2_day3_controlled_repeated_run_20260709_040118,"{""reviewId"": ""ce442d78-105d-4b34-a664-69483525ece9"", ""userName"": ""Pieter Rietveld"", ""userImage"": ""https://play-lh.googleusercontent.com/a/ACg8ocLHfzPr9TUGyKixGn4MsWYzY759kZEuSphzjWdRWD_O5NryZA=mo"", ""content"": ""degrading"", ""score"": 1, ""thumbsUpCount"": 1, ""reviewCreatedVersion"": ""21.26.364"", ""at"": ""2026-07-07T11:04:26+00:00"", ""replyContent"": null, ""repliedAt"": null, ""appVersion"": ""21.26.364""}"
93da877d8b1fd7f4bf084e6ac484234eeda3160dd119b723b6ae210db84da636,google_play,com.instagram.android,Instagram,ed6d5669-21e1-43fe-b44d-f797ff6eacad,ayush Kumar,https://play-lh.googleusercontent.com/a-/ALV-UjVv8914Gcu9UholuXsOa3CKDz_Qr974nHJO4HhmikEI9ggy5w,😇🤔💔,5,0,2026-07-07T23:58:37+00:00,,,427.0.0.47.73,2026-07-09T04:05:03.895816+00:00,phase2_day3_controlled_repeated_run_20260709_040118,"{""reviewId"": ""ed6d5669-21e1-43fe-b44d-f797ff6eacad"", ""userName"": ""ayush Kumar"", ""userImage"": ""https://play-lh.googleusercontent.com/a-/ALV-UjVv8914Gcu9UholuXsOa3CKDz_Qr974nHJO4HhmikEI9ggy5w"", ""content"": ""😇🤔💔"", ""score"": 5, ""thumbsUpCount"": 0, ""reviewCreatedVersion"": ""427.0.0.47.73"", ""at"": ""2026-07-07T23:58:37+00:00"", ""replyContent"": null, ""repliedAt"": null, ""appVersion"": ""427.0.0.47.73""}"
6e2fb06f743569f729df5f7d1bdea9ab154ad674edc511f8372ab01188fdc98d,google_play,com.instagram.android,Instagram,b367d15c-6d6d-4722-866b-8a2aaeea5dab,XSleptoncorpse X,https://play-lh.googleusercontent.com/a-/ALV-UjU2EPe2d2psOOBhNMiNSuDGavMu1YzbDwwQQsZwEh-B3Qy_4aw,love it @trythesauce for spicy reviews,5,0,2026-07-08T03:23:05+00:00,,,,2026-07-09T04:05:03.895816+00:00,phase2_day3_controlled_repeated_run_20260709_040118,"{""reviewId"": ""b367d15c-6d6d-4722-866b-8a2aaeea5dab"", ""userName"": ""XSleptoncorpse X"", ""userImage"": ""https://play-lh.googleusercontent.com/a-/ALV-UjU2EPe2d2psOOBhNMiNSuDGavMu1YzbDwwQQsZwEh-B3Qy_4aw"", ""content"": ""love it @trythesauce for spicy reviews"", ""score"": 5, ""thumbsUpCount"": 0, ""reviewCreatedVersion"": null, ""at"": ""2026-07-08T03:23:05+00:00"", ""replyContent"": null, ""repliedAt"": null, ""appVersion"": null}"
89e83572b1c65d9679b4b367fa683199c25816df6e552606beed377eca295b6c,google_play,com.spotify.music,Spotify,740e05de-9469-4d4d-b6a2-50224c58a9fb,BHATI ARYAN,https://play-lh.googleusercontent.com/a/ACg8ocJqbvy_haMXg42EZ16AtnoTbatJjrySCGd3O6NJkak3AgN7aA=mo,Good,5,0,2026-07-07T09:04:40+00:00,,,,2026-07-09T04:05:01.081677+00:00,phase2_day3_controlled_repeated_run_20260709_040118,"{""reviewId"": ""740e05de-9469-4d4d-b6a2-50224c58a9fb"", ""userName"": ""BHATI ARYAN"", ""userImage"": ""https://play-lh.googleusercontent.com/a/ACg8ocJqbvy_haMXg42EZ16AtnoTbatJjrySCGd3O6NJkak3AgN7aA=mo"", ""content"": ""Good"", ""score"": 5, ""thumbsUpCount"": 0, ""reviewCreatedVersion"": null, ""at"": ""2026-07-07T09:04:40+00:00"", ""replyContent"": null, ""repliedAt"": null, ""appVersion"": null}"
3ecb927c66bf80d75e0a9dc977179ee1d45edaf3fb96a1ad2288973f04835cdf,google_play,com.google.android.apps.maps,Google Maps,e2f4018f-9549-42e3-b552-8197f40cf9e5,A Google user,https://play-lh.googleusercontent.com/EGemoI2NTXmTsBVtJqk8jxF9rh8ApRWfsIMQSt2uE4OcpQqbFu7f7NbTK05lx80nuSijCz7sc3a277R67g,Gemini integration is deteriorating functionality. E.g. Asking for gas stations along my route now shows station in the area but not on my route. Asking to call a contact just hangs without action. Verbal navigation requests fail/hang without response more than half the time.,3,0,2026-07-07T19:33:25+00:00,,,26.27.01.941319029,2026-07-09T04:05:15.564699+00:00,phase2_day3_controlled_repeated_run_20260709_040118,"{""reviewId"": ""e2f4018f-9549-42e3-b552-8197f40cf9e5"", ""userName"": ""A Google user"", ""userImage"": ""https://play-lh.googleusercontent.com/EGemoI2NTXmTsBVtJqk8jxF9rh8ApRWfsIMQSt2uE4OcpQqbFu7f7NbTK05lx80nuSijCz7sc3a277R67g"", ""content"": ""Gemini integration is deteriorating functionality. E.g. Asking for gas stations along my route now shows station in the area but not on my route. Asking to call a contact just hangs without action. Verbal navigation requests fail/hang without response more than half the time."", ""score"": 3, ""thumbsUpCount"": 0, ""reviewCreatedVersion"": ""26.27.01.941319029"", ""at"": ""2026-07-07T19:33:25+00:00"", ""replyContent"": null, ""repliedAt"": null, ""appVersion"": ""26.27.01.941319029""}"
8bba3eeb2adf6074cbadc52127511bfe0d8a64117cb9312f8634b0d97a396fda,google_play,com.instagram.android,Instagram,c07370ce-c855-4c28-911d-58de65074769,New gamer Kss,https://play-lh.googleusercontent.com/a/ACg8ocKTEVrhwcslCGiNYqKDW9MfDYGPM58umOSI9lP9r8N9qIABaA=mo,Is me jasse bhi reel aave me aasa hi ban jau jab depration wale reel viral hoi thi tab se aab tak depration me hu me,2,0,2026-07-07T16:19:45+00:00,,,436.0.0.41.73,2026-07-09T04:05:03.895816+00:00,phase2_day3_controlled_repeated_run_20260709_040118,"{""reviewId"": ""c07370ce-c855-4c28-911d-58de65074769"", ""userName"": ""New gamer Kss"", ""userImage"": ""https://play-lh.googleusercontent.com/a/ACg8ocKTEVrhwcslCGiNYqKDW9MfDYGPM58umOSI9lP9r8N9qIABaA=mo"", ""content"": ""Is me jasse bhi reel aave me aasa hi ban jau jab depration wale reel viral hoi thi tab se aab tak depration me hu me"", ""score"": 2, ""thumbsUpCount"": 0, ""reviewCreatedVersion"": ""436.0.0.41.73"", ""at"": ""2026-07-07T16:19:45+00:00"", ""replyContent"": null, ""repliedAt"": null, ""appVersion"": ""436.0.0.41.73""}"
76b141e2fafad6b36a0aab60abbb90a26b8001e4270869d2329e996f435cda13,google_play,com.zhiliaoapp.musically,TikTok,9d52c8fa-806f-4afb-8709-9fd65d8833c2,Its not Fckin fine,https://play-lh.googleusercontent.com/a/ACg8ocI9ourBenV3X9EtoGnhWXU4ImClF2kBHl53boxWFxEq9GslIg=mo,"search up men are the problem then try it with women, disgusting.",1,1,2026-07-07T10:08:52+00:00,"Hi, thanks for your feedback!
We'll be sure to share your suggestion with our team for consideration. We appreciate your input, and we're always working to improve the TikTok experience!",2026-07-07T10:20:11+00:00,,2026-07-09T04:04:58.240590+00:00,phase2_day3_controlled_repeated_run_20260709_040118,"{""reviewId"": ""9d52c8fa-806f-4afb-8709-9fd65d8833c2"", ""userName"": ""Its not Fckin fine"", ""userImage"": ""https://play-lh.googleusercontent.com/a/ACg8ocI9ourBenV3X9EtoGnhWXU4ImClF2kBHl53boxWFxEq9GslIg=mo"", ""content"": ""search up men are the problem then try it with women, disgusting."", ""score"": 1, ""thumbsUpCount"": 1, ""reviewCreatedVersion"": null, ""at"": ""2026-07-07T10:08:52+00:00"", ""replyContent"": ""Hi, thanks for your feedback!\nWe'll be sure to share your suggestion with our team for consideration. We appreciate your input, and we're always working to improve the TikTok experience!"", ""repliedAt"": ""2026-07-07T10:20:11+00:00"", ""appVersion"": null}"
5935795b27635d54383413fbd72cba994cadbf8490fec34e2c3caba2db749077,google_play,com.duolingo,Duolingo,dca7957f-c941-49b0-9a22-b3dd90c3fb9d,Anjali Makwana,https://play-lh.googleusercontent.com/a-/ALV-UjXCb8T21lkaFml6xaTVr5uDL6LE2X_8kc68uqYxYul5mZDtGwto,so good,5,0,2026-07-07T09:52:44+00:00,,,,2026-07-09T04:05:12.253563+00:00,phase2_day3_controlled_repeated_run_20260709_040118,"{""reviewId"": ""dca7957f-c941-49b0-9a22-b3dd90c3fb9d"", ""userName"": ""Anjali Makwana"", ""userImage"": ""https://play-lh.googleusercontent.com/a-/ALV-UjXCb8T21lkaFml6xaTVr5uDL6LE2X_8kc68uqYxYul5mZDtGwto"", ""content"": ""so good"", ""score"": 5, ""thumbsUpCount"": 0, ""reviewCreatedVersion"": null, ""at"": ""2026-07-07T09:52:44+00:00"", ""replyContent"": null, ""repliedAt"": null, ""appVersion"": null}"
8946e4f1ba4e7f64cb09deb4e93b050ce2d09e6f9a7b55b45a6bbeb9bacffd91,google_play,com.instagram.android,Instagram,1ba903a8-67c5-44c5-9a22-90c4837a0e3f,ashwani Yadav,https://play-lh.googleusercontent.com/a/ACg8ocLsaLz9QDJMYOSul9qiIEWNRZkzHREB_IJm8Okgcu76FPC-hw=mo,best,5,0,2026-07-07T17:32:43+00:00,,,436.0.0.41.73,2026-07-09T04:05:03.895816+00:00,phase2_day3_controlled_repeated_run_20260709_040118,"{""reviewId"": ""1ba903a8-67c5-44c5-9a22-90c4837a0e3f"", ""userName"": ""ashwani Yadav"", ""userImage"": ""https://play-lh.googleusercontent.com/a/ACg8ocLsaLz9QDJMYOSul9qiIEWNRZkzHREB_IJm8Okgcu76FPC-hw=mo"", ""content"": ""best"", ""score"": 5, ""thumbsUpCount"": 0, ""reviewCreatedVersion"": ""436.0.0.41.73"", ""at"": ""2026-07-07T17:32:43+00:00"", ""replyContent"": null, ""repliedAt"": null, ""appVersion"": ""436.0.0.41.73""}"
12871638dd315b086678ab9ad01161878738b57df167a5445af2d6a7ea577644,google_play,com.instagram.android,Instagram,42e558f1-cbd0-43dd-bc59-9f78d6b39344,Jahid Gamer teg,https://play-lh.googleusercontent.com/a-/ALV-UjV8uJeYJlcWMIyURcnpJaQjTCpZp7qXNweyg4DEuuvOu0L7W0pj,good set 💓🥰,5,1,2026-07-07T16:19:50+00:00,,,,2026-07-09T04:05:03.895816+00:00,phase2_day3_controlled_repeated_run_20260709_040118,"{""reviewId"": ""42e558f1-cbd0-43dd-bc59-9f78d6b39344"", ""userName"": ""Jahid Gamer teg"", ""userImage"": ""https://play-lh.googleusercontent.com/a-/ALV-UjV8uJeYJlcWMIyURcnpJaQjTCpZp7qXNweyg4DEuuvOu0L7W0pj"", ""content"": ""good set 💓🥰"", ""score"": 5, ""thumbsUpCount"": 1, ""reviewCreatedVersion"": null, ""at"": ""2026-07-07T16:19:50+00:00"", ""replyContent"": null, ""repliedAt"": null, ""appVersion"": null}"
0204e4d710df12e872c38a7291485d672738a3aa4b8d25c78f278dc9759ce92d,google_play,com.duolingo,Duolingo,8d78793a-0f7a-4de8-8e29-472e853de192,Ritu Yadav,https://play-lh.googleusercontent.com/a/ACg8ocLWDToW53ELva7s7rawS4Zmc89MiDm-6Dq4HmW27LLWZCiQqvk=mo,too good to learn English,5,0,2026-07-07T16:41:24+00:00,,,6.85.7,2026-07-09T04:05:12.253563+00:00,phase2_day3_controlled_repeated_run_20260709_040118,"{""reviewId"": ""8d78793a-0f7a-4de8-8e29-472e853de192"", ""userName"": ""Ritu Yadav"", ""userImage"": ""https://play-lh.googleusercontent.com/a/ACg8ocLWDToW53ELva7s7rawS4Zmc89MiDm-6Dq4HmW27LLWZCiQqvk=mo"", ""content"": ""too good to learn English"", ""score"": 5, ""thumbsUpCount"": 0, ""reviewCreatedVersion"": ""6.85.7"", ""at"": ""2026-07-07T16:41:24+00:00"", ""replyContent"": null, ""repliedAt"": null, ""appVersion"": ""6.85.7""}"
dc85eaccf3320227ffda3408babb0a96f68a08ae88cde223b10306d2cb57ac3b,google_play,com.google.android.youtube,YouTube,c7f02cf0-9d74-48f9-addd-266a0150adb7,Karm Karm,https://play-lh.googleusercontent.com/a/ACg8ocI0mivIU-_6zGoYkAV6EJw3PHUHONYBiZ45uQXjg7U2bInxWQ=mo,Izmir saab 🔰👟👟🏢🏡👟🔙,5,1,2026-07-07T20:50:50+00:00,,,21.25.523,2026-07-09T04:04:54.998644+00:00,phase2_day3_controlled_repeated_run_20260709_040118,"{""reviewId"": ""c7f02cf0-9d74-48f9-addd-266a0150adb7"", ""userName"": ""Karm Karm"", ""userImage"": ""https://play-lh.googleusercontent.com/a/ACg8ocI0mivIU-_6zGoYkAV6EJw3PHUHONYBiZ45uQXjg7U2bInxWQ=mo"", ""content"": ""Izmir saab 🔰👟👟🏢🏡👟🔙"", ""score"": 5, ""thumbsUpCount"": 1, ""reviewCreatedVersion"": ""21.25.523"", ""at"": ""2026-07-07T20:50:50+00:00"", ""replyContent"": null, ""repliedAt"": null, ""appVersion"": ""21.25.523""}"
50a68c9f4c07d8f369429c97198041d5f8ed3061323503c9dc2bac3154f0d84f,google_play,com.zhiliaoapp.musically,TikTok,d564848f-43e3-4dca-bfc6-8ea6c64721db,Rahman Nohrio,https://play-lh.googleusercontent.com/a/ACg8ocJxlNZdHz6kXRts-_afN5Jfrg7Dc6RnY55KQ9LlpcJ63kjjLw=mo,my view problem,3,1,2026-07-08T02:59:00+00:00,"Hi, thanks for your feedback!
We'll be sure to share your suggestion with our team for consideration. We appreciate your input, and we're always working to improve the TikTok experience!",2026-07-08T03:20:11+00:00,45.5.4,2026-07-09T04:04:58.240590+00:00,phase2_day3_controlled_repeated_run_20260709_040118,"{""reviewId"": ""d564848f-43e3-4dca-bfc6-8ea6c64721db"", ""userName"": ""Rahman Nohrio"", ""userImage"": ""https://play-lh.googleusercontent.com/a/ACg8ocJxlNZdHz6kXRts-_afN5Jfrg7Dc6RnY55KQ9LlpcJ63kjjLw=mo"", ""content"": ""my view problem"", ""score"": 3, ""thumbsUpCount"": 1, ""reviewCreatedVersion"": ""45.5.4"", ""at"": ""2026-07-08T02:59:00+00:00"", ""replyContent"": ""Hi, thanks for your feedback!\nWe'll be sure to share your suggestion with our team for consideration. We appreciate your input, and we're always working to improve the TikTok experience!"", ""repliedAt"": ""2026-07-08T03:20:11+00:00"", ""appVersion"": ""45.5.4""}"
19fa7803a651576831be4d162917cc9869e04a1d524132e5bb02734e221935f8,google_play,com.instagram.android,Instagram,2873315f-955e-466a-8e61-2b06250681bd,Eyeliner Gaming,https://play-lh.googleusercontent.com/a/ACg8ocL1p6Y6o1_8z20bbUNRPsgENz43jNYyU0s0tx-5e0fHAeBTjw=mo,nice app,5,0,2026-07-07T15:09:41+00:00,,,,2026-07-09T04:05:03.895816+00:00,phase2_day3_controlled_repeated_run_20260709_040118,"{""reviewId"": ""2873315f-955e-466a-8e61-2b06250681bd"", ""userName"": ""Eyeliner Gaming"", ""userImage"": ""https://play-lh.googleusercontent.com/a/ACg8ocL1p6Y6o1_8z20bbUNRPsgENz43jNYyU0s0tx-5e0fHAeBTjw=mo"", ""content"": ""nice app"", ""score"": 5, ""thumbsUpCount"": 0, ""reviewCreatedVersion"": null, ""at"": ""2026-07-07T15:09:41+00:00"", ""replyContent"": null, ""repliedAt"": null, ""appVersion"": null}"
44a00194f469bb0cb2703ae3a23203eeafbbf43ac2452691fbae79c2c6ef17f6,google_play,com.google.android.youtube,YouTube,c7a0f421-fb8c-48c6-9bb0-761c3a6e4594,Sagar Kashyap,https://play-lh.googleusercontent.com/a/ACg8ocLfBrkl_fqjKORSyGFTvpkqUwPkpNDFdu6IkGDaEqRZPd4Jeg=mo,all songs,5,0,2026-07-07T11:58:42+00:00,,,21.25.523,2026-07-09T04:04:54.998644+00:00,phase2_day3_controlled_repeated_run_20260709_040118,"{""reviewId"": ""c7a0f421-fb8c-48c6-9bb0-761c3a6e4594"", ""userName"": ""Sagar Kashyap"", ""userImage"": ""https://play-lh.googleusercontent.com/a/ACg8ocLfBrkl_fqjKORSyGFTvpkqUwPkpNDFdu6IkGDaEqRZPd4Jeg=mo"", ""content"": ""all songs"", ""score"": 5, ""thumbsUpCount"": 0, ""reviewCreatedVersion"": ""21.25.523"", ""at"": ""2026-07-07T11:58:42+00:00"", ""replyContent"": null, ""repliedAt"": null, ""appVersion"": ""21.25.523""}"
3cb3a1617624e83dca1e171865fd609f34f415ee4de5b582225298a82d37d6ab,google_play,com.spotify.music,Spotify,ff20599e-d921-42cf-b55e-26f4559bfa4e,Jericson Tequillo,https://play-lh.googleusercontent.com/a-/ALV-UjVVS7G61-nVcKvmobqnmGrTY7CGlTuazTHIaU9Ag0zzKczDMhU,ayaw mag verify sa sheerID para man lang maka avail sa student premium,2,0,2026-07-07T14:04:20+00:00,"Hi. Availability of lyrics varies. More info can be found at support.spotify.com. Just look for ""View lyrics"". For anything else, you can reach out to our CS team by searching ""Contact Us"".",2025-12-10T12:30:36+00:00,9.1.62.1601,2026-07-09T04:05:01.081677+00:00,phase2_day3_controlled_repeated_run_20260709_040118,"{""reviewId"": ""ff20599e-d921-42cf-b55e-26f4559bfa4e"", ""userName"": ""Jericson Tequillo"", ""userImage"": ""https://play-lh.googleusercontent.com/a-/ALV-UjVVS7G61-nVcKvmobqnmGrTY7CGlTuazTHIaU9Ag0zzKczDMhU"", ""content"": ""ayaw mag verify sa sheerID para man lang maka avail sa student premium"", ""score"": 2, ""thumbsUpCount"": 0, ""reviewCreatedVersion"": ""9.1.62.1601"", ""at"": ""2026-07-07T14:04:20+00:00"", ""replyContent"": ""Hi. Availability of lyrics varies. More info can be found at support.spotify.com. Just look for \""View lyrics\"". For anything else, you can reach out to our CS team by searching \""Contact Us\""."", ""repliedAt"": ""2025-12-10T12:30:36+00:00"", ""appVersion"": ""9.1.62.1601""}"
173711aa89c5946660a85f3938318ce48f93d64d1f7a15fd9a97112c738b1817,google_play,com.spotify.music,Spotify,46201cdf-ff9c-446d-b208-dba8e77df4b9,Elle Craig,https://play-lh.googleusercontent.com/a-/ALV-UjX2Mc3tBnDlo6l55MzkzlmV2ZoHRpaHZpJ9-g-Pxpho3Dvw7ONGYg,"I noticed recently that the DJ now overlaps song transitions , and it sounds like a mashup. Depending on the song, it can really sound awful to the ears. Please fix this bug/issue.",3,0,2026-07-07T10:53:25+00:00,,,9.1.62.1598,2026-07-09T04:05:01.081677+00:00,phase2_day3_controlled_repeated_run_20260709_040118,"{""reviewId"": ""46201cdf-ff9c-446d-b208-dba8e77df4b9"", ""userName"": ""Elle Craig"", ""userImage"": ""https://play-lh.googleusercontent.com/a-/ALV-UjX2Mc3tBnDlo6l55MzkzlmV2ZoHRpaHZpJ9-g-Pxpho3Dvw7ONGYg"", ""content"": ""I noticed recently that the DJ now overlaps song transitions , and it sounds like a mashup. Depending on the song, it can really sound awful to the ears. Please fix this bug/issue."", ""score"": 3, ""thumbsUpCount"": 0, ""reviewCreatedVersion"": ""9.1.62.1598"", ""at"": ""2026-07-07T10:53:25+00:00"", ""replyContent"": null, ""repliedAt"": null, ""appVersion"": ""9.1.62.1598""}"
5a6d7f2f26011894c133d1c8f80b9f9c9855cd1d5a77efabfe36adbabb1dc5fc,google_play,com.google.android.youtube,YouTube,c1b7ecc7-9c11-4e35-87a1-00e7b5cf5446,Rohan Pal,https://play-lh.googleusercontent.com/a/ACg8ocJUPYdBjbPqk3rxOmxKBk8cP05OgAzcj-yzKbfHiWHWmM-B=mo,I give 4/5 because it sometime when's i play a long video.,4,0,2026-07-07T12:51:25+00:00,,,21.25.527,2026-07-09T04:04:54.998644+00:00,phase2_day3_controlled_repeated_run_20260709_040118,"{""reviewId"": ""c1b7ecc7-9c11-4e35-87a1-00e7b5cf5446"", ""userName"": ""Rohan Pal"", ""userImage"": ""https://play-lh.googleusercontent.com/a/ACg8ocJUPYdBjbPqk3rxOmxKBk8cP05OgAzcj-yzKbfHiWHWmM-B=mo"", ""content"": ""I give 4/5 because it sometime when's i play a long video."", ""score"": 4, ""thumbsUpCount"": 0, ""reviewCreatedVersion"": ""21.25.527"", ""at"": ""2026-07-07T12:51:25+00:00"", ""replyContent"": null, ""repliedAt"": null, ""appVersion"": ""21.25.527""}"
1a984f3c3ad23c56ff02b079d0557ad43e345171611b7df859e95ce34ff9343c,google_play,com.google.android.youtube,YouTube,f0269d72-7e8e-400c-a358-8f8aed2cd254,Md Idrees,https://play-lh.googleusercontent.com/a/ACg8ocJFW8I07zJChrt1liKl556isSREpf2nkEH5XPgW_V1aUVGsbw=mo,World best app ❤️❤️❤️❤️❤️❤️👍👍👍👍,5,0,2026-07-07T20:34:08+00:00,,,21.23.483,2026-07-09T04:04:54.998644+00:00,phase2_day3_controlled_repeated_run_20260709_040118,"{""reviewId"": ""f0269d72-7e8e-400c-a358-8f8aed2cd254"", ""userName"": ""Md Idrees"", ""userImage"": ""https://play-lh.googleusercontent.com/a/ACg8ocJFW8I07zJChrt1liKl556isSREpf2nkEH5XPgW_V1aUVGsbw=mo"", ""content"": ""World best app ❤️❤️❤️❤️❤️❤️👍👍👍👍"", ""score"": 5, ""thumbsUpCount"": 0, ""reviewCreatedVersion"": ""21.23.483"", ""at"": ""2026-07-07T20:34:08+00:00"", ""replyContent"": null, ""repliedAt"": null, ""appVersion"": ""21.23.483""}"
40626666f67eb72993fc64ca61caa459be02712a512d48846ec4609678e9c3ee,google_play,com.spotify.music,Spotify,0205208d-3df0-4c8d-ae94-53a11519b2b2,Jolie Bloomer,https://play-lh.googleusercontent.com/a/ACg8ocLRyQzlfJSDLvkkzkp08DGXkL80CgWtSNxdXRz38obcTy2wJQ=mo,rly good app,5,0,2026-07-07T22:45:37+00:00,,,9.1.62.1601,2026-07-09T04:05:01.081677+00:00,phase2_day3_controlled_repeated_run_20260709_040118,"{""reviewId"": ""0205208d-3df0-4c8d-ae94-53a11519b2b2"", ""userName"": ""Jolie Bloomer"", ""userImage"": ""https://play-lh.googleusercontent.com/a/ACg8ocLRyQzlfJSDLvkkzkp08DGXkL80CgWtSNxdXRz38obcTy2wJQ=mo"", ""content"": ""rly good app"", ""score"": 5, ""thumbsUpCount"": 0, ""reviewCreatedVersion"": ""9.1.62.1601"", ""at"": ""2026-07-07T22:45:37+00:00"", ""replyContent"": null, ""repliedAt"": null, ""appVersion"": ""9.1.62.1601""}"
b39ff41633f64afe5bcc065bebe25370a76174790ed7f4d109ac5cd3325921fc,google_play,com.instagram.android,Instagram,38930e87-2dc1-4220-8c3a-5e2218205ed4,Samruddhi Chavan,https://play-lh.googleusercontent.com/a-/ALV-UjVtgyDUEWuJ_aVruDyCM0PO89qR5OuwXbYMkyk35OZpxlr1LdZQ,very nice,1,1,2026-07-07T19:08:19+00:00,,,,2026-07-09T04:05:03.895816+00:00,phase2_day3_controlled_repeated_run_20260709_040118,"{""reviewId"": ""38930e87-2dc1-4220-8c3a-5e2218205ed4"", ""userName"": ""Samruddhi Chavan"", ""userImage"": ""https://play-lh.googleusercontent.com/a-/ALV-UjVtgyDUEWuJ_aVruDyCM0PO89qR5OuwXbYMkyk35OZpxlr1LdZQ"", ""content"": ""very nice"", ""score"": 1, ""thumbsUpCount"": 1, ""reviewCreatedVersion"": null, ""at"": ""2026-07-07T19:08:19+00:00"", ""replyContent"": null, ""repliedAt"": null, ""appVersion"": null}"
7e4b509a1a0f9284d22dae188a2e44da00397f6d7e787273b27e5f7246507155,google_play,com.duolingo,Duolingo,6f39a621-7197-4327-a769-bd266546177f,Edmar Osayan,https://play-lh.googleusercontent.com/a-/ALV-UjULVFiAGH6k5y1LQoIQGNrlLny-M4HJx8nGgjJcDwH7pICnqAPc,subrang nakaka enjoy hahahahaha. paunti unti natototo ako sa language na gusto ko,5,0,2026-07-07T14:28:29+00:00,,,6.86.5,2026-07-09T04:05:12.253563+00:00,phase2_day3_controlled_repeated_run_20260709_040118,"{""reviewId"": ""6f39a621-7197-4327-a769-bd266546177f"", ""userName"": ""Edmar Osayan"", ""userImage"": ""https://play-lh.googleusercontent.com/a-/ALV-UjULVFiAGH6k5y1LQoIQGNrlLny-M4HJx8nGgjJcDwH7pICnqAPc"", ""content"": ""subrang nakaka enjoy hahahahaha. paunti unti natototo ako sa language na gusto ko"", ""score"": 5, ""thumbsUpCount"": 0, ""reviewCreatedVersion"": ""6.86.5"", ""at"": ""2026-07-07T14:28:29+00:00"", ""replyContent"": null, ""repliedAt"": null, ""appVersion"": ""6.86.5""}"
6d8fbe70818ca29a1ba73af6afb6be1e9dde6385241618a2de318d8ca236dcdd,google_play,com.google.android.youtube,YouTube,1cc56024-4f57-4218-9c4f-0f02c0ec02c6,Ramsha Alam,https://play-lh.googleusercontent.com/a/ACg8ocK7tP5I9SevxqaOgBjzXrC4I68G1hjNCa_rSVL7rv_-4rRA6Q=mo,why u problem YouTube what I'm installing again day and night why problem YouTube plz check I'm downloading again pretending test morning and night why check YouTube hai plz check requested 🙏🙏🙏🙏🙏🙏 plz check plz,5,0,2026-07-07T16:08:42+00:00,,,14.49.51,2026-07-09T04:04:54.998644+00:00,phase2_day3_controlled_repeated_run_20260709_040118,"{""reviewId"": ""1cc56024-4f57-4218-9c4f-0f02c0ec02c6"", ""userName"": ""Ramsha Alam"", ""userImage"": ""https://play-lh.googleusercontent.com/a/ACg8ocK7tP5I9SevxqaOgBjzXrC4I68G1hjNCa_rSVL7rv_-4rRA6Q=mo"", ""content"": ""why u problem YouTube what I'm installing again day and night why problem YouTube plz check I'm downloading again pretending test morning and night why check YouTube hai plz check requested 🙏🙏🙏🙏🙏🙏 plz check plz"", ""score"": 5, ""thumbsUpCount"": 0, ""reviewCreatedVersion"": ""14.49.51"", ""at"": ""2026-07-07T16:08:42+00:00"", ""replyContent"": null, ""repliedAt"": null, ""appVersion"": ""14.49.51""}"
a1809ef062126c4cf977ea769e065f58043ae82fc057f37c1d446541eb1aba90,google_play,com.google.android.youtube,YouTube,5e36f420-d2ef-4d1b-b5bf-d92e87d0a4a7,Vanita Aahake,https://play-lh.googleusercontent.com/a/ACg8ocJb9XbJi4x2k5Un6soJRkfSk2GNMZFFct6MHVgdewD_n8ND-w=mo,an,3,1,2026-07-08T03:56:36+00:00,,,17.34.35,2026-07-09T04:04:54.998644+00:00,phase2_day3_controlled_repeated_run_20260709_040118,"{""reviewId"": ""5e36f420-d2ef-4d1b-b5bf-d92e87d0a4a7"", ""userName"": ""Vanita Aahake"", ""userImage"": ""https://play-lh.googleusercontent.com/a/ACg8ocJb9XbJi4x2k5Un6soJRkfSk2GNMZFFct6MHVgdewD_n8ND-w=mo"", ""content"": ""an"", ""score"": 3, ""thumbsUpCount"": 1, ""reviewCreatedVersion"": ""17.34.35"", ""at"": ""2026-07-08T03:56:36+00:00"", ""replyContent"": null, ""repliedAt"": null, ""appVersion"": ""17.34.35""}"
d55e982c511b77f3e24bb1ce64b82befb0608d5c2859b11fce821cee0dc180bd,google_play,com.instagram.android,Instagram,42b4943d-7fb1-478d-8962-8f74f59e78f8,Aruunsss 16,https://play-lh.googleusercontent.com/a/ACg8ocK5-iMbFVqP3kgwbajSDksZSL5Ji3oMokOr-fRiIsvcTW5JgA=mo,Nice,5,0,2026-07-07T18:35:00+00:00,,,,2026-07-09T04:05:03.895816+00:00,phase2_day3_controlled_repeated_run_20260709_040118,"{""reviewId"": ""42b4943d-7fb1-478d-8962-8f74f59e78f8"", ""userName"": ""Aruunsss 16"", ""userImage"": ""https://play-lh.googleusercontent.com/a/ACg8ocK5-iMbFVqP3kgwbajSDksZSL5Ji3oMokOr-fRiIsvcTW5JgA=mo"", ""content"": ""Nice"", ""score"": 5, ""thumbsUpCount"": 0, ""reviewCreatedVersion"": null, ""at"": ""2026-07-07T18:35:00+00:00"", ""replyContent"": null, ""repliedAt"": null, ""appVersion"": null}"
8c594633eb47372d576eebb4e3a4bb758c0fb90f0b226c1f896cc5ba5e2dcb81,google_play,com.reddit.frontpage,Reddit,a30cceb6-0197-4b2f-bbfa-b0c6097b49de,Keshav Nuwal,https://play-lh.googleusercontent.com/a-/ALV-UjWkS7VVFDHag5LqxV0u8y0zAmKhchKmaKELIfWtDXJGgb2XUHW9,Ruined the app with too much restrictions,1,0,2026-07-07T12:31:34+00:00,,,2026.18.0,2026-07-09T04:05:21.650566+00:00,phase2_day3_controlled_repeated_run_20260709_040118,"{""reviewId"": ""a30cceb6-0197-4b2f-bbfa-b0c6097b49de"", ""userName"": ""Keshav Nuwal"", ""userImage"": ""https://play-lh.googleusercontent.com/a-/ALV-UjWkS7VVFDHag5LqxV0u8y0zAmKhchKmaKELIfWtDXJGgb2XUHW9"", ""content"": ""Ruined the app with too much restrictions"", ""score"": 1, ""thumbsUpCount"": 0, ""reviewCreatedVersion"": ""2026.18.0"", ""at"": ""2026-07-07T12:31:34+00:00"", ""replyContent"": null, ""repliedAt"": null, ""appVersion"": ""2026.18.0""}"
c8ee186a416beaf8907f97c7d79ecddb22ba7a42fbffaf26c8a279ad7e010e95,google_play,com.google.android.apps.maps,Google Maps,9b50b00a-f7d9-4e73-8b3e-d167d321cf0b,Jimmy Crack,https://play-lh.googleusercontent.com/a/ACg8ocKewz2x-924LYfHfWbZd9mJnv7x4IOQ5RLZCyw357HCAs2MOw=mo,This is the worst map system that I have ever used in my life This thing is almost got me killed This thing has got me lost it's told me to go the wrong way a million times like way out of the way It is the worst mess If you want to get lost or if you want to die then use this map because it will tell you to turn right when it's left and it's a one-way street I'm vj,1,0,2026-07-07T23:13:25+00:00,,,26.27.01.941319029,2026-07-09T04:05:15.564699+00:00,phase2_day3_controlled_repeated_run_20260709_040118,"{""reviewId"": ""9b50b00a-f7d9-4e73-8b3e-d167d321cf0b"", ""userName"": ""Jimmy Crack"", ""userImage"": ""https://play-lh.googleusercontent.com/a/ACg8ocKewz2x-924LYfHfWbZd9mJnv7x4IOQ5RLZCyw357HCAs2MOw=mo"", ""content"": ""This is the worst map system that I have ever used in my life This thing is almost got me killed This thing has got me lost it's told me to go the wrong way a million times like way out of the way It is the worst mess If you want to get lost or if you want to die then use this map because it will tell you to turn right when it's left and it's a one-way street I'm vj"", ""score"": 1, ""thumbsUpCount"": 0, ""reviewCreatedVersion"": ""26.27.01.941319029"", ""at"": ""2026-07-07T23:13:25+00:00"", ""replyContent"": null, ""repliedAt"": null, ""appVersion"": ""26.27.01.941319029""}"
614ae218da65064ad7e8e65a0cad0ae64b9d61e8fd35d648220ff37c69749393,google_play,com.ubercab,Uber,25c0e870-a41b-44d4-b973-c05eabdecbe3,Paulette,https://play-lh.googleusercontent.com/a/ACg8ocI5arfbGoKpYhZorkYkzKZwAsKwXbYFin_zPW5GaXefsDPXeA=mo,Courteous and helpful!,5,0,2026-07-08T02:45:07+00:00,,,4.637.10003,2026-07-09T04:05:06.825330+00:00,phase2_day3_controlled_repeated_run_20260709_040118,"{""reviewId"": ""25c0e870-a41b-44d4-b973-c05eabdecbe3"", ""userName"": ""Paulette"", ""userImage"": ""https://play-lh.googleusercontent.com/a/ACg8ocI5arfbGoKpYhZorkYkzKZwAsKwXbYFin_zPW5GaXefsDPXeA=mo"", ""content"": ""Courteous and helpful!"", ""score"": 5, ""thumbsUpCount"": 0, ""reviewCreatedVersion"": ""4.637.10003"", ""at"": ""2026-07-08T02:45:07+00:00"", ""replyContent"": null, ""repliedAt"": null, ""appVersion"": ""4.637.10003""}"
fc1762be0973fff6f3fc5082127752c9721acd1058bca8a355db373e89e085e1,google_play,com.google.android.youtube,YouTube,b653a566-c524-44ef-b338-d7f085bffbb4,Raqeeb,https://play-lh.googleusercontent.com/a-/ALV-UjX1OlKq5xrWkAdw7keCXNt2yBK_40HYqRSipA3o-rmenxFQutE,So i have make channel I love this app,5,0,2026-07-07T14:18:31+00:00,,,21.26.364,2026-07-09T04:04:54.998644+00:00,phase2_day3_controlled_repeated_run_20260709_040118,"{""reviewId"": ""b653a566-c524-44ef-b338-d7f085bffbb4"", ""userName"": ""Raqeeb"", ""userImage"": ""https://play-lh.googleusercontent.com/a-/ALV-UjX1OlKq5xrWkAdw7keCXNt2yBK_40HYqRSipA3o-rmenxFQutE"", ""content"": ""So i have make channel I love this app"", ""score"": 5, ""thumbsUpCount"": 0, ""reviewCreatedVersion"": ""21.26.364"", ""at"": ""2026-07-07T14:18:31+00:00"", ""replyContent"": null, ""repliedAt"": null, ""appVersion"": ""21.26.364""}"
75ba0c3d7faa95df7a1ddbdf0d2e8f91b491f7ecfa70c18650db9dfb0001dea2,google_play,com.instagram.android,Instagram,85447227-8662-41c4-9ccd-94de85cbd8bb,Gautam Inter Collage,https://play-lh.googleusercontent.com/a/ACg8ocLB77g1uIba7FrWvNRuGmT9di4agjfgIvX4XjTvdQGzShGfNA=mo,this conect me with my friend,5,0,2026-07-08T03:04:57+00:00,,,,2026-07-09T04:05:03.895816+00:00,phase2_day3_controlled_repeated_run_20260709_040118,"{""reviewId"": ""85447227-8662-41c4-9ccd-94de85cbd8bb"", ""userName"": ""Gautam Inter Collage"", ""userImage"": ""https://play-lh.googleusercontent.com/a/ACg8ocLB77g1uIba7FrWvNRuGmT9di4agjfgIvX4XjTvdQGzShGfNA=mo"", ""content"": ""this conect me with my friend"", ""score"": 5, ""thumbsUpCount"": 0, ""reviewCreatedVersion"": null, ""at"": ""2026-07-08T03:04:57+00:00"", ""replyContent"": null, ""repliedAt"": null, ""appVersion"": null}"
9debafd68518df97378d80908d2de48c0a7971e8b951ed2bd25e371ea6672cda,google_play,com.instagram.android,Instagram,ac7a7ad6-da5e-4346-bc66-873f5df6a406,Riyuuu,https://play-lh.googleusercontent.com/a-/ALV-UjVd4v60N3fYxzImEYUBbJXQvbvOkmNkGxkcUJfSoqE4VGUhYmcK,please back my account,1,0,2026-07-07T15:22:12+00:00,,,436.0.0.41.73,2026-07-09T04:05:03.895816+00:00,phase2_day3_controlled_repeated_run_20260709_040118,"{""reviewId"": ""ac7a7ad6-da5e-4346-bc66-873f5df6a406"", ""userName"": ""Riyuuu"", ""userImage"": ""https://play-lh.googleusercontent.com/a-/ALV-UjVd4v60N3fYxzImEYUBbJXQvbvOkmNkGxkcUJfSoqE4VGUhYmcK"", ""content"": ""please back my account"", ""score"": 1, ""thumbsUpCount"": 0, ""reviewCreatedVersion"": ""436.0.0.41.73"", ""at"": ""2026-07-07T15:22:12+00:00"", ""replyContent"": null, ""repliedAt"": null, ""appVersion"": ""436.0.0.41.73""}"
3c3e48005f78beccc31d12f5d1d449a9c89f326d441fda906490ad1859793a86,google_play,com.spotify.music,Spotify,0f20a52c-02b3-4572-a1c5-37d8c6f7d42f,Hec Bri,https://play-lh.googleusercontent.com/a/ACg8ocKt2ZmrH3W_Yo25yhbXMwNlAz8EBWQxs8sWMHPrkfAfHVz0yQ=mo,great service👍💯👍,5,0,2026-07-07T20:47:00+00:00,,,9.1.62.1601,2026-07-09T04:05:01.081677+00:00,phase2_day3_controlled_repeated_run_20260709_040118,"{""reviewId"": ""0f20a52c-02b3-4572-a1c5-37d8c6f7d42f"", ""userName"": ""Hec Bri"", ""userImage"": ""https://play-lh.googleusercontent.com/a/ACg8ocKt2ZmrH3W_Yo25yhbXMwNlAz8EBWQxs8sWMHPrkfAfHVz0yQ=mo"", ""content"": ""great service👍💯👍"", ""score"": 5, ""thumbsUpCount"": 0, ""reviewCreatedVersion"": ""9.1.62.1601"", ""at"": ""2026-07-07T20:47:00+00:00"", ""replyContent"": null, ""repliedAt"": null, ""appVersion"": ""9.1.62.1601""}"
e0af1357815175b97cbe32d614dc8db724330b0ec98181144edeae67b651002a,google_play,com.duolingo,Duolingo,df4f5c46-252c-4b02-ad3d-f66f381cd867,bloxaung5,https://play-lh.googleusercontent.com/a/ACg8ocLUHVots0_9TBCpXGzoFOXpN3jbFj09j9BnrGidp6UfC9CfBQ=mo,"Yes,that is good",5,0,2026-07-07T11:55:49+00:00,,,6.86.4,2026-07-09T04:05:12.253563+00:00,phase2_day3_controlled_repeated_run_20260709_040118,"{""reviewId"": ""df4f5c46-252c-4b02-ad3d-f66f381cd867"", ""userName"": ""bloxaung5"", ""userImage"": ""https://play-lh.googleusercontent.com/a/ACg8ocLUHVots0_9TBCpXGzoFOXpN3jbFj09j9BnrGidp6UfC9CfBQ=mo"", ""content"": ""Yes,that is good"", ""score"": 5, ""thumbsUpCount"": 0, ""reviewCreatedVersion"": ""6.86.4"", ""at"": ""2026-07-07T11:55:49+00:00"", ""replyContent"": null, ""repliedAt"": null, ""appVersion"": ""6.86.4""}"
97f72d7ee0d2374a30cfcadfa23deb63d54defb5bd81a3019262ed865ffcd36d,google_play,com.google.android.youtube,YouTube,e53161a5-2069-4244-b063-08b694ec921f,Nowsad Ali,https://play-lh.googleusercontent.com/a/ACg8ocKoTyGBQlKx4c-FAmeUjeCB53vdD5YoUpsM1dpKu5UmKTPp0Q=mo,good app,5,1,2026-07-07T12:09:35+00:00,,,21.26.364,2026-07-09T04:04:54.998644+00:00,phase2_day3_controlled_repeated_run_20260709_040118,"{""reviewId"": ""e53161a5-2069-4244-b063-08b694ec921f"", ""userName"": ""Nowsad Ali"", ""userImage"": ""https://play-lh.googleusercontent.com/a/ACg8ocKoTyGBQlKx4c-FAmeUjeCB53vdD5YoUpsM1dpKu5UmKTPp0Q=mo"", ""content"": ""good app"", ""score"": 5, ""thumbsUpCount"": 1, ""reviewCreatedVersion"": ""21.26.364"", ""at"": ""2026-07-07T12:09:35+00:00"", ""replyContent"": null, ""repliedAt"": null, ""appVersion"": ""21.26.364""}"
dfe39f1e88c2957174c0e6178726cd00ca6d73d51edf79bdf513ccc5fc3e947f,google_play,com.instagram.android,Instagram,567920b5-12d2-4b63-a8d0-fc8b5b3dd792,Dulamani Patel,https://play-lh.googleusercontent.com/a-/ALV-UjW96iXsq9FTY5mRLeiGbNS1j47-JoF2v4CgQ23z-odjNtbiQPw,good,5,0,2026-07-07T14:04:41+00:00,,,436.0.0.41.73,2026-07-09T04:05:03.895816+00:00,phase2_day3_controlled_repeated_run_20260709_040118,"{""reviewId"": ""567920b5-12d2-4b63-a8d0-fc8b5b3dd792"", ""userName"": ""Dulamani Patel"", ""userImage"": ""https://play-lh.googleusercontent.com/a-/ALV-UjW96iXsq9FTY5mRLeiGbNS1j47-JoF2v4CgQ23z-odjNtbiQPw"", ""content"": ""good"", ""score"": 5, ""thumbsUpCount"": 0, ""reviewCreatedVersion"": ""436.0.0.41.73"", ""at"": ""2026-07-07T14:04:41+00:00"", ""replyContent"": null, ""repliedAt"": null, ""appVersion"": ""436.0.0.41.73""}"
a88b34274f5bcd39d089a6c793cb1c19819fddff2334ab3a58bd15a4171b977c,google_play,com.netflix.mediaclient,Netflix,b92c571a-f187-4ea2-ba9e-97400445f5b3,Thandoluhle Dladla,https://play-lh.googleusercontent.com/a-/ALV-UjXAWJM0ulJJEX6fIgQ9ajI5GiexpusrobY5YgBLFGrOBsyy2w,Not working,1,0,2026-07-07T21:53:13+00:00,,,9.73.0 build 7 64240,2026-07-09T04:05:18.984606+00:00,phase2_day3_controlled_repeated_run_20260709_040118,"{""reviewId"": ""b92c571a-f187-4ea2-ba9e-97400445f5b3"", ""userName"": ""Thandoluhle Dladla"", ""userImage"": ""https://play-lh.googleusercontent.com/a-/ALV-UjXAWJM0ulJJEX6fIgQ9ajI5GiexpusrobY5YgBLFGrOBsyy2w"", ""content"": ""Not working"", ""score"": 1, ""thumbsUpCount"": 0, ""reviewCreatedVersion"": ""9.73.0 build 7 64240"", ""at"": ""2026-07-07T21:53:13+00:00"", ""replyContent"": null, ""repliedAt"": null, ""appVersion"": ""9.73.0 build 7 64240""}"
7199504ec75469568224dc845230ce43dee91bf966b22daf9fc32d34ecc65927,google_play,com.duolingo,Duolingo,0c627e09-d5d5-4e7f-a1f2-b94e1b3a3ed6,Thadene Gibson,https://play-lh.googleusercontent.com/a/ACg8ocIit5OzLQ0BR6duzDcqE82D3J_7a2zhWyZKIZRCOYihrEydQx0=mo,I love the cute owl!,5,0,2026-07-07T12:47:23+00:00,,,6.86.4,2026-07-09T04:05:12.253563+00:00,phase2_day3_controlled_repeated_run_20260709_040118,"{""reviewId"": ""0c627e09-d5d5-4e7f-a1f2-b94e1b3a3ed6"", ""userName"": ""Thadene Gibson"", ""userImage"": ""https://play-lh.googleusercontent.com/a/ACg8ocIit5OzLQ0BR6duzDcqE82D3J_7a2zhWyZKIZRCOYihrEydQx0=mo"", ""content"": ""I love the cute owl!"", ""score"": 5, ""thumbsUpCount"": 0, ""reviewCreatedVersion"": ""6.86.4"", ""at"": ""2026-07-07T12:47:23+00:00"", ""replyContent"": null, ""repliedAt"": null, ""appVersion"": ""6.86.4""}"
fdb5c0537d82dec9a213611494a45d8587ee07f3beda0d96a7134ba9a53ecbf1,google_play,com.zhiliaoapp.musically,TikTok,a67d5b19-0754-4621-9d53-403f7445289e,zia hassan Tahir,https://play-lh.googleusercontent.com/a-/ALV-UjVTkkZ_e1-p4EKoBrVRe1xsVi2zENUjW-hlqwG7qyz5uVsUVtum,bs is account ma 'Faizan_zia_' ma warning aa gai ha us ko khatam kr dia jay to achi aap ha,4,0,2026-07-07T17:20:19+00:00,"Hi, thanks for your feedback!
We'll be sure to share your suggestion with our team for consideration. We appreciate your input, and we're always working to improve the TikTok experience!",2026-07-07T17:40:13+00:00,45.4.3,2026-07-09T04:04:58.240590+00:00,phase2_day3_controlled_repeated_run_20260709_040118,"{""reviewId"": ""a67d5b19-0754-4621-9d53-403f7445289e"", ""userName"": ""zia hassan Tahir"", ""userImage"": ""https://play-lh.googleusercontent.com/a-/ALV-UjVTkkZ_e1-p4EKoBrVRe1xsVi2zENUjW-hlqwG7qyz5uVsUVtum"", ""content"": ""bs is account ma 'Faizan_zia_' ma warning aa gai ha us ko khatam kr dia jay to achi aap ha"", ""score"": 4, ""thumbsUpCount"": 0, ""reviewCreatedVersion"": ""45.4.3"", ""at"": ""2026-07-07T17:20:19+00:00"", ""replyContent"": ""Hi, thanks for your feedback!\nWe'll be sure to share your suggestion with our team for consideration. We appreciate your input, and we're always working to improve the TikTok experience!"", ""repliedAt"": ""2026-07-07T17:40:13+00:00"", ""appVersion"": ""45.4.3""}"
d6e9db3c2105d9fa2e1a55ca44a7c8a8a7b7efaa1d000b4d4baa9c736ffb2c8f,google_play,com.google.android.youtube,YouTube,c313f96d-46a6-4c72-ba2a-b23cd9df7221,Samrat As Avinash Official,https://play-lh.googleusercontent.com/a/ACg8ocKYngSMCm4DBIYI30KEXUm6NzmALb4N0DRr3E4FLk2DPO5YUIs=mo,So friendly,5,0,2026-07-08T03:38:10+00:00,,,21.23.483,2026-07-09T04:04:54.998644+00:00,phase2_day3_controlled_repeated_run_20260709_040118,"{""reviewId"": ""c313f96d-46a6-4c72-ba2a-b23cd9df7221"", ""userName"": ""Samrat As Avinash Official"", ""userImage"": ""https://play-lh.googleusercontent.com/a/ACg8ocKYngSMCm4DBIYI30KEXUm6NzmALb4N0DRr3E4FLk2DPO5YUIs=mo"", ""content"": ""So friendly"", ""score"": 5, ""thumbsUpCount"": 0, ""reviewCreatedVersion"": ""21.23.483"", ""at"": ""2026-07-08T03:38:10+00:00"", ""replyContent"": null, ""repliedAt"": null, ""appVersion"": ""21.23.483""}"
7c67ef386a1aa2a0b80dd04e3be386f49b805407ec91771f4c8e17720998b22f,google_play,com.google.android.youtube,YouTube,ca75d991-a2ab-4f10-9fd5-ed45cc159c2c,Manoj Shapariya,https://play-lh.googleusercontent.com/a/ACg8ocIstkOyWay3RgOB8D1gAecal_P0qYUWMRDlnc79OiIKq0mUIg=mo,Wow What A app,5,0,2026-07-07T17:54:16+00:00,,,21.26.364,2026-07-09T04:04:54.998644+00:00,phase2_day3_controlled_repeated_run_20260709_040118,"{""reviewId"": ""ca75d991-a2ab-4f10-9fd5-ed45cc159c2c"", ""userName"": ""Manoj Shapariya"", ""userImage"": ""https://play-lh.googleusercontent.com/a/ACg8ocIstkOyWay3RgOB8D1gAecal_P0qYUWMRDlnc79OiIKq0mUIg=mo"", ""content"": ""Wow What A app"", ""score"": 5, ""thumbsUpCount"": 0, ""reviewCreatedVersion"": ""21.26.364"", ""at"": ""2026-07-07T17:54:16+00:00"", ""replyContent"": null, ""repliedAt"": null, ""appVersion"": ""21.26.364""}"
9a3efba56c454c1cb5be8686309110ceacb29be22678e269630a135ea67f6fcc,google_play,com.google.android.youtube,YouTube,26bd7207-b90f-4fe9-91cd-78f58a9efef8,Dila Tlb,https://play-lh.googleusercontent.com/a/ACg8ocLunfgWkTTBQuquJAwWA3CpXANlLoELeTvtyDEnSvmZmlZacw=mo,Youtube,5,1,2026-07-07T22:12:44+00:00,,,21.26.364,2026-07-09T04:04:54.998644+00:00,phase2_day3_controlled_repeated_run_20260709_040118,"{""reviewId"": ""26bd7207-b90f-4fe9-91cd-78f58a9efef8"", ""userName"": ""Dila Tlb"", ""userImage"": ""https://play-lh.googleusercontent.com/a/ACg8ocLunfgWkTTBQuquJAwWA3CpXANlLoELeTvtyDEnSvmZmlZacw=mo"", ""content"": ""Youtube"", ""score"": 5, ""thumbsUpCount"": 1, ""reviewCreatedVersion"": ""21.26.364"", ""at"": ""2026-07-07T22:12:44+00:00"", ""replyContent"": null, ""repliedAt"": null, ""appVersion"": ""21.26.364""}"
725e29f004bff05a582ab1eca6d034f059ae0f67422a411676b630182d354ec7,google_play,com.dd.doordash,DoorDash,cb4ded6a-4ec3-4ab9-9c84-8a6fc85b5bfc,Christopher,https://play-lh.googleusercontent.com/a/ACg8ocL5Z_wlLNsdYJsnZqsfhTh2vR4ZGjUNFzEJkGhnDTd0LiKRzQ=mo,was putting in an order with deals and they literally took them away mid order for no reason extremely predatory and wrong,1,1,2026-07-07T21:57:46+00:00,,,,2026-07-09T04:05:09.537068+00:00,phase2_day3_controlled_repeated_run_20260709_040118,"{""reviewId"": ""cb4ded6a-4ec3-4ab9-9c84-8a6fc85b5bfc"", ""userName"": ""Christopher"", ""userImage"": ""https://play-lh.googleusercontent.com/a/ACg8ocL5Z_wlLNsdYJsnZqsfhTh2vR4ZGjUNFzEJkGhnDTd0LiKRzQ=mo"", ""content"": ""was putting in an order with deals and they literally took them away mid order for no reason extremely predatory and wrong"", ""score"": 1, ""thumbsUpCount"": 1, ""reviewCreatedVersion"": null, ""at"": ""2026-07-07T21:57:46+00:00"", ""replyContent"": null, ""repliedAt"": null, ""appVersion"": null}"
8c0127bcd40012b0d67ea639b20fc8e21c1ce941ce83cede7bcb12d1e7339b13,google_play,com.instagram.android,Instagram,b38c97c3-3c06-4d5b-9e67-9c759ee455be,Madhumitha A,https://play-lh.googleusercontent.com/a-/ALV-UjW9yOhyaKEqu-ZmixvSvCXmOLRON_L-s6gAhq1sFQec1PsabZc,good 👍🏻,5,0,2026-07-07T14:40:27+00:00,,,,2026-07-09T04:05:03.895816+00:00,phase2_day3_controlled_repeated_run_20260709_040118,"{""reviewId"": ""b38c97c3-3c06-4d5b-9e67-9c759ee455be"", ""userName"": ""Madhumitha A"", ""userImage"": ""https://play-lh.googleusercontent.com/a-/ALV-UjW9yOhyaKEqu-ZmixvSvCXmOLRON_L-s6gAhq1sFQec1PsabZc"", ""content"": ""good 👍🏻"", ""score"": 5, ""thumbsUpCount"": 0, ""reviewCreatedVersion"": null, ""at"": ""2026-07-07T14:40:27+00:00"", ""replyContent"": null, ""repliedAt"": null, ""appVersion"": null}"
5a6339ff706810bc7daa36d6b1da1a94a6936ff41b9e0671ea2283642868d4ee,google_play,com.instagram.android,Instagram,c2646c2a-9f03-4f25-aa3a-619bd4114d2c,prdeep kanojiya,https://play-lh.googleusercontent.com/a/ACg8ocIrt4FFbSGv8x2O_R-TGritCmuML2xb8QOnl8woRlnIp0GuKg-M=mo,good 👍,1,1,2026-07-07T17:31:42+00:00,,,437.0.0.33.78,2026-07-09T04:05:03.895816+00:00,phase2_day3_controlled_repeated_run_20260709_040118,"{""reviewId"": ""c2646c2a-9f03-4f25-aa3a-619bd4114d2c"", ""userName"": ""prdeep kanojiya"", ""userImage"": ""https://play-lh.googleusercontent.com/a/ACg8ocIrt4FFbSGv8x2O_R-TGritCmuML2xb8QOnl8woRlnIp0GuKg-M=mo"", ""content"": ""good 👍"", ""score"": 1, ""thumbsUpCount"": 1, ""reviewCreatedVersion"": ""437.0.0.33.78"", ""at"": ""2026-07-07T17:31:42+00:00"", ""replyContent"": null, ""repliedAt"": null, ""appVersion"": ""437.0.0.33.78""}"
08ba5e407fb5ab0ef6218d08867460d800cbf6344f4455c64e90336ed10f1601,google_play,com.google.android.youtube,YouTube,3189d2b1-cfb2-4ebd-b5c4-5bd97a160b05,Oheba Rahman Oresa,https://play-lh.googleusercontent.com/a-/ALV-UjX64ZpH82KxxI5yW8KmPP_fcfa9qV4JK7esCBduetCoNBtNCGVG,আর ব'বাবা বাবাদ,5,0,2026-07-08T03:50:45+00:00,,,21.26.364,2026-07-09T04:04:54.998644+00:00,phase2_day3_controlled_repeated_run_20260709_040118,"{""reviewId"": ""3189d2b1-cfb2-4ebd-b5c4-5bd97a160b05"", ""userName"": ""Oheba Rahman Oresa"", ""userImage"": ""https://play-lh.googleusercontent.com/a-/ALV-UjX64ZpH82KxxI5yW8KmPP_fcfa9qV4JK7esCBduetCoNBtNCGVG"", ""content"": ""আর ব'বাবা বাবাদ"", ""score"": 5, ""thumbsUpCount"": 0, ""reviewCreatedVersion"": ""21.26.364"", ""at"": ""2026-07-08T03:50:45+00:00"", ""replyContent"": null, ""repliedAt"": null, ""appVersion"": ""21.26.364""}"
757fcd782d36ea2e4357d6030fc63d189f8e83f51414d4da7a70181c76a73981,google_play,com.ubercab,Uber,aa7d7176-a40c-4b0b-be7a-e9fdb2fcab26,Adam Watts,https://play-lh.googleusercontent.com/a/ACg8ocIaK8CDd4624OEKa2V6GWLn2TCFS6vI_TzgoiygcDPvos8AwA=mo,Trash. At least for Uber Eats. Pay for food that never shows. What in the actual fu..?,1,0,2026-07-07T23:44:57+00:00,,,4.637.10003,2026-07-09T04:05:06.825330+00:00,phase2_day3_controlled_repeated_run_20260709_040118,"{""reviewId"": ""aa7d7176-a40c-4b0b-be7a-e9fdb2fcab26"", ""userName"": ""Adam Watts"", ""userImage"": ""https://play-lh.googleusercontent.com/a/ACg8ocIaK8CDd4624OEKa2V6GWLn2TCFS6vI_TzgoiygcDPvos8AwA=mo"", ""content"": ""Trash. At least for Uber Eats. Pay for food that never shows. What in the actual fu..?"", ""score"": 1, ""thumbsUpCount"": 0, ""reviewCreatedVersion"": ""4.637.10003"", ""at"": ""2026-07-07T23:44:57+00:00"", ""replyContent"": null, ""repliedAt"": null, ""appVersion"": ""4.637.10003""}"
41679272732650c92e848040984ed104157c115d90b1d1bee5032105d84d79fb,google_play,com.netflix.mediaclient,Netflix,14020e2d-c751-4a78-b7e8-639632c18c19,Amie Ros,https://play-lh.googleusercontent.com/a/ACg8ocJDsZL21hP5LgnBFwAc2zCfJyL7Owyo3IlZbE1s0xQJ6lGFNjg5=mo,enjoy these apps because more entertainment,5,0,2026-07-07T12:55:13+00:00,,,9.72.0 build 3 64216,2026-07-09T04:05:18.984606+00:00,phase2_day3_controlled_repeated_run_20260709_040118,"{""reviewId"": ""14020e2d-c751-4a78-b7e8-639632c18c19"", ""userName"": ""Amie Ros"", ""userImage"": ""https://play-lh.googleusercontent.com/a/ACg8ocJDsZL21hP5LgnBFwAc2zCfJyL7Owyo3IlZbE1s0xQJ6lGFNjg5=mo"", ""content"": ""enjoy these apps because more entertainment"", ""score"": 5, ""thumbsUpCount"": 0, ""reviewCreatedVersion"": ""9.72.0 build 3 64216"", ""at"": ""2026-07-07T12:55:13+00:00"", ""replyContent"": null, ""repliedAt"": null, ""appVersion"": ""9.72.0 build 3 64216""}"
6c0e70f323fd785f1bfd6afcab224e821bfd97e62e4dbd3ac8bb156b4a100803,google_play,com.ubercab,Uber,5ebd7bb9-4168-4470-85a0-41340c238037,Ravinder Kumar Sharma,https://play-lh.googleusercontent.com/a-/ALV-UjWYGj7uBLOlICJWMzWnO2wgz9bvS4n9edvCwkAtfERMFpiGDm_M4A,booking ke time fare kuchh aur hota hai destination par kuchh aur hi fare hota hai. yahi problem hai.,3,0,2026-07-08T02:50:08+00:00,,,4.638.10003,2026-07-09T04:05:06.825330+00:00,phase2_day3_controlled_repeated_run_20260709_040118,"{""reviewId"": ""5ebd7bb9-4168-4470-85a0-41340c238037"", ""userName"": ""Ravinder Kumar Sharma"", ""userImage"": ""https://play-lh.googleusercontent.com/a-/ALV-UjWYGj7uBLOlICJWMzWnO2wgz9bvS4n9edvCwkAtfERMFpiGDm_M4A"", ""content"": ""booking ke time fare kuchh aur hota hai destination par kuchh aur hi fare hota hai. yahi problem hai."", ""score"": 3, ""thumbsUpCount"": 0, ""reviewCreatedVersion"": ""4.638.10003"", ""at"": ""2026-07-08T02:50:08+00:00"", ""replyContent"": null, ""repliedAt"": null, ""appVersion"": ""4.638.10003""}"
2a0b05d85efacab9410f15bfa6d96f266fd9fe52a2f7179e93df2b3d7bff5d1f,google_play,com.google.android.youtube,YouTube,3629b8d4-7166-43e9-a2fe-355fd3da2d96,Ravindra Gurjar,https://play-lh.googleusercontent.com/a/ACg8ocJQ0ZY3n47R_HJTVE6NPG8PlJozs73p1FvXwVJkWTJ_ASYuYQ=mo,so mast 😋,5,1,2026-07-07T13:00:36+00:00,,,21.07.246,2026-07-09T04:04:54.998644+00:00,phase2_day3_controlled_repeated_run_20260709_040118,"{""reviewId"": ""3629b8d4-7166-43e9-a2fe-355fd3da2d96"", ""userName"": ""Ravindra Gurjar"", ""userImage"": ""https://play-lh.googleusercontent.com/a/ACg8ocJQ0ZY3n47R_HJTVE6NPG8PlJozs73p1FvXwVJkWTJ_ASYuYQ=mo"", ""content"": ""so mast 😋"", ""score"": 5, ""thumbsUpCount"": 1, ""reviewCreatedVersion"": ""21.07.246"", ""at"": ""2026-07-07T13:00:36+00:00"", ""replyContent"": null, ""repliedAt"": null, ""appVersion"": ""21.07.246""}"
b432ae024a1646a88ea1f4648470131112bf8e857a4a43744f47b429fca14fa1,google_play,com.google.android.youtube,YouTube,0bfc9149-3131-45b8-a8e6-5e0ff5d05f24,Jkn 5kbde,https://play-lh.googleusercontent.com/a/ACg8ocJ1WIqxwg9LwfoBW6NfGajq5EC0CAntec5v-QrZ0OXdPEugLQ=mo,دهکده غ,4,0,2026-07-07T16:48:15+00:00,,,21.17.481,2026-07-09T04:04:54.998644+00:00,phase2_day3_controlled_repeated_run_20260709_040118,"{""reviewId"": ""0bfc9149-3131-45b8-a8e6-5e0ff5d05f24"", ""userName"": ""Jkn 5kbde"", ""userImage"": ""https://play-lh.googleusercontent.com/a/ACg8ocJ1WIqxwg9LwfoBW6NfGajq5EC0CAntec5v-QrZ0OXdPEugLQ=mo"", ""content"": ""دهکده غ"", ""score"": 4, ""thumbsUpCount"": 0, ""reviewCreatedVersion"": ""21.17.481"", ""at"": ""2026-07-07T16:48:15+00:00"", ""replyContent"": null, ""repliedAt"": null, ""appVersion"": ""21.17.481""}"
3f2a572ede43cfd6fb898f988a61d6d219081aa45943915b0a4830424f656885,google_play,com.instagram.android,Instagram,6b18415f-3bb8-437a-8c2b-b10437065477,Anshu Kumar,https://play-lh.googleusercontent.com/a-/ALV-UjWopXSwR8F78VMXiecZdz6aTifdvbeGzPvGncJsSHDlBfCjuaY-,Abhishek,4,0,2026-07-08T00:33:17+00:00,,,435.0.0.37.76,2026-07-09T04:05:03.895816+00:00,phase2_day3_controlled_repeated_run_20260709_040118,"{""reviewId"": ""6b18415f-3bb8-437a-8c2b-b10437065477"", ""userName"": ""Anshu Kumar"", ""userImage"": ""https://play-lh.googleusercontent.com/a-/ALV-UjWopXSwR8F78VMXiecZdz6aTifdvbeGzPvGncJsSHDlBfCjuaY-"", ""content"": ""Abhishek"", ""score"": 4, ""thumbsUpCount"": 0, ""reviewCreatedVersion"": ""435.0.0.37.76"", ""at"": ""2026-07-08T00:33:17+00:00"", ""replyContent"": null, ""repliedAt"": null, ""appVersion"": ""435.0.0.37.76""}"
a5f84f86f83ee6733be6ebfac6dc3207c1e9ea12e523725a023d78eba2d78657,google_play,com.zhiliaoapp.musically,TikTok,23404033-9d6a-4ed7-a6a4-3540dcfe8e8d,Abbas Khan,https://play-lh.googleusercontent.com/a-/ALV-UjXeRCO3AvPBoal6yqu5xzSx6acC-ODuNqMoSEuwGXr9E_pK8vaN,Dear tiktok Team Please Unfreeze My Video I'm Still Waiting For 50k Folwars Please This Account (Abbasyousafzai1020,2,0,2026-07-07T15:01:36+00:00,,,45.9.3,2026-07-09T04:04:58.240590+00:00,phase2_day3_controlled_repeated_run_20260709_040118,"{""reviewId"": ""23404033-9d6a-4ed7-a6a4-3540dcfe8e8d"", ""userName"": ""Abbas Khan"", ""userImage"": ""https://play-lh.googleusercontent.com/a-/ALV-UjXeRCO3AvPBoal6yqu5xzSx6acC-ODuNqMoSEuwGXr9E_pK8vaN"", ""content"": ""Dear tiktok Team Please Unfreeze My Video I'm Still Waiting For 50k Folwars Please This Account (Abbasyousafzai1020"", ""score"": 2, ""thumbsUpCount"": 0, ""reviewCreatedVersion"": ""45.9.3"", ""at"": ""2026-07-07T15:01:36+00:00"", ""replyContent"": null, ""repliedAt"": null, ""appVersion"": ""45.9.3""}"
3dbd9dda559a41c0d84f531bb3baccbcc9acb61c18ea8dd28abd0a662f89873c,google_play,com.duolingo,Duolingo,d7cfd15a-0bd3-4772-8750-aba5c0337978,Francis Nnajiugo,https://play-lh.googleusercontent.com/a/ACg8ocKyFxVWlyIWpvodouWcDX4rW_ltYm4M-9lDbPAG6tGmzD8Y2w=mo,it's amazing and very helpful,4,0,2026-07-07T18:46:00+00:00,,,6.86.5,2026-07-09T04:05:12.253563+00:00,phase2_day3_controlled_repeated_run_20260709_040118,"{""reviewId"": ""d7cfd15a-0bd3-4772-8750-aba5c0337978"", ""userName"": ""Francis Nnajiugo"", ""userImage"": ""https://play-lh.googleusercontent.com/a/ACg8ocKyFxVWlyIWpvodouWcDX4rW_ltYm4M-9lDbPAG6tGmzD8Y2w=mo"", ""content"": ""it's amazing and very helpful"", ""score"": 4, ""thumbsUpCount"": 0, ""reviewCreatedVersion"": ""6.86.5"", ""at"": ""2026-07-07T18:46:00+00:00"", ""replyContent"": null, ""repliedAt"": null, ""appVersion"": ""6.86.5""}"
27f633d0b2a40d03d856e5dfeb2ce9ba58f7902180deb8777a9ee29622c03b53,google_play,com.duolingo,Duolingo,8afccf75-82e1-461a-819c-c1d7f5367382,Salma Wael,https://play-lh.googleusercontent.com/a/ACg8ocJWFlXtDG_liMkGTyuCTtEqBf2ZCT0y9ouQmBRqOiMuA-ZwKA=mo,it is really great,4,0,2026-07-07T15:16:49+00:00,,,6.86.5,2026-07-09T04:05:12.253563+00:00,phase2_day3_controlled_repeated_run_20260709_040118,"{""reviewId"": ""8afccf75-82e1-461a-819c-c1d7f5367382"", ""userName"": ""Salma Wael"", ""userImage"": ""https://play-lh.googleusercontent.com/a/ACg8ocJWFlXtDG_liMkGTyuCTtEqBf2ZCT0y9ouQmBRqOiMuA-ZwKA=mo"", ""content"": ""it is really great"", ""score"": 4, ""thumbsUpCount"": 0, ""reviewCreatedVersion"": ""6.86.5"", ""at"": ""2026-07-07T15:16:49+00:00"", ""replyContent"": null, ""repliedAt"": null, ""appVersion"": ""6.86.5""}"
63ad2707f8b3a2f7fae3d9ee6b8c9573aa5caa44a684060d96b9d290eef0f455,google_play,com.ubercab,Uber,0be7c5ea-500d-4799-824c-c78434cc51b3,vijaya lakshmi,https://play-lh.googleusercontent.com/a/ACg8ocJ_s2nJS1Vqbf3JA8-dwtJV6a-lVrwdOt3ZrKpWnMYHbsjhLA=mo,we had a pathetic experience with Uber as my husband met with an accident because of the careless driving of Uber bike driver he is 65yr old while riding a senior citizen how careful the driver needs to be he took him from. the wrong route he was on his way to his office he reached back home bleeding he don't even have a medical insurance how can u people be so careless about people's lyf I want u people to contact me immediately I won't spare u people,1,0,2026-07-07T12:55:29+00:00,,,4.636.10000,2026-07-09T04:05:06.825330+00:00,phase2_day3_controlled_repeated_run_20260709_040118,"{""reviewId"": ""0be7c5ea-500d-4799-824c-c78434cc51b3"", ""userName"": ""vijaya lakshmi"", ""userImage"": ""https://play-lh.googleusercontent.com/a/ACg8ocJ_s2nJS1Vqbf3JA8-dwtJV6a-lVrwdOt3ZrKpWnMYHbsjhLA=mo"", ""content"": ""we had a pathetic experience with Uber as my husband met with an accident because of the careless driving of Uber bike driver he is 65yr old while riding a senior citizen how careful the driver needs to be he took him from. the wrong route he was on his way to his office he reached back home bleeding he don't even have a medical insurance how can u people be so careless about people's lyf I want u people to contact me immediately I won't spare u people"", ""score"": 1, ""thumbsUpCount"": 0, ""reviewCreatedVersion"": ""4.636.10000"", ""at"": ""2026-07-07T12:55:29+00:00"", ""replyContent"": null, ""repliedAt"": null, ""appVersion"": ""4.636.10000""}"
20be564f16ec497aeb7feabaf04fa75b9134d3a4516f915d4a71d19d4c4ff753,google_play,com.spotify.music,Spotify,0960e3ca-ea69-4ce2-a515-af162e4fb6ba,Tony Tmt Auto Detail,https://play-lh.googleusercontent.com/a-/ALV-UjXcPpM94MZNx0XBHevEyPh3xQ0vAj5dAQP40CWG8z3MwFfl4omqVQ,Great service,5,0,2026-07-07T12:33:47+00:00,,,9.1.62.1601,2026-07-09T04:05:01.081677+00:00,phase2_day3_controlled_repeated_run_20260709_040118,"{""reviewId"": ""0960e3ca-ea69-4ce2-a515-af162e4fb6ba"", ""userName"": ""Tony Tmt Auto Detail"", ""userImage"": ""https://play-lh.googleusercontent.com/a-/ALV-UjXcPpM94MZNx0XBHevEyPh3xQ0vAj5dAQP40CWG8z3MwFfl4omqVQ"", ""content"": ""Great service"", ""score"": 5, ""thumbsUpCount"": 0, ""reviewCreatedVersion"": ""9.1.62.1601"", ""at"": ""2026-07-07T12:33:47+00:00"", ""replyContent"": null, ""repliedAt"": null, ""appVersion"": ""9.1.62.1601""}"
5deba193f8e4e7c353851b8012f24031e9745365fa89e7e8c389a77c5cd03b5f,google_play,com.instagram.android,Instagram,a9fc441d-f52d-43a2-a00b-a7def4f95439,Sirak Seblu,https://play-lh.googleusercontent.com/a-/ALV-UjVGfYxUm_LD9NYtYiLilNlHjUIuKryvjjjn8aG1v7--L3heCozy,"amazing you can talk,share and enjoy",1,1,2026-07-07T20:34:47+00:00,,,436.0.0.41.73,2026-07-09T04:05:03.895816+00:00,phase2_day3_controlled_repeated_run_20260709_040118,"{""reviewId"": ""a9fc441d-f52d-43a2-a00b-a7def4f95439"", ""userName"": ""Sirak Seblu"", ""userImage"": ""https://play-lh.googleusercontent.com/a-/ALV-UjVGfYxUm_LD9NYtYiLilNlHjUIuKryvjjjn8aG1v7--L3heCozy"", ""content"": ""amazing you can talk,share and enjoy"", ""score"": 1, ""thumbsUpCount"": 1, ""reviewCreatedVersion"": ""436.0.0.41.73"", ""at"": ""2026-07-07T20:34:47+00:00"", ""replyContent"": null, ""repliedAt"": null, ""appVersion"": ""436.0.0.41.73""}"
92f0579806bd4c7a539322fa443cbced29fc554ba1bb7228c4f8ffe942cb5fae,google_play,com.instagram.android,Instagram,d997dc0e-a72a-43cd-9b39-7f79c0bbbd08,Md Samshad rahi,https://play-lh.googleusercontent.com/a/ACg8ocKvFW4bPuCStyEG6WPjHrS7cJG-XCdDPjSsHtYb4bsQhaQ8DA=mo,Love3u Insta is a very good app,5,0,2026-07-07T17:55:57+00:00,,,,2026-07-09T04:05:03.895816+00:00,phase2_day3_controlled_repeated_run_20260709_040118,"{""reviewId"": ""d997dc0e-a72a-43cd-9b39-7f79c0bbbd08"", ""userName"": ""Md Samshad rahi"", ""userImage"": ""https://play-lh.googleusercontent.com/a/ACg8ocKvFW4bPuCStyEG6WPjHrS7cJG-XCdDPjSsHtYb4bsQhaQ8DA=mo"", ""content"": ""Love3u Insta is a very good app"", ""score"": 5, ""thumbsUpCount"": 0, ""reviewCreatedVersion"": null, ""at"": ""2026-07-07T17:55:57+00:00"", ""replyContent"": null, ""repliedAt"": null, ""appVersion"": null}"
495d128cfbf55fbeaccc5788869a809395ce8310462393b2bacc7affc2888b34,google_play,com.google.android.youtube,YouTube,bfb4bfc0-ff44-4133-bc7f-e7abf20f831f,Colton&Elijah,https://play-lh.googleusercontent.com/a/ACg8ocIBz5cXkpkiMg3vfZ8FezbJZ9SzkWoJUGjyRFAQJF6Dmt3vBA=mo,Yt is my favorite 🥰🥰,5,0,2026-07-07T23:09:38+00:00,,,16.41.35,2026-07-09T04:04:54.998644+00:00,phase2_day3_controlled_repeated_run_20260709_040118,"{""reviewId"": ""bfb4bfc0-ff44-4133-bc7f-e7abf20f831f"", ""userName"": ""Colton&Elijah"", ""userImage"": ""https://play-lh.googleusercontent.com/a/ACg8ocIBz5cXkpkiMg3vfZ8FezbJZ9SzkWoJUGjyRFAQJF6Dmt3vBA=mo"", ""content"": ""Yt is my favorite 🥰🥰"", ""score"": 5, ""thumbsUpCount"": 0, ""reviewCreatedVersion"": ""16.41.35"", ""at"": ""2026-07-07T23:09:38+00:00"", ""replyContent"": null, ""repliedAt"": null, ""appVersion"": ""16.41.35""}"
ca7c7b4d283e192445aa01bb455e4e97b8b4c958705e77452a7059c34a3972c8,google_play,com.google.android.youtube,YouTube,9f0806d4-0795-48fe-a69b-14be374e9260,Radha Radha,https://play-lh.googleusercontent.com/a/ACg8ocItEZkHRIn80Kv9-x2YzJBG38_W4rt51vR4-1p3fkQWQw4Gug=mo,OK I love you tube,4,0,2026-07-07T12:06:00+00:00,,,14.49.51,2026-07-09T04:04:54.998644+00:00,phase2_day3_controlled_repeated_run_20260709_040118,"{""reviewId"": ""9f0806d4-0795-48fe-a69b-14be374e9260"", ""userName"": ""Radha Radha"", ""userImage"": ""https://play-lh.googleusercontent.com/a/ACg8ocItEZkHRIn80Kv9-x2YzJBG38_W4rt51vR4-1p3fkQWQw4Gug=mo"", ""content"": ""OK I love you tube"", ""score"": 4, ""thumbsUpCount"": 0, ""reviewCreatedVersion"": ""14.49.51"", ""at"": ""2026-07-07T12:06:00+00:00"", ""replyContent"": null, ""repliedAt"": null, ""appVersion"": ""14.49.51""}"
8240ee0fb54b52f7f80d9ad034fb357fdc104c316f207b9912f28c541659afac,google_play,com.google.android.apps.maps,Google Maps,d1671e24-e89f-4ab0-a7e4-9965806909cb,Ashish Kumar Harpal singh,https://play-lh.googleusercontent.com/a/ACg8ocJqFwrpzXK5maQDBU6vr5h0ECmzfqDPcCGYQFkszN5vF8-90A=mo,good,5,0,2026-07-07T17:15:04+00:00,,,11.72.0302,2026-07-09T04:05:15.564699+00:00,phase2_day3_controlled_repeated_run_20260709_040118,"{""reviewId"": ""d1671e24-e89f-4ab0-a7e4-9965806909cb"", ""userName"": ""Ashish Kumar Harpal singh"", ""userImage"": ""https://play-lh.googleusercontent.com/a/ACg8ocJqFwrpzXK5maQDBU6vr5h0ECmzfqDPcCGYQFkszN5vF8-90A=mo"", ""content"": ""good"", ""score"": 5, ""thumbsUpCount"": 0, ""reviewCreatedVersion"": ""11.72.0302"", ""at"": ""2026-07-07T17:15:04+00:00"", ""replyContent"": null, ""repliedAt"": null, ""appVersion"": ""11.72.0302""}"
de9ac4c999ad1b3ae14e8ecb44ad18090262836f5f801b67f8d1c4a03f1e4dcb,google_play,com.zhiliaoapp.musically,TikTok,ddd02b95-3132-4929-b4da-225430c59d7d,ABUBAKAR KHALIL370,https://play-lh.googleusercontent.com/a-/ALV-UjUF37vo6dQhbyxQH-uQQqy5pCeyM1ewCMFz0pYwrfhlf2UJFSE,Enjoy 😊,5,0,2026-07-07T19:10:54+00:00,Hi! Thanks for taking the time to share your feedback. Your support is greatly appreciated.,2026-07-07T19:40:12+00:00,,2026-07-09T04:04:58.240590+00:00,phase2_day3_controlled_repeated_run_20260709_040118,"{""reviewId"": ""ddd02b95-3132-4929-b4da-225430c59d7d"", ""userName"": ""ABUBAKAR KHALIL370"", ""userImage"": ""https://play-lh.googleusercontent.com/a-/ALV-UjUF37vo6dQhbyxQH-uQQqy5pCeyM1ewCMFz0pYwrfhlf2UJFSE"", ""content"": ""Enjoy 😊"", ""score"": 5, ""thumbsUpCount"": 0, ""reviewCreatedVersion"": null, ""at"": ""2026-07-07T19:10:54+00:00"", ""replyContent"": ""Hi! Thanks for taking the time to share your feedback. Your support is greatly appreciated."", ""repliedAt"": ""2026-07-07T19:40:12+00:00"", ""appVersion"": null}"
0471ffe3809fcda573244cb3ec67dcf892843bf9d2dbb8fe31d36ed1a904cfd1,google_play,com.instagram.android,Instagram,74adb620-d619-4ae7-b4c4-f4107b69b711,Mohd Aasif,https://play-lh.googleusercontent.com/a-/ALV-UjU4D2C289i5Kdxofc7t9BVmfy-i5nhGfFNXG5NZcu8r6TrItgO3,tell us more options,5,0,2026-07-07T17:56:03+00:00,,,435.0.0.37.76,2026-07-09T04:05:03.895816+00:00,phase2_day3_controlled_repeated_run_20260709_040118,"{""reviewId"": ""74adb620-d619-4ae7-b4c4-f4107b69b711"", ""userName"": ""Mohd Aasif"", ""userImage"": ""https://play-lh.googleusercontent.com/a-/ALV-UjU4D2C289i5Kdxofc7t9BVmfy-i5nhGfFNXG5NZcu8r6TrItgO3"", ""content"": ""tell us more options"", ""score"": 5, ""thumbsUpCount"": 0, ""reviewCreatedVersion"": ""435.0.0.37.76"", ""at"": ""2026-07-07T17:56:03+00:00"", ""replyContent"": null, ""repliedAt"": null, ""appVersion"": ""435.0.0.37.76""}"
13063ba757bfcfeb66214212fce52364eddf25a9585bd74588ce387921c382ed,google_play,com.instagram.android,Instagram,98f55027-b1f2-476f-9163-06c9f93a91c0,Divyanshu Verma,https://play-lh.googleusercontent.com/a/ACg8ocLOOdnQGdptkC55gyWfb95fmIv00TTd34ZWnX-EGsnQDgE-zQ=mo,excellent,5,1,2026-07-07T20:35:26+00:00,,,436.0.0.41.73,2026-07-09T04:05:03.895816+00:00,phase2_day3_controlled_repeated_run_20260709_040118,"{""reviewId"": ""98f55027-b1f2-476f-9163-06c9f93a91c0"", ""userName"": ""Divyanshu Verma"", ""userImage"": ""https://play-lh.googleusercontent.com/a/ACg8ocLOOdnQGdptkC55gyWfb95fmIv00TTd34ZWnX-EGsnQDgE-zQ=mo"", ""content"": ""excellent"", ""score"": 5, ""thumbsUpCount"": 1, ""reviewCreatedVersion"": ""436.0.0.41.73"", ""at"": ""2026-07-07T20:35:26+00:00"", ""replyContent"": null, ""repliedAt"": null, ""appVersion"": ""436.0.0.41.73""}"
18f61644febdb1c88bd6a9fb6826951396af7bb4478d759fac55b29a92624d9c,google_play,com.google.android.youtube,YouTube,44685483-b394-4069-93dc-94a4c779a107,M King,https://play-lh.googleusercontent.com/a/ACg8ocLv57nN_KirxNDTcA2YawCFJAkImJvQ3Yu91OdcZiImr6yuBQ=mo,aasa,5,0,2026-07-07T18:28:03+00:00,,,20.02.40,2026-07-09T04:04:54.998644+00:00,phase2_day3_controlled_repeated_run_20260709_040118,"{""reviewId"": ""44685483-b394-4069-93dc-94a4c779a107"", ""userName"": ""M King"", ""userImage"": ""https://play-lh.googleusercontent.com/a/ACg8ocLv57nN_KirxNDTcA2YawCFJAkImJvQ3Yu91OdcZiImr6yuBQ=mo"", ""content"": ""aasa"", ""score"": 5, ""thumbsUpCount"": 0, ""reviewCreatedVersion"": ""20.02.40"", ""at"": ""2026-07-07T18:28:03+00:00"", ""replyContent"": null, ""repliedAt"": null, ""appVersion"": ""20.02.40""}"
b7a53b51a826f9ad9cbe0b318703a570b65d7da041d1828748840cc067a4ced8,google_play,com.duolingo,Duolingo,b392f1dc-2c8f-4e65-877d-39e80ba23771,Aubree Kelley,https://play-lh.googleusercontent.com/a-/ALV-UjXBxWdwR0cVOZ-U_0MxFrg6IpEfMwxfXplULhz4PfYN_z7a9Icr,it helps me learn multiple languages and will go back and help me if I mess up unlike other apps and you can also do math on it its like studing and gaming at the same time,5,0,2026-07-07T14:09:15+00:00,,,6.86.5,2026-07-09T04:05:12.253563+00:00,phase2_day3_controlled_repeated_run_20260709_040118,"{""reviewId"": ""b392f1dc-2c8f-4e65-877d-39e80ba23771"", ""userName"": ""Aubree Kelley"", ""userImage"": ""https://play-lh.googleusercontent.com/a-/ALV-UjXBxWdwR0cVOZ-U_0MxFrg6IpEfMwxfXplULhz4PfYN_z7a9Icr"", ""content"": ""it helps me learn multiple languages and will go back and help me if I mess up unlike other apps and you can also do math on it its like studing and gaming at the same time"", ""score"": 5, ""thumbsUpCount"": 0, ""reviewCreatedVersion"": ""6.86.5"", ""at"": ""2026-07-07T14:09:15+00:00"", ""replyContent"": null, ""repliedAt"": null, ""appVersion"": ""6.86.5""}"
0fd4378f1d136f285cf22928ddabe46a2f2ce3f0a05f0e50933a6aba53981b96,google_play,com.google.android.youtube,YouTube,aed16184-44b1-4bb3-9b43-a7d119d3d5d3,Akhtar jadoon Jadoon,https://play-lh.googleusercontent.com/a-/ALV-UjWXiA9wD_Tll8Nm5lk-aB13MmQ5EQTYjC2Uiez2uZrCt7V3oA9A,Good,5,2,2026-07-07T12:15:33+00:00,,,21.26.364,2026-07-09T04:04:54.998644+00:00,phase2_day3_controlled_repeated_run_20260709_040118,"{""reviewId"": ""aed16184-44b1-4bb3-9b43-a7d119d3d5d3"", ""userName"": ""Akhtar jadoon Jadoon"", ""userImage"": ""https://play-lh.googleusercontent.com/a-/ALV-UjWXiA9wD_Tll8Nm5lk-aB13MmQ5EQTYjC2Uiez2uZrCt7V3oA9A"", ""content"": ""Good"", ""score"": 5, ""thumbsUpCount"": 2, ""reviewCreatedVersion"": ""21.26.364"", ""at"": ""2026-07-07T12:15:33+00:00"", ""replyContent"": null, ""repliedAt"": null, ""appVersion"": ""21.26.364""}"
