review_key,source,app_id,app_name,review_id,user_name,user_image,content_raw,score,thumbs_up_count,review_created_at,reply_content_raw,replied_at,app_version,fetched_at,run_id,raw_json
8ba7a7a1b75a6c99aff81ca27f957f5669a4dd7f583fe7ead7f29a470ef84de1,google_play,com.dd.doordash,DoorDash,05d0e537-aa45-4aae-9980-af85848d4899,Ashley W,https://play-lh.googleusercontent.com/a-/ALV-UjUNMsrmVkiYJLKlnSXnWmu7W4EMBoGGOsIkjs3n3iB7dm4BDsUj,I'll put review after I get my food,5,0,2026-07-08T17:26:01+00:00,,,15.280.2,2026-07-09T21:14:49.802383+00:00,phase2_cadence_runA_twice_daily_test_20260709_210858,"{""reviewId"": ""05d0e537-aa45-4aae-9980-af85848d4899"", ""userName"": ""Ashley W"", ""userImage"": ""https://play-lh.googleusercontent.com/a-/ALV-UjUNMsrmVkiYJLKlnSXnWmu7W4EMBoGGOsIkjs3n3iB7dm4BDsUj"", ""content"": ""I'll put review after I get my food"", ""score"": 5, ""thumbsUpCount"": 0, ""reviewCreatedVersion"": ""15.280.2"", ""at"": ""2026-07-08T17:26:01+00:00"", ""replyContent"": null, ""repliedAt"": null, ""appVersion"": ""15.280.2""}"
349f1a1a3ab58d11a6b23fa80ee6181220908c955befc754bef81c0cb66a4244,google_play,com.instagram.android,Instagram,24a3a7e5-d0d6-4517-b52c-4b22f1f975b6,Ayan Qureshi,https://play-lh.googleusercontent.com/a/ACg8ocJuk-csPegcwb5cY9sg2UOo0ypUdYnUJjOKsBf6962vqboD=mo,Nice app,5,0,2026-07-08T17:40:57+00:00,,,,2026-07-09T21:14:43.782074+00:00,phase2_cadence_runA_twice_daily_test_20260709_210858,"{""reviewId"": ""24a3a7e5-d0d6-4517-b52c-4b22f1f975b6"", ""userName"": ""Ayan Qureshi"", ""userImage"": ""https://play-lh.googleusercontent.com/a/ACg8ocJuk-csPegcwb5cY9sg2UOo0ypUdYnUJjOKsBf6962vqboD=mo"", ""content"": ""Nice app"", ""score"": 5, ""thumbsUpCount"": 0, ""reviewCreatedVersion"": null, ""at"": ""2026-07-08T17:40:57+00:00"", ""replyContent"": null, ""repliedAt"": null, ""appVersion"": null}"
aa9dcc0e026a539570d423578bae5fe6345f0fbe91c9d44d4aa0ba3cec596119,google_play,com.zhiliaoapp.musically,TikTok,bcda207a-f5d6-4953-811f-b7ad00358a04,Peninah Agwang,https://play-lh.googleusercontent.com/a/ACg8ocKgapYDllRCrJHxnytVjcyVcmK11zBEERjedOnu7REJg7mPSA=mo,Its delaying to open,2,0,2026-07-08T12:03:38+00:00,"Hi, sorry for the inconvenience. To help us look into this properly, please report your issue directly through the TikTok app:
Go to your Profile, tap Menu, Settings and Privacy, then Help Center.
We truly appreciate your patience and look forward to getting this resolved.",2026-07-08T12:20:12+00:00,45.7.3,2026-07-09T21:14:38.342700+00:00,phase2_cadence_runA_twice_daily_test_20260709_210858,"{""reviewId"": ""bcda207a-f5d6-4953-811f-b7ad00358a04"", ""userName"": ""Peninah Agwang"", ""userImage"": ""https://play-lh.googleusercontent.com/a/ACg8ocKgapYDllRCrJHxnytVjcyVcmK11zBEERjedOnu7REJg7mPSA=mo"", ""content"": ""Its delaying to open"", ""score"": 2, ""thumbsUpCount"": 0, ""reviewCreatedVersion"": ""45.7.3"", ""at"": ""2026-07-08T12:03:38+00:00"", ""replyContent"": ""Hi, sorry for the inconvenience. To help us look into this properly, please report your issue directly through the TikTok app:\nGo to your Profile, tap Menu, Settings and Privacy, then Help Center.\nWe truly appreciate your patience and look forward to getting this resolved."", ""repliedAt"": ""2026-07-08T12:20:12+00:00"", ""appVersion"": ""45.7.3""}"
9f2fc91ed8969688e9d14b953225b27115fcb79974dc1f69f231458dcf844784,google_play,com.google.android.youtube,YouTube,522c9be4-ab2a-48e1-98ba-d0b7e5168914,Sima Khairnar,https://play-lh.googleusercontent.com/a/ACg8ocLBu5wDD7X8E9Uem1qe6iAcrLHSGmxncKvi_PkR5gjXqW3z0g=mo,Bhushan narkar,5,1,2026-07-08T16:25:54+00:00,,,12.37.59,2026-07-09T21:14:35.116668+00:00,phase2_cadence_runA_twice_daily_test_20260709_210858,"{""reviewId"": ""522c9be4-ab2a-48e1-98ba-d0b7e5168914"", ""userName"": ""Sima Khairnar"", ""userImage"": ""https://play-lh.googleusercontent.com/a/ACg8ocLBu5wDD7X8E9Uem1qe6iAcrLHSGmxncKvi_PkR5gjXqW3z0g=mo"", ""content"": ""Bhushan narkar"", ""score"": 5, ""thumbsUpCount"": 1, ""reviewCreatedVersion"": ""12.37.59"", ""at"": ""2026-07-08T16:25:54+00:00"", ""replyContent"": null, ""repliedAt"": null, ""appVersion"": ""12.37.59""}"
339e0fb6e62933d64e201c92db8a028fbeb3ca131fc8550d467c5ab7547835f3,google_play,com.google.android.apps.maps,Google Maps,bbab18a1-584d-4d90-aee9-94c37c4266a6,Maylay 1993,https://play-lh.googleusercontent.com/a/ACg8ocK7LmtVDy0UfB287K_FTWZtptPZMVEl3xUshqOUrN-7WQyLVg=mo,👍,5,0,2026-07-08T06:57:07+00:00,,,10.64.2,2026-07-09T21:14:55.165041+00:00,phase2_cadence_runA_twice_daily_test_20260709_210858,"{""reviewId"": ""bbab18a1-584d-4d90-aee9-94c37c4266a6"", ""userName"": ""Maylay 1993"", ""userImage"": ""https://play-lh.googleusercontent.com/a/ACg8ocK7LmtVDy0UfB287K_FTWZtptPZMVEl3xUshqOUrN-7WQyLVg=mo"", ""content"": ""👍"", ""score"": 5, ""thumbsUpCount"": 0, ""reviewCreatedVersion"": ""10.64.2"", ""at"": ""2026-07-08T06:57:07+00:00"", ""replyContent"": null, ""repliedAt"": null, ""appVersion"": ""10.64.2""}"
cbf6ca9bba8d7ba280b03bb3b037e8ac5996a6417c3d127a88ec40c9d8c0d9dc,google_play,com.instagram.android,Instagram,90b57c73-ae05-4df0-8474-859190934cd6,Ashwin Puri,https://play-lh.googleusercontent.com/a/ACg8ocKzebMPUiBWgnNLwKw-k4gAO6_XGSKp-A2-6XcGqHOcTKEiYg=mo,super,5,0,2026-07-08T18:54:53+00:00,,,,2026-07-09T21:14:43.782074+00:00,phase2_cadence_runA_twice_daily_test_20260709_210858,"{""reviewId"": ""90b57c73-ae05-4df0-8474-859190934cd6"", ""userName"": ""Ashwin Puri"", ""userImage"": ""https://play-lh.googleusercontent.com/a/ACg8ocKzebMPUiBWgnNLwKw-k4gAO6_XGSKp-A2-6XcGqHOcTKEiYg=mo"", ""content"": ""super"", ""score"": 5, ""thumbsUpCount"": 0, ""reviewCreatedVersion"": null, ""at"": ""2026-07-08T18:54:53+00:00"", ""replyContent"": null, ""repliedAt"": null, ""appVersion"": null}"
c1a0f8601883571fac13680c65e566616736c7585d14bd400c564cfa098fabaa,google_play,com.instagram.android,Instagram,c35744de-4ec9-42ec-b103-8a8026dea0a5,Shazan Khan,https://play-lh.googleusercontent.com/a/ACg8ocLwVSZIhze4vrDrvTPuP8JPGVg3ZIkE137BZkcB0CEQDPRe0A=mo,my instagram account is disabled my account is so important for me its too old account and many memories in my account please back my account,1,0,2026-07-08T16:47:48+00:00,,,,2026-07-09T21:14:43.782074+00:00,phase2_cadence_runA_twice_daily_test_20260709_210858,"{""reviewId"": ""c35744de-4ec9-42ec-b103-8a8026dea0a5"", ""userName"": ""Shazan Khan"", ""userImage"": ""https://play-lh.googleusercontent.com/a/ACg8ocLwVSZIhze4vrDrvTPuP8JPGVg3ZIkE137BZkcB0CEQDPRe0A=mo"", ""content"": ""my instagram account is disabled my account is so important for me its too old account and many memories in my account please back my account"", ""score"": 1, ""thumbsUpCount"": 0, ""reviewCreatedVersion"": null, ""at"": ""2026-07-08T16:47:48+00:00"", ""replyContent"": null, ""repliedAt"": null, ""appVersion"": null}"
c2d87d52ed46b34c084b20a9bcc506bbf579cfa9ac69e869f06491cb8c089fa6,google_play,com.netflix.mediaclient,Netflix,e1823266-deb6-48de-bfca-0032e1dc6766,REHAN.M Rehan.,https://play-lh.googleusercontent.com/a-/ALV-UjWRFEEtZNHR1tQxdPec1TJOfK4GfyL_vzEq-CoMqAwxlN1HDWE,crazy bro,5,0,2026-07-08T08:56:22+00:00,,,,2026-07-09T21:14:57.828674+00:00,phase2_cadence_runA_twice_daily_test_20260709_210858,"{""reviewId"": ""e1823266-deb6-48de-bfca-0032e1dc6766"", ""userName"": ""REHAN.M Rehan."", ""userImage"": ""https://play-lh.googleusercontent.com/a-/ALV-UjWRFEEtZNHR1tQxdPec1TJOfK4GfyL_vzEq-CoMqAwxlN1HDWE"", ""content"": ""crazy bro"", ""score"": 5, ""thumbsUpCount"": 0, ""reviewCreatedVersion"": null, ""at"": ""2026-07-08T08:56:22+00:00"", ""replyContent"": null, ""repliedAt"": null, ""appVersion"": null}"
77221a5c8698cda914a43367b0ebafbfe4c0f1b161d0b375aff80d15a77173eb,google_play,com.google.android.youtube,YouTube,a70cb5e1-7265-414f-a436-8c2baf72ee70,Fatima Md,https://play-lh.googleusercontent.com/a-/ALV-UjUUXYQrEJoDGTh8E4gLAb9NP-VYfvto1zijMrqz8wD7sajTcuxU,"Great app, but regional payment and heavy ads issues This is a very good app! I use it all the time for watching movies, passing the time, and studying. The video quality is excellent. However, I have two main issues: ​I cannot upgrade to a Premium account because the payment methods are not supported in my country. ​When I use a VPN to watch content from other regions, the ads become unbearable! I get about 6 to 7 ads every 10 minutes, which ruins the experience. ​Please fix the payment option",3,1,2026-07-08T15:24:27+00:00,,,21.26.364,2026-07-09T21:14:35.116668+00:00,phase2_cadence_runA_twice_daily_test_20260709_210858,"{""reviewId"": ""a70cb5e1-7265-414f-a436-8c2baf72ee70"", ""userName"": ""Fatima Md"", ""userImage"": ""https://play-lh.googleusercontent.com/a-/ALV-UjUUXYQrEJoDGTh8E4gLAb9NP-VYfvto1zijMrqz8wD7sajTcuxU"", ""content"": ""Great app, but regional payment and heavy ads issues This is a very good app! I use it all the time for watching movies, passing the time, and studying. The video quality is excellent. However, I have two main issues: ​I cannot upgrade to a Premium account because the payment methods are not supported in my country. ​When I use a VPN to watch content from other regions, the ads become unbearable! I get about 6 to 7 ads every 10 minutes, which ruins the experience. ​Please fix the payment option"", ""score"": 3, ""thumbsUpCount"": 1, ""reviewCreatedVersion"": ""21.26.364"", ""at"": ""2026-07-08T15:24:27+00:00"", ""replyContent"": null, ""repliedAt"": null, ""appVersion"": ""21.26.364""}"
b22d7337cadc6d39c95b14fe531902d5fef6596be2ca88c1cdddac4be24bf13c,google_play,com.zhiliaoapp.musically,TikTok,f11c7139-1083-4612-966b-1a445b6059ca,Malik Ishfaq,https://play-lh.googleusercontent.com/a/ACg8ocK5jLcOsdniu9b0C9h8xLC6IHpXb8o9lWgc7rK8ILIyjXo-Fg=mo,good luck with your work and your family is amazing and I love it when you have a good luck with your job done ✅ I ☺️ know you are not 🚫 or not 🚫 the other EU 😔 is the other way to get the money for a year 😭 and I don't have to pay for a year or so to get a year 😭 and I can pay for the other ones I don't want to do it and you don't have a lot of it when it's a good job and it when it is the same thing as I can get e to pay to pay for it and it represents me t and it will be so to get it And,5,0,2026-07-08T15:59:28+00:00,Hi! Thanks for taking the time to share your feedback. Your support is greatly appreciated.,2026-07-08T16:20:13+00:00,45.9.3,2026-07-09T21:14:38.342700+00:00,phase2_cadence_runA_twice_daily_test_20260709_210858,"{""reviewId"": ""f11c7139-1083-4612-966b-1a445b6059ca"", ""userName"": ""Malik Ishfaq"", ""userImage"": ""https://play-lh.googleusercontent.com/a/ACg8ocK5jLcOsdniu9b0C9h8xLC6IHpXb8o9lWgc7rK8ILIyjXo-Fg=mo"", ""content"": ""good luck with your work and your family is amazing and I love it when you have a good luck with your job done ✅ I ☺️ know you are not 🚫 or not 🚫 the other EU 😔 is the other way to get the money for a year 😭 and I don't have to pay for a year or so to get a year 😭 and I can pay for the other ones I don't want to do it and you don't have a lot of it when it's a good job and it when it is the same thing as I can get e to pay to pay for it and it represents me t and it will be so to get it And"", ""score"": 5, ""thumbsUpCount"": 0, ""reviewCreatedVersion"": ""45.9.3"", ""at"": ""2026-07-08T15:59:28+00:00"", ""replyContent"": ""Hi! Thanks for taking the time to share your feedback. Your support is greatly appreciated."", ""repliedAt"": ""2026-07-08T16:20:13+00:00"", ""appVersion"": ""45.9.3""}"
48687df190fcbe3786b33e44fa90889f7d482ef9388f256765f265c4d05b68fc,google_play,com.google.android.youtube,YouTube,d3acfeaf-cab6-4b6b-bce7-c0c513f158ff,Radha Somu,https://play-lh.googleusercontent.com/a/ACg8ocKLm9iHFQpciY5r4TRhfqls9Mitf5d0cLDSWUQCIalmfXMOyQ=mo,why it is not opening it's not expected,1,0,2026-07-08T15:59:09+00:00,,,12.47.58,2026-07-09T21:14:35.116668+00:00,phase2_cadence_runA_twice_daily_test_20260709_210858,"{""reviewId"": ""d3acfeaf-cab6-4b6b-bce7-c0c513f158ff"", ""userName"": ""Radha Somu"", ""userImage"": ""https://play-lh.googleusercontent.com/a/ACg8ocKLm9iHFQpciY5r4TRhfqls9Mitf5d0cLDSWUQCIalmfXMOyQ=mo"", ""content"": ""why it is not opening it's not expected"", ""score"": 1, ""thumbsUpCount"": 0, ""reviewCreatedVersion"": ""12.47.58"", ""at"": ""2026-07-08T15:59:09+00:00"", ""replyContent"": null, ""repliedAt"": null, ""appVersion"": ""12.47.58""}"
d8e599aee85502312de31aff14ff38a7fe4c0f047674d31f2211d38c61db3588,google_play,com.google.android.youtube,YouTube,7b93d195-2427-4c23-964a-93a2088e1162,Ram Prabesh,https://play-lh.googleusercontent.com/a/ACg8ocIpRVR0y6vmPdZqRhSpU2C5saA1I6BHjFjy9MDKJhGZdU8xPQ=mo,in 10 to 15 minutes video 5-6 add comes,1,1,2026-07-08T10:35:57+00:00,,,21.26.364,2026-07-09T21:14:35.116668+00:00,phase2_cadence_runA_twice_daily_test_20260709_210858,"{""reviewId"": ""7b93d195-2427-4c23-964a-93a2088e1162"", ""userName"": ""Ram Prabesh"", ""userImage"": ""https://play-lh.googleusercontent.com/a/ACg8ocIpRVR0y6vmPdZqRhSpU2C5saA1I6BHjFjy9MDKJhGZdU8xPQ=mo"", ""content"": ""in 10 to 15 minutes video 5-6 add comes"", ""score"": 1, ""thumbsUpCount"": 1, ""reviewCreatedVersion"": ""21.26.364"", ""at"": ""2026-07-08T10:35:57+00:00"", ""replyContent"": null, ""repliedAt"": null, ""appVersion"": ""21.26.364""}"
c3047ed8ce286499874a341a908210e1db1734cef9b2a4cb5dff953cefcab06d,google_play,com.instagram.android,Instagram,41ffde54-1d78-48e2-a9a2-f8b4baa7d87e,Rupam Roy,https://play-lh.googleusercontent.com/a/ACg8ocLTcg3cE3I1hXLZXL_KFe1RcIHilBNggCluP8ithJmrPv-Keg=mo,"this app is my idol , this app the best app In the world 🌎",5,1,2026-07-08T12:05:43+00:00,,,437.0.0.33.78,2026-07-09T21:14:43.782074+00:00,phase2_cadence_runA_twice_daily_test_20260709_210858,"{""reviewId"": ""41ffde54-1d78-48e2-a9a2-f8b4baa7d87e"", ""userName"": ""Rupam Roy"", ""userImage"": ""https://play-lh.googleusercontent.com/a/ACg8ocLTcg3cE3I1hXLZXL_KFe1RcIHilBNggCluP8ithJmrPv-Keg=mo"", ""content"": ""this app is my idol , this app the best app In the world 🌎"", ""score"": 5, ""thumbsUpCount"": 1, ""reviewCreatedVersion"": ""437.0.0.33.78"", ""at"": ""2026-07-08T12:05:43+00:00"", ""replyContent"": null, ""repliedAt"": null, ""appVersion"": ""437.0.0.33.78""}"
538bdc318f61b01ab67909790e1a09eee41dea6cdda5b66788cecf0acc8711a5,google_play,com.google.android.apps.maps,Google Maps,05709a01-37af-46b2-8aa7-bff338a7f5c0,Farhan Ahmed,https://play-lh.googleusercontent.com/a/ACg8ocK8sI-2XACY3iCxuSsR8mT6CUpH7CVhNZ99mxd1LWiYyzsaOg=mo,use full,2,0,2026-07-08T08:52:26+00:00,,,26.26.03.935742811,2026-07-09T21:14:55.165041+00:00,phase2_cadence_runA_twice_daily_test_20260709_210858,"{""reviewId"": ""05709a01-37af-46b2-8aa7-bff338a7f5c0"", ""userName"": ""Farhan Ahmed"", ""userImage"": ""https://play-lh.googleusercontent.com/a/ACg8ocK8sI-2XACY3iCxuSsR8mT6CUpH7CVhNZ99mxd1LWiYyzsaOg=mo"", ""content"": ""use full"", ""score"": 2, ""thumbsUpCount"": 0, ""reviewCreatedVersion"": ""26.26.03.935742811"", ""at"": ""2026-07-08T08:52:26+00:00"", ""replyContent"": null, ""repliedAt"": null, ""appVersion"": ""26.26.03.935742811""}"
27aaa1e02741529a8348c061df454af0b587fd92476a9d371bf5f07c7aae8400,google_play,com.instagram.android,Instagram,39507685-f396-40ab-b527-17fd98843b1c,Vaibhav Tyagi,https://play-lh.googleusercontent.com/a/ACg8ocJG0HYNbz5iqqOQROmqLPrIBQhVURfjPGo5gUBwjPWZEgRSVg=mo,i have no words for this app very very nice app,5,0,2026-07-08T14:10:04+00:00,,,,2026-07-09T21:14:43.782074+00:00,phase2_cadence_runA_twice_daily_test_20260709_210858,"{""reviewId"": ""39507685-f396-40ab-b527-17fd98843b1c"", ""userName"": ""Vaibhav Tyagi"", ""userImage"": ""https://play-lh.googleusercontent.com/a/ACg8ocJG0HYNbz5iqqOQROmqLPrIBQhVURfjPGo5gUBwjPWZEgRSVg=mo"", ""content"": ""i have no words for this app very very nice app"", ""score"": 5, ""thumbsUpCount"": 0, ""reviewCreatedVersion"": null, ""at"": ""2026-07-08T14:10:04+00:00"", ""replyContent"": null, ""repliedAt"": null, ""appVersion"": null}"
1d592e1255462a715f3d7a50811a38243dd991c2ab1820423efa1e1201cd05da,google_play,com.google.android.apps.maps,Google Maps,8761e888-ceb5-4bc6-b486-01933b6a2cd1,Kushtia 010,https://play-lh.googleusercontent.com/a-/ALV-UjXzden9QVvl6D_hLX_v-1kHN9dZfmOgc2T7Eic-2KjhnOqZTmzbDg,good 👍,1,0,2026-07-08T18:49:47+00:00,,,26.27.01.941319029,2026-07-09T21:14:55.165041+00:00,phase2_cadence_runA_twice_daily_test_20260709_210858,"{""reviewId"": ""8761e888-ceb5-4bc6-b486-01933b6a2cd1"", ""userName"": ""Kushtia 010"", ""userImage"": ""https://play-lh.googleusercontent.com/a-/ALV-UjXzden9QVvl6D_hLX_v-1kHN9dZfmOgc2T7Eic-2KjhnOqZTmzbDg"", ""content"": ""good 👍"", ""score"": 1, ""thumbsUpCount"": 0, ""reviewCreatedVersion"": ""26.27.01.941319029"", ""at"": ""2026-07-08T18:49:47+00:00"", ""replyContent"": null, ""repliedAt"": null, ""appVersion"": ""26.27.01.941319029""}"
7b9940f4b6e048c7257043a34874cae5a2c3f86ad4fd579d68dd0a58cdc9152f,google_play,com.dd.doordash,DoorDash,116135f7-36fa-4354-9e96-50ff85f33a0e,Lee Robb,https://play-lh.googleusercontent.com/a/ACg8ocI34igjw9yQrBaLHkA0iBgHM-lESvJ1_K-lCxoYDwlLX9SgxQ=mo,🔥,3,0,2026-07-08T05:37:27+00:00,,,15.282.1,2026-07-09T21:14:49.802383+00:00,phase2_cadence_runA_twice_daily_test_20260709_210858,"{""reviewId"": ""116135f7-36fa-4354-9e96-50ff85f33a0e"", ""userName"": ""Lee Robb"", ""userImage"": ""https://play-lh.googleusercontent.com/a/ACg8ocI34igjw9yQrBaLHkA0iBgHM-lESvJ1_K-lCxoYDwlLX9SgxQ=mo"", ""content"": ""🔥"", ""score"": 3, ""thumbsUpCount"": 0, ""reviewCreatedVersion"": ""15.282.1"", ""at"": ""2026-07-08T05:37:27+00:00"", ""replyContent"": null, ""repliedAt"": null, ""appVersion"": ""15.282.1""}"
a28eabde06909eeaa010054c9667871d0ecbd502784a6d50aa6c6cca9b2b95e9,google_play,com.instagram.android,Instagram,0b775f5f-2efe-4955-96fc-1a5886609839,Jainul abydeen,https://play-lh.googleusercontent.com/a-/ALV-UjVLkOSB5ltIYQg1h75LTz0qHprjhjPNhutQ4RJ41iOVMaGXHdrg,best,5,0,2026-07-08T14:18:00+00:00,,,,2026-07-09T21:14:43.782074+00:00,phase2_cadence_runA_twice_daily_test_20260709_210858,"{""reviewId"": ""0b775f5f-2efe-4955-96fc-1a5886609839"", ""userName"": ""Jainul abydeen"", ""userImage"": ""https://play-lh.googleusercontent.com/a-/ALV-UjVLkOSB5ltIYQg1h75LTz0qHprjhjPNhutQ4RJ41iOVMaGXHdrg"", ""content"": ""best"", ""score"": 5, ""thumbsUpCount"": 0, ""reviewCreatedVersion"": null, ""at"": ""2026-07-08T14:18:00+00:00"", ""replyContent"": null, ""repliedAt"": null, ""appVersion"": null}"
46a2ffdf1fdfc0b7a7ff391e0911dbb548bb6589a42986b4c501774632a1c101,google_play,com.instagram.android,Instagram,74048479-b936-48d8-b3e2-33ac453137bc,Ritikesh Pagare,https://play-lh.googleusercontent.com/a/ACg8ocKmc4W4U-JAMHrUKXp7Pk5KjF-GMibbUcaZCywLajSs4RT25Q=mo,like my insta gram,5,0,2026-07-08T12:59:41+00:00,,,,2026-07-09T21:14:43.782074+00:00,phase2_cadence_runA_twice_daily_test_20260709_210858,"{""reviewId"": ""74048479-b936-48d8-b3e2-33ac453137bc"", ""userName"": ""Ritikesh Pagare"", ""userImage"": ""https://play-lh.googleusercontent.com/a/ACg8ocKmc4W4U-JAMHrUKXp7Pk5KjF-GMibbUcaZCywLajSs4RT25Q=mo"", ""content"": ""like my insta gram"", ""score"": 5, ""thumbsUpCount"": 0, ""reviewCreatedVersion"": null, ""at"": ""2026-07-08T12:59:41+00:00"", ""replyContent"": null, ""repliedAt"": null, ""appVersion"": null}"
dded8b7801b1990e91a881c4fce0f3bf9a68bbf56ea7636bfa4fcadfde1e655a,google_play,com.google.android.youtube,YouTube,dc88e9b7-a1ac-4cf4-b7bf-66c8ee03d55d,Eman Qureshi,https://play-lh.googleusercontent.com/a/ACg8ocIwlatr8RRUwnORw2XfiVBxXVqE_X7V6TmWvd6yh5WP3rvRoQ=mo,Good,5,1,2026-07-08T15:30:16+00:00,,,12.37.59,2026-07-09T21:14:35.116668+00:00,phase2_cadence_runA_twice_daily_test_20260709_210858,"{""reviewId"": ""dc88e9b7-a1ac-4cf4-b7bf-66c8ee03d55d"", ""userName"": ""Eman Qureshi"", ""userImage"": ""https://play-lh.googleusercontent.com/a/ACg8ocIwlatr8RRUwnORw2XfiVBxXVqE_X7V6TmWvd6yh5WP3rvRoQ=mo"", ""content"": ""Good"", ""score"": 5, ""thumbsUpCount"": 1, ""reviewCreatedVersion"": ""12.37.59"", ""at"": ""2026-07-08T15:30:16+00:00"", ""replyContent"": null, ""repliedAt"": null, ""appVersion"": ""12.37.59""}"
dbb777c54cdb0b25ce42001a3e66e1abdbd01f321268b97c24d2b58f95e63610,google_play,com.zhiliaoapp.musically,TikTok,8b551988-fe97-414f-bb9a-186d0db310e6,Shafiq Shah,https://play-lh.googleusercontent.com/a/ACg8ocLVq0U53dE5P6L1jXv0kbnEf8Gx5Er420baUvqR2ReABkhQ1w=mo,bat no laik no views I'm sad 😭,2,0,2026-07-08T17:37:34+00:00,"Hi, thanks for your feedback!
We'll be sure to share your suggestion with our team for consideration. We appreciate your input, and we're always working to improve the TikTok experience!",2026-07-08T18:00:11+00:00,45.9.3,2026-07-09T21:14:38.342700+00:00,phase2_cadence_runA_twice_daily_test_20260709_210858,"{""reviewId"": ""8b551988-fe97-414f-bb9a-186d0db310e6"", ""userName"": ""Shafiq Shah"", ""userImage"": ""https://play-lh.googleusercontent.com/a/ACg8ocLVq0U53dE5P6L1jXv0kbnEf8Gx5Er420baUvqR2ReABkhQ1w=mo"", ""content"": ""bat no laik no views I'm sad 😭"", ""score"": 2, ""thumbsUpCount"": 0, ""reviewCreatedVersion"": ""45.9.3"", ""at"": ""2026-07-08T17:37:34+00:00"", ""replyContent"": ""Hi, thanks for your feedback!\nWe'll be sure to share your suggestion with our team for consideration. We appreciate your input, and we're always working to improve the TikTok experience!"", ""repliedAt"": ""2026-07-08T18:00:11+00:00"", ""appVersion"": ""45.9.3""}"
37c6c84fbabce7d5db9349fd58a7769b2a29eb345b1b7de37ab014023ae48267,google_play,com.netflix.mediaclient,Netflix,41e6e9aa-4f7e-4411-8c26-ec3083b37de9,Steve from accounting,https://play-lh.googleusercontent.com/a-/ALV-UjWdTUpYCJ_5PQryySdCYnB-s-wal_dJUtHoqTNEj2y0l8AsrKY,netflix keeps promoting indian media. 8f there is one thing I dont want to see its indian media. clicking the not for me button doesn't stop it from being suggested. an option needs to be added to be able to stop seeing x type of media as im ready to delete my account,1,1,2026-07-08T07:51:28+00:00,,,,2026-07-09T21:14:57.828674+00:00,phase2_cadence_runA_twice_daily_test_20260709_210858,"{""reviewId"": ""41e6e9aa-4f7e-4411-8c26-ec3083b37de9"", ""userName"": ""Steve from accounting"", ""userImage"": ""https://play-lh.googleusercontent.com/a-/ALV-UjWdTUpYCJ_5PQryySdCYnB-s-wal_dJUtHoqTNEj2y0l8AsrKY"", ""content"": ""netflix keeps promoting indian media. 8f there is one thing I dont want to see its indian media. clicking the not for me button doesn't stop it from being suggested. an option needs to be added to be able to stop seeing x type of media as im ready to delete my account"", ""score"": 1, ""thumbsUpCount"": 1, ""reviewCreatedVersion"": null, ""at"": ""2026-07-08T07:51:28+00:00"", ""replyContent"": null, ""repliedAt"": null, ""appVersion"": null}"
ef5d896dba3118f12872ad821a9122274cd5d04c7dd265dec5555b87db33b83b,google_play,com.google.android.apps.maps,Google Maps,31779df0-9cda-43fc-b543-efa154b86dc4,Ankit Kumar,https://play-lh.googleusercontent.com/a/ACg8ocJtUVD-re4tpeMaFpty9YvENrLUNxHGN0hI0LJ63FJT2xM36A=mo,small,5,0,2026-07-08T15:08:20+00:00,,,26.26.03.935742811,2026-07-09T21:14:55.165041+00:00,phase2_cadence_runA_twice_daily_test_20260709_210858,"{""reviewId"": ""31779df0-9cda-43fc-b543-efa154b86dc4"", ""userName"": ""Ankit Kumar"", ""userImage"": ""https://play-lh.googleusercontent.com/a/ACg8ocJtUVD-re4tpeMaFpty9YvENrLUNxHGN0hI0LJ63FJT2xM36A=mo"", ""content"": ""small"", ""score"": 5, ""thumbsUpCount"": 0, ""reviewCreatedVersion"": ""26.26.03.935742811"", ""at"": ""2026-07-08T15:08:20+00:00"", ""replyContent"": null, ""repliedAt"": null, ""appVersion"": ""26.26.03.935742811""}"
676da97d9160a9085562d95b82f58625f7733cc97bbffcca6f7b7eab3edaa12a,google_play,com.spotify.music,Spotify,781b3318-4d20-442d-b082-777e48f3933a,AJ Gomez,https://play-lh.googleusercontent.com/a-/ALV-UjVI8jJF3_ismaNUW08OJ7S89rZ_Aq9GV2Zh9I1PYqHiVuYm9Hm2,"the things I love most in Spotify is while playing, you can open another app without hassle, the song automatically stops while doing that aps, the song restarts again and continues to where it stopped.",5,0,2026-07-08T08:23:55+00:00,,,9.1.62.1601,2026-07-09T21:14:41.032808+00:00,phase2_cadence_runA_twice_daily_test_20260709_210858,"{""reviewId"": ""781b3318-4d20-442d-b082-777e48f3933a"", ""userName"": ""AJ Gomez"", ""userImage"": ""https://play-lh.googleusercontent.com/a-/ALV-UjVI8jJF3_ismaNUW08OJ7S89rZ_Aq9GV2Zh9I1PYqHiVuYm9Hm2"", ""content"": ""the things I love most in Spotify is while playing, you can open another app without hassle, the song automatically stops while doing that aps, the song restarts again and continues to where it stopped."", ""score"": 5, ""thumbsUpCount"": 0, ""reviewCreatedVersion"": ""9.1.62.1601"", ""at"": ""2026-07-08T08:23:55+00:00"", ""replyContent"": null, ""repliedAt"": null, ""appVersion"": ""9.1.62.1601""}"
851bf123a0ee7f77e5b65369384523463c27b35a9bca8984e80118c57c948f59,google_play,com.google.android.apps.maps,Google Maps,556d60b2-0bc8-4a4a-adcc-7d7e11992cad,Manish Gautam,https://play-lh.googleusercontent.com/a-/ALV-UjViREExUqEtEKAHRd3Q71o0Hr1IUdY_mWYGFCRQFtnbULPekOvvXQ,nice,5,0,2026-07-08T11:09:26+00:00,,,26.27.01.941319029,2026-07-09T21:14:55.165041+00:00,phase2_cadence_runA_twice_daily_test_20260709_210858,"{""reviewId"": ""556d60b2-0bc8-4a4a-adcc-7d7e11992cad"", ""userName"": ""Manish Gautam"", ""userImage"": ""https://play-lh.googleusercontent.com/a-/ALV-UjViREExUqEtEKAHRd3Q71o0Hr1IUdY_mWYGFCRQFtnbULPekOvvXQ"", ""content"": ""nice"", ""score"": 5, ""thumbsUpCount"": 0, ""reviewCreatedVersion"": ""26.27.01.941319029"", ""at"": ""2026-07-08T11:09:26+00:00"", ""replyContent"": null, ""repliedAt"": null, ""appVersion"": ""26.27.01.941319029""}"
8eb796978b02f82f81c921f2de87efda87e44b997a689510474f35af41e84457,google_play,com.instagram.android,Instagram,5dadeb85-6acf-4a98-bd21-5f337fc0af54,James Murky,https://play-lh.googleusercontent.com/a-/ALV-UjVhPnb6XfFSG673ONI3qFapYBxWZ5Lrm73BTTrESHx8fQuD24x0,and now the app has more ads than reels lmao,1,0,2026-07-08T13:41:15+00:00,,,,2026-07-09T21:14:43.782074+00:00,phase2_cadence_runA_twice_daily_test_20260709_210858,"{""reviewId"": ""5dadeb85-6acf-4a98-bd21-5f337fc0af54"", ""userName"": ""James Murky"", ""userImage"": ""https://play-lh.googleusercontent.com/a-/ALV-UjVhPnb6XfFSG673ONI3qFapYBxWZ5Lrm73BTTrESHx8fQuD24x0"", ""content"": ""and now the app has more ads than reels lmao"", ""score"": 1, ""thumbsUpCount"": 0, ""reviewCreatedVersion"": null, ""at"": ""2026-07-08T13:41:15+00:00"", ""replyContent"": null, ""repliedAt"": null, ""appVersion"": null}"
5216cbfaf26efe9faf9339b982f946841e7cb2bb4cf675b4e05a8d40fd352a92,google_play,com.google.android.youtube,YouTube,0cb535a4-9395-4ad4-80c0-d1fba5a4912f,M Adil,https://play-lh.googleusercontent.com/a/ACg8ocJZRb_4AJCPrU8ix01JCjfwMgXnmWNZPonl3F-rEjm19vI9gg=mo,you tube is good but download video is vary good 😊,5,0,2026-07-08T17:44:38+00:00,,,17.32.38,2026-07-09T21:14:35.116668+00:00,phase2_cadence_runA_twice_daily_test_20260709_210858,"{""reviewId"": ""0cb535a4-9395-4ad4-80c0-d1fba5a4912f"", ""userName"": ""M Adil"", ""userImage"": ""https://play-lh.googleusercontent.com/a/ACg8ocJZRb_4AJCPrU8ix01JCjfwMgXnmWNZPonl3F-rEjm19vI9gg=mo"", ""content"": ""you tube is good but download video is vary good 😊"", ""score"": 5, ""thumbsUpCount"": 0, ""reviewCreatedVersion"": ""17.32.38"", ""at"": ""2026-07-08T17:44:38+00:00"", ""replyContent"": null, ""repliedAt"": null, ""appVersion"": ""17.32.38""}"
fe997ec1fbe62c6b5b7016035873843aae5f9dfe4c3ce564aee8941be8159ce7,google_play,com.instagram.android,Instagram,6ccdb67e-20fb-4109-a1aa-436346079319,Dimbeswar Nath,https://play-lh.googleusercontent.com/a/ACg8ocLMTQsxHSHxWwtrTnzkT9PkFaujDmSMBEJlp_lzNAVx6h9AQw=mo,very incredible and nice app joyful with helpful with a lot of knowledge . I am very appreciate with it so I give 5 out of 5 star to instagram.,5,0,2026-07-08T14:10:41+00:00,,,434.0.0.44.74,2026-07-09T21:14:43.782074+00:00,phase2_cadence_runA_twice_daily_test_20260709_210858,"{""reviewId"": ""6ccdb67e-20fb-4109-a1aa-436346079319"", ""userName"": ""Dimbeswar Nath"", ""userImage"": ""https://play-lh.googleusercontent.com/a/ACg8ocLMTQsxHSHxWwtrTnzkT9PkFaujDmSMBEJlp_lzNAVx6h9AQw=mo"", ""content"": ""very incredible and nice app joyful with helpful with a lot of knowledge . I am very appreciate with it so I give 5 out of 5 star to instagram."", ""score"": 5, ""thumbsUpCount"": 0, ""reviewCreatedVersion"": ""434.0.0.44.74"", ""at"": ""2026-07-08T14:10:41+00:00"", ""replyContent"": null, ""repliedAt"": null, ""appVersion"": ""434.0.0.44.74""}"
8babfaf7b2430b576812c045a70e879da13f964bb74294366dcb08daefebd6b1,google_play,com.google.android.youtube,YouTube,1d11a34f-bdba-4d16-8c07-89aed6760f48,Mashal khan0044,https://play-lh.googleusercontent.com/a/ACg8ocIBhqQ1VpQE-aR6Lyg8QCWpNKDTwRsCA1Hy__nJMHNfPQM5Iw=mo,Brilliant,5,0,2026-07-08T11:32:47+00:00,,,10.11.55,2026-07-09T21:14:35.116668+00:00,phase2_cadence_runA_twice_daily_test_20260709_210858,"{""reviewId"": ""1d11a34f-bdba-4d16-8c07-89aed6760f48"", ""userName"": ""Mashal khan0044"", ""userImage"": ""https://play-lh.googleusercontent.com/a/ACg8ocIBhqQ1VpQE-aR6Lyg8QCWpNKDTwRsCA1Hy__nJMHNfPQM5Iw=mo"", ""content"": ""Brilliant"", ""score"": 5, ""thumbsUpCount"": 0, ""reviewCreatedVersion"": ""10.11.55"", ""at"": ""2026-07-08T11:32:47+00:00"", ""replyContent"": null, ""repliedAt"": null, ""appVersion"": ""10.11.55""}"
bf6c06621626fb69cbd144380ba7fd11d2f959ad86ab32c1a704851cae591f93,google_play,com.google.android.youtube,YouTube,4bca07ff-f131-4874-924e-99269a962393,Its Alhaji,https://play-lh.googleusercontent.com/a-/ALV-UjVwtnbclENeC89peP7WoaBRptqxpx0fklrNuTpr59e9pfG406M,Pop,2,0,2026-07-08T13:01:24+00:00,,,12.37.59,2026-07-09T21:14:35.116668+00:00,phase2_cadence_runA_twice_daily_test_20260709_210858,"{""reviewId"": ""4bca07ff-f131-4874-924e-99269a962393"", ""userName"": ""Its Alhaji"", ""userImage"": ""https://play-lh.googleusercontent.com/a-/ALV-UjVwtnbclENeC89peP7WoaBRptqxpx0fklrNuTpr59e9pfG406M"", ""content"": ""Pop"", ""score"": 2, ""thumbsUpCount"": 0, ""reviewCreatedVersion"": ""12.37.59"", ""at"": ""2026-07-08T13:01:24+00:00"", ""replyContent"": null, ""repliedAt"": null, ""appVersion"": ""12.37.59""}"
755f0d884e3b22259a39a57b2d5437eb4b0d07f214d7e9dc0fceecc816cb59a5,google_play,com.spotify.music,Spotify,37eab280-2d73-4dab-8787-6e9e3c42d61c,sudhir kumar,https://play-lh.googleusercontent.com/a/ACg8ocJXjrNDVeIbMBzgcQq1p0yG-QWFQqUDAB9MMuxqlVEPkjFCQw=mo,good app,5,0,2026-07-08T12:22:05+00:00,,,9.1.62.1601,2026-07-09T21:14:41.032808+00:00,phase2_cadence_runA_twice_daily_test_20260709_210858,"{""reviewId"": ""37eab280-2d73-4dab-8787-6e9e3c42d61c"", ""userName"": ""sudhir kumar"", ""userImage"": ""https://play-lh.googleusercontent.com/a/ACg8ocJXjrNDVeIbMBzgcQq1p0yG-QWFQqUDAB9MMuxqlVEPkjFCQw=mo"", ""content"": ""good app"", ""score"": 5, ""thumbsUpCount"": 0, ""reviewCreatedVersion"": ""9.1.62.1601"", ""at"": ""2026-07-08T12:22:05+00:00"", ""replyContent"": null, ""repliedAt"": null, ""appVersion"": ""9.1.62.1601""}"
694e5e68cb3bad1330d79e03b55e0640ff478f031e7dbd6c61ae5063a6fec9a2,google_play,com.instagram.android,Instagram,329c221e-ed72-4dea-8482-e67712518595,Vicky Rawat,https://play-lh.googleusercontent.com/a-/ALV-UjVbu0LyCnHVv6x6VTPnkfL-qesvaGe8iW_bnj40mXSdzwA0018,this app was too gud but I will rate only 3star because girl can't reply me back 😭😭,3,0,2026-07-08T17:27:34+00:00,,,,2026-07-09T21:14:43.782074+00:00,phase2_cadence_runA_twice_daily_test_20260709_210858,"{""reviewId"": ""329c221e-ed72-4dea-8482-e67712518595"", ""userName"": ""Vicky Rawat"", ""userImage"": ""https://play-lh.googleusercontent.com/a-/ALV-UjVbu0LyCnHVv6x6VTPnkfL-qesvaGe8iW_bnj40mXSdzwA0018"", ""content"": ""this app was too gud but I will rate only 3star because girl can't reply me back 😭😭"", ""score"": 3, ""thumbsUpCount"": 0, ""reviewCreatedVersion"": null, ""at"": ""2026-07-08T17:27:34+00:00"", ""replyContent"": null, ""repliedAt"": null, ""appVersion"": null}"
d5ae44171d6ae1fcf0c0ccce4bc715a5b796bf93ba0d553eb3cba50657958e70,google_play,com.google.android.youtube,YouTube,03250b64-1642-4237-a394-7996168ca061,Arhamkhan,https://play-lh.googleusercontent.com/a/ACg8ocJ-F1hN0OfMz2ZB4-JZlVCtMONEttDjgr37okPI-W9LPC9ncw=mo,Peshawar,5,0,2026-07-08T14:52:37+00:00,,,13.07.55,2026-07-09T21:14:35.116668+00:00,phase2_cadence_runA_twice_daily_test_20260709_210858,"{""reviewId"": ""03250b64-1642-4237-a394-7996168ca061"", ""userName"": ""Arhamkhan"", ""userImage"": ""https://play-lh.googleusercontent.com/a/ACg8ocJ-F1hN0OfMz2ZB4-JZlVCtMONEttDjgr37okPI-W9LPC9ncw=mo"", ""content"": ""Peshawar"", ""score"": 5, ""thumbsUpCount"": 0, ""reviewCreatedVersion"": ""13.07.55"", ""at"": ""2026-07-08T14:52:37+00:00"", ""replyContent"": null, ""repliedAt"": null, ""appVersion"": ""13.07.55""}"
1c892fe8a3b0bee4a5325775bd99fa119b9f891861ef666a498516c2c2b819f6,google_play,com.google.android.youtube,YouTube,8ce6979d-1e2f-4f7f-90ac-2b983fb2b393,EBUNOLUWA GIFT,https://play-lh.googleusercontent.com/a-/ALV-UjXVA60R-4hBF0Y0abWUZk5tVqpZFCNLM7zeO0gxe7sWMLmq4tBa,The app isn't opening,1,0,2026-07-08T16:13:53+00:00,,,21.22.165,2026-07-09T21:14:35.116668+00:00,phase2_cadence_runA_twice_daily_test_20260709_210858,"{""reviewId"": ""8ce6979d-1e2f-4f7f-90ac-2b983fb2b393"", ""userName"": ""EBUNOLUWA GIFT"", ""userImage"": ""https://play-lh.googleusercontent.com/a-/ALV-UjXVA60R-4hBF0Y0abWUZk5tVqpZFCNLM7zeO0gxe7sWMLmq4tBa"", ""content"": ""The app isn't opening"", ""score"": 1, ""thumbsUpCount"": 0, ""reviewCreatedVersion"": ""21.22.165"", ""at"": ""2026-07-08T16:13:53+00:00"", ""replyContent"": null, ""repliedAt"": null, ""appVersion"": ""21.22.165""}"
303cc682d95ccda69516df54ee5de9a7630acb3ceab2debf80e437043cd48988,google_play,com.ubercab,Uber,39ac1aac-2f91-4bba-89bc-13b0e2390553,Jean Kinnaird,https://play-lh.googleusercontent.com/a/ACg8ocI03Vx3jaqwO9D1taVr2UJaAINJzYFIfMtrLsJFR5aWEQaNLSd3=mo,Excellent driver. Spoke perfect English and was very helpful. would use again in a heart beat.,5,0,2026-07-08T13:02:19+00:00,,,4.637.10003,2026-07-09T21:14:46.809432+00:00,phase2_cadence_runA_twice_daily_test_20260709_210858,"{""reviewId"": ""39ac1aac-2f91-4bba-89bc-13b0e2390553"", ""userName"": ""Jean Kinnaird"", ""userImage"": ""https://play-lh.googleusercontent.com/a/ACg8ocI03Vx3jaqwO9D1taVr2UJaAINJzYFIfMtrLsJFR5aWEQaNLSd3=mo"", ""content"": ""Excellent driver. Spoke perfect English and was very helpful. would use again in a heart beat."", ""score"": 5, ""thumbsUpCount"": 0, ""reviewCreatedVersion"": ""4.637.10003"", ""at"": ""2026-07-08T13:02:19+00:00"", ""replyContent"": null, ""repliedAt"": null, ""appVersion"": ""4.637.10003""}"
a1fd55d0787992fc74093f577471fa6a62edad84647e5cef078c82318ff4cb2b,google_play,com.google.android.youtube,YouTube,464bd904-4f92-45ad-93eb-60f6b2891991,Akshra Gomtiwale,https://play-lh.googleusercontent.com/a/ACg8ocLxpzNbj_-JRmsJfeqfrtSZppiVrUAIx2KWoW6Dg5U_zb3q5g=mo,best App hai brohhh 🤭💗,5,0,2026-07-08T10:24:01+00:00,,,16.49.37,2026-07-09T21:14:35.116668+00:00,phase2_cadence_runA_twice_daily_test_20260709_210858,"{""reviewId"": ""464bd904-4f92-45ad-93eb-60f6b2891991"", ""userName"": ""Akshra Gomtiwale"", ""userImage"": ""https://play-lh.googleusercontent.com/a/ACg8ocLxpzNbj_-JRmsJfeqfrtSZppiVrUAIx2KWoW6Dg5U_zb3q5g=mo"", ""content"": ""best App hai brohhh 🤭💗"", ""score"": 5, ""thumbsUpCount"": 0, ""reviewCreatedVersion"": ""16.49.37"", ""at"": ""2026-07-08T10:24:01+00:00"", ""replyContent"": null, ""repliedAt"": null, ""appVersion"": ""16.49.37""}"
a25cccdc0053a76e8cda51ba3471e798181382d45190b7c472cab3566a7b9bd1,google_play,com.google.android.youtube,YouTube,25ce5490-c35f-4c8e-97a9-2f93417638ee,Parwaz iqbal,https://play-lh.googleusercontent.com/a/ACg8ocJRkhEc1r7PMYpuZL6PSClDcRlUkhhvVRLRQ_uj91ud8DWYPw=mo,Talars,5,0,2026-07-08T11:56:09+00:00,,,10.18.55,2026-07-09T21:14:35.116668+00:00,phase2_cadence_runA_twice_daily_test_20260709_210858,"{""reviewId"": ""25ce5490-c35f-4c8e-97a9-2f93417638ee"", ""userName"": ""Parwaz iqbal"", ""userImage"": ""https://play-lh.googleusercontent.com/a/ACg8ocJRkhEc1r7PMYpuZL6PSClDcRlUkhhvVRLRQ_uj91ud8DWYPw=mo"", ""content"": ""Talars"", ""score"": 5, ""thumbsUpCount"": 0, ""reviewCreatedVersion"": ""10.18.55"", ""at"": ""2026-07-08T11:56:09+00:00"", ""replyContent"": null, ""repliedAt"": null, ""appVersion"": ""10.18.55""}"
1579c70512556e2549839d2634e6d3eeac1c62659466ed682fdcf7fffdda0b59,google_play,com.instagram.android,Instagram,614d66ed-b5b2-4e42-87ec-7a0d9d980abe,Gouripriya Pandey,https://play-lh.googleusercontent.com/a/ACg8ocJ2UDtOf-jopERfzF3L_wmwMdkde3at6InZF1gMmaywOJFY5A=mo,awww 👏👍 super,5,0,2026-07-08T13:58:29+00:00,,,418.0.0.51.77,2026-07-09T21:14:43.782074+00:00,phase2_cadence_runA_twice_daily_test_20260709_210858,"{""reviewId"": ""614d66ed-b5b2-4e42-87ec-7a0d9d980abe"", ""userName"": ""Gouripriya Pandey"", ""userImage"": ""https://play-lh.googleusercontent.com/a/ACg8ocJ2UDtOf-jopERfzF3L_wmwMdkde3at6InZF1gMmaywOJFY5A=mo"", ""content"": ""awww 👏👍 super"", ""score"": 5, ""thumbsUpCount"": 0, ""reviewCreatedVersion"": ""418.0.0.51.77"", ""at"": ""2026-07-08T13:58:29+00:00"", ""replyContent"": null, ""repliedAt"": null, ""appVersion"": ""418.0.0.51.77""}"
d3b80aaa287f3e4d0d8b41a35bb698c43a140f31410c36d517c45e9fd1c91857,google_play,com.instagram.android,Instagram,b72c7bd5-5dff-4496-a184-db716e808934,Akash Ray,https://play-lh.googleusercontent.com/a-/ALV-UjWmJFSXu2C8SColOsebcSex9GoNYUMaXbVJ2MlJS0BtWZaBj6k,nice a app,5,0,2026-07-08T16:06:43+00:00,,,,2026-07-09T21:14:43.782074+00:00,phase2_cadence_runA_twice_daily_test_20260709_210858,"{""reviewId"": ""b72c7bd5-5dff-4496-a184-db716e808934"", ""userName"": ""Akash Ray"", ""userImage"": ""https://play-lh.googleusercontent.com/a-/ALV-UjWmJFSXu2C8SColOsebcSex9GoNYUMaXbVJ2MlJS0BtWZaBj6k"", ""content"": ""nice a app"", ""score"": 5, ""thumbsUpCount"": 0, ""reviewCreatedVersion"": null, ""at"": ""2026-07-08T16:06:43+00:00"", ""replyContent"": null, ""repliedAt"": null, ""appVersion"": null}"
f96ea14e4722658ea8054ccf2652a289dfc115fbed3765f53eb45855194edc0f,google_play,com.spotify.music,Spotify,7e4e5a15-a036-4a7e-80de-f909fc21c5bb,Real Me,https://play-lh.googleusercontent.com/a/ACg8ocJpUmLVq5PySgkkZT3PwIYJj38uicpijtA_ggUJ6tAvmg6dCA=mo,this is good but last days this app doing issue I will play another song and this ap play another song 😎,5,0,2026-07-08T16:10:20+00:00,,,9.1.62.1601,2026-07-09T21:14:41.032808+00:00,phase2_cadence_runA_twice_daily_test_20260709_210858,"{""reviewId"": ""7e4e5a15-a036-4a7e-80de-f909fc21c5bb"", ""userName"": ""Real Me"", ""userImage"": ""https://play-lh.googleusercontent.com/a/ACg8ocJpUmLVq5PySgkkZT3PwIYJj38uicpijtA_ggUJ6tAvmg6dCA=mo"", ""content"": ""this is good but last days this app doing issue I will play another song and this ap play another song 😎"", ""score"": 5, ""thumbsUpCount"": 0, ""reviewCreatedVersion"": ""9.1.62.1601"", ""at"": ""2026-07-08T16:10:20+00:00"", ""replyContent"": null, ""repliedAt"": null, ""appVersion"": ""9.1.62.1601""}"
0e1b3dd714e6025c9a0f1c02e54caa111acf2356e52f8295b8f1aa4f4c8df676,google_play,com.google.android.youtube,YouTube,dd9bf71b-e5de-481f-9c3b-81e234001e6a,Anita Ingle,https://play-lh.googleusercontent.com/a/ACg8ocI_bf01MKm6IdnIPrs922GasgOFXMUas84BjP38GLKAiNWQ4Q=mo,Good,3,0,2026-07-08T17:08:14+00:00,,,16.40.35,2026-07-09T21:14:35.116668+00:00,phase2_cadence_runA_twice_daily_test_20260709_210858,"{""reviewId"": ""dd9bf71b-e5de-481f-9c3b-81e234001e6a"", ""userName"": ""Anita Ingle"", ""userImage"": ""https://play-lh.googleusercontent.com/a/ACg8ocI_bf01MKm6IdnIPrs922GasgOFXMUas84BjP38GLKAiNWQ4Q=mo"", ""content"": ""Good"", ""score"": 3, ""thumbsUpCount"": 0, ""reviewCreatedVersion"": ""16.40.35"", ""at"": ""2026-07-08T17:08:14+00:00"", ""replyContent"": null, ""repliedAt"": null, ""appVersion"": ""16.40.35""}"
01f4e8af4d44bc7f247dc60fddae5e5db8069b63876d5e797db30c6837b96fa1,google_play,com.instagram.android,Instagram,f14ca8b8-9e31-40ab-9c52-54e5d4c3809e,Ayesha Ashraf,https://play-lh.googleusercontent.com/a/ACg8ocJWQxyVIbQ_GRrLMd9k_VO4eXEW3z_bDMjX1iERzaLuIVxlFA=mo,it's good 👍,5,0,2026-07-08T11:58:07+00:00,,,,2026-07-09T21:14:43.782074+00:00,phase2_cadence_runA_twice_daily_test_20260709_210858,"{""reviewId"": ""f14ca8b8-9e31-40ab-9c52-54e5d4c3809e"", ""userName"": ""Ayesha Ashraf"", ""userImage"": ""https://play-lh.googleusercontent.com/a/ACg8ocJWQxyVIbQ_GRrLMd9k_VO4eXEW3z_bDMjX1iERzaLuIVxlFA=mo"", ""content"": ""it's good 👍"", ""score"": 5, ""thumbsUpCount"": 0, ""reviewCreatedVersion"": null, ""at"": ""2026-07-08T11:58:07+00:00"", ""replyContent"": null, ""repliedAt"": null, ""appVersion"": null}"
87e0c8cb9f0b522646c06ecc669dae7e162fd0efa3083f4cc4360e58965d91a4,google_play,com.spotify.music,Spotify,b902077a-fd49-4f77-8bc1-80a08a8f6914,Kamogelo Legoale,https://play-lh.googleusercontent.com/a-/ALV-UjW8gRykNf06tna3Eps6XO2KRiZdyBx_RlQoCi_bhMqtBm3i0C4,best app,5,0,2026-07-08T09:17:34+00:00,,,9.1.62.1601,2026-07-09T21:14:41.032808+00:00,phase2_cadence_runA_twice_daily_test_20260709_210858,"{""reviewId"": ""b902077a-fd49-4f77-8bc1-80a08a8f6914"", ""userName"": ""Kamogelo Legoale"", ""userImage"": ""https://play-lh.googleusercontent.com/a-/ALV-UjW8gRykNf06tna3Eps6XO2KRiZdyBx_RlQoCi_bhMqtBm3i0C4"", ""content"": ""best app"", ""score"": 5, ""thumbsUpCount"": 0, ""reviewCreatedVersion"": ""9.1.62.1601"", ""at"": ""2026-07-08T09:17:34+00:00"", ""replyContent"": null, ""repliedAt"": null, ""appVersion"": ""9.1.62.1601""}"
159a9ee7f1e7a5d07a99365241715095af7b0e6fbe8563383992234bda609bef,google_play,com.google.android.youtube,YouTube,e817f9c2-c745-45c3-8a75-1fa73d7de6ba,haseef sainulabdeen,https://play-lh.googleusercontent.com/a-/ALV-UjU8ak_FHkcKlfSlwxMCKpg3YYz99LheS4f9kLKXB95YEzzmRzM,when iam trying to change my real name the keyboard just disappears,2,0,2026-07-08T14:21:50+00:00,,,21.26.364,2026-07-09T21:14:35.116668+00:00,phase2_cadence_runA_twice_daily_test_20260709_210858,"{""reviewId"": ""e817f9c2-c745-45c3-8a75-1fa73d7de6ba"", ""userName"": ""haseef sainulabdeen"", ""userImage"": ""https://play-lh.googleusercontent.com/a-/ALV-UjU8ak_FHkcKlfSlwxMCKpg3YYz99LheS4f9kLKXB95YEzzmRzM"", ""content"": ""when iam trying to change my real name the keyboard just disappears"", ""score"": 2, ""thumbsUpCount"": 0, ""reviewCreatedVersion"": ""21.26.364"", ""at"": ""2026-07-08T14:21:50+00:00"", ""replyContent"": null, ""repliedAt"": null, ""appVersion"": ""21.26.364""}"
2564343c1b47d2ac2b8faa2258584d808fea4682d42459b64ff93082ca0c1edd,google_play,com.google.android.youtube,YouTube,d3f5007c-2239-46d7-8ab3-b227b09f5df7,Shaik shamilla,https://play-lh.googleusercontent.com/a/ACg8ocJOlnmkSjCFAJCnN7Mu2_pDx1O6MsCiXJG5SCysKmoBc5FOQg=mo,Yes Yes,4,0,2026-07-08T10:53:00+00:00,,,15.49.34,2026-07-09T21:14:35.116668+00:00,phase2_cadence_runA_twice_daily_test_20260709_210858,"{""reviewId"": ""d3f5007c-2239-46d7-8ab3-b227b09f5df7"", ""userName"": ""Shaik shamilla"", ""userImage"": ""https://play-lh.googleusercontent.com/a/ACg8ocJOlnmkSjCFAJCnN7Mu2_pDx1O6MsCiXJG5SCysKmoBc5FOQg=mo"", ""content"": ""Yes Yes"", ""score"": 4, ""thumbsUpCount"": 0, ""reviewCreatedVersion"": ""15.49.34"", ""at"": ""2026-07-08T10:53:00+00:00"", ""replyContent"": null, ""repliedAt"": null, ""appVersion"": ""15.49.34""}"
90eb758cb11ec79a044e865e4a29b876a355fff9ed34f179cdd51216bff6645d,google_play,com.spotify.music,Spotify,b29b6a3e-fc2c-4863-94a5-aaa84f661e85,Abubakar Siddik,https://play-lh.googleusercontent.com/a-/ALV-UjUZyNs4DbY6684o6IitJ6ISAwGSLqhslH6d8wmAg_9QK2Ztd0i7,best qaulity songs and ossm app,5,0,2026-07-08T18:19:12+00:00,,,9.1.62.1601,2026-07-09T21:14:41.032808+00:00,phase2_cadence_runA_twice_daily_test_20260709_210858,"{""reviewId"": ""b29b6a3e-fc2c-4863-94a5-aaa84f661e85"", ""userName"": ""Abubakar Siddik"", ""userImage"": ""https://play-lh.googleusercontent.com/a-/ALV-UjUZyNs4DbY6684o6IitJ6ISAwGSLqhslH6d8wmAg_9QK2Ztd0i7"", ""content"": ""best qaulity songs and ossm app"", ""score"": 5, ""thumbsUpCount"": 0, ""reviewCreatedVersion"": ""9.1.62.1601"", ""at"": ""2026-07-08T18:19:12+00:00"", ""replyContent"": null, ""repliedAt"": null, ""appVersion"": ""9.1.62.1601""}"
efafe0847c7554563dfe0ad8af8547ee2a128769bd63d32c69c1821a2894069d,google_play,com.reddit.frontpage,Reddit,8dda8a5d-2293-474a-ae33-4588eb7058f0,Fhh Vh,https://play-lh.googleusercontent.com/a/ACg8ocKjsRsHUhAD_uvIzeLwtPwTCCG_bcL3ZqN4hUU8xtcNSPGnxQ=mo,good,5,0,2026-07-08T08:35:24+00:00,,,,2026-07-09T21:15:00.550939+00:00,phase2_cadence_runA_twice_daily_test_20260709_210858,"{""reviewId"": ""8dda8a5d-2293-474a-ae33-4588eb7058f0"", ""userName"": ""Fhh Vh"", ""userImage"": ""https://play-lh.googleusercontent.com/a/ACg8ocKjsRsHUhAD_uvIzeLwtPwTCCG_bcL3ZqN4hUU8xtcNSPGnxQ=mo"", ""content"": ""good"", ""score"": 5, ""thumbsUpCount"": 0, ""reviewCreatedVersion"": null, ""at"": ""2026-07-08T08:35:24+00:00"", ""replyContent"": null, ""repliedAt"": null, ""appVersion"": null}"
4e6b909eeec3a5902187a8aa656062eb97a52d1cabf7f86bb718fc04ebd8ebce,google_play,com.zhiliaoapp.musically,TikTok,9ba1c9bd-b8cf-4301-9242-1b421fc7c335,Asraful islam,https://play-lh.googleusercontent.com/a-/ALV-UjXMq-duuSB9HH9u6Ws_Q3-kPIKUNFvNxein86Qkb_arUf9dbuw,Bad,5,0,2026-07-08T14:31:09+00:00,Hi! Thanks for taking the time to share your feedback. Your support is greatly appreciated.,2026-07-08T15:00:12+00:00,,2026-07-09T21:14:38.342700+00:00,phase2_cadence_runA_twice_daily_test_20260709_210858,"{""reviewId"": ""9ba1c9bd-b8cf-4301-9242-1b421fc7c335"", ""userName"": ""Asraful islam"", ""userImage"": ""https://play-lh.googleusercontent.com/a-/ALV-UjXMq-duuSB9HH9u6Ws_Q3-kPIKUNFvNxein86Qkb_arUf9dbuw"", ""content"": ""Bad"", ""score"": 5, ""thumbsUpCount"": 0, ""reviewCreatedVersion"": null, ""at"": ""2026-07-08T14:31:09+00:00"", ""replyContent"": ""Hi! Thanks for taking the time to share your feedback. Your support is greatly appreciated."", ""repliedAt"": ""2026-07-08T15:00:12+00:00"", ""appVersion"": null}"
8d9009472885b72f0fafebeba0cd0cd574c3a034dcae841bcdd836725b2ddd5d,google_play,com.instagram.android,Instagram,d1acbea8-337e-48c0-bb02-7e3ebbfaf799,Vandna Kumari,https://play-lh.googleusercontent.com/a-/ALV-UjUEG_pW3vAoD5m3RHlxN6PnL3doYzWg3qRMKFmz5yiEod6Zn_U,this app is very impressive,5,0,2026-07-08T14:32:36+00:00,,,,2026-07-09T21:14:43.782074+00:00,phase2_cadence_runA_twice_daily_test_20260709_210858,"{""reviewId"": ""d1acbea8-337e-48c0-bb02-7e3ebbfaf799"", ""userName"": ""Vandna Kumari"", ""userImage"": ""https://play-lh.googleusercontent.com/a-/ALV-UjUEG_pW3vAoD5m3RHlxN6PnL3doYzWg3qRMKFmz5yiEod6Zn_U"", ""content"": ""this app is very impressive"", ""score"": 5, ""thumbsUpCount"": 0, ""reviewCreatedVersion"": null, ""at"": ""2026-07-08T14:32:36+00:00"", ""replyContent"": null, ""repliedAt"": null, ""appVersion"": null}"
aed2a121bf8c8e10dc7c6f6b878c72c8b48957b7c5106a8b6b4068ae097938b3,google_play,com.instagram.android,Instagram,541c58e5-cb82-405b-a891-fb91ce7f7dd2,Tom Viele,https://play-lh.googleusercontent.com/a-/ALV-UjXneWQhcqvkH65BJ-4sZHQtoqsxFXpRFGYHrotKT6HRxmQjBV8u5A,nothing but ai slop advertisements,1,1,2026-07-08T17:48:41+00:00,,,437.0.0.33.78,2026-07-09T21:14:43.782074+00:00,phase2_cadence_runA_twice_daily_test_20260709_210858,"{""reviewId"": ""541c58e5-cb82-405b-a891-fb91ce7f7dd2"", ""userName"": ""Tom Viele"", ""userImage"": ""https://play-lh.googleusercontent.com/a-/ALV-UjXneWQhcqvkH65BJ-4sZHQtoqsxFXpRFGYHrotKT6HRxmQjBV8u5A"", ""content"": ""nothing but ai slop advertisements"", ""score"": 1, ""thumbsUpCount"": 1, ""reviewCreatedVersion"": ""437.0.0.33.78"", ""at"": ""2026-07-08T17:48:41+00:00"", ""replyContent"": null, ""repliedAt"": null, ""appVersion"": ""437.0.0.33.78""}"
609378e5c8c7a15c32a785d67ae7809a7dcd6319696c151fd2083a9799195adc,google_play,com.dd.doordash,DoorDash,1e240d24-02a0-4447-9a55-5194415cce0f,Cassandra Flagg,https://play-lh.googleusercontent.com/a-/ALV-UjUJZU60Y27XaahYMYhnH0uuAiLuLqVM6Sp4r2vMjp3XCVYaVzM,"I'm not sure if it was the driver or the restaurant, but it was a complete mess and I didn't know what it was when it arrived. I've never had a slushy that left a film inside the cup. maybe that's what made me sick. I'd like a refund ASAP",1,0,2026-07-08T12:48:23+00:00,,,15.282.1,2026-07-09T21:14:49.802383+00:00,phase2_cadence_runA_twice_daily_test_20260709_210858,"{""reviewId"": ""1e240d24-02a0-4447-9a55-5194415cce0f"", ""userName"": ""Cassandra Flagg"", ""userImage"": ""https://play-lh.googleusercontent.com/a-/ALV-UjUJZU60Y27XaahYMYhnH0uuAiLuLqVM6Sp4r2vMjp3XCVYaVzM"", ""content"": ""I'm not sure if it was the driver or the restaurant, but it was a complete mess and I didn't know what it was when it arrived. I've never had a slushy that left a film inside the cup. maybe that's what made me sick. I'd like a refund ASAP"", ""score"": 1, ""thumbsUpCount"": 0, ""reviewCreatedVersion"": ""15.282.1"", ""at"": ""2026-07-08T12:48:23+00:00"", ""replyContent"": null, ""repliedAt"": null, ""appVersion"": ""15.282.1""}"
9119a9a7133740144ff0950585758fcbe469fcd3fc8a53d8d7cc2368b80cc109,google_play,com.instagram.android,Instagram,e8131d41-722b-409b-9ddd-9435b1c2b1dd,Nosiba Akter,https://play-lh.googleusercontent.com/a-/ALV-UjULYMdW712jO0UeGWFvoaZOKjcVl7yA_quOyt3D0n7e9itX3JbhPQ,So good app🥰,5,0,2026-07-08T16:35:51+00:00,,,,2026-07-09T21:14:43.782074+00:00,phase2_cadence_runA_twice_daily_test_20260709_210858,"{""reviewId"": ""e8131d41-722b-409b-9ddd-9435b1c2b1dd"", ""userName"": ""Nosiba Akter"", ""userImage"": ""https://play-lh.googleusercontent.com/a-/ALV-UjULYMdW712jO0UeGWFvoaZOKjcVl7yA_quOyt3D0n7e9itX3JbhPQ"", ""content"": ""So good app🥰"", ""score"": 5, ""thumbsUpCount"": 0, ""reviewCreatedVersion"": null, ""at"": ""2026-07-08T16:35:51+00:00"", ""replyContent"": null, ""repliedAt"": null, ""appVersion"": null}"
9d4050e595af1d03fd0ea5be18aa9fa8a9ebcb18a167a3ab52634c354206f743,google_play,com.instagram.android,Instagram,947d578c-1174-453e-b27b-39a02cc2dea6,Fatima Inam,https://play-lh.googleusercontent.com/a/ACg8ocKBJJ9pvH6tHFvgVswAtgDVq_PIfvPNE0EeKPfDLx18DSSsqw=mo,love it i am happy,5,1,2026-07-08T12:17:40+00:00,,,,2026-07-09T21:14:43.782074+00:00,phase2_cadence_runA_twice_daily_test_20260709_210858,"{""reviewId"": ""947d578c-1174-453e-b27b-39a02cc2dea6"", ""userName"": ""Fatima Inam"", ""userImage"": ""https://play-lh.googleusercontent.com/a/ACg8ocKBJJ9pvH6tHFvgVswAtgDVq_PIfvPNE0EeKPfDLx18DSSsqw=mo"", ""content"": ""love it i am happy"", ""score"": 5, ""thumbsUpCount"": 1, ""reviewCreatedVersion"": null, ""at"": ""2026-07-08T12:17:40+00:00"", ""replyContent"": null, ""repliedAt"": null, ""appVersion"": null}"
d73b757a3a79f845b3b9dd46bb6c1ab0f8fa3db6e64e75cbd01c16ded0b637a0,google_play,com.instagram.android,Instagram,47910af6-6f02-4405-b8b4-1796a08db08d,Rajesh Kumar,https://play-lh.googleusercontent.com/a/ACg8ocIhZ5K8HRwqMh3DvFrWnIDdBipbTuKOGkdawY2VjigintkqGg=mo,amazing 😍,5,0,2026-07-08T14:32:33+00:00,,,,2026-07-09T21:14:43.782074+00:00,phase2_cadence_runA_twice_daily_test_20260709_210858,"{""reviewId"": ""47910af6-6f02-4405-b8b4-1796a08db08d"", ""userName"": ""Rajesh Kumar"", ""userImage"": ""https://play-lh.googleusercontent.com/a/ACg8ocIhZ5K8HRwqMh3DvFrWnIDdBipbTuKOGkdawY2VjigintkqGg=mo"", ""content"": ""amazing 😍"", ""score"": 5, ""thumbsUpCount"": 0, ""reviewCreatedVersion"": null, ""at"": ""2026-07-08T14:32:33+00:00"", ""replyContent"": null, ""repliedAt"": null, ""appVersion"": null}"
fb1cc124ca5788b4e760bef4dfeb38b7f29462e31626464302983a81e8f86c99,google_play,com.instagram.android,Instagram,8fc50ea4-c17a-4bd6-8272-0a6526bfce37,Vivek Kashyap,https://play-lh.googleusercontent.com/a/ACg8ocL8lgUAm9n7MWAXSEawF2Y4_x8q4kBLgE1UTdBuQDBcQqce=mo,Instagram Ne Meri id ko suspend kar diya hai jiska Naam tha travelby_motupatlu use per main AI se Motu patalu ki video dalta tha aur gaon mein jakar Mera account suspend kar diya bina kuch galti ke don't use instagram,1,0,2026-07-08T15:19:22+00:00,,,434.0.0.44.74,2026-07-09T21:14:43.782074+00:00,phase2_cadence_runA_twice_daily_test_20260709_210858,"{""reviewId"": ""8fc50ea4-c17a-4bd6-8272-0a6526bfce37"", ""userName"": ""Vivek Kashyap"", ""userImage"": ""https://play-lh.googleusercontent.com/a/ACg8ocL8lgUAm9n7MWAXSEawF2Y4_x8q4kBLgE1UTdBuQDBcQqce=mo"", ""content"": ""Instagram Ne Meri id ko suspend kar diya hai jiska Naam tha travelby_motupatlu use per main AI se Motu patalu ki video dalta tha aur gaon mein jakar Mera account suspend kar diya bina kuch galti ke don't use instagram"", ""score"": 1, ""thumbsUpCount"": 0, ""reviewCreatedVersion"": ""434.0.0.44.74"", ""at"": ""2026-07-08T15:19:22+00:00"", ""replyContent"": null, ""repliedAt"": null, ""appVersion"": ""434.0.0.44.74""}"
5883d86fffefc0fe2b1886de80a1fd2b93c650a9140fc6b0599e1ababbaec7bb,google_play,com.reddit.frontpage,Reddit,d0f69076-71dd-4122-ae0f-1b781c9d00fd,Mike R,https://play-lh.googleusercontent.com/a-/ALV-UjVUjtCh8DLXHsHy-Q4dZJHgodXn6TsJlKa8QINPEeq-YdWgt_M,"really limited app, yet the website forces you to install it on mobile",1,1,2026-07-08T04:15:59+00:00,,,,2026-07-09T21:15:00.550939+00:00,phase2_cadence_runA_twice_daily_test_20260709_210858,"{""reviewId"": ""d0f69076-71dd-4122-ae0f-1b781c9d00fd"", ""userName"": ""Mike R"", ""userImage"": ""https://play-lh.googleusercontent.com/a-/ALV-UjVUjtCh8DLXHsHy-Q4dZJHgodXn6TsJlKa8QINPEeq-YdWgt_M"", ""content"": ""really limited app, yet the website forces you to install it on mobile"", ""score"": 1, ""thumbsUpCount"": 1, ""reviewCreatedVersion"": null, ""at"": ""2026-07-08T04:15:59+00:00"", ""replyContent"": null, ""repliedAt"": null, ""appVersion"": null}"
d6bc63d73a5fd192b570b87dfc7936881afabcc61889e0bdcd0418edd1fb51f0,google_play,com.google.android.apps.maps,Google Maps,ffca1f53-fcc2-4275-9aff-5315f67f00a1,black heart,https://play-lh.googleusercontent.com/a/ACg8ocJlrhZsstTZKkGuc-5YcTARit1DhgCanX57qjKGQpYysMYgRw=mo,"this map sucks, not getting an option to choose the mode of transport. even can't decide m walking or riding a bike.",1,1,2026-07-08T11:09:04+00:00,"That doesn’t sound good. If you're running into issues with Google Maps, try these troubleshooting steps: goo.gle/43EOVsN. If it keeps happening, please send feedback here: goo.gle/43OR0Ce. Hope this helps.",2026-07-08T17:35:57+00:00,26.26.03.935742811,2026-07-09T21:14:55.165041+00:00,phase2_cadence_runA_twice_daily_test_20260709_210858,"{""reviewId"": ""ffca1f53-fcc2-4275-9aff-5315f67f00a1"", ""userName"": ""black heart"", ""userImage"": ""https://play-lh.googleusercontent.com/a/ACg8ocJlrhZsstTZKkGuc-5YcTARit1DhgCanX57qjKGQpYysMYgRw=mo"", ""content"": ""this map sucks, not getting an option to choose the mode of transport. even can't decide m walking or riding a bike."", ""score"": 1, ""thumbsUpCount"": 1, ""reviewCreatedVersion"": ""26.26.03.935742811"", ""at"": ""2026-07-08T11:09:04+00:00"", ""replyContent"": ""That doesn’t sound good. If you're running into issues with Google Maps, try these troubleshooting steps: goo.gle/43EOVsN. If it keeps happening, please send feedback here: goo.gle/43OR0Ce. Hope this helps."", ""repliedAt"": ""2026-07-08T17:35:57+00:00"", ""appVersion"": ""26.26.03.935742811""}"
bf1f99568715b8eee346f3acb02117b658dbe52988f503c8fd77069b1538b963,google_play,com.reddit.frontpage,Reddit,9b06302a-8c17-48a7-8399-3e418b34d93b,Stephen Shelton,https://play-lh.googleusercontent.com/a-/ALV-UjXBFRezz6zNo_3RZ6YOGfbePdrfYqvQty3_ZhHA2JmREcSeb_awDA,don't force me to download your app,1,1,2026-07-08T14:33:19+00:00,,,2026.26.0,2026-07-09T21:15:00.550939+00:00,phase2_cadence_runA_twice_daily_test_20260709_210858,"{""reviewId"": ""9b06302a-8c17-48a7-8399-3e418b34d93b"", ""userName"": ""Stephen Shelton"", ""userImage"": ""https://play-lh.googleusercontent.com/a-/ALV-UjXBFRezz6zNo_3RZ6YOGfbePdrfYqvQty3_ZhHA2JmREcSeb_awDA"", ""content"": ""don't force me to download your app"", ""score"": 1, ""thumbsUpCount"": 1, ""reviewCreatedVersion"": ""2026.26.0"", ""at"": ""2026-07-08T14:33:19+00:00"", ""replyContent"": null, ""repliedAt"": null, ""appVersion"": ""2026.26.0""}"
e7a512e0c238b09b0e3fc191daa565eb2732449da08f91f9aaaac62e4a2447f1,google_play,com.ubercab,Uber,a6491de2-7cfd-4794-b24d-e2443d7a3d77,Rebecca Hans-Jorie,https://play-lh.googleusercontent.com/a/ACg8ocJcxZU5OgMr0Sa6_UmMjfEng6e59oj46c5imomPz-lqmPLmwQ=mo,Uber is one of BEST ❤️❤️❤️,5,0,2026-07-08T21:12:10+00:00,,,4.637.10003,2026-07-09T21:14:46.809432+00:00,phase2_cadence_runA_twice_daily_test_20260709_210858,"{""reviewId"": ""a6491de2-7cfd-4794-b24d-e2443d7a3d77"", ""userName"": ""Rebecca Hans-Jorie"", ""userImage"": ""https://play-lh.googleusercontent.com/a/ACg8ocJcxZU5OgMr0Sa6_UmMjfEng6e59oj46c5imomPz-lqmPLmwQ=mo"", ""content"": ""Uber is one of BEST ❤️❤️❤️"", ""score"": 5, ""thumbsUpCount"": 0, ""reviewCreatedVersion"": ""4.637.10003"", ""at"": ""2026-07-08T21:12:10+00:00"", ""replyContent"": null, ""repliedAt"": null, ""appVersion"": ""4.637.10003""}"
34e5fef4fc91adfce0fadc32823d83c8066fe280ce9abfb6761489126580a7e1,google_play,com.instagram.android,Instagram,047eaf58-78da-4ed1-8301-664485dfc198,shivkumar patel,https://play-lh.googleusercontent.com/a-/ALV-UjXIdOIFOKBg2kQ3yjRk7TC17SwTpnLTDnui1OZgHJ0GQCnWoeZs,Good,5,0,2026-07-08T18:11:20+00:00,,,255.1.0.17.102,2026-07-09T21:14:43.782074+00:00,phase2_cadence_runA_twice_daily_test_20260709_210858,"{""reviewId"": ""047eaf58-78da-4ed1-8301-664485dfc198"", ""userName"": ""shivkumar patel"", ""userImage"": ""https://play-lh.googleusercontent.com/a-/ALV-UjXIdOIFOKBg2kQ3yjRk7TC17SwTpnLTDnui1OZgHJ0GQCnWoeZs"", ""content"": ""Good"", ""score"": 5, ""thumbsUpCount"": 0, ""reviewCreatedVersion"": ""255.1.0.17.102"", ""at"": ""2026-07-08T18:11:20+00:00"", ""replyContent"": null, ""repliedAt"": null, ""appVersion"": ""255.1.0.17.102""}"
cfe08dd6f8fffbea1501c3c40d64d1493b7a82b2db8df69e4ec6949e49ced065,google_play,com.google.android.youtube,YouTube,b48f4574-6763-4f85-8858-9843964aca35,Killa Vee,https://play-lh.googleusercontent.com/a/ACg8ocL6yB6pNY9vbSJejm-Whluxo60XjIvvlHrWs4MdxAX12TrHPQ=mo,world is great but lifetime is busy,5,0,2026-07-08T20:57:09+00:00,,,19.07.39,2026-07-09T21:14:35.116668+00:00,phase2_cadence_runA_twice_daily_test_20260709_210858,"{""reviewId"": ""b48f4574-6763-4f85-8858-9843964aca35"", ""userName"": ""Killa Vee"", ""userImage"": ""https://play-lh.googleusercontent.com/a/ACg8ocL6yB6pNY9vbSJejm-Whluxo60XjIvvlHrWs4MdxAX12TrHPQ=mo"", ""content"": ""world is great but lifetime is busy"", ""score"": 5, ""thumbsUpCount"": 0, ""reviewCreatedVersion"": ""19.07.39"", ""at"": ""2026-07-08T20:57:09+00:00"", ""replyContent"": null, ""repliedAt"": null, ""appVersion"": ""19.07.39""}"
9fe99a80274d17dabfee6863bf7b34e31c79b200891b742918228414121cf619,google_play,com.zhiliaoapp.musically,TikTok,b7043477-f1a4-42e3-a65a-954003ea400c,Abdul M hassan,https://play-lh.googleusercontent.com/a/ACg8ocJ5w56yE6t-VilEcn-_jdqj6RufMXL3lFMsjGKQsccUmHDG1A=mo,my name is Xavier and I am not able to get the chance to get the best of luck to everyone,5,1,2026-07-08T14:58:36+00:00,Hi! Thanks for taking the time to share your feedback. Your support is greatly appreciated.,2026-07-08T15:20:13+00:00,,2026-07-09T21:14:38.342700+00:00,phase2_cadence_runA_twice_daily_test_20260709_210858,"{""reviewId"": ""b7043477-f1a4-42e3-a65a-954003ea400c"", ""userName"": ""Abdul M hassan"", ""userImage"": ""https://play-lh.googleusercontent.com/a/ACg8ocJ5w56yE6t-VilEcn-_jdqj6RufMXL3lFMsjGKQsccUmHDG1A=mo"", ""content"": ""my name is Xavier and I am not able to get the chance to get the best of luck to everyone"", ""score"": 5, ""thumbsUpCount"": 1, ""reviewCreatedVersion"": null, ""at"": ""2026-07-08T14:58:36+00:00"", ""replyContent"": ""Hi! Thanks for taking the time to share your feedback. Your support is greatly appreciated."", ""repliedAt"": ""2026-07-08T15:20:13+00:00"", ""appVersion"": null}"
0b33df9019d6d909a4e5996d61603168bc2649d0a9dcd3d640f71d1d0ab50a04,google_play,com.instagram.android,Instagram,d34d0947-1753-40e5-ac60-ef95c7381dd7,Charan,https://play-lh.googleusercontent.com/a/ACg8ocLr0ehXr2MUpkma7O-cNrk5aOUDbEPpZGml1AzoTtVfUEVjEw=mo,This app was s good but if u are addicted it will be very bad,1,0,2026-07-08T16:42:12+00:00,,,,2026-07-09T21:14:43.782074+00:00,phase2_cadence_runA_twice_daily_test_20260709_210858,"{""reviewId"": ""d34d0947-1753-40e5-ac60-ef95c7381dd7"", ""userName"": ""Charan"", ""userImage"": ""https://play-lh.googleusercontent.com/a/ACg8ocLr0ehXr2MUpkma7O-cNrk5aOUDbEPpZGml1AzoTtVfUEVjEw=mo"", ""content"": ""This app was s good but if u are addicted it will be very bad"", ""score"": 1, ""thumbsUpCount"": 0, ""reviewCreatedVersion"": null, ""at"": ""2026-07-08T16:42:12+00:00"", ""replyContent"": null, ""repliedAt"": null, ""appVersion"": null}"
e4a2a0546e9ae120bfe3bd984004cb92b9ba1d76f9e32e2d425f722e154764a7,google_play,com.instagram.android,Instagram,40dd6f4e-3f7c-47e0-92ef-1fac395929fb,Hamza Ktk,https://play-lh.googleusercontent.com/a/ACg8ocK3E2D1uI415yZs-nzC_85LIpRT444zPDl8p5Mx8DkuNo-Dlg=mo,"very pathetic, I can't skip advertising ads , instead of scroll up , the ad open itself and gets irritating. You have to like try to scroll up for multiple times and sometimes it gets me to playstore or web. The ads are very irritating in the reels section.",1,1,2026-07-08T19:43:47+00:00,,,,2026-07-09T21:14:43.782074+00:00,phase2_cadence_runA_twice_daily_test_20260709_210858,"{""reviewId"": ""40dd6f4e-3f7c-47e0-92ef-1fac395929fb"", ""userName"": ""Hamza Ktk"", ""userImage"": ""https://play-lh.googleusercontent.com/a/ACg8ocK3E2D1uI415yZs-nzC_85LIpRT444zPDl8p5Mx8DkuNo-Dlg=mo"", ""content"": ""very pathetic, I can't skip advertising ads , instead of scroll up , the ad open itself and gets irritating. You have to like try to scroll up for multiple times and sometimes it gets me to playstore or web. The ads are very irritating in the reels section."", ""score"": 1, ""thumbsUpCount"": 1, ""reviewCreatedVersion"": null, ""at"": ""2026-07-08T19:43:47+00:00"", ""replyContent"": null, ""repliedAt"": null, ""appVersion"": null}"
864dd4cef36924213a11018bcfe6e28989605f798dc1936b059d522b17b3b7d3,google_play,com.instagram.android,Instagram,13577b82-2b46-46f0-bfcd-e203c0f3a42a,Charan,https://play-lh.googleusercontent.com/a/ACg8ocKeUkMRBy0PoFV21RIqBGu_mLQSzbEgGrh8FYQbvSsGpRybXv4=mo,"I am facing a major issue with insta, my account got suspended without any reason. when I appeal, i am not getting any verification code for instagram.please kindly take some serious action about this",1,1,2026-07-08T11:53:22+00:00,,,437.0.0.33.78,2026-07-09T21:14:43.782074+00:00,phase2_cadence_runA_twice_daily_test_20260709_210858,"{""reviewId"": ""13577b82-2b46-46f0-bfcd-e203c0f3a42a"", ""userName"": ""Charan"", ""userImage"": ""https://play-lh.googleusercontent.com/a/ACg8ocKeUkMRBy0PoFV21RIqBGu_mLQSzbEgGrh8FYQbvSsGpRybXv4=mo"", ""content"": ""I am facing a major issue with insta, my account got suspended without any reason. when I appeal, i am not getting any verification code for instagram.please kindly take some serious action about this"", ""score"": 1, ""thumbsUpCount"": 1, ""reviewCreatedVersion"": ""437.0.0.33.78"", ""at"": ""2026-07-08T11:53:22+00:00"", ""replyContent"": null, ""repliedAt"": null, ""appVersion"": ""437.0.0.33.78""}"
64b261914e5986e63f0140c2e5e572c93c8ef4fd0f5eb2ddfd9d8e007c16b361,google_play,com.google.android.youtube,YouTube,e68521e3-b591-4e39-912e-be61269a72df,Kashan,https://play-lh.googleusercontent.com/a/ACg8ocLds8JMPC3rErSyQIPocvI2yc-R0N-ZT7t-V7xZ5yK0p73bIQ=mo,This app is so fun in my opinion,5,0,2026-07-08T10:38:32+00:00,,,21.21.83,2026-07-09T21:14:35.116668+00:00,phase2_cadence_runA_twice_daily_test_20260709_210858,"{""reviewId"": ""e68521e3-b591-4e39-912e-be61269a72df"", ""userName"": ""Kashan"", ""userImage"": ""https://play-lh.googleusercontent.com/a/ACg8ocLds8JMPC3rErSyQIPocvI2yc-R0N-ZT7t-V7xZ5yK0p73bIQ=mo"", ""content"": ""This app is so fun in my opinion"", ""score"": 5, ""thumbsUpCount"": 0, ""reviewCreatedVersion"": ""21.21.83"", ""at"": ""2026-07-08T10:38:32+00:00"", ""replyContent"": null, ""repliedAt"": null, ""appVersion"": ""21.21.83""}"
4ff4d4685af7cc9549d93491c32ae1088013ad946ae66c18f374045b96bf3c76,google_play,com.spotify.music,Spotify,60da3c76-d546-4bdc-a721-912b71802d58,Tumpa Karmakar,https://play-lh.googleusercontent.com/a/ACg8ocIEWK64odu3PuOIKgJeR_6wi0C7uaePFVxHVTenGqKpa_iqNg=mo,the worst app ever . don't download this app . Spotify is one of the world's worst music listening app .,1,0,2026-07-08T06:51:27+00:00,,,9.1.60.1970,2026-07-09T21:14:41.032808+00:00,phase2_cadence_runA_twice_daily_test_20260709_210858,"{""reviewId"": ""60da3c76-d546-4bdc-a721-912b71802d58"", ""userName"": ""Tumpa Karmakar"", ""userImage"": ""https://play-lh.googleusercontent.com/a/ACg8ocIEWK64odu3PuOIKgJeR_6wi0C7uaePFVxHVTenGqKpa_iqNg=mo"", ""content"": ""the worst app ever . don't download this app . Spotify is one of the world's worst music listening app ."", ""score"": 1, ""thumbsUpCount"": 0, ""reviewCreatedVersion"": ""9.1.60.1970"", ""at"": ""2026-07-08T06:51:27+00:00"", ""replyContent"": null, ""repliedAt"": null, ""appVersion"": ""9.1.60.1970""}"
51af0d092c978e27cc807af3b83ee0db49e37bac8d46896c0c1e8e9bed3946ab,google_play,com.instagram.android,Instagram,5eef9821-b194-454f-9c7d-b5c9a4e99b9f,a crow,https://play-lh.googleusercontent.com/a-/ALV-UjWmnmZf1mSYXqrwUL27kOg77IMoHJShDSqC1ox02Kz3eIqqeCnJ,"ITS BEEN 5 WEEKS AND STILL USE IMAGES IN COMMENTS SECTIONS also I keep scrolling reels and its heavily pushes softcore porn and onlyfans models even though I keep blocking the content, its genuine gross.",2,1,2026-07-08T15:56:51+00:00,,,437.0.0.33.78,2026-07-09T21:14:43.782074+00:00,phase2_cadence_runA_twice_daily_test_20260709_210858,"{""reviewId"": ""5eef9821-b194-454f-9c7d-b5c9a4e99b9f"", ""userName"": ""a crow"", ""userImage"": ""https://play-lh.googleusercontent.com/a-/ALV-UjWmnmZf1mSYXqrwUL27kOg77IMoHJShDSqC1ox02Kz3eIqqeCnJ"", ""content"": ""ITS BEEN 5 WEEKS AND STILL USE IMAGES IN COMMENTS SECTIONS also I keep scrolling reels and its heavily pushes softcore porn and onlyfans models even though I keep blocking the content, its genuine gross."", ""score"": 2, ""thumbsUpCount"": 1, ""reviewCreatedVersion"": ""437.0.0.33.78"", ""at"": ""2026-07-08T15:56:51+00:00"", ""replyContent"": null, ""repliedAt"": null, ""appVersion"": ""437.0.0.33.78""}"
2101899a65b2fc97061efd636af7bbed7bf98aa07b547f67f5e2e7c18afac410,google_play,com.google.android.youtube,YouTube,fd2d9318-7843-489d-b533-040f3411460c,Krishna Krishna,https://play-lh.googleusercontent.com/a/ACg8ocKBorTlEyd1fRmgcFp5XBzxEhAYDqYvFJX6AsnsLCobd7Dkjw=mo,Turiguhhkh,5,0,2026-07-08T15:43:13+00:00,,,12.37.59,2026-07-09T21:14:35.116668+00:00,phase2_cadence_runA_twice_daily_test_20260709_210858,"{""reviewId"": ""fd2d9318-7843-489d-b533-040f3411460c"", ""userName"": ""Krishna Krishna"", ""userImage"": ""https://play-lh.googleusercontent.com/a/ACg8ocKBorTlEyd1fRmgcFp5XBzxEhAYDqYvFJX6AsnsLCobd7Dkjw=mo"", ""content"": ""Turiguhhkh"", ""score"": 5, ""thumbsUpCount"": 0, ""reviewCreatedVersion"": ""12.37.59"", ""at"": ""2026-07-08T15:43:13+00:00"", ""replyContent"": null, ""repliedAt"": null, ""appVersion"": ""12.37.59""}"
08431c1ef9a882fd55a5d08c1f7b4c09b339ebc52d0509eca4deea0698a5c7c3,google_play,com.google.android.youtube,YouTube,9a519897-c7da-4367-9c5b-513b48a79857,SD Mogli,https://play-lh.googleusercontent.com/a-/ALV-UjVSMpR6shXUaVR5G1yjyHuP4WFvANkeScAewfxOZeQ7izVtyMKW,সাজ্জাদ,5,0,2026-07-08T18:52:21+00:00,,,10.37.58,2026-07-09T21:14:35.116668+00:00,phase2_cadence_runA_twice_daily_test_20260709_210858,"{""reviewId"": ""9a519897-c7da-4367-9c5b-513b48a79857"", ""userName"": ""SD Mogli"", ""userImage"": ""https://play-lh.googleusercontent.com/a-/ALV-UjVSMpR6shXUaVR5G1yjyHuP4WFvANkeScAewfxOZeQ7izVtyMKW"", ""content"": ""সাজ্জাদ"", ""score"": 5, ""thumbsUpCount"": 0, ""reviewCreatedVersion"": ""10.37.58"", ""at"": ""2026-07-08T18:52:21+00:00"", ""replyContent"": null, ""repliedAt"": null, ""appVersion"": ""10.37.58""}"
d7bc5ae5f5aa6e66b365cdefa9d058f57dbd0f8f6cd9dccc4e58d0d9e9274fc3,google_play,com.google.android.apps.maps,Google Maps,785de62a-f678-4ca5-ae0f-0366282fe5c2,Manuel Balderas,https://play-lh.googleusercontent.com/a/ACg8ocL4pYAFIGXWK_0wDivM-GcRx2fR30PIVIwREGsQhsqnyLe6hA=mo,pls faster my goggle map but nice accurate,5,0,2026-07-08T06:01:55+00:00,,,26.26.03.935742811,2026-07-09T21:14:55.165041+00:00,phase2_cadence_runA_twice_daily_test_20260709_210858,"{""reviewId"": ""785de62a-f678-4ca5-ae0f-0366282fe5c2"", ""userName"": ""Manuel Balderas"", ""userImage"": ""https://play-lh.googleusercontent.com/a/ACg8ocL4pYAFIGXWK_0wDivM-GcRx2fR30PIVIwREGsQhsqnyLe6hA=mo"", ""content"": ""pls faster my goggle map but nice accurate"", ""score"": 5, ""thumbsUpCount"": 0, ""reviewCreatedVersion"": ""26.26.03.935742811"", ""at"": ""2026-07-08T06:01:55+00:00"", ""replyContent"": null, ""repliedAt"": null, ""appVersion"": ""26.26.03.935742811""}"
8c3c964fa07f605fcc96f6afe0dd96927715a8c1e3efac14363e5f221199bcec,google_play,com.google.android.youtube,YouTube,962a25cb-dc1b-4ed3-8712-f526eb08e2c6,Avik Bhattacharya,https://play-lh.googleusercontent.com/a/ACg8ocItVeoy4-vr3IZwoY0t9sEY-I4HfdIPz98-EVJQNpHv7yPtog=mo,It is not supported on Redmi note 4,1,1,2026-07-08T19:23:20+00:00,,,21.26.364,2026-07-09T21:14:35.116668+00:00,phase2_cadence_runA_twice_daily_test_20260709_210858,"{""reviewId"": ""962a25cb-dc1b-4ed3-8712-f526eb08e2c6"", ""userName"": ""Avik Bhattacharya"", ""userImage"": ""https://play-lh.googleusercontent.com/a/ACg8ocItVeoy4-vr3IZwoY0t9sEY-I4HfdIPz98-EVJQNpHv7yPtog=mo"", ""content"": ""It is not supported on Redmi note 4"", ""score"": 1, ""thumbsUpCount"": 1, ""reviewCreatedVersion"": ""21.26.364"", ""at"": ""2026-07-08T19:23:20+00:00"", ""replyContent"": null, ""repliedAt"": null, ""appVersion"": ""21.26.364""}"
0306e868b5b7603e96d655034d0192e1d03c5b6d5a7ae40724c70f63930be57d,google_play,com.google.android.youtube,YouTube,3fdc0636-b96d-47f0-ae00-078171b638bb,Ngurang Yadik,https://play-lh.googleusercontent.com/a/ACg8ocLuH_wT-tLd7GMBm4VD_nw5akbBNphBeCK_qO_TcyQgegTkhA=mo,"it's nice, but quickly missing aap",5,0,2026-07-08T18:34:14+00:00,,,21.26.364,2026-07-09T21:14:35.116668+00:00,phase2_cadence_runA_twice_daily_test_20260709_210858,"{""reviewId"": ""3fdc0636-b96d-47f0-ae00-078171b638bb"", ""userName"": ""Ngurang Yadik"", ""userImage"": ""https://play-lh.googleusercontent.com/a/ACg8ocLuH_wT-tLd7GMBm4VD_nw5akbBNphBeCK_qO_TcyQgegTkhA=mo"", ""content"": ""it's nice, but quickly missing aap"", ""score"": 5, ""thumbsUpCount"": 0, ""reviewCreatedVersion"": ""21.26.364"", ""at"": ""2026-07-08T18:34:14+00:00"", ""replyContent"": null, ""repliedAt"": null, ""appVersion"": ""21.26.364""}"
a9e593b2ac1a5c60ffc42e60a0b3cdac2a227fbf977bf5babc3a5a18fc82ee85,google_play,com.instagram.android,Instagram,202a3404-9354-4723-9a1e-cf8e4f7280c6,Rishu Keshri,https://play-lh.googleusercontent.com/a/ACg8ocLmaFBsJYz4O1y5md_4dfSGdMzip5pH09TuxAB1VdEDXOmihM4=mo,apps,1,1,2026-07-08T18:35:26+00:00,,,436.0.0.41.73,2026-07-09T21:14:43.782074+00:00,phase2_cadence_runA_twice_daily_test_20260709_210858,"{""reviewId"": ""202a3404-9354-4723-9a1e-cf8e4f7280c6"", ""userName"": ""Rishu Keshri"", ""userImage"": ""https://play-lh.googleusercontent.com/a/ACg8ocLmaFBsJYz4O1y5md_4dfSGdMzip5pH09TuxAB1VdEDXOmihM4=mo"", ""content"": ""apps"", ""score"": 1, ""thumbsUpCount"": 1, ""reviewCreatedVersion"": ""436.0.0.41.73"", ""at"": ""2026-07-08T18:35:26+00:00"", ""replyContent"": null, ""repliedAt"": null, ""appVersion"": ""436.0.0.41.73""}"
154bfa8cfb60abec21ced948008893dd44c82eaa1c8522d3b5a407024cc7e7d3,google_play,com.spotify.music,Spotify,cf6376d3-2b1a-4d6a-b38d-3aa750e07534,Steven Obasi,https://play-lh.googleusercontent.com/a-/ALV-UjXO2bBtqzEfptWKXVjyhuqiQojJtLqQ2C06D2J_iqV7AlT1o_eW,"cool I guess, but cooler after my premium subscription, its worth the price, kudos to the team, but there is always room for improvements",5,0,2026-07-08T15:38:30+00:00,,,9.1.60.1970,2026-07-09T21:14:41.032808+00:00,phase2_cadence_runA_twice_daily_test_20260709_210858,"{""reviewId"": ""cf6376d3-2b1a-4d6a-b38d-3aa750e07534"", ""userName"": ""Steven Obasi"", ""userImage"": ""https://play-lh.googleusercontent.com/a-/ALV-UjXO2bBtqzEfptWKXVjyhuqiQojJtLqQ2C06D2J_iqV7AlT1o_eW"", ""content"": ""cool I guess, but cooler after my premium subscription, its worth the price, kudos to the team, but there is always room for improvements"", ""score"": 5, ""thumbsUpCount"": 0, ""reviewCreatedVersion"": ""9.1.60.1970"", ""at"": ""2026-07-08T15:38:30+00:00"", ""replyContent"": null, ""repliedAt"": null, ""appVersion"": ""9.1.60.1970""}"
729e17483f3636556201f59c4ff9f611b09735b126d451faa737259b3dbc2ac1,google_play,com.google.android.youtube,YouTube,ab9ab7d7-0960-4191-885d-c08b02f21919,Ayesha Iftikhar,https://play-lh.googleusercontent.com/a/ACg8ocJ1-i2NQVcur6d8PymppJ49svZ6mvy0u2Xf-IgodDOLmHdRjw=mo,pathetic slowest app,1,0,2026-07-08T20:17:27+00:00,,,21.26.364,2026-07-09T21:14:35.116668+00:00,phase2_cadence_runA_twice_daily_test_20260709_210858,"{""reviewId"": ""ab9ab7d7-0960-4191-885d-c08b02f21919"", ""userName"": ""Ayesha Iftikhar"", ""userImage"": ""https://play-lh.googleusercontent.com/a/ACg8ocJ1-i2NQVcur6d8PymppJ49svZ6mvy0u2Xf-IgodDOLmHdRjw=mo"", ""content"": ""pathetic slowest app"", ""score"": 1, ""thumbsUpCount"": 0, ""reviewCreatedVersion"": ""21.26.364"", ""at"": ""2026-07-08T20:17:27+00:00"", ""replyContent"": null, ""repliedAt"": null, ""appVersion"": ""21.26.364""}"
7837eab84090836827f6f2980091e4346c6994aae11704595bc651089702af28,google_play,com.google.android.youtube,YouTube,11e66adf-f344-456f-82f7-dcd7f577ed25,Fabrice Secrétariat,https://play-lh.googleusercontent.com/a-/ALV-UjUEqs075TVyxqLbyypm0dSqdtmvBhkAVjlf5m__oURdxAsotw4,not bat!,3,0,2026-07-08T10:38:00+00:00,,,21.26.364,2026-07-09T21:14:35.116668+00:00,phase2_cadence_runA_twice_daily_test_20260709_210858,"{""reviewId"": ""11e66adf-f344-456f-82f7-dcd7f577ed25"", ""userName"": ""Fabrice Secrétariat"", ""userImage"": ""https://play-lh.googleusercontent.com/a-/ALV-UjUEqs075TVyxqLbyypm0dSqdtmvBhkAVjlf5m__oURdxAsotw4"", ""content"": ""not bat!"", ""score"": 3, ""thumbsUpCount"": 0, ""reviewCreatedVersion"": ""21.26.364"", ""at"": ""2026-07-08T10:38:00+00:00"", ""replyContent"": null, ""repliedAt"": null, ""appVersion"": ""21.26.364""}"
42cf9e3f691da4c8b3e73b781794a56c0903d6813858fb98fabd2696de3bb1e6,google_play,com.google.android.youtube,YouTube,f6520797-a63e-4d75-87c0-c80e2c3031a5,Durga Logu,https://play-lh.googleusercontent.com/a/ACg8ocK8Q3bp6G0MTep4t3itu-pB9J5_UMWG0TEktguHDeeyZJc3RA=mo,not working,1,0,2026-07-08T18:49:49+00:00,,,11.43.54,2026-07-09T21:14:35.116668+00:00,phase2_cadence_runA_twice_daily_test_20260709_210858,"{""reviewId"": ""f6520797-a63e-4d75-87c0-c80e2c3031a5"", ""userName"": ""Durga Logu"", ""userImage"": ""https://play-lh.googleusercontent.com/a/ACg8ocK8Q3bp6G0MTep4t3itu-pB9J5_UMWG0TEktguHDeeyZJc3RA=mo"", ""content"": ""not working"", ""score"": 1, ""thumbsUpCount"": 0, ""reviewCreatedVersion"": ""11.43.54"", ""at"": ""2026-07-08T18:49:49+00:00"", ""replyContent"": null, ""repliedAt"": null, ""appVersion"": ""11.43.54""}"
99bd39290f507adf4fe3d6a039cd532bb79e91c0abdaa3707e0db9f28c7b066c,google_play,com.google.android.youtube,YouTube,5bcd980b-f044-4aa0-b822-52b2ad161856,Sifat Ullah,https://play-lh.googleusercontent.com/a/ACg8ocL9p2pX3-9UyEMXxVneSHwWH0dQqm5FVphmt2L6TcItt98X7w=mo,YouTube YouTube and so so so beautiful App,5,0,2026-07-08T13:08:56+00:00,,,18.42.36,2026-07-09T21:14:35.116668+00:00,phase2_cadence_runA_twice_daily_test_20260709_210858,"{""reviewId"": ""5bcd980b-f044-4aa0-b822-52b2ad161856"", ""userName"": ""Sifat Ullah"", ""userImage"": ""https://play-lh.googleusercontent.com/a/ACg8ocL9p2pX3-9UyEMXxVneSHwWH0dQqm5FVphmt2L6TcItt98X7w=mo"", ""content"": ""YouTube YouTube and so so so beautiful App"", ""score"": 5, ""thumbsUpCount"": 0, ""reviewCreatedVersion"": ""18.42.36"", ""at"": ""2026-07-08T13:08:56+00:00"", ""replyContent"": null, ""repliedAt"": null, ""appVersion"": ""18.42.36""}"
a35a85c734989125b69da8efe35f6fbe988870501b7f4eefe57e2a4de52329c4,google_play,com.zhiliaoapp.musically,TikTok,b815e539-bf30-4089-bfe0-bde75a3a54cf,Temu Shalo,https://play-lh.googleusercontent.com/a/ACg8ocJgeLlhyM8rQBQ6TVR8bgUcGhcOgkYP0eYWEQnlELBRKr2d9Q=mo,taemu shalo,5,1,2026-07-08T19:06:53+00:00,Hi! Thanks for taking the time to share your feedback. Your support is greatly appreciated.,2026-07-08T19:20:11+00:00,,2026-07-09T21:14:38.342700+00:00,phase2_cadence_runA_twice_daily_test_20260709_210858,"{""reviewId"": ""b815e539-bf30-4089-bfe0-bde75a3a54cf"", ""userName"": ""Temu Shalo"", ""userImage"": ""https://play-lh.googleusercontent.com/a/ACg8ocJgeLlhyM8rQBQ6TVR8bgUcGhcOgkYP0eYWEQnlELBRKr2d9Q=mo"", ""content"": ""taemu shalo"", ""score"": 5, ""thumbsUpCount"": 1, ""reviewCreatedVersion"": null, ""at"": ""2026-07-08T19:06:53+00:00"", ""replyContent"": ""Hi! Thanks for taking the time to share your feedback. Your support is greatly appreciated."", ""repliedAt"": ""2026-07-08T19:20:11+00:00"", ""appVersion"": null}"
65b7359ff472149fd172a2885a4ea47c9fcb702a4b9079c6c0062468686d2538,google_play,com.spotify.music,Spotify,d5fe0a56-0061-4246-afba-d0ff287f4e7b,okafor simon,https://play-lh.googleusercontent.com/a-/ALV-UjWKoz3jqubhcmanemAtZLSH-J7_Xg_Iqrn03lCYUhMGIYjMIqGk,uhm offline should do better for premium people,4,0,2026-07-08T14:01:07+00:00,"Hi. Thanks for your review. Have you tried a quick reinstall? You just need to redownload all your content once done. If that doesn't help, we'd recommend reaching out to our Customer Service at support.spotify.com. Just search “Contact Us”, and they'll be happy to help.",2026-07-08T16:01:03+00:00,9.1.62.1601,2026-07-09T21:14:41.032808+00:00,phase2_cadence_runA_twice_daily_test_20260709_210858,"{""reviewId"": ""d5fe0a56-0061-4246-afba-d0ff287f4e7b"", ""userName"": ""okafor simon"", ""userImage"": ""https://play-lh.googleusercontent.com/a-/ALV-UjWKoz3jqubhcmanemAtZLSH-J7_Xg_Iqrn03lCYUhMGIYjMIqGk"", ""content"": ""uhm offline should do better for premium people"", ""score"": 4, ""thumbsUpCount"": 0, ""reviewCreatedVersion"": ""9.1.62.1601"", ""at"": ""2026-07-08T14:01:07+00:00"", ""replyContent"": ""Hi. Thanks for your review. Have you tried a quick reinstall? You just need to redownload all your content once done. If that doesn't help, we'd recommend reaching out to our Customer Service at support.spotify.com. Just search “Contact Us”, and they'll be happy to help."", ""repliedAt"": ""2026-07-08T16:01:03+00:00"", ""appVersion"": ""9.1.62.1601""}"
719de4a345b47e1533635b3076f761fb124e0091c7197a6afcf450a1201224c5,google_play,com.instagram.android,Instagram,1928dfb8-cc8a-4922-96ae-5da12cc27bf6,Sanjay Sanjay,https://play-lh.googleusercontent.com/a/ACg8ocKbUHSk5IWTX5fobZLXFbGp_YLByx4unC6hB9CTDZuRPqz-6A=mo,nice❤️🥰,5,0,2026-07-08T12:57:47+00:00,,,,2026-07-09T21:14:43.782074+00:00,phase2_cadence_runA_twice_daily_test_20260709_210858,"{""reviewId"": ""1928dfb8-cc8a-4922-96ae-5da12cc27bf6"", ""userName"": ""Sanjay Sanjay"", ""userImage"": ""https://play-lh.googleusercontent.com/a/ACg8ocKbUHSk5IWTX5fobZLXFbGp_YLByx4unC6hB9CTDZuRPqz-6A=mo"", ""content"": ""nice❤️🥰"", ""score"": 5, ""thumbsUpCount"": 0, ""reviewCreatedVersion"": null, ""at"": ""2026-07-08T12:57:47+00:00"", ""replyContent"": null, ""repliedAt"": null, ""appVersion"": null}"
dc642054fd844d9f3f733f7506f2c74c4f789b11cbb7bc837ce74d5879507032,google_play,com.google.android.apps.maps,Google Maps,5cd49bf6-505b-45a6-bd31-7175bed81b79,RoyalDemonTG !?!,https://play-lh.googleusercontent.com/a-/ALV-UjXhFlrTlEjWqhVCvY31VUCsksTG6q7R6dLFRkwEpextb_v-r1E,my maps is taking me to the wrong locations,2,0,2026-07-08T14:27:56+00:00,"Hi there. To help me look into this further, please create a post in our Google Maps Help Community. Our team and community experts can assist you there: goo.gle/3vosTcH. Hope this helps.",2026-07-08T17:30:26+00:00,26.26.03.935742811,2026-07-09T21:14:55.165041+00:00,phase2_cadence_runA_twice_daily_test_20260709_210858,"{""reviewId"": ""5cd49bf6-505b-45a6-bd31-7175bed81b79"", ""userName"": ""RoyalDemonTG !?!"", ""userImage"": ""https://play-lh.googleusercontent.com/a-/ALV-UjXhFlrTlEjWqhVCvY31VUCsksTG6q7R6dLFRkwEpextb_v-r1E"", ""content"": ""my maps is taking me to the wrong locations"", ""score"": 2, ""thumbsUpCount"": 0, ""reviewCreatedVersion"": ""26.26.03.935742811"", ""at"": ""2026-07-08T14:27:56+00:00"", ""replyContent"": ""Hi there. To help me look into this further, please create a post in our Google Maps Help Community. Our team and community experts can assist you there: goo.gle/3vosTcH. Hope this helps."", ""repliedAt"": ""2026-07-08T17:30:26+00:00"", ""appVersion"": ""26.26.03.935742811""}"
d4ed43e30ae92c9f12d8fde3ca85550adf0e21e4b30d309e5df208685c3030dd,google_play,com.instagram.android,Instagram,d0a49eaa-1b42-422c-b435-1efa2841cc01,Palak Chauhan,https://play-lh.googleusercontent.com/a/ACg8ocIvsbVCfq1ztM_WHUzu6ZsudCO7LQhgiig8zRxxzUzHGja2rw=mo,👍🏻,5,0,2026-07-08T13:30:08+00:00,,,,2026-07-09T21:14:43.782074+00:00,phase2_cadence_runA_twice_daily_test_20260709_210858,"{""reviewId"": ""d0a49eaa-1b42-422c-b435-1efa2841cc01"", ""userName"": ""Palak Chauhan"", ""userImage"": ""https://play-lh.googleusercontent.com/a/ACg8ocIvsbVCfq1ztM_WHUzu6ZsudCO7LQhgiig8zRxxzUzHGja2rw=mo"", ""content"": ""👍🏻"", ""score"": 5, ""thumbsUpCount"": 0, ""reviewCreatedVersion"": null, ""at"": ""2026-07-08T13:30:08+00:00"", ""replyContent"": null, ""repliedAt"": null, ""appVersion"": null}"
b64548b10112e61520ff147e8b34c9c353b11a97e9ecfce072f970c876d8b246,google_play,com.netflix.mediaclient,Netflix,7712d8a8-22a0-460d-87c1-6390728caf28,Megha Karia,https://play-lh.googleusercontent.com/a-/ALV-UjX5GPomNtkE2ON680CjjNfprjl03rvxIdJbrgW021tMY5IzTTCw,"I had been a paying Netflix customer for months. I paid ₹199 on 30 June 2026 and had a valid subscription until 29 July 2026. Netflix later cancelled my membership due to alleged ""unusual activity"" without any prior warning or cancellation email. Customer support refused to restore my membership, refused to refund the unused subscription, and even refused to provide the reason in writing. I have the official invoice, payment proof, and screenshots. Very disappointed with how this was handled.",1,1,2026-07-08T04:44:18+00:00,,,9.73.0 build 7 64240,2026-07-09T21:14:57.828674+00:00,phase2_cadence_runA_twice_daily_test_20260709_210858,"{""reviewId"": ""7712d8a8-22a0-460d-87c1-6390728caf28"", ""userName"": ""Megha Karia"", ""userImage"": ""https://play-lh.googleusercontent.com/a-/ALV-UjX5GPomNtkE2ON680CjjNfprjl03rvxIdJbrgW021tMY5IzTTCw"", ""content"": ""I had been a paying Netflix customer for months. I paid ₹199 on 30 June 2026 and had a valid subscription until 29 July 2026. Netflix later cancelled my membership due to alleged \""unusual activity\"" without any prior warning or cancellation email. Customer support refused to restore my membership, refused to refund the unused subscription, and even refused to provide the reason in writing. I have the official invoice, payment proof, and screenshots. Very disappointed with how this was handled."", ""score"": 1, ""thumbsUpCount"": 1, ""reviewCreatedVersion"": ""9.73.0 build 7 64240"", ""at"": ""2026-07-08T04:44:18+00:00"", ""replyContent"": null, ""repliedAt"": null, ""appVersion"": ""9.73.0 build 7 64240""}"
cefd6c6c28dabc84d199db307fd758fb9872c74d5e045c16d10372377926dc0a,google_play,com.google.android.youtube,YouTube,c35b25ee-86ff-4dd8-ab25-2172e523e210,LK kumar,https://play-lh.googleusercontent.com/a-/ALV-UjVX0jyGgevaMpg2tlFn5oa15ftoMvffBzh-Zblg9_y-unkZ3PzW,"When I'm watching a reel, sometimes it automatically switches to the next reel even though I haven't scrolled. Why does this happen? The channel remains the same as the previous reel, but it still moves to the next reel on its own.",3,0,2026-07-08T15:07:26+00:00,,,21.26.364,2026-07-09T21:14:35.116668+00:00,phase2_cadence_runA_twice_daily_test_20260709_210858,"{""reviewId"": ""c35b25ee-86ff-4dd8-ab25-2172e523e210"", ""userName"": ""LK kumar"", ""userImage"": ""https://play-lh.googleusercontent.com/a-/ALV-UjVX0jyGgevaMpg2tlFn5oa15ftoMvffBzh-Zblg9_y-unkZ3PzW"", ""content"": ""When I'm watching a reel, sometimes it automatically switches to the next reel even though I haven't scrolled. Why does this happen? The channel remains the same as the previous reel, but it still moves to the next reel on its own."", ""score"": 3, ""thumbsUpCount"": 0, ""reviewCreatedVersion"": ""21.26.364"", ""at"": ""2026-07-08T15:07:26+00:00"", ""replyContent"": null, ""repliedAt"": null, ""appVersion"": ""21.26.364""}"
f7ac8c1f2aab20d1c5a7e8c94b160890e393bb2e1aa857ffa7997968a3aa86d0,google_play,com.instagram.android,Instagram,284d58a8-66e3-4fb1-b3cc-f6bf390db57c,Amnk,https://play-lh.googleusercontent.com/a/ACg8ocK1jRGgL2KlzymKsVegspDqlQxhTgcIM7faCbmgbi4IzOoWeg=mo,why is my account keeps opening in the device even if I clicked remove device,1,1,2026-07-08T18:48:39+00:00,,,,2026-07-09T21:14:43.782074+00:00,phase2_cadence_runA_twice_daily_test_20260709_210858,"{""reviewId"": ""284d58a8-66e3-4fb1-b3cc-f6bf390db57c"", ""userName"": ""Amnk"", ""userImage"": ""https://play-lh.googleusercontent.com/a/ACg8ocK1jRGgL2KlzymKsVegspDqlQxhTgcIM7faCbmgbi4IzOoWeg=mo"", ""content"": ""why is my account keeps opening in the device even if I clicked remove device"", ""score"": 1, ""thumbsUpCount"": 1, ""reviewCreatedVersion"": null, ""at"": ""2026-07-08T18:48:39+00:00"", ""replyContent"": null, ""repliedAt"": null, ""appVersion"": null}"
c9bf5da529d0a9f2d643d9662277afb69158f8b59eb75db8e923d221bdd6a7b7,google_play,com.spotify.music,Spotify,a3fef46e-7ed8-483f-9759-9ef4e0752a63,Riccardo Sozzi,https://play-lh.googleusercontent.com/a/ACg8ocLEDX2n3xJG1Sp1Z7PMBKhhEphRrzr_p-4G2xDDXzw8Iu6JsA=mo,"love love love, and play it cool, play it safe peace G just because, doesn't mean /don't bow down to them, STAND UP",5,2,2026-07-08T10:06:30+00:00,,,9.1.62.1601,2026-07-09T21:14:41.032808+00:00,phase2_cadence_runA_twice_daily_test_20260709_210858,"{""reviewId"": ""a3fef46e-7ed8-483f-9759-9ef4e0752a63"", ""userName"": ""Riccardo Sozzi"", ""userImage"": ""https://play-lh.googleusercontent.com/a/ACg8ocLEDX2n3xJG1Sp1Z7PMBKhhEphRrzr_p-4G2xDDXzw8Iu6JsA=mo"", ""content"": ""love love love, and play it cool, play it safe peace G just because, doesn't mean /don't bow down to them, STAND UP"", ""score"": 5, ""thumbsUpCount"": 2, ""reviewCreatedVersion"": ""9.1.62.1601"", ""at"": ""2026-07-08T10:06:30+00:00"", ""replyContent"": null, ""repliedAt"": null, ""appVersion"": ""9.1.62.1601""}"
955f111473ec07ea549da1ecbb04efc5d717b556c56be4af2da5ae4b1bb017e9,google_play,com.instagram.android,Instagram,6eccb754-25eb-46e9-8acb-fa6c5a76b300,Guri,https://play-lh.googleusercontent.com/a/ACg8ocI1Mug6z-ziZsxWlxqbLIBXM3jJR8fbNMnelDetOoAfyJWpTg=mo,cool app,5,0,2026-07-08T14:10:09+00:00,,,436.0.0.41.73,2026-07-09T21:14:43.782074+00:00,phase2_cadence_runA_twice_daily_test_20260709_210858,"{""reviewId"": ""6eccb754-25eb-46e9-8acb-fa6c5a76b300"", ""userName"": ""Guri"", ""userImage"": ""https://play-lh.googleusercontent.com/a/ACg8ocI1Mug6z-ziZsxWlxqbLIBXM3jJR8fbNMnelDetOoAfyJWpTg=mo"", ""content"": ""cool app"", ""score"": 5, ""thumbsUpCount"": 0, ""reviewCreatedVersion"": ""436.0.0.41.73"", ""at"": ""2026-07-08T14:10:09+00:00"", ""replyContent"": null, ""repliedAt"": null, ""appVersion"": ""436.0.0.41.73""}"
13d1ff23045cf543cc7fb0cfb19c65e379dc6c8a0faca7885517a2d5e537380f,google_play,com.google.android.youtube,YouTube,95d11b69-09b5-4a72-b2ab-21df0369d018,Lx Kiroxx,https://play-lh.googleusercontent.com/a-/ALV-UjXXSe-qshRfBA4abJ7LcojwYOK_FeKD9n0ONh_5gpKQMhX_XYc,LovE,1,0,2026-07-08T12:29:13+00:00,,,21.26.364,2026-07-09T21:14:35.116668+00:00,phase2_cadence_runA_twice_daily_test_20260709_210858,"{""reviewId"": ""95d11b69-09b5-4a72-b2ab-21df0369d018"", ""userName"": ""Lx Kiroxx"", ""userImage"": ""https://play-lh.googleusercontent.com/a-/ALV-UjXXSe-qshRfBA4abJ7LcojwYOK_FeKD9n0ONh_5gpKQMhX_XYc"", ""content"": ""LovE"", ""score"": 1, ""thumbsUpCount"": 0, ""reviewCreatedVersion"": ""21.26.364"", ""at"": ""2026-07-08T12:29:13+00:00"", ""replyContent"": null, ""repliedAt"": null, ""appVersion"": ""21.26.364""}"
190a78d7a08ac9fabb6addb5e4c5d83f2ba117ba31bac836939483e9192d4c0a,google_play,com.google.android.apps.maps,Google Maps,336048d6-5f48-4501-8342-84fc48c1a9d2,santosh kotkar,https://play-lh.googleusercontent.com/a/ACg8ocIKEB8Hyk_RA7k1CG8MTkkbTavLCdUofg812fLX9Kne9QDJIQ=mo,❤️‍🩹❤️‍🩹👋,5,0,2026-07-08T15:06:58+00:00,,,26.26.03.935742811,2026-07-09T21:14:55.165041+00:00,phase2_cadence_runA_twice_daily_test_20260709_210858,"{""reviewId"": ""336048d6-5f48-4501-8342-84fc48c1a9d2"", ""userName"": ""santosh kotkar"", ""userImage"": ""https://play-lh.googleusercontent.com/a/ACg8ocIKEB8Hyk_RA7k1CG8MTkkbTavLCdUofg812fLX9Kne9QDJIQ=mo"", ""content"": ""❤️‍🩹❤️‍🩹👋"", ""score"": 5, ""thumbsUpCount"": 0, ""reviewCreatedVersion"": ""26.26.03.935742811"", ""at"": ""2026-07-08T15:06:58+00:00"", ""replyContent"": null, ""repliedAt"": null, ""appVersion"": ""26.26.03.935742811""}"
da5ec3d99f4009e526738f17316ee6cd1c4724c6a73fa3362b3286212e1db9e3,google_play,com.google.android.youtube,YouTube,17f8a1bd-a92e-4b1f-ab98-b59d561a3acc,حاتم الشيخ,https://play-lh.googleusercontent.com/a/ACg8ocL27L-aLAkHvwY0TMWGAtFeIGswQpHvmalpNdmsot6YXbMf5w=mo,اح,5,0,2026-07-08T19:14:49+00:00,,,20.31.39,2026-07-09T21:14:35.116668+00:00,phase2_cadence_runA_twice_daily_test_20260709_210858,"{""reviewId"": ""17f8a1bd-a92e-4b1f-ab98-b59d561a3acc"", ""userName"": ""حاتم الشيخ"", ""userImage"": ""https://play-lh.googleusercontent.com/a/ACg8ocL27L-aLAkHvwY0TMWGAtFeIGswQpHvmalpNdmsot6YXbMf5w=mo"", ""content"": ""اح"", ""score"": 5, ""thumbsUpCount"": 0, ""reviewCreatedVersion"": ""20.31.39"", ""at"": ""2026-07-08T19:14:49+00:00"", ""replyContent"": null, ""repliedAt"": null, ""appVersion"": ""20.31.39""}"
7e6373a88848cecd388aa588372bdef314f97ba5c0d0e6de1cde2e09e0027649,google_play,com.ubercab,Uber,76154a17-2ed4-4b6a-b1bd-421d61405490,Taniya Nimesh,https://play-lh.googleusercontent.com/a/ACg8ocLj02TaGMBGqjsf6eU-jZZpI9UqzLEktJh5NY1HKymakkqQxw=mo,taking too much time to book the ride.,2,0,2026-07-08T14:35:17+00:00,,,4.638.10003,2026-07-09T21:14:46.809432+00:00,phase2_cadence_runA_twice_daily_test_20260709_210858,"{""reviewId"": ""76154a17-2ed4-4b6a-b1bd-421d61405490"", ""userName"": ""Taniya Nimesh"", ""userImage"": ""https://play-lh.googleusercontent.com/a/ACg8ocLj02TaGMBGqjsf6eU-jZZpI9UqzLEktJh5NY1HKymakkqQxw=mo"", ""content"": ""taking too much time to book the ride."", ""score"": 2, ""thumbsUpCount"": 0, ""reviewCreatedVersion"": ""4.638.10003"", ""at"": ""2026-07-08T14:35:17+00:00"", ""replyContent"": null, ""repliedAt"": null, ""appVersion"": ""4.638.10003""}"
7675b4f677bb2c0507048e58b4d093e858e4a68d6a882974bcd50374ff2ce469,google_play,com.google.android.youtube,YouTube,591f7e0b-d04b-4d2f-a62c-54878877eccc,Bo San,https://play-lh.googleusercontent.com/a-/ALV-UjUcifiuyp9Ipk4udymUd0UfC6qr--LWoXUNj8r5JC2x1z-WEN0,good,5,0,2026-07-08T11:50:46+00:00,,,13.07.55,2026-07-09T21:14:35.116668+00:00,phase2_cadence_runA_twice_daily_test_20260709_210858,"{""reviewId"": ""591f7e0b-d04b-4d2f-a62c-54878877eccc"", ""userName"": ""Bo San"", ""userImage"": ""https://play-lh.googleusercontent.com/a-/ALV-UjUcifiuyp9Ipk4udymUd0UfC6qr--LWoXUNj8r5JC2x1z-WEN0"", ""content"": ""good"", ""score"": 5, ""thumbsUpCount"": 0, ""reviewCreatedVersion"": ""13.07.55"", ""at"": ""2026-07-08T11:50:46+00:00"", ""replyContent"": null, ""repliedAt"": null, ""appVersion"": ""13.07.55""}"
2739664cf8e55681361db79d86e00365d1aa55d53eeab22d5110e423332e3fbb,google_play,com.google.android.youtube,YouTube,82fa109c-1300-415d-90b0-f68c3e49bb4d,Rao sarfraz Hussain,https://play-lh.googleusercontent.com/a/ACg8ocI3X5PImKHoeolVpopv86BOxtKdysPVlzlBGxLU6FWfaM2viw=mo,it's a very good app in tha world it's Amy channal mu channal name in a YouTube mufasageming subscribe a mu channal,5,0,2026-07-08T10:30:31+00:00,,,21.26.364,2026-07-09T21:14:35.116668+00:00,phase2_cadence_runA_twice_daily_test_20260709_210858,"{""reviewId"": ""82fa109c-1300-415d-90b0-f68c3e49bb4d"", ""userName"": ""Rao sarfraz Hussain"", ""userImage"": ""https://play-lh.googleusercontent.com/a/ACg8ocI3X5PImKHoeolVpopv86BOxtKdysPVlzlBGxLU6FWfaM2viw=mo"", ""content"": ""it's a very good app in tha world it's Amy channal mu channal name in a YouTube mufasageming subscribe a mu channal"", ""score"": 5, ""thumbsUpCount"": 0, ""reviewCreatedVersion"": ""21.26.364"", ""at"": ""2026-07-08T10:30:31+00:00"", ""replyContent"": null, ""repliedAt"": null, ""appVersion"": ""21.26.364""}"
e49e7aeeb39a1f72f3d3eb52fb44a5b3866f3f9508e0915ae3c5c9f44abd7cc3,google_play,com.instagram.android,Instagram,7b417b12-a2e8-4022-a4a5-d5203bdcf6d8,asmaul sk,https://play-lh.googleusercontent.com/a-/ALV-UjWC4tvpBRP3WkjEzwfIJk7QFtIXi_5rbvw7AkIK5zg-JhqOWgY,shiv . bjuyn,5,0,2026-07-08T11:35:44+00:00,,,436.0.0.41.73,2026-07-09T21:14:43.782074+00:00,phase2_cadence_runA_twice_daily_test_20260709_210858,"{""reviewId"": ""7b417b12-a2e8-4022-a4a5-d5203bdcf6d8"", ""userName"": ""asmaul sk"", ""userImage"": ""https://play-lh.googleusercontent.com/a-/ALV-UjWC4tvpBRP3WkjEzwfIJk7QFtIXi_5rbvw7AkIK5zg-JhqOWgY"", ""content"": ""shiv . bjuyn"", ""score"": 5, ""thumbsUpCount"": 0, ""reviewCreatedVersion"": ""436.0.0.41.73"", ""at"": ""2026-07-08T11:35:44+00:00"", ""replyContent"": null, ""repliedAt"": null, ""appVersion"": ""436.0.0.41.73""}"
3a5bb00ea1630bff794f9669c3dceb3aea10e21cbe72bb5b5c0a35e11b1359c2,google_play,com.ubercab,Uber,cf38d7a5-c2fe-41e8-bedf-4f1211c335b6,Joyce Kemp,https://play-lh.googleusercontent.com/a-/ALV-UjWP0bLw3WwuevBkEg3AqxonQQBpZHvyLIWuHsO_e3CFSSC27sM,"Excellent, professional service with care and concern from Frazer! Loaded and unloaded luggage and walker with a smile! I didnt have to lift a finger!! Very pleasant trip. Gave him a cash tip on the spot!! He so deserved it!!",5,0,2026-07-08T06:17:30+00:00,,,4.637.10003,2026-07-09T21:14:46.809432+00:00,phase2_cadence_runA_twice_daily_test_20260709_210858,"{""reviewId"": ""cf38d7a5-c2fe-41e8-bedf-4f1211c335b6"", ""userName"": ""Joyce Kemp"", ""userImage"": ""https://play-lh.googleusercontent.com/a-/ALV-UjWP0bLw3WwuevBkEg3AqxonQQBpZHvyLIWuHsO_e3CFSSC27sM"", ""content"": ""Excellent, professional service with care and concern from Frazer! Loaded and unloaded luggage and walker with a smile! I didnt have to lift a finger!! Very pleasant trip. Gave him a cash tip on the spot!! He so deserved it!!"", ""score"": 5, ""thumbsUpCount"": 0, ""reviewCreatedVersion"": ""4.637.10003"", ""at"": ""2026-07-08T06:17:30+00:00"", ""replyContent"": null, ""repliedAt"": null, ""appVersion"": ""4.637.10003""}"
6cec649e541c13fa7a9f75efb4bf7a838ea0812d6fdb2236e7e0500fcc73d498,google_play,com.google.android.youtube,YouTube,1ad52a6c-575f-4adb-aa86-d2e0196ece34,Naitik,https://play-lh.googleusercontent.com/a/ACg8ocInAxdCQMyI3YK7hQLLA1V03AtwU6X4guTWaNXIsBYeouVLZg=mo,it is very interesting app.,5,0,2026-07-08T10:41:54+00:00,,,21.26.364,2026-07-09T21:14:35.116668+00:00,phase2_cadence_runA_twice_daily_test_20260709_210858,"{""reviewId"": ""1ad52a6c-575f-4adb-aa86-d2e0196ece34"", ""userName"": ""Naitik"", ""userImage"": ""https://play-lh.googleusercontent.com/a/ACg8ocInAxdCQMyI3YK7hQLLA1V03AtwU6X4guTWaNXIsBYeouVLZg=mo"", ""content"": ""it is very interesting app."", ""score"": 5, ""thumbsUpCount"": 0, ""reviewCreatedVersion"": ""21.26.364"", ""at"": ""2026-07-08T10:41:54+00:00"", ""replyContent"": null, ""repliedAt"": null, ""appVersion"": ""21.26.364""}"
c84aa98145593ce1d1f65097fb96423c5f1ccc54492e207c2b0d29a34a5dffea,google_play,com.google.android.youtube,YouTube,a4abd5bb-f7bd-40f7-89cd-ca93fb29806e,Naya Vega,https://play-lh.googleusercontent.com/a/ACg8ocKLVtI81RgA2LVbq6GtMLVaQa_9fqVBNgz59MEY1HcLKMyk_g=mo,I rate this 1 star because they banned my live stream for no reason and they need to unban it,1,0,2026-07-08T18:32:43+00:00,,,21.26.364,2026-07-09T21:14:35.116668+00:00,phase2_cadence_runA_twice_daily_test_20260709_210858,"{""reviewId"": ""a4abd5bb-f7bd-40f7-89cd-ca93fb29806e"", ""userName"": ""Naya Vega"", ""userImage"": ""https://play-lh.googleusercontent.com/a/ACg8ocKLVtI81RgA2LVbq6GtMLVaQa_9fqVBNgz59MEY1HcLKMyk_g=mo"", ""content"": ""I rate this 1 star because they banned my live stream for no reason and they need to unban it"", ""score"": 1, ""thumbsUpCount"": 0, ""reviewCreatedVersion"": ""21.26.364"", ""at"": ""2026-07-08T18:32:43+00:00"", ""replyContent"": null, ""repliedAt"": null, ""appVersion"": ""21.26.364""}"
097fbae2b1fe0e9ca5976e7ee47937384f70323fbc8a227c150ac7c28fb2f0ac,google_play,com.zhiliaoapp.musically,TikTok,ad27594c-d276-41de-89d9-15a681df0c8f,Lucas Welch,https://play-lh.googleusercontent.com/a-/ALV-UjWlq6uTSEwsM6n7RErZTm0vXfZ7iJbb8PiiQGUOBXizRqFrvvw,love it,3,0,2026-07-08T20:31:28+00:00,"Hi, thanks for your feedback!
We'll be sure to share your suggestion with our team for consideration. We appreciate your input, and we're always working to improve the TikTok experience!",2026-07-08T21:00:09+00:00,,2026-07-09T21:14:38.342700+00:00,phase2_cadence_runA_twice_daily_test_20260709_210858,"{""reviewId"": ""ad27594c-d276-41de-89d9-15a681df0c8f"", ""userName"": ""Lucas Welch"", ""userImage"": ""https://play-lh.googleusercontent.com/a-/ALV-UjWlq6uTSEwsM6n7RErZTm0vXfZ7iJbb8PiiQGUOBXizRqFrvvw"", ""content"": ""love it"", ""score"": 3, ""thumbsUpCount"": 0, ""reviewCreatedVersion"": null, ""at"": ""2026-07-08T20:31:28+00:00"", ""replyContent"": ""Hi, thanks for your feedback!\nWe'll be sure to share your suggestion with our team for consideration. We appreciate your input, and we're always working to improve the TikTok experience!"", ""repliedAt"": ""2026-07-08T21:00:09+00:00"", ""appVersion"": null}"
ea7be7139827752d24bb4aa0908af43d197b1b9998c7c1d75ae5bdffb2ffc78d,google_play,com.google.android.youtube,YouTube,13081907-abc0-4a70-be88-31d2b60dc13f,Bari Sunil,https://play-lh.googleusercontent.com/a/ACg8ocLBZac5jR-cZgf3sLTdrc5nc_In90mwnqY7Dhm-aCcaJagc7g=mo,good,5,0,2026-07-08T12:05:35+00:00,,,17.34.35,2026-07-09T21:14:35.116668+00:00,phase2_cadence_runA_twice_daily_test_20260709_210858,"{""reviewId"": ""13081907-abc0-4a70-be88-31d2b60dc13f"", ""userName"": ""Bari Sunil"", ""userImage"": ""https://play-lh.googleusercontent.com/a/ACg8ocLBZac5jR-cZgf3sLTdrc5nc_In90mwnqY7Dhm-aCcaJagc7g=mo"", ""content"": ""good"", ""score"": 5, ""thumbsUpCount"": 0, ""reviewCreatedVersion"": ""17.34.35"", ""at"": ""2026-07-08T12:05:35+00:00"", ""replyContent"": null, ""repliedAt"": null, ""appVersion"": ""17.34.35""}"
4a105a1ee4344ebc38fe1b6865481a08929f168d2c5101aa24e8638185fbf4f4,google_play,com.google.android.youtube,YouTube,6e4eb891-500b-42fd-a0eb-09a3dd83c0a7,pine layy Lay,https://play-lh.googleusercontent.com/a-/ALV-UjVADqQlVRoYuECVFRitMMxU48xgI9EcUlP4Re_tfQazQamXDt4,pine laty Lay 1995,5,0,2026-07-08T13:44:04+00:00,,,12.37.59,2026-07-09T21:14:35.116668+00:00,phase2_cadence_runA_twice_daily_test_20260709_210858,"{""reviewId"": ""6e4eb891-500b-42fd-a0eb-09a3dd83c0a7"", ""userName"": ""pine layy Lay"", ""userImage"": ""https://play-lh.googleusercontent.com/a-/ALV-UjVADqQlVRoYuECVFRitMMxU48xgI9EcUlP4Re_tfQazQamXDt4"", ""content"": ""pine laty Lay 1995"", ""score"": 5, ""thumbsUpCount"": 0, ""reviewCreatedVersion"": ""12.37.59"", ""at"": ""2026-07-08T13:44:04+00:00"", ""replyContent"": null, ""repliedAt"": null, ""appVersion"": ""12.37.59""}"
872a215cde437be7d4b342ccb945fa2d6d2b914f240158768b35b2841b0c5727,google_play,com.google.android.youtube,YouTube,65b3347f-ec0b-433b-9910-9fde071198ff,Dominic Balconi,https://play-lh.googleusercontent.com/a/ACg8ocKWmMxufRscwE24sDSIWp9F64NplOJ4C7PpF9H8i6DCv3Pa=mo,change the UI back... whatever update was done most recently is absurdly bad...,1,0,2026-07-08T11:39:59+00:00,,,21.26.364,2026-07-09T21:14:35.116668+00:00,phase2_cadence_runA_twice_daily_test_20260709_210858,"{""reviewId"": ""65b3347f-ec0b-433b-9910-9fde071198ff"", ""userName"": ""Dominic Balconi"", ""userImage"": ""https://play-lh.googleusercontent.com/a/ACg8ocKWmMxufRscwE24sDSIWp9F64NplOJ4C7PpF9H8i6DCv3Pa=mo"", ""content"": ""change the UI back... whatever update was done most recently is absurdly bad..."", ""score"": 1, ""thumbsUpCount"": 0, ""reviewCreatedVersion"": ""21.26.364"", ""at"": ""2026-07-08T11:39:59+00:00"", ""replyContent"": null, ""repliedAt"": null, ""appVersion"": ""21.26.364""}"
79b95ae3b29e1650df17b3374738bfbc8bed48ccf2a0470a63f70575cddff4b7,google_play,com.spotify.music,Spotify,a83a8ae3-2d7f-4c48-b140-1717013daeba,Nayeli Robles,https://play-lh.googleusercontent.com/a-/ALV-UjVjMkJ2d3AcIKdNtW5GgGNKygZwqVu-KdshqariD3atChECaMRM,Love it qit has my songs,5,0,2026-07-08T19:41:30+00:00,,,9.1.62.1601,2026-07-09T21:14:41.032808+00:00,phase2_cadence_runA_twice_daily_test_20260709_210858,"{""reviewId"": ""a83a8ae3-2d7f-4c48-b140-1717013daeba"", ""userName"": ""Nayeli Robles"", ""userImage"": ""https://play-lh.googleusercontent.com/a-/ALV-UjVjMkJ2d3AcIKdNtW5GgGNKygZwqVu-KdshqariD3atChECaMRM"", ""content"": ""Love it qit has my songs"", ""score"": 5, ""thumbsUpCount"": 0, ""reviewCreatedVersion"": ""9.1.62.1601"", ""at"": ""2026-07-08T19:41:30+00:00"", ""replyContent"": null, ""repliedAt"": null, ""appVersion"": ""9.1.62.1601""}"
1d79a1d4966b47afbe72b5ed98bb99187090e8102ce8903cfd0876b4f16687b1,google_play,com.instagram.android,Instagram,2988731c-d8df-4269-9cd8-c5a9381bcd66,Mohammad Mubarak,https://play-lh.googleusercontent.com/a-/ALV-UjWbpCsGUJSL3ve223dy5E3VadfMIgd1YR2S4ChMM-O6ltQooA,mind blowing 😀,5,0,2026-07-08T16:15:43+00:00,,,437.0.0.33.78,2026-07-09T21:14:43.782074+00:00,phase2_cadence_runA_twice_daily_test_20260709_210858,"{""reviewId"": ""2988731c-d8df-4269-9cd8-c5a9381bcd66"", ""userName"": ""Mohammad Mubarak"", ""userImage"": ""https://play-lh.googleusercontent.com/a-/ALV-UjWbpCsGUJSL3ve223dy5E3VadfMIgd1YR2S4ChMM-O6ltQooA"", ""content"": ""mind blowing 😀"", ""score"": 5, ""thumbsUpCount"": 0, ""reviewCreatedVersion"": ""437.0.0.33.78"", ""at"": ""2026-07-08T16:15:43+00:00"", ""replyContent"": null, ""repliedAt"": null, ""appVersion"": ""437.0.0.33.78""}"
4e6bee326b6ac25d5cc301782d493e261f297b2bcf2bf021757f5c94fe0117ef,google_play,com.dd.doordash,DoorDash,8902166a-640e-4228-be07-fa66536afe38,Cameron Mitchelmore,https://play-lh.googleusercontent.com/a/ACg8ocJAsi0x6ecmc14LhDIW_bvbPp3NbFNFurzFVLyZCXzD-JQLZw=mo,"Watch out for the automatic door dash pass, a monthly subscription that keeps auto billing if you are not careful.",1,0,2026-07-08T18:47:48+00:00,,,15.282.1,2026-07-09T21:14:49.802383+00:00,phase2_cadence_runA_twice_daily_test_20260709_210858,"{""reviewId"": ""8902166a-640e-4228-be07-fa66536afe38"", ""userName"": ""Cameron Mitchelmore"", ""userImage"": ""https://play-lh.googleusercontent.com/a/ACg8ocJAsi0x6ecmc14LhDIW_bvbPp3NbFNFurzFVLyZCXzD-JQLZw=mo"", ""content"": ""Watch out for the automatic door dash pass, a monthly subscription that keeps auto billing if you are not careful."", ""score"": 1, ""thumbsUpCount"": 0, ""reviewCreatedVersion"": ""15.282.1"", ""at"": ""2026-07-08T18:47:48+00:00"", ""replyContent"": null, ""repliedAt"": null, ""appVersion"": ""15.282.1""}"
8edecd08b079d205129b065b600ea244e193c9b659262a851fdbb7d4389d5107,google_play,com.google.android.youtube,YouTube,5a2f737d-0c4c-4873-a0e7-fa9c91a064e1,Shahadath Shwrov,https://play-lh.googleusercontent.com/a-/ALV-UjWUOoB7Gj-ukf4IkemboQFH6Weyv9uqo9qfRHwC8LJe3fqxZPU,Super,5,0,2026-07-08T18:54:58+00:00,,,12.37.59,2026-07-09T21:14:35.116668+00:00,phase2_cadence_runA_twice_daily_test_20260709_210858,"{""reviewId"": ""5a2f737d-0c4c-4873-a0e7-fa9c91a064e1"", ""userName"": ""Shahadath Shwrov"", ""userImage"": ""https://play-lh.googleusercontent.com/a-/ALV-UjWUOoB7Gj-ukf4IkemboQFH6Weyv9uqo9qfRHwC8LJe3fqxZPU"", ""content"": ""Super"", ""score"": 5, ""thumbsUpCount"": 0, ""reviewCreatedVersion"": ""12.37.59"", ""at"": ""2026-07-08T18:54:58+00:00"", ""replyContent"": null, ""repliedAt"": null, ""appVersion"": ""12.37.59""}"
663334ee03c4f957f0030454e79a0b12b00f48f8f2ec1b8c43a97095da98a491,google_play,com.instagram.android,Instagram,1ff0eb92-8eba-44e5-b239-4731e1c445f5,Glenn belcher,https://play-lh.googleusercontent.com/a-/ALV-UjV8wNQoMDPSXu6Z_sEBiYGpf-qK8akiTD8ZGOD81Nt-hSTYwB8Q,"I get so many people on my timeline that I am not friends with. I wonder if Instagram just puts my page in random people feed algorithm to boost my followers like they do them. The ads in my stories are ridiculous and if you click them on accident, they are now all in my algorithm. Instagram is making profit off of this pushing people to paid sites and its annoying. I cant wait for the class action lawsuit.",1,1,2026-07-08T21:04:54+00:00,,,437.0.0.33.78,2026-07-09T21:14:43.782074+00:00,phase2_cadence_runA_twice_daily_test_20260709_210858,"{""reviewId"": ""1ff0eb92-8eba-44e5-b239-4731e1c445f5"", ""userName"": ""Glenn belcher"", ""userImage"": ""https://play-lh.googleusercontent.com/a-/ALV-UjV8wNQoMDPSXu6Z_sEBiYGpf-qK8akiTD8ZGOD81Nt-hSTYwB8Q"", ""content"": ""I get so many people on my timeline that I am not friends with. I wonder if Instagram just puts my page in random people feed algorithm to boost my followers like they do them. The ads in my stories are ridiculous and if you click them on accident, they are now all in my algorithm. Instagram is making profit off of this pushing people to paid sites and its annoying. I cant wait for the class action lawsuit."", ""score"": 1, ""thumbsUpCount"": 1, ""reviewCreatedVersion"": ""437.0.0.33.78"", ""at"": ""2026-07-08T21:04:54+00:00"", ""replyContent"": null, ""repliedAt"": null, ""appVersion"": ""437.0.0.33.78""}"
ff4cea00573496634ef71a0fbc115b9439412b86eabde02d09116519be0fc36a,google_play,com.google.android.youtube,YouTube,b3491ed5-9e9e-4089-939e-05d6b4296cd5,Baskaran 123,https://play-lh.googleusercontent.com/a-/ALV-UjUpEly35IoHE4NTGR7cEc8EmjQxtgWUrdCw6HYSOLxbVYbkEg-E,I use this app on my tv and there is a lot of ads. Please fix this.,3,0,2026-07-08T10:52:26+00:00,,,21.11.483,2026-07-09T21:14:35.116668+00:00,phase2_cadence_runA_twice_daily_test_20260709_210858,"{""reviewId"": ""b3491ed5-9e9e-4089-939e-05d6b4296cd5"", ""userName"": ""Baskaran 123"", ""userImage"": ""https://play-lh.googleusercontent.com/a-/ALV-UjUpEly35IoHE4NTGR7cEc8EmjQxtgWUrdCw6HYSOLxbVYbkEg-E"", ""content"": ""I use this app on my tv and there is a lot of ads. Please fix this."", ""score"": 3, ""thumbsUpCount"": 0, ""reviewCreatedVersion"": ""21.11.483"", ""at"": ""2026-07-08T10:52:26+00:00"", ""replyContent"": null, ""repliedAt"": null, ""appVersion"": ""21.11.483""}"
ef840b7353a337f9e2fe138484b63e563edd3268cca66e1bc2379d2ca812d736,google_play,com.instagram.android,Instagram,73ef41ef-ce65-4e95-87f7-a63a2991453f,Reshamtry Xtry,https://play-lh.googleusercontent.com/a-/ALV-UjXutonNdJbOYOCJAL8iOlVA2T_E5-v3zJpnOEUT1mdqvKHE3nO2,"Very disappointing experience. My Instagram account keeps getting suspended even though I have not violated any Community Guidelines. I completed video selfie verification and submitted appeals, but the same issue keeps happening. Please fix this repeated suspension problem and improve your review system.",1,0,2026-07-08T12:59:35+00:00,,,437.0.0.33.78,2026-07-09T21:14:43.782074+00:00,phase2_cadence_runA_twice_daily_test_20260709_210858,"{""reviewId"": ""73ef41ef-ce65-4e95-87f7-a63a2991453f"", ""userName"": ""Reshamtry Xtry"", ""userImage"": ""https://play-lh.googleusercontent.com/a-/ALV-UjXutonNdJbOYOCJAL8iOlVA2T_E5-v3zJpnOEUT1mdqvKHE3nO2"", ""content"": ""Very disappointing experience. My Instagram account keeps getting suspended even though I have not violated any Community Guidelines. I completed video selfie verification and submitted appeals, but the same issue keeps happening. Please fix this repeated suspension problem and improve your review system."", ""score"": 1, ""thumbsUpCount"": 0, ""reviewCreatedVersion"": ""437.0.0.33.78"", ""at"": ""2026-07-08T12:59:35+00:00"", ""replyContent"": null, ""repliedAt"": null, ""appVersion"": ""437.0.0.33.78""}"
bc4d39f039ad63e89c2d060db19e459d8d4e6ff80155ffc1fd8a2cf12d2b66af,google_play,com.google.android.youtube,YouTube,971fd289-3a08-4174-94f4-4d4e29a1ddf2,MD Ashik Billa,https://play-lh.googleusercontent.com/a-/ALV-UjW1E8mMFaO20sSFsk3MC76p9sM-cK23Z1ast4qhYN_UlrD_Ttc,update problem. sound note working.,3,0,2026-07-08T15:41:14+00:00,,,21.26.364,2026-07-09T21:14:35.116668+00:00,phase2_cadence_runA_twice_daily_test_20260709_210858,"{""reviewId"": ""971fd289-3a08-4174-94f4-4d4e29a1ddf2"", ""userName"": ""MD Ashik Billa"", ""userImage"": ""https://play-lh.googleusercontent.com/a-/ALV-UjW1E8mMFaO20sSFsk3MC76p9sM-cK23Z1ast4qhYN_UlrD_Ttc"", ""content"": ""update problem. sound note working."", ""score"": 3, ""thumbsUpCount"": 0, ""reviewCreatedVersion"": ""21.26.364"", ""at"": ""2026-07-08T15:41:14+00:00"", ""replyContent"": null, ""repliedAt"": null, ""appVersion"": ""21.26.364""}"
00e66d5a4764bb8048a381db1eee4926a5c63071a8ca228e6cd754eda233fc60,google_play,com.google.android.youtube,YouTube,fe53a9d4-379b-45dc-9160-83555d3aada0,Deva Raju,https://play-lh.googleusercontent.com/a/ACg8ocJ_6YPTRDfqE8XdszDs-LBn1g5xmKx5iC45dWgGOR9uYl0wJA=mo,😘😘😘,5,0,2026-07-08T14:03:53+00:00,,,21.18.164,2026-07-09T21:14:35.116668+00:00,phase2_cadence_runA_twice_daily_test_20260709_210858,"{""reviewId"": ""fe53a9d4-379b-45dc-9160-83555d3aada0"", ""userName"": ""Deva Raju"", ""userImage"": ""https://play-lh.googleusercontent.com/a/ACg8ocJ_6YPTRDfqE8XdszDs-LBn1g5xmKx5iC45dWgGOR9uYl0wJA=mo"", ""content"": ""😘😘😘"", ""score"": 5, ""thumbsUpCount"": 0, ""reviewCreatedVersion"": ""21.18.164"", ""at"": ""2026-07-08T14:03:53+00:00"", ""replyContent"": null, ""repliedAt"": null, ""appVersion"": ""21.18.164""}"
12ff62287a074e74181d7350703ad302706f67c8bc223d23403b3da46dda66bf,google_play,com.google.android.youtube,YouTube,f70fceb0-637d-4745-ab7e-de305d65d5be,Νικος Σιμιτσοπουλος,https://play-lh.googleusercontent.com/a/ACg8ocIQGS5rZM1dvdwpGTTv7K0AFHJ7H2b--qiAoeOIYUqnb_SV7g=mo,After every ad the video lags... Google Pixel9,1,0,2026-07-08T13:32:44+00:00,,,21.26.364,2026-07-09T21:14:35.116668+00:00,phase2_cadence_runA_twice_daily_test_20260709_210858,"{""reviewId"": ""f70fceb0-637d-4745-ab7e-de305d65d5be"", ""userName"": ""Νικος Σιμιτσοπουλος"", ""userImage"": ""https://play-lh.googleusercontent.com/a/ACg8ocIQGS5rZM1dvdwpGTTv7K0AFHJ7H2b--qiAoeOIYUqnb_SV7g=mo"", ""content"": ""After every ad the video lags... Google Pixel9"", ""score"": 1, ""thumbsUpCount"": 0, ""reviewCreatedVersion"": ""21.26.364"", ""at"": ""2026-07-08T13:32:44+00:00"", ""replyContent"": null, ""repliedAt"": null, ""appVersion"": ""21.26.364""}"
6635c3c86995bcd65cb3f3a4f2f099b5008577c18ab8372a080dbf611f02903f,google_play,com.instagram.android,Instagram,5ddfc6ff-00b2-44c3-aa59-43166a3f3f38,eesha Srivastava,https://play-lh.googleusercontent.com/a-/ALV-UjWMmusN_ESNcRiTsdXwaotC1ZxN261DORg1oe7zVdBgqBP9IaA,अच्छा है,4,1,2026-07-08T14:11:49+00:00,,,437.0.0.33.78,2026-07-09T21:14:43.782074+00:00,phase2_cadence_runA_twice_daily_test_20260709_210858,"{""reviewId"": ""5ddfc6ff-00b2-44c3-aa59-43166a3f3f38"", ""userName"": ""eesha Srivastava"", ""userImage"": ""https://play-lh.googleusercontent.com/a-/ALV-UjWMmusN_ESNcRiTsdXwaotC1ZxN261DORg1oe7zVdBgqBP9IaA"", ""content"": ""अच्छा है"", ""score"": 4, ""thumbsUpCount"": 1, ""reviewCreatedVersion"": ""437.0.0.33.78"", ""at"": ""2026-07-08T14:11:49+00:00"", ""replyContent"": null, ""repliedAt"": null, ""appVersion"": ""437.0.0.33.78""}"
c187939ac797b9d91a98c5a25c2e50d66af4c590a2b57b41ed0ecda2d3017e14,google_play,com.google.android.youtube,YouTube,47ebbf4e-e16b-48c1-9360-8fb30ff04421,TIPPANNA Rathod,https://play-lh.googleusercontent.com/a-/ALV-UjW3pvY5Cjvl6MQyErT7w2OZO0JE0DZcg_Y5lvbGFMArBmxme2WO,good,5,0,2026-07-08T15:25:38+00:00,,,21.23.483,2026-07-09T21:14:35.116668+00:00,phase2_cadence_runA_twice_daily_test_20260709_210858,"{""reviewId"": ""47ebbf4e-e16b-48c1-9360-8fb30ff04421"", ""userName"": ""TIPPANNA Rathod"", ""userImage"": ""https://play-lh.googleusercontent.com/a-/ALV-UjW3pvY5Cjvl6MQyErT7w2OZO0JE0DZcg_Y5lvbGFMArBmxme2WO"", ""content"": ""good"", ""score"": 5, ""thumbsUpCount"": 0, ""reviewCreatedVersion"": ""21.23.483"", ""at"": ""2026-07-08T15:25:38+00:00"", ""replyContent"": null, ""repliedAt"": null, ""appVersion"": ""21.23.483""}"
fc0bf7a67acae6d595c390054cd5c3b92e6c6c9829b599d74093b0d15e95e53e,google_play,com.zhiliaoapp.musically,TikTok,7740d120-5db7-4555-9c59-e670ce85bc9b,Felix Rodriguez,https://play-lh.googleusercontent.com/a/ACg8ocLXANRvByKnmekQF2DHCAygq--P85tRrf8P6Qs1kN3zj2p1Cw=mo,I love this stuff on instagram,5,1,2026-07-08T05:43:09+00:00,Hi! Thanks for taking the time to share your feedback. Your support is greatly appreciated.,2026-07-08T06:00:11+00:00,,2026-07-09T21:14:38.342700+00:00,phase2_cadence_runA_twice_daily_test_20260709_210858,"{""reviewId"": ""7740d120-5db7-4555-9c59-e670ce85bc9b"", ""userName"": ""Felix Rodriguez"", ""userImage"": ""https://play-lh.googleusercontent.com/a/ACg8ocLXANRvByKnmekQF2DHCAygq--P85tRrf8P6Qs1kN3zj2p1Cw=mo"", ""content"": ""I love this stuff on instagram"", ""score"": 5, ""thumbsUpCount"": 1, ""reviewCreatedVersion"": null, ""at"": ""2026-07-08T05:43:09+00:00"", ""replyContent"": ""Hi! Thanks for taking the time to share your feedback. Your support is greatly appreciated."", ""repliedAt"": ""2026-07-08T06:00:11+00:00"", ""appVersion"": null}"
9335cea29571420a20093e1ce9543c32a6d95c63658fff7a0eea488a064e8c9f,google_play,com.instagram.android,Instagram,454a3ee0-c1e9-4310-a478-c40381eaa6ba,Grundy Gorilla,https://play-lh.googleusercontent.com/a/ACg8ocLcARIAK6-9mJaOgNWnmuxr7IKV-BgDZH36cA1RBW_CN2t-sg=mo,good,5,0,2026-07-08T11:28:38+00:00,,,,2026-07-09T21:14:43.782074+00:00,phase2_cadence_runA_twice_daily_test_20260709_210858,"{""reviewId"": ""454a3ee0-c1e9-4310-a478-c40381eaa6ba"", ""userName"": ""Grundy Gorilla"", ""userImage"": ""https://play-lh.googleusercontent.com/a/ACg8ocLcARIAK6-9mJaOgNWnmuxr7IKV-BgDZH36cA1RBW_CN2t-sg=mo"", ""content"": ""good"", ""score"": 5, ""thumbsUpCount"": 0, ""reviewCreatedVersion"": null, ""at"": ""2026-07-08T11:28:38+00:00"", ""replyContent"": null, ""repliedAt"": null, ""appVersion"": null}"
c3a81d55e82deaefe66e31a469b935471c60cb4c849be81fe2be106d74b45390,google_play,com.spotify.music,Spotify,11b0c651-5680-4b40-93d1-09f9ca68d4c4,Raju Nunna,https://play-lh.googleusercontent.com/a-/ALV-UjXkmhiq1LzKCY4wFUU8_hV2l8_RNb_lI0bVpOIdeYS0R34KY0ug,💙🤍💚 💙🤍💚✊🏻YSJ,5,0,2026-07-08T09:17:54+00:00,,,,2026-07-09T21:14:41.032808+00:00,phase2_cadence_runA_twice_daily_test_20260709_210858,"{""reviewId"": ""11b0c651-5680-4b40-93d1-09f9ca68d4c4"", ""userName"": ""Raju Nunna"", ""userImage"": ""https://play-lh.googleusercontent.com/a-/ALV-UjXkmhiq1LzKCY4wFUU8_hV2l8_RNb_lI0bVpOIdeYS0R34KY0ug"", ""content"": ""💙🤍💚 💙🤍💚✊🏻YSJ"", ""score"": 5, ""thumbsUpCount"": 0, ""reviewCreatedVersion"": null, ""at"": ""2026-07-08T09:17:54+00:00"", ""replyContent"": null, ""repliedAt"": null, ""appVersion"": null}"
f28305a16388910ab582765b988a3671ad59140a011cb08e51f090bd53313642,google_play,com.zhiliaoapp.musically,TikTok,c5cfd9c5-826c-4363-b25a-719c1d73e13d,Auwal nana Farida,https://play-lh.googleusercontent.com/a-/ALV-UjVJSsiXlOaeAKI9q3RBJVC1-GtiXbLxJxTtp2kfTue6aTdGUbkm,need my account backup any time,5,1,2026-07-08T06:31:42+00:00,Hi! Thanks for taking the time to share your feedback. Your support is greatly appreciated.,2026-07-08T07:00:13+00:00,43.1.4,2026-07-09T21:14:38.342700+00:00,phase2_cadence_runA_twice_daily_test_20260709_210858,"{""reviewId"": ""c5cfd9c5-826c-4363-b25a-719c1d73e13d"", ""userName"": ""Auwal nana Farida"", ""userImage"": ""https://play-lh.googleusercontent.com/a-/ALV-UjVJSsiXlOaeAKI9q3RBJVC1-GtiXbLxJxTtp2kfTue6aTdGUbkm"", ""content"": ""need my account backup any time"", ""score"": 5, ""thumbsUpCount"": 1, ""reviewCreatedVersion"": ""43.1.4"", ""at"": ""2026-07-08T06:31:42+00:00"", ""replyContent"": ""Hi! Thanks for taking the time to share your feedback. Your support is greatly appreciated."", ""repliedAt"": ""2026-07-08T07:00:13+00:00"", ""appVersion"": ""43.1.4""}"
0c29fc1afa45321fc2088dd5856a65dcd14edabd40b9da3e7945c39500ad9120,google_play,com.spotify.music,Spotify,87026b52-61e2-4ecd-bc2b-18a6e8d37287,Darell Das,https://play-lh.googleusercontent.com/a-/ALV-UjVbpWJc14AzXf06qSJMAoSPZtnEnKevxvgSMg1cN93t4BV_u7U,one thing I liked about premium is that I could see my listening time and my history which has been wiped off bring it back pls,4,0,2026-07-08T19:48:26+00:00,,,,2026-07-09T21:14:41.032808+00:00,phase2_cadence_runA_twice_daily_test_20260709_210858,"{""reviewId"": ""87026b52-61e2-4ecd-bc2b-18a6e8d37287"", ""userName"": ""Darell Das"", ""userImage"": ""https://play-lh.googleusercontent.com/a-/ALV-UjVbpWJc14AzXf06qSJMAoSPZtnEnKevxvgSMg1cN93t4BV_u7U"", ""content"": ""one thing I liked about premium is that I could see my listening time and my history which has been wiped off bring it back pls"", ""score"": 4, ""thumbsUpCount"": 0, ""reviewCreatedVersion"": null, ""at"": ""2026-07-08T19:48:26+00:00"", ""replyContent"": null, ""repliedAt"": null, ""appVersion"": null}"
824c3acc197c11db72437f4e39b0a3b249f46bbea4ad031ee537ac8a31fd3098,google_play,com.google.android.youtube,YouTube,21374ef6-1e4b-40e3-8eac-2c91272510da,Suraj Maurya,https://play-lh.googleusercontent.com/a/ACg8ocIStBI5qcl95cSgQo4vfSZfaIT1_umwylAK5dGIuOG5sAp-2g=mo,I love you YouTube,5,0,2026-07-08T15:09:58+00:00,,,21.25.523,2026-07-09T21:14:35.116668+00:00,phase2_cadence_runA_twice_daily_test_20260709_210858,"{""reviewId"": ""21374ef6-1e4b-40e3-8eac-2c91272510da"", ""userName"": ""Suraj Maurya"", ""userImage"": ""https://play-lh.googleusercontent.com/a/ACg8ocIStBI5qcl95cSgQo4vfSZfaIT1_umwylAK5dGIuOG5sAp-2g=mo"", ""content"": ""I love you YouTube"", ""score"": 5, ""thumbsUpCount"": 0, ""reviewCreatedVersion"": ""21.25.523"", ""at"": ""2026-07-08T15:09:58+00:00"", ""replyContent"": null, ""repliedAt"": null, ""appVersion"": ""21.25.523""}"
51c2cb92a50faa25fb957e996aadf2a89583588e100522443ff146d543dfae67,google_play,com.instagram.android,Instagram,8cf3bfe8-4051-4c07-ae21-e321d3f5af4b,Anshu Bisht,https://play-lh.googleusercontent.com/a/ACg8ocLE4aUtGtB_uXcnKYZ5G0veOZgdtP63rglj74czDSd3mpp6mw=mo,I had 2 account with same id ( that's your feature) meux_sculpts and Devine prints ( AI content ) . As per the rules you should block my only one account that have Ai content which I can accept . but you blocked my both accounts that's a misuse of power .,1,1,2026-07-08T14:49:54+00:00,,,430.0.0.53.80,2026-07-09T21:14:43.782074+00:00,phase2_cadence_runA_twice_daily_test_20260709_210858,"{""reviewId"": ""8cf3bfe8-4051-4c07-ae21-e321d3f5af4b"", ""userName"": ""Anshu Bisht"", ""userImage"": ""https://play-lh.googleusercontent.com/a/ACg8ocLE4aUtGtB_uXcnKYZ5G0veOZgdtP63rglj74czDSd3mpp6mw=mo"", ""content"": ""I had 2 account with same id ( that's your feature) meux_sculpts and Devine prints ( AI content ) . As per the rules you should block my only one account that have Ai content which I can accept . but you blocked my both accounts that's a misuse of power ."", ""score"": 1, ""thumbsUpCount"": 1, ""reviewCreatedVersion"": ""430.0.0.53.80"", ""at"": ""2026-07-08T14:49:54+00:00"", ""replyContent"": null, ""repliedAt"": null, ""appVersion"": ""430.0.0.53.80""}"
71cf279bc6a557710350285d57e8964d36dfbbbab1d587e6b957830973e03f1b,google_play,com.zhiliaoapp.musically,TikTok,01a4f95e-3381-486e-af2b-98b5ce41f940,sandra giuffrida,https://play-lh.googleusercontent.com/a/ACg8ocIM375PSd4CnEl9igGV43HAw4jmJjkDGm-XZl2on4oo6D93kQ=mo,hi im reinstalling this app but i uninstalled it js now bc i couldnt post thoughts and the sticker function wasnt working correctly someone told me i could post thoughts by uninstalling and reinstalling pls fix that,4,0,2026-07-08T21:12:25+00:00,"Hi, thanks for your feedback!
We'll be sure to share your suggestion with our team for consideration. We appreciate your input, and we're always working to improve the TikTok experience!",2026-07-08T21:40:07+00:00,45.7.3,2026-07-09T21:14:38.342700+00:00,phase2_cadence_runA_twice_daily_test_20260709_210858,"{""reviewId"": ""01a4f95e-3381-486e-af2b-98b5ce41f940"", ""userName"": ""sandra giuffrida"", ""userImage"": ""https://play-lh.googleusercontent.com/a/ACg8ocIM375PSd4CnEl9igGV43HAw4jmJjkDGm-XZl2on4oo6D93kQ=mo"", ""content"": ""hi im reinstalling this app but i uninstalled it js now bc i couldnt post thoughts and the sticker function wasnt working correctly someone told me i could post thoughts by uninstalling and reinstalling pls fix that"", ""score"": 4, ""thumbsUpCount"": 0, ""reviewCreatedVersion"": ""45.7.3"", ""at"": ""2026-07-08T21:12:25+00:00"", ""replyContent"": ""Hi, thanks for your feedback!\nWe'll be sure to share your suggestion with our team for consideration. We appreciate your input, and we're always working to improve the TikTok experience!"", ""repliedAt"": ""2026-07-08T21:40:07+00:00"", ""appVersion"": ""45.7.3""}"
30af9dcfc74633cb6351491e07019957994fe3dd601f6aa00459e5f96110ec60,google_play,com.google.android.youtube,YouTube,b1d3cf96-c094-4b71-9e6d-ad33e3a54f47,Rajen Barman,https://play-lh.googleusercontent.com/a/ACg8ocL-KRjJafcHNPiDwH9mXgzplElhgWOgEU22VpaLn-0-8F-vlA=mo,rajen.barman,5,0,2026-07-08T10:26:30+00:00,,,18.42.36,2026-07-09T21:14:35.116668+00:00,phase2_cadence_runA_twice_daily_test_20260709_210858,"{""reviewId"": ""b1d3cf96-c094-4b71-9e6d-ad33e3a54f47"", ""userName"": ""Rajen Barman"", ""userImage"": ""https://play-lh.googleusercontent.com/a/ACg8ocL-KRjJafcHNPiDwH9mXgzplElhgWOgEU22VpaLn-0-8F-vlA=mo"", ""content"": ""rajen.barman"", ""score"": 5, ""thumbsUpCount"": 0, ""reviewCreatedVersion"": ""18.42.36"", ""at"": ""2026-07-08T10:26:30+00:00"", ""replyContent"": null, ""repliedAt"": null, ""appVersion"": ""18.42.36""}"
7154cf27102c0b9024250cf43bab92cb4e7892556705d0301d08c59921908f4e,google_play,com.zhiliaoapp.musically,TikTok,cac69f74-1336-4ee3-9a22-fca07c92d2ee,Yunik Shyang,https://play-lh.googleusercontent.com/a-/ALV-UjVJrMtpR-pvDNEOc4Di1JIWEF1VS7EcU_MDxh4g0KI2Mzr_RL7T,account not recommended before 3 year I have 1 I'd why like that show please fix my id @yunikShyangofficial,2,1,2026-07-08T19:05:47+00:00,"Hi, thanks for your feedback!
We'll be sure to share your suggestion with our team for consideration. We appreciate your input, and we're always working to improve the TikTok experience!",2026-07-08T19:20:12+00:00,45.9.3,2026-07-09T21:14:38.342700+00:00,phase2_cadence_runA_twice_daily_test_20260709_210858,"{""reviewId"": ""cac69f74-1336-4ee3-9a22-fca07c92d2ee"", ""userName"": ""Yunik Shyang"", ""userImage"": ""https://play-lh.googleusercontent.com/a-/ALV-UjVJrMtpR-pvDNEOc4Di1JIWEF1VS7EcU_MDxh4g0KI2Mzr_RL7T"", ""content"": ""account not recommended before 3 year I have 1 I'd why like that show please fix my id @yunikShyangofficial"", ""score"": 2, ""thumbsUpCount"": 1, ""reviewCreatedVersion"": ""45.9.3"", ""at"": ""2026-07-08T19:05:47+00:00"", ""replyContent"": ""Hi, thanks for your feedback!\nWe'll be sure to share your suggestion with our team for consideration. We appreciate your input, and we're always working to improve the TikTok experience!"", ""repliedAt"": ""2026-07-08T19:20:12+00:00"", ""appVersion"": ""45.9.3""}"
bcc197fcc3b8e2ac05a6b21eaec0f2c9eb8b3611c819d18d045dd066d3bf3e97,google_play,com.instagram.android,Instagram,fff432d0-8fee-4cb6-8c99-9f5e9ea67875,Viwaan Singh (Deen),https://play-lh.googleusercontent.com/a/ACg8ocLVB-SGyrpMfyrDw20SR80hk6H1KuanRIeNL9WYcbLktD9DXng=mo,good place,5,0,2026-07-08T16:01:28+00:00,,,435.0.0.37.76,2026-07-09T21:14:43.782074+00:00,phase2_cadence_runA_twice_daily_test_20260709_210858,"{""reviewId"": ""fff432d0-8fee-4cb6-8c99-9f5e9ea67875"", ""userName"": ""Viwaan Singh (Deen)"", ""userImage"": ""https://play-lh.googleusercontent.com/a/ACg8ocLVB-SGyrpMfyrDw20SR80hk6H1KuanRIeNL9WYcbLktD9DXng=mo"", ""content"": ""good place"", ""score"": 5, ""thumbsUpCount"": 0, ""reviewCreatedVersion"": ""435.0.0.37.76"", ""at"": ""2026-07-08T16:01:28+00:00"", ""replyContent"": null, ""repliedAt"": null, ""appVersion"": ""435.0.0.37.76""}"
d2302ae3e1fa7a733977b71b5d0ae0ce2b1dfe501fa31aa71956367933ca1bf9,google_play,com.zhiliaoapp.musically,TikTok,90b93143-9378-4452-8810-0e99df61e573,Johnny Leroy Jays,https://play-lh.googleusercontent.com/a-/ALV-UjVI4IAcUnuj5GY9eKOpxCXtWaR0val9muE5LX2odEXG7oz5q6kl,I have started having issues with this app lately. It nowadays says that there's no internet connection eventhough my internet is always on. I tried connecting to a Wi-Fi network but also couldn't. Then I tried uninstalling the app and installing it back but it failed.,2,0,2026-07-08T10:41:31+00:00,"Hi, sorry for the inconvenience. To help us look into this properly, please report your issue directly through the TikTok app:
Go to your Profile, tap Menu, Settings and Privacy, then Help Center.
We truly appreciate your patience and look forward to getting this resolved.",2026-07-08T11:00:11+00:00,,2026-07-09T21:14:38.342700+00:00,phase2_cadence_runA_twice_daily_test_20260709_210858,"{""reviewId"": ""90b93143-9378-4452-8810-0e99df61e573"", ""userName"": ""Johnny Leroy Jays"", ""userImage"": ""https://play-lh.googleusercontent.com/a-/ALV-UjVI4IAcUnuj5GY9eKOpxCXtWaR0val9muE5LX2odEXG7oz5q6kl"", ""content"": ""I have started having issues with this app lately. It nowadays says that there's no internet connection eventhough my internet is always on. I tried connecting to a Wi-Fi network but also couldn't. Then I tried uninstalling the app and installing it back but it failed."", ""score"": 2, ""thumbsUpCount"": 0, ""reviewCreatedVersion"": null, ""at"": ""2026-07-08T10:41:31+00:00"", ""replyContent"": ""Hi, sorry for the inconvenience. To help us look into this properly, please report your issue directly through the TikTok app:\nGo to your Profile, tap Menu, Settings and Privacy, then Help Center.\nWe truly appreciate your patience and look forward to getting this resolved."", ""repliedAt"": ""2026-07-08T11:00:11+00:00"", ""appVersion"": null}"
54b54c34b5cd7b4858ae5531341663c29a8665f9388183af9f8671d35b8311f5,google_play,com.zhiliaoapp.musically,TikTok,2917b8a1-2854-4e3c-b3a3-189ff442a861,Mim Tanjila,https://play-lh.googleusercontent.com/a/ACg8ocKPmtGLL5PYDTF94u8AS6ivf7-73r41ckrbfvhWQZ2tW54MYQ=mo,Nice 🙂,5,1,2026-07-08T11:59:53+00:00,Hi! Thanks for taking the time to share your feedback. Your support is greatly appreciated.,2026-07-08T12:20:12+00:00,,2026-07-09T21:14:38.342700+00:00,phase2_cadence_runA_twice_daily_test_20260709_210858,"{""reviewId"": ""2917b8a1-2854-4e3c-b3a3-189ff442a861"", ""userName"": ""Mim Tanjila"", ""userImage"": ""https://play-lh.googleusercontent.com/a/ACg8ocKPmtGLL5PYDTF94u8AS6ivf7-73r41ckrbfvhWQZ2tW54MYQ=mo"", ""content"": ""Nice 🙂"", ""score"": 5, ""thumbsUpCount"": 1, ""reviewCreatedVersion"": null, ""at"": ""2026-07-08T11:59:53+00:00"", ""replyContent"": ""Hi! Thanks for taking the time to share your feedback. Your support is greatly appreciated."", ""repliedAt"": ""2026-07-08T12:20:12+00:00"", ""appVersion"": null}"
228e258f740bdbf8ba3962277af35722798d1d3ac4105c433d8d5cc0d954d7aa,google_play,com.instagram.android,Instagram,5d12f842-a370-469b-8291-40598ab09920,Raju Singh,https://play-lh.googleusercontent.com/a-/ALV-UjVgL9Adp_YvMAN2_zceK56E8jAVGLpwaMhPluzFwKmOCXqyPOLW,⭐⭐⭐⭐⭐✨,5,0,2026-07-08T16:10:57+00:00,,,432.1.0.44.80,2026-07-09T21:14:43.782074+00:00,phase2_cadence_runA_twice_daily_test_20260709_210858,"{""reviewId"": ""5d12f842-a370-469b-8291-40598ab09920"", ""userName"": ""Raju Singh"", ""userImage"": ""https://play-lh.googleusercontent.com/a-/ALV-UjVgL9Adp_YvMAN2_zceK56E8jAVGLpwaMhPluzFwKmOCXqyPOLW"", ""content"": ""⭐⭐⭐⭐⭐✨"", ""score"": 5, ""thumbsUpCount"": 0, ""reviewCreatedVersion"": ""432.1.0.44.80"", ""at"": ""2026-07-08T16:10:57+00:00"", ""replyContent"": null, ""repliedAt"": null, ""appVersion"": ""432.1.0.44.80""}"
c277fd353fe4c93fd0001ce115e7f77a01c468165c8d99892eb6486c540821d4,google_play,com.zhiliaoapp.musically,TikTok,0bb517c8-d7a4-495a-a691-c00b70705bfa,Mdasadul Islam,https://play-lh.googleusercontent.com/a-/ALV-UjWkzoQ6HUVrZI2j0Whr1oyyxkgcJ7eXAv5rePL0ZKgyaymMoC0l,"The TikTok app is good, but it is very scary and slow for two GB of RAM, please reduce the megabytes of the app, otherwise we cannot run TikTok properly on phones with two to three GB of RAM, thank you.",1,0,2026-07-08T06:44:21+00:00,"Hi, sorry for the inconvenience. To help us look into this properly, please report your issue directly through the TikTok app:
Go to your Profile, tap Menu, Settings and Privacy, then Help Center.
We truly appreciate your patience and look forward to getting this resolved.",2026-07-08T07:00:13+00:00,44.6.4,2026-07-09T21:14:38.342700+00:00,phase2_cadence_runA_twice_daily_test_20260709_210858,"{""reviewId"": ""0bb517c8-d7a4-495a-a691-c00b70705bfa"", ""userName"": ""Mdasadul Islam"", ""userImage"": ""https://play-lh.googleusercontent.com/a-/ALV-UjWkzoQ6HUVrZI2j0Whr1oyyxkgcJ7eXAv5rePL0ZKgyaymMoC0l"", ""content"": ""The TikTok app is good, but it is very scary and slow for two GB of RAM, please reduce the megabytes of the app, otherwise we cannot run TikTok properly on phones with two to three GB of RAM, thank you."", ""score"": 1, ""thumbsUpCount"": 0, ""reviewCreatedVersion"": ""44.6.4"", ""at"": ""2026-07-08T06:44:21+00:00"", ""replyContent"": ""Hi, sorry for the inconvenience. To help us look into this properly, please report your issue directly through the TikTok app:\nGo to your Profile, tap Menu, Settings and Privacy, then Help Center.\nWe truly appreciate your patience and look forward to getting this resolved."", ""repliedAt"": ""2026-07-08T07:00:13+00:00"", ""appVersion"": ""44.6.4""}"
5ac269ac61df539bb3aee647cba979dde2c0a601dd4da5337966f401307cc631,google_play,com.instagram.android,Instagram,f4384551-5ea0-475e-b3e9-6dcbab360e16,Yumitarugo,https://play-lh.googleusercontent.com/a/ACg8ocItqm6MoNexYQd8LrS_eBq3aEJixGIzhO04F2G-E2oX9iRRFA=mo,it's good,5,1,2026-07-08T12:48:17+00:00,,,437.0.0.33.78,2026-07-09T21:14:43.782074+00:00,phase2_cadence_runA_twice_daily_test_20260709_210858,"{""reviewId"": ""f4384551-5ea0-475e-b3e9-6dcbab360e16"", ""userName"": ""Yumitarugo"", ""userImage"": ""https://play-lh.googleusercontent.com/a/ACg8ocItqm6MoNexYQd8LrS_eBq3aEJixGIzhO04F2G-E2oX9iRRFA=mo"", ""content"": ""it's good"", ""score"": 5, ""thumbsUpCount"": 1, ""reviewCreatedVersion"": ""437.0.0.33.78"", ""at"": ""2026-07-08T12:48:17+00:00"", ""replyContent"": null, ""repliedAt"": null, ""appVersion"": ""437.0.0.33.78""}"
a90b79796f64b496eec58a8a01e282891950a851a39413bb7b7f2da574493a31,google_play,com.instagram.android,Instagram,1b45e8ff-bf5d-4c04-9440-33a373f07adf,Jayaram Muthukumar,https://play-lh.googleusercontent.com/a/ACg8ocKeh4wwYA65a04AGS9CGRk0V-uszpt9Atzsq7T0ApWiULnbBg=mo,perfect app,5,0,2026-07-08T17:00:06+00:00,,,,2026-07-09T21:14:43.782074+00:00,phase2_cadence_runA_twice_daily_test_20260709_210858,"{""reviewId"": ""1b45e8ff-bf5d-4c04-9440-33a373f07adf"", ""userName"": ""Jayaram Muthukumar"", ""userImage"": ""https://play-lh.googleusercontent.com/a/ACg8ocKeh4wwYA65a04AGS9CGRk0V-uszpt9Atzsq7T0ApWiULnbBg=mo"", ""content"": ""perfect app"", ""score"": 5, ""thumbsUpCount"": 0, ""reviewCreatedVersion"": null, ""at"": ""2026-07-08T17:00:06+00:00"", ""replyContent"": null, ""repliedAt"": null, ""appVersion"": null}"
f87bf803a123942d3f2069ff85674960a48bc4eff6ab27ab7730c8991517fb2c,google_play,com.google.android.youtube,YouTube,88a9b7fb-2bc8-4436-848c-e079cdaf30e6,Alan Hreha,https://play-lh.googleusercontent.com/a/ACg8ocJnCo6BT4qhg4SmBZwCNPOL9pQ86zTovAqjsyxETvz-Rimy_w=mo,I love this app 🤣,5,0,2026-07-08T11:01:29+00:00,,,21.26.364,2026-07-09T21:14:35.116668+00:00,phase2_cadence_runA_twice_daily_test_20260709_210858,"{""reviewId"": ""88a9b7fb-2bc8-4436-848c-e079cdaf30e6"", ""userName"": ""Alan Hreha"", ""userImage"": ""https://play-lh.googleusercontent.com/a/ACg8ocJnCo6BT4qhg4SmBZwCNPOL9pQ86zTovAqjsyxETvz-Rimy_w=mo"", ""content"": ""I love this app 🤣"", ""score"": 5, ""thumbsUpCount"": 0, ""reviewCreatedVersion"": ""21.26.364"", ""at"": ""2026-07-08T11:01:29+00:00"", ""replyContent"": null, ""repliedAt"": null, ""appVersion"": ""21.26.364""}"
07071648d053dc92ec7ed3391926d40e93c4e6498eb45eb511836e655c6f7c11,google_play,com.instagram.android,Instagram,a8df680c-fea5-4a69-af64-8ec00e0e147f,Aarti Dhuri,https://play-lh.googleusercontent.com/a/ACg8ocIBayUv7U7zCS_hsXu-XKwGyrZO1i6ed8IL-LbieDa5t3WTuQ=mo,worst app they will suspend and permanently disable your account without any reason,1,0,2026-07-08T17:55:25+00:00,,,,2026-07-09T21:14:43.782074+00:00,phase2_cadence_runA_twice_daily_test_20260709_210858,"{""reviewId"": ""a8df680c-fea5-4a69-af64-8ec00e0e147f"", ""userName"": ""Aarti Dhuri"", ""userImage"": ""https://play-lh.googleusercontent.com/a/ACg8ocIBayUv7U7zCS_hsXu-XKwGyrZO1i6ed8IL-LbieDa5t3WTuQ=mo"", ""content"": ""worst app they will suspend and permanently disable your account without any reason"", ""score"": 1, ""thumbsUpCount"": 0, ""reviewCreatedVersion"": null, ""at"": ""2026-07-08T17:55:25+00:00"", ""replyContent"": null, ""repliedAt"": null, ""appVersion"": null}"
c5341e498ba5c36f22b25e941a0223e42104edc8b600b3374c6a5008f45e255f,google_play,com.instagram.android,Instagram,ae09b60d-92cf-4103-9ba9-37a01808253d,Alanna Owen,https://play-lh.googleusercontent.com/a-/ALV-UjV_AmMwNBcy-A5EEfoheTrvvG94yGM6JouoXpWHWxfNo4yOrLgI,its the worst social media thing ever and its not letting me delete my account i hope whoever owns it get brutally murdered,1,0,2026-07-08T16:44:20+00:00,,,436.0.0.41.73,2026-07-09T21:14:43.782074+00:00,phase2_cadence_runA_twice_daily_test_20260709_210858,"{""reviewId"": ""ae09b60d-92cf-4103-9ba9-37a01808253d"", ""userName"": ""Alanna Owen"", ""userImage"": ""https://play-lh.googleusercontent.com/a-/ALV-UjV_AmMwNBcy-A5EEfoheTrvvG94yGM6JouoXpWHWxfNo4yOrLgI"", ""content"": ""its the worst social media thing ever and its not letting me delete my account i hope whoever owns it get brutally murdered"", ""score"": 1, ""thumbsUpCount"": 0, ""reviewCreatedVersion"": ""436.0.0.41.73"", ""at"": ""2026-07-08T16:44:20+00:00"", ""replyContent"": null, ""repliedAt"": null, ""appVersion"": ""436.0.0.41.73""}"
4d674bf3d587055a06b4f6f81a05f13a00fc32d253f22a144303efb43e600069,google_play,com.ubercab,Uber,aa8ebc4b-d829-4caf-8aa6-9f2a3e765b63,Mr Jason rocky Mr Jason rocky,https://play-lh.googleusercontent.com/a-/ALV-UjVFpuIMuF0ZkbZFr3sSB8PrBpDNwmOG0MUEZfkzA_FKlKapnHuU,I have lost an item in Uber which was safely returned by the driver.,5,0,2026-07-08T08:44:25+00:00,,,4.637.10003,2026-07-09T21:14:46.809432+00:00,phase2_cadence_runA_twice_daily_test_20260709_210858,"{""reviewId"": ""aa8ebc4b-d829-4caf-8aa6-9f2a3e765b63"", ""userName"": ""Mr Jason rocky Mr Jason rocky"", ""userImage"": ""https://play-lh.googleusercontent.com/a-/ALV-UjVFpuIMuF0ZkbZFr3sSB8PrBpDNwmOG0MUEZfkzA_FKlKapnHuU"", ""content"": ""I have lost an item in Uber which was safely returned by the driver."", ""score"": 5, ""thumbsUpCount"": 0, ""reviewCreatedVersion"": ""4.637.10003"", ""at"": ""2026-07-08T08:44:25+00:00"", ""replyContent"": null, ""repliedAt"": null, ""appVersion"": ""4.637.10003""}"
242634bae43d2bc395fb349b01a3d37e1fc0417c26af3a98ff6d84ce351144a4,google_play,com.netflix.mediaclient,Netflix,eabcfa06-3d48-4750-80f8-45d05115126f,Sachin Richie,https://play-lh.googleusercontent.com/a/ACg8ocJfKGENgpMz8erCvv6dwuYcAve7E2vMDriaxbaCtqfnlZzRyQ=mo,Making every show I love leave as soon as it has come. I mean it takes 1 years after release to get the movies into Netflix and 1 year later it gone. Please consider fixing this it's really fun to watch but still removing it is always lame.,3,0,2026-07-08T11:38:58+00:00,,,9.73.0 build 7 64240,2026-07-09T21:14:57.828674+00:00,phase2_cadence_runA_twice_daily_test_20260709_210858,"{""reviewId"": ""eabcfa06-3d48-4750-80f8-45d05115126f"", ""userName"": ""Sachin Richie"", ""userImage"": ""https://play-lh.googleusercontent.com/a/ACg8ocJfKGENgpMz8erCvv6dwuYcAve7E2vMDriaxbaCtqfnlZzRyQ=mo"", ""content"": ""Making every show I love leave as soon as it has come. I mean it takes 1 years after release to get the movies into Netflix and 1 year later it gone. Please consider fixing this it's really fun to watch but still removing it is always lame."", ""score"": 3, ""thumbsUpCount"": 0, ""reviewCreatedVersion"": ""9.73.0 build 7 64240"", ""at"": ""2026-07-08T11:38:58+00:00"", ""replyContent"": null, ""repliedAt"": null, ""appVersion"": ""9.73.0 build 7 64240""}"
f75d24a74453bdff4315ac87cc444877a5da907e54990293493b1043e84a348f,google_play,com.google.android.youtube,YouTube,2984eff8-bad7-4873-9390-464960e3dba8,Shivraj,https://play-lh.googleusercontent.com/a/ACg8ocJR2pJKM4HuMUUu2begYklySFUsDfHfEwxeYP9dPgjWHtrWDg=mo,"pathetic now days, lots of ads, Shamefull",1,0,2026-07-08T17:28:57+00:00,,,20.02.40,2026-07-09T21:14:35.116668+00:00,phase2_cadence_runA_twice_daily_test_20260709_210858,"{""reviewId"": ""2984eff8-bad7-4873-9390-464960e3dba8"", ""userName"": ""Shivraj"", ""userImage"": ""https://play-lh.googleusercontent.com/a/ACg8ocJR2pJKM4HuMUUu2begYklySFUsDfHfEwxeYP9dPgjWHtrWDg=mo"", ""content"": ""pathetic now days, lots of ads, Shamefull"", ""score"": 1, ""thumbsUpCount"": 0, ""reviewCreatedVersion"": ""20.02.40"", ""at"": ""2026-07-08T17:28:57+00:00"", ""replyContent"": null, ""repliedAt"": null, ""appVersion"": ""20.02.40""}"
b45767b4ddee94791ef364c0a1c06cd4fe7d60e5e7db8e84f6ba2a9b135fae74,google_play,com.google.android.youtube,YouTube,80e19b2a-1dc5-4a62-ac7f-7d9614d13625,Yassmina H,https://play-lh.googleusercontent.com/a/ACg8ocKJ8L-8SoY473um6_kmBYyP8u-IKFOUpXo4WYhjUqI_u3aInQ=mo,I Lovet sooo much😘😘🥰,5,0,2026-07-08T17:22:59+00:00,,,17.11.34,2026-07-09T21:14:35.116668+00:00,phase2_cadence_runA_twice_daily_test_20260709_210858,"{""reviewId"": ""80e19b2a-1dc5-4a62-ac7f-7d9614d13625"", ""userName"": ""Yassmina H"", ""userImage"": ""https://play-lh.googleusercontent.com/a/ACg8ocKJ8L-8SoY473um6_kmBYyP8u-IKFOUpXo4WYhjUqI_u3aInQ=mo"", ""content"": ""I Lovet sooo much😘😘🥰"", ""score"": 5, ""thumbsUpCount"": 0, ""reviewCreatedVersion"": ""17.11.34"", ""at"": ""2026-07-08T17:22:59+00:00"", ""replyContent"": null, ""repliedAt"": null, ""appVersion"": ""17.11.34""}"
636b74110f3d20b10037696e17060dd805a99c216cb4209e988ab0581c8d64a1,google_play,com.google.android.youtube,YouTube,c8261629-e80b-4c14-89b2-99f7e6564e94,Umar Ansari,https://play-lh.googleusercontent.com/a/ACg8ocLYKyEFjo-eqoFidfmEs7oF4ZeiekOwf2eb2yAIMuJgjx4iuQ=mo,🤬🤬🤬🤬🤬🤬🤬🤬🤬🤬🤬🤬🤬🤬🤬🤬🤬🤬🤬🤬🤬🤬🤬🤬🤬🤬🤬🤬🤬🤬🤬🤬🤬🤬🤬🤬🤬🤬🤬🤬🤬🤬🤬🤬🤬🤬🤬🤬🤬🤬🤬🤬🤬🤬🤬🤬🤬🤬🤬🤬🤬🤬🤬🤬🤬I'm very angry with YouTube app because it doesn't have dislike options I want to ask about dislike button where was dislike button 🤬🤬🤬🤬🤬🤬🤬🤬🤬🤬🤬🤬🤬🤬🤬🤬🤬🤬🤬🤬🤬🤬🤬🤬🤬🤬🤬🤬🤬,1,0,2026-07-08T15:58:01+00:00,,,21.26.364,2026-07-09T21:14:35.116668+00:00,phase2_cadence_runA_twice_daily_test_20260709_210858,"{""reviewId"": ""c8261629-e80b-4c14-89b2-99f7e6564e94"", ""userName"": ""Umar Ansari"", ""userImage"": ""https://play-lh.googleusercontent.com/a/ACg8ocLYKyEFjo-eqoFidfmEs7oF4ZeiekOwf2eb2yAIMuJgjx4iuQ=mo"", ""content"": ""🤬🤬🤬🤬🤬🤬🤬🤬🤬🤬🤬🤬🤬🤬🤬🤬🤬🤬🤬🤬🤬🤬🤬🤬🤬🤬🤬🤬🤬🤬🤬🤬🤬🤬🤬🤬🤬🤬🤬🤬🤬🤬🤬🤬🤬🤬🤬🤬🤬🤬🤬🤬🤬🤬🤬🤬🤬🤬🤬🤬🤬🤬🤬🤬🤬I'm very angry with YouTube app because it doesn't have dislike options I want to ask about dislike button where was dislike button 🤬🤬🤬🤬🤬🤬🤬🤬🤬🤬🤬🤬🤬🤬🤬🤬🤬🤬🤬🤬🤬🤬🤬🤬🤬🤬🤬🤬🤬"", ""score"": 1, ""thumbsUpCount"": 0, ""reviewCreatedVersion"": ""21.26.364"", ""at"": ""2026-07-08T15:58:01+00:00"", ""replyContent"": null, ""repliedAt"": null, ""appVersion"": ""21.26.364""}"
caf049f6c16907851a4089023f1354c956637802bf7b0413ebc7aa930a88071d,google_play,com.google.android.youtube,YouTube,751f9225-28e6-497f-9371-f8b43132bf21,Brent Kunsky,https://play-lh.googleusercontent.com/a/ACg8ocL7y5Th-GyPtAB3SopImBCUp379NmVhV5G22uL0cKROFQ0ttw=mo,"Update july 8. First ever YouTube review. ""Rip the dislike button, your algorithm is trash, and will now force feed bad creators and bot accounts down fans throats"" Free option on YouTube died. So un-American and un-human to take away our vote. Would start a tend of ""dislike"" in comments but that would be engagement causing them to get more views when I dont think another human should see such trash",1,0,2026-07-08T17:17:35+00:00,,,21.25.523,2026-07-09T21:14:35.116668+00:00,phase2_cadence_runA_twice_daily_test_20260709_210858,"{""reviewId"": ""751f9225-28e6-497f-9371-f8b43132bf21"", ""userName"": ""Brent Kunsky"", ""userImage"": ""https://play-lh.googleusercontent.com/a/ACg8ocL7y5Th-GyPtAB3SopImBCUp379NmVhV5G22uL0cKROFQ0ttw=mo"", ""content"": ""Update july 8. First ever YouTube review. \""Rip the dislike button, your algorithm is trash, and will now force feed bad creators and bot accounts down fans throats\"" Free option on YouTube died. So un-American and un-human to take away our vote. Would start a tend of \""dislike\"" in comments but that would be engagement causing them to get more views when I dont think another human should see such trash"", ""score"": 1, ""thumbsUpCount"": 0, ""reviewCreatedVersion"": ""21.25.523"", ""at"": ""2026-07-08T17:17:35+00:00"", ""replyContent"": null, ""repliedAt"": null, ""appVersion"": ""21.25.523""}"
cfd656c213376fcd4d6955ac2db53a0b02272f19f0ad9de6056d56d042d6a6ff,google_play,com.spotify.music,Spotify,c370e78c-b18a-405a-9344-37348880d75a,probhash Sinha,https://play-lh.googleusercontent.com/a/ACg8ocKu_TqAvvD4S1bM9P2dETTj9aW5Iaz7hZiRvDDYXTN35jyfOQ=mo,like this app very much,5,0,2026-07-08T12:08:43+00:00,,,9.1.62.1601,2026-07-09T21:14:41.032808+00:00,phase2_cadence_runA_twice_daily_test_20260709_210858,"{""reviewId"": ""c370e78c-b18a-405a-9344-37348880d75a"", ""userName"": ""probhash Sinha"", ""userImage"": ""https://play-lh.googleusercontent.com/a/ACg8ocKu_TqAvvD4S1bM9P2dETTj9aW5Iaz7hZiRvDDYXTN35jyfOQ=mo"", ""content"": ""like this app very much"", ""score"": 5, ""thumbsUpCount"": 0, ""reviewCreatedVersion"": ""9.1.62.1601"", ""at"": ""2026-07-08T12:08:43+00:00"", ""replyContent"": null, ""repliedAt"": null, ""appVersion"": ""9.1.62.1601""}"
6d08fcb5741b9add099ed00412194ef931e74338528f59df73890d47e165ed7c,google_play,com.google.android.youtube,YouTube,ab000668-6f0b-4202-8ca4-49b57dc8e947,maya Dewan,https://play-lh.googleusercontent.com/a/ACg8ocJ0UImllo5Dt-woGB3W4BdtCi2Jxh8D6rB1Qe3oQ0YrzCh2fw=mo,very nice,5,0,2026-07-08T14:53:08+00:00,,,11.45.59,2026-07-09T21:14:35.116668+00:00,phase2_cadence_runA_twice_daily_test_20260709_210858,"{""reviewId"": ""ab000668-6f0b-4202-8ca4-49b57dc8e947"", ""userName"": ""maya Dewan"", ""userImage"": ""https://play-lh.googleusercontent.com/a/ACg8ocJ0UImllo5Dt-woGB3W4BdtCi2Jxh8D6rB1Qe3oQ0YrzCh2fw=mo"", ""content"": ""very nice"", ""score"": 5, ""thumbsUpCount"": 0, ""reviewCreatedVersion"": ""11.45.59"", ""at"": ""2026-07-08T14:53:08+00:00"", ""replyContent"": null, ""repliedAt"": null, ""appVersion"": ""11.45.59""}"
780fea6fa2a0fc08890369d40c86e3796676eb075ddf42a098679563c1ea0139,google_play,com.google.android.apps.maps,Google Maps,e1aaf2bf-7928-42a8-9cae-063a807bef19,Guilherme Serra,https://play-lh.googleusercontent.com/a-/ALV-UjUVZMNPtIe0SuC_p8hGxYlIc2gL8rGueUXMdqii_rngZEiE5MGVaw,"I use a lot and is very good! But, I know recently you guys want to add AI in everything and that new section with a very biesed summary is terrible! I just wanna go straight to the key information about the location (working hours and address). Thanks for considering, sometimes less is better, or maybe leave it optional for whoever likes it. Thanks",5,0,2026-07-08T15:55:56+00:00,,,26.26.03.935742811,2026-07-09T21:14:55.165041+00:00,phase2_cadence_runA_twice_daily_test_20260709_210858,"{""reviewId"": ""e1aaf2bf-7928-42a8-9cae-063a807bef19"", ""userName"": ""Guilherme Serra"", ""userImage"": ""https://play-lh.googleusercontent.com/a-/ALV-UjUVZMNPtIe0SuC_p8hGxYlIc2gL8rGueUXMdqii_rngZEiE5MGVaw"", ""content"": ""I use a lot and is very good! But, I know recently you guys want to add AI in everything and that new section with a very biesed summary is terrible! I just wanna go straight to the key information about the location (working hours and address). Thanks for considering, sometimes less is better, or maybe leave it optional for whoever likes it. Thanks"", ""score"": 5, ""thumbsUpCount"": 0, ""reviewCreatedVersion"": ""26.26.03.935742811"", ""at"": ""2026-07-08T15:55:56+00:00"", ""replyContent"": null, ""repliedAt"": null, ""appVersion"": ""26.26.03.935742811""}"
be881d176efb64a161a050911e32e259a2ae20948a2b6a01347b43a9ffc0ffc9,google_play,com.instagram.android,Instagram,fca34b06-1008-4453-8068-92761d38063b,Mehboob007,https://play-lh.googleusercontent.com/a/ACg8ocLOaQEfKv6W86MBqXuSgPYY3lDYX5H7vTkN_xng-Phfu1QL1Q=mo,🎤,5,0,2026-07-08T18:55:04+00:00,,,,2026-07-09T21:14:43.782074+00:00,phase2_cadence_runA_twice_daily_test_20260709_210858,"{""reviewId"": ""fca34b06-1008-4453-8068-92761d38063b"", ""userName"": ""Mehboob007"", ""userImage"": ""https://play-lh.googleusercontent.com/a/ACg8ocLOaQEfKv6W86MBqXuSgPYY3lDYX5H7vTkN_xng-Phfu1QL1Q=mo"", ""content"": ""🎤"", ""score"": 5, ""thumbsUpCount"": 0, ""reviewCreatedVersion"": null, ""at"": ""2026-07-08T18:55:04+00:00"", ""replyContent"": null, ""repliedAt"": null, ""appVersion"": null}"
2f86d7b97fb40f8457be811165342980967cca7e5795053ac9a4d3bdedc0ace8,google_play,com.spotify.music,Spotify,51c30c51-27d1-484e-a386-f0ec77c4d96f,Adeleke Ayomide,https://play-lh.googleusercontent.com/a-/ALV-UjVH3ArXw8EQiMi1kKUkR7h0k_lD02kna3wL40DIw52Xd7o3Su4,Favorite,5,0,2026-07-08T07:17:58+00:00,,,9.1.62.1601,2026-07-09T21:14:41.032808+00:00,phase2_cadence_runA_twice_daily_test_20260709_210858,"{""reviewId"": ""51c30c51-27d1-484e-a386-f0ec77c4d96f"", ""userName"": ""Adeleke Ayomide"", ""userImage"": ""https://play-lh.googleusercontent.com/a-/ALV-UjVH3ArXw8EQiMi1kKUkR7h0k_lD02kna3wL40DIw52Xd7o3Su4"", ""content"": ""Favorite"", ""score"": 5, ""thumbsUpCount"": 0, ""reviewCreatedVersion"": ""9.1.62.1601"", ""at"": ""2026-07-08T07:17:58+00:00"", ""replyContent"": null, ""repliedAt"": null, ""appVersion"": ""9.1.62.1601""}"
730a28d6d8c667915812dd42e10cc895ec81625bdd3acbd19ddaf02b032ab3a8,google_play,com.google.android.youtube,YouTube,e165f6a7-1f27-4b54-a592-2c1473da4a31,hai hai,https://play-lh.googleusercontent.com/a/ACg8ocLw_8QYX5tmIgg_woNIkCuhkhOg99w_iwerz9vRrcvkZp1ebw=mo,ok tapi line slow,3,0,2026-07-08T15:52:05+00:00,,,21.26.364,2026-07-09T21:14:35.116668+00:00,phase2_cadence_runA_twice_daily_test_20260709_210858,"{""reviewId"": ""e165f6a7-1f27-4b54-a592-2c1473da4a31"", ""userName"": ""hai hai"", ""userImage"": ""https://play-lh.googleusercontent.com/a/ACg8ocLw_8QYX5tmIgg_woNIkCuhkhOg99w_iwerz9vRrcvkZp1ebw=mo"", ""content"": ""ok tapi line slow"", ""score"": 3, ""thumbsUpCount"": 0, ""reviewCreatedVersion"": ""21.26.364"", ""at"": ""2026-07-08T15:52:05+00:00"", ""replyContent"": null, ""repliedAt"": null, ""appVersion"": ""21.26.364""}"
ffcfda41a696dfeeef1249ff9d6c18b688e0e82b1f701a18445a0ef2ef31462e,google_play,com.reddit.frontpage,Reddit,91c8e140-75d9-4343-80a7-c364c157df3c,Ajay Kumar,https://play-lh.googleusercontent.com/a-/ALV-UjWs-SESNRnO-gzVNM2wCpWU9KONTQzbLA3aRwnn5Jwrbzt-Dm8,Ajaykumar,2,0,2026-07-08T10:21:01+00:00,,,2026.26.0,2026-07-09T21:15:00.550939+00:00,phase2_cadence_runA_twice_daily_test_20260709_210858,"{""reviewId"": ""91c8e140-75d9-4343-80a7-c364c157df3c"", ""userName"": ""Ajay Kumar"", ""userImage"": ""https://play-lh.googleusercontent.com/a-/ALV-UjWs-SESNRnO-gzVNM2wCpWU9KONTQzbLA3aRwnn5Jwrbzt-Dm8"", ""content"": ""Ajaykumar"", ""score"": 2, ""thumbsUpCount"": 0, ""reviewCreatedVersion"": ""2026.26.0"", ""at"": ""2026-07-08T10:21:01+00:00"", ""replyContent"": null, ""repliedAt"": null, ""appVersion"": ""2026.26.0""}"
14e5e55795d18a320dfefece070291a7ba9b5038023e5c6e878ccbb8d6c2b3c7,google_play,com.google.android.youtube,YouTube,21d4104e-8e92-4c99-9dea-ed0a41a6de3f,Guddu Kumar,https://play-lh.googleusercontent.com/a/ACg8ocKACRVcEqg4fHrVgEJwD0JntXQHgY5ZtCEIN_CdMHPZLOkKWQ=mo,You Tube,5,0,2026-07-08T14:24:53+00:00,,,21.10.496,2026-07-09T21:14:35.116668+00:00,phase2_cadence_runA_twice_daily_test_20260709_210858,"{""reviewId"": ""21d4104e-8e92-4c99-9dea-ed0a41a6de3f"", ""userName"": ""Guddu Kumar"", ""userImage"": ""https://play-lh.googleusercontent.com/a/ACg8ocKACRVcEqg4fHrVgEJwD0JntXQHgY5ZtCEIN_CdMHPZLOkKWQ=mo"", ""content"": ""You Tube"", ""score"": 5, ""thumbsUpCount"": 0, ""reviewCreatedVersion"": ""21.10.496"", ""at"": ""2026-07-08T14:24:53+00:00"", ""replyContent"": null, ""repliedAt"": null, ""appVersion"": ""21.10.496""}"
7c2939e15f5db4fcb90507b325ae62457cfbe276d182250be436a74330f0dfaa,google_play,com.instagram.android,Instagram,89d10f9a-8f2e-4404-bbeb-17ec4ca96e87,Gohel Purv,https://play-lh.googleusercontent.com/a/ACg8ocIZf7d4c5ISPZD1QJ5Q-lHCIP_m8MOkQgIVAKnIX2LUvOPe=mo,wow!,5,0,2026-07-08T15:31:08+00:00,,,436.0.0.41.73,2026-07-09T21:14:43.782074+00:00,phase2_cadence_runA_twice_daily_test_20260709_210858,"{""reviewId"": ""89d10f9a-8f2e-4404-bbeb-17ec4ca96e87"", ""userName"": ""Gohel Purv"", ""userImage"": ""https://play-lh.googleusercontent.com/a/ACg8ocIZf7d4c5ISPZD1QJ5Q-lHCIP_m8MOkQgIVAKnIX2LUvOPe=mo"", ""content"": ""wow!"", ""score"": 5, ""thumbsUpCount"": 0, ""reviewCreatedVersion"": ""436.0.0.41.73"", ""at"": ""2026-07-08T15:31:08+00:00"", ""replyContent"": null, ""repliedAt"": null, ""appVersion"": ""436.0.0.41.73""}"
0fc473ce43982a55bd4ea8c6badbe85e169f3b0a17cacc547487d2e61a9ff317,google_play,com.google.android.youtube,YouTube,8b9b7531-4f71-4d5d-b30d-1d07b1119be8,Sonika Chouhan,https://play-lh.googleusercontent.com/a/ACg8ocJZuHCvWXaA1_wgz291o-804K3ngADNnvVOtV9_uRuAaWSb6w=mo,😀,5,0,2026-07-08T17:17:47+00:00,,,20.02.40,2026-07-09T21:14:35.116668+00:00,phase2_cadence_runA_twice_daily_test_20260709_210858,"{""reviewId"": ""8b9b7531-4f71-4d5d-b30d-1d07b1119be8"", ""userName"": ""Sonika Chouhan"", ""userImage"": ""https://play-lh.googleusercontent.com/a/ACg8ocJZuHCvWXaA1_wgz291o-804K3ngADNnvVOtV9_uRuAaWSb6w=mo"", ""content"": ""😀"", ""score"": 5, ""thumbsUpCount"": 0, ""reviewCreatedVersion"": ""20.02.40"", ""at"": ""2026-07-08T17:17:47+00:00"", ""replyContent"": null, ""repliedAt"": null, ""appVersion"": ""20.02.40""}"
aa7419d48800fce58d1ec65a3f26d03a24c208b1cbbf84cb91ced34367c2d91b,google_play,com.zhiliaoapp.musically,TikTok,50472747-9e9a-4800-8941-0ed86a44f7b9,Muhammad hadi yahuza,https://play-lh.googleusercontent.com/a/ACg8ocL-pEv8x2v7nu7bLQHXcC4_MyEQJXlcAtxCZ6t0u9APGzGalw=mo,It give you enjoy,5,0,2026-07-08T09:15:37+00:00,Hi! Thanks for taking the time to share your feedback. Your support is greatly appreciated.,2026-07-08T09:40:11+00:00,,2026-07-09T21:14:38.342700+00:00,phase2_cadence_runA_twice_daily_test_20260709_210858,"{""reviewId"": ""50472747-9e9a-4800-8941-0ed86a44f7b9"", ""userName"": ""Muhammad hadi yahuza"", ""userImage"": ""https://play-lh.googleusercontent.com/a/ACg8ocL-pEv8x2v7nu7bLQHXcC4_MyEQJXlcAtxCZ6t0u9APGzGalw=mo"", ""content"": ""It give you enjoy"", ""score"": 5, ""thumbsUpCount"": 0, ""reviewCreatedVersion"": null, ""at"": ""2026-07-08T09:15:37+00:00"", ""replyContent"": ""Hi! Thanks for taking the time to share your feedback. Your support is greatly appreciated."", ""repliedAt"": ""2026-07-08T09:40:11+00:00"", ""appVersion"": null}"
3e761cf8419d884ac1f7f7460839e351147c7e7975adfbd8718e0d2cdbb369a0,google_play,com.dd.doordash,DoorDash,e51446fb-3a6a-413e-97c7-f15a8c4e469e,Justin Sturdee (juzzy),https://play-lh.googleusercontent.com/a-/ALV-UjUIA-T-PfvfIdwWK5ivpYMFvhLT79B6F3Rbw0lCRSYwc6TXo4Op,very expensive,2,0,2026-07-08T08:01:44+00:00,,,15.282.1,2026-07-09T21:14:49.802383+00:00,phase2_cadence_runA_twice_daily_test_20260709_210858,"{""reviewId"": ""e51446fb-3a6a-413e-97c7-f15a8c4e469e"", ""userName"": ""Justin Sturdee (juzzy)"", ""userImage"": ""https://play-lh.googleusercontent.com/a-/ALV-UjUIA-T-PfvfIdwWK5ivpYMFvhLT79B6F3Rbw0lCRSYwc6TXo4Op"", ""content"": ""very expensive"", ""score"": 2, ""thumbsUpCount"": 0, ""reviewCreatedVersion"": ""15.282.1"", ""at"": ""2026-07-08T08:01:44+00:00"", ""replyContent"": null, ""repliedAt"": null, ""appVersion"": ""15.282.1""}"
fbc3624c9bde1f205bfc10f8daaf7f3ea9fc1ac3d478e236aebe2fa76cc9a46b,google_play,com.instagram.android,Instagram,1dd10b36-e976-4334-8c90-7c265c4509ed,Pratap Gothiyan,https://play-lh.googleusercontent.com/a/ACg8ocKrwfkdaVpyuPwYoFHCEcN1P7O-1EkO3Qc4SJHS6sC-GuHrFgE=mo,fabulous,5,0,2026-07-08T16:28:47+00:00,,,293.0.2.28.93,2026-07-09T21:14:43.782074+00:00,phase2_cadence_runA_twice_daily_test_20260709_210858,"{""reviewId"": ""1dd10b36-e976-4334-8c90-7c265c4509ed"", ""userName"": ""Pratap Gothiyan"", ""userImage"": ""https://play-lh.googleusercontent.com/a/ACg8ocKrwfkdaVpyuPwYoFHCEcN1P7O-1EkO3Qc4SJHS6sC-GuHrFgE=mo"", ""content"": ""fabulous"", ""score"": 5, ""thumbsUpCount"": 0, ""reviewCreatedVersion"": ""293.0.2.28.93"", ""at"": ""2026-07-08T16:28:47+00:00"", ""replyContent"": null, ""repliedAt"": null, ""appVersion"": ""293.0.2.28.93""}"
6f91df223f86df4479eaa6772b40d5dbdd11f613185b0a15c74f3bd373394d96,google_play,com.zhiliaoapp.musically,TikTok,72247b1c-3598-4d94-a1de-d1c091441df8,Rogue,https://play-lh.googleusercontent.com/a-/ALV-UjXZZR2mF7H3tqVanxkt-3LWYfe9X-KedTcurH6bmbWhyho5lorO,im 16 n it wont let me chat,1,0,2026-07-08T04:20:18+00:00,"Hi, thanks for your feedback!
We'll be sure to share your suggestion with our team for consideration. We appreciate your input, and we're always working to improve the TikTok experience!",2026-07-08T04:40:11+00:00,36.4.2,2026-07-09T21:14:38.342700+00:00,phase2_cadence_runA_twice_daily_test_20260709_210858,"{""reviewId"": ""72247b1c-3598-4d94-a1de-d1c091441df8"", ""userName"": ""Rogue"", ""userImage"": ""https://play-lh.googleusercontent.com/a-/ALV-UjXZZR2mF7H3tqVanxkt-3LWYfe9X-KedTcurH6bmbWhyho5lorO"", ""content"": ""im 16 n it wont let me chat"", ""score"": 1, ""thumbsUpCount"": 0, ""reviewCreatedVersion"": ""36.4.2"", ""at"": ""2026-07-08T04:20:18+00:00"", ""replyContent"": ""Hi, thanks for your feedback!\nWe'll be sure to share your suggestion with our team for consideration. We appreciate your input, and we're always working to improve the TikTok experience!"", ""repliedAt"": ""2026-07-08T04:40:11+00:00"", ""appVersion"": ""36.4.2""}"
b79e02b50f375d1e8e7b43fe0a95559986492ce401ba3daa37042e1327543ca3,google_play,com.instagram.android,Instagram,c8a66487-2db1-43fb-9d10-6398e06fdfe7,Adeen Ansari,https://play-lh.googleusercontent.com/a/ACg8ocJsh_H3TCbBk7RZFDFca49RrkMOq2p0l7ymmpdzMJtOBgas=mo,bohat acha ha,5,0,2026-07-08T14:39:39+00:00,,,436.0.0.41.73,2026-07-09T21:14:43.782074+00:00,phase2_cadence_runA_twice_daily_test_20260709_210858,"{""reviewId"": ""c8a66487-2db1-43fb-9d10-6398e06fdfe7"", ""userName"": ""Adeen Ansari"", ""userImage"": ""https://play-lh.googleusercontent.com/a/ACg8ocJsh_H3TCbBk7RZFDFca49RrkMOq2p0l7ymmpdzMJtOBgas=mo"", ""content"": ""bohat acha ha"", ""score"": 5, ""thumbsUpCount"": 0, ""reviewCreatedVersion"": ""436.0.0.41.73"", ""at"": ""2026-07-08T14:39:39+00:00"", ""replyContent"": null, ""repliedAt"": null, ""appVersion"": ""436.0.0.41.73""}"
00450eb53a2ab7891a7dc081ede565c3fbf1c291b24a6185ef2d2ddc11512ff0,google_play,com.ubercab,Uber,53a5d738-7095-4683-acc6-dc81a9a20893,Bondili chaitanya sai kumar singh,https://play-lh.googleusercontent.com/a-/ALV-UjUHdENaLy2ll8goOb6Ev33_fJbnJHG0fjHGw54NMaEkOYv9GJlE5w,Good Ride 👏👏👏,5,0,2026-07-08T18:36:33+00:00,,,4.637.10003,2026-07-09T21:14:46.809432+00:00,phase2_cadence_runA_twice_daily_test_20260709_210858,"{""reviewId"": ""53a5d738-7095-4683-acc6-dc81a9a20893"", ""userName"": ""Bondili chaitanya sai kumar singh"", ""userImage"": ""https://play-lh.googleusercontent.com/a-/ALV-UjUHdENaLy2ll8goOb6Ev33_fJbnJHG0fjHGw54NMaEkOYv9GJlE5w"", ""content"": ""Good Ride 👏👏👏"", ""score"": 5, ""thumbsUpCount"": 0, ""reviewCreatedVersion"": ""4.637.10003"", ""at"": ""2026-07-08T18:36:33+00:00"", ""replyContent"": null, ""repliedAt"": null, ""appVersion"": ""4.637.10003""}"
69783494eb246aa996c9154af38a305667a69da9e25a01fe0e5144fee503826d,google_play,com.zhiliaoapp.musically,TikTok,28ff1752-fb72-4c3e-a26c-114f069da828,Love You,https://play-lh.googleusercontent.com/a/ACg8ocJggNuhQT_2sKp8W9cw3OY8wlGDrjke_Zq5rk50JzWiYvOvSA=mo,nice 👍,5,0,2026-07-08T17:29:06+00:00,Hi! Thanks for taking the time to share your feedback. Your support is greatly appreciated.,2026-07-08T17:40:11+00:00,45.9.3,2026-07-09T21:14:38.342700+00:00,phase2_cadence_runA_twice_daily_test_20260709_210858,"{""reviewId"": ""28ff1752-fb72-4c3e-a26c-114f069da828"", ""userName"": ""Love You"", ""userImage"": ""https://play-lh.googleusercontent.com/a/ACg8ocJggNuhQT_2sKp8W9cw3OY8wlGDrjke_Zq5rk50JzWiYvOvSA=mo"", ""content"": ""nice 👍"", ""score"": 5, ""thumbsUpCount"": 0, ""reviewCreatedVersion"": ""45.9.3"", ""at"": ""2026-07-08T17:29:06+00:00"", ""replyContent"": ""Hi! Thanks for taking the time to share your feedback. Your support is greatly appreciated."", ""repliedAt"": ""2026-07-08T17:40:11+00:00"", ""appVersion"": ""45.9.3""}"
73efb708db67f8fa0285518c93917aa00a5f66803648b54a1fb5bd674487b4bd,google_play,com.instagram.android,Instagram,4872c9d4-f6ae-432d-a48b-2b7ce5e9f38b,YOUR RAAZ,https://play-lh.googleusercontent.com/a/ACg8ocLIrx1t6iW0LmFkvsXake4xzKV5XAkJddfnHVulQ_RO7v6AWw=mo,better,4,0,2026-07-08T17:29:07+00:00,,,,2026-07-09T21:14:43.782074+00:00,phase2_cadence_runA_twice_daily_test_20260709_210858,"{""reviewId"": ""4872c9d4-f6ae-432d-a48b-2b7ce5e9f38b"", ""userName"": ""YOUR RAAZ"", ""userImage"": ""https://play-lh.googleusercontent.com/a/ACg8ocLIrx1t6iW0LmFkvsXake4xzKV5XAkJddfnHVulQ_RO7v6AWw=mo"", ""content"": ""better"", ""score"": 4, ""thumbsUpCount"": 0, ""reviewCreatedVersion"": null, ""at"": ""2026-07-08T17:29:07+00:00"", ""replyContent"": null, ""repliedAt"": null, ""appVersion"": null}"
09e68935b8128deb64aa7c39a6765d770f8e857c7a9fd829cfb0e222e089e696,google_play,com.spotify.music,Spotify,b3bd5dd7-c9f2-44ce-9664-0b1045276fd1,k k,https://play-lh.googleusercontent.com/a/ACg8ocIL9M9Mljy5DurVXBOSlUKq8uomAhEmZnEdfwHkSIQ0e-A5eA=mo,app auto closes after every few minutes of listening,1,0,2026-07-08T19:33:51+00:00,"Hi. Thanks for reporting this to us. Have you tried a quick reinstall? If that doesn't help, we'd recommend reaching out to our Customer Service at support.spotify.com. Just search “Contact Us”, and they'll be happy to help.",2026-07-08T19:40:29+00:00,9.1.60.1970,2026-07-09T21:14:41.032808+00:00,phase2_cadence_runA_twice_daily_test_20260709_210858,"{""reviewId"": ""b3bd5dd7-c9f2-44ce-9664-0b1045276fd1"", ""userName"": ""k k"", ""userImage"": ""https://play-lh.googleusercontent.com/a/ACg8ocIL9M9Mljy5DurVXBOSlUKq8uomAhEmZnEdfwHkSIQ0e-A5eA=mo"", ""content"": ""app auto closes after every few minutes of listening"", ""score"": 1, ""thumbsUpCount"": 0, ""reviewCreatedVersion"": ""9.1.60.1970"", ""at"": ""2026-07-08T19:33:51+00:00"", ""replyContent"": ""Hi. Thanks for reporting this to us. Have you tried a quick reinstall? If that doesn't help, we'd recommend reaching out to our Customer Service at support.spotify.com. Just search “Contact Us”, and they'll be happy to help."", ""repliedAt"": ""2026-07-08T19:40:29+00:00"", ""appVersion"": ""9.1.60.1970""}"
373f703c684819011fcbe121e1a17bea7bcf6b891b4b05071510654e15f98627,google_play,com.google.android.apps.maps,Google Maps,3adef30b-3258-406f-a00a-fbf2c0bd2b20,Awais Ali,https://play-lh.googleusercontent.com/a-/ALV-UjWZXGrqWIBoGRVxL2huzRRBRorUtt9MhN6DkXs3j3Etkmh-R14L,good,5,0,2026-07-08T15:21:45+00:00,,,26.27.01.941319029,2026-07-09T21:14:55.165041+00:00,phase2_cadence_runA_twice_daily_test_20260709_210858,"{""reviewId"": ""3adef30b-3258-406f-a00a-fbf2c0bd2b20"", ""userName"": ""Awais Ali"", ""userImage"": ""https://play-lh.googleusercontent.com/a-/ALV-UjWZXGrqWIBoGRVxL2huzRRBRorUtt9MhN6DkXs3j3Etkmh-R14L"", ""content"": ""good"", ""score"": 5, ""thumbsUpCount"": 0, ""reviewCreatedVersion"": ""26.27.01.941319029"", ""at"": ""2026-07-08T15:21:45+00:00"", ""replyContent"": null, ""repliedAt"": null, ""appVersion"": ""26.27.01.941319029""}"
d800051c70b4ea64ad907188473b90bb499d19027dfe82ecf66aaa3e4fcaf4bc,google_play,com.ubercab,Uber,65b8e17d-4139-4033-9df8-6811541c9968,Monika Singh,https://play-lh.googleusercontent.com/a-/ALV-UjWMYdiau7T5BYwOv1HciakoSzbWzIRDmRxXX5KFjuRGvQvRYDV_-Q,"The driver did not have the vehicle documents, registration papers, or even a valid driving licence. There was already a ₹50,000 challan pending on the vehicle. The police stopped us, and I was held up there for around 15–20 minutes. Because of this delay, I'm now running late for the airport. To make matters worse, when the driver ended the trip, I was charged ₹200, which makes absolutely no sense. I'm not even within five minutes of my home, so charging me for a completed trip is completely un",1,0,2026-07-08T10:29:21+00:00,,,4.637.10003,2026-07-09T21:14:46.809432+00:00,phase2_cadence_runA_twice_daily_test_20260709_210858,"{""reviewId"": ""65b8e17d-4139-4033-9df8-6811541c9968"", ""userName"": ""Monika Singh"", ""userImage"": ""https://play-lh.googleusercontent.com/a-/ALV-UjWMYdiau7T5BYwOv1HciakoSzbWzIRDmRxXX5KFjuRGvQvRYDV_-Q"", ""content"": ""The driver did not have the vehicle documents, registration papers, or even a valid driving licence. There was already a ₹50,000 challan pending on the vehicle. The police stopped us, and I was held up there for around 15–20 minutes. Because of this delay, I'm now running late for the airport. To make matters worse, when the driver ended the trip, I was charged ₹200, which makes absolutely no sense. I'm not even within five minutes of my home, so charging me for a completed trip is completely un"", ""score"": 1, ""thumbsUpCount"": 0, ""reviewCreatedVersion"": ""4.637.10003"", ""at"": ""2026-07-08T10:29:21+00:00"", ""replyContent"": null, ""repliedAt"": null, ""appVersion"": ""4.637.10003""}"
7bf1ac12e874abdfa5a4fb5c5cca2fd3cc2d50b5875c81cf857dbc2329f92250,google_play,com.spotify.music,Spotify,5bfcac7e-87aa-40ee-9b86-1f33808d90a5,Suri Suri,https://play-lh.googleusercontent.com/a-/ALV-UjUyKKNKW94QyVOCR8sL_9dhCb-Hr5K5tU2DwygAz8xxTvYAWOKc,its a good app 🥹,5,0,2026-07-08T05:51:25+00:00,,,9.1.62.1601,2026-07-09T21:14:41.032808+00:00,phase2_cadence_runA_twice_daily_test_20260709_210858,"{""reviewId"": ""5bfcac7e-87aa-40ee-9b86-1f33808d90a5"", ""userName"": ""Suri Suri"", ""userImage"": ""https://play-lh.googleusercontent.com/a-/ALV-UjUyKKNKW94QyVOCR8sL_9dhCb-Hr5K5tU2DwygAz8xxTvYAWOKc"", ""content"": ""its a good app 🥹"", ""score"": 5, ""thumbsUpCount"": 0, ""reviewCreatedVersion"": ""9.1.62.1601"", ""at"": ""2026-07-08T05:51:25+00:00"", ""replyContent"": null, ""repliedAt"": null, ""appVersion"": ""9.1.62.1601""}"
380aab20cf7f52e1bed1c70934d0c2b9ef74110bd621f58a8384971cb97af75a,google_play,com.zhiliaoapp.musically,TikTok,243a3bbc-f642-4e7a-ac61-892993412e2c,UG Official,https://play-lh.googleusercontent.com/a/ACg8ocKcS8WjlwA6rrFnDOD-LXjDzqWUz4JA0wvenI-MeLXw3Lq4uA=mo,good 😊,5,0,2026-07-08T14:31:47+00:00,Hi! Thanks for taking the time to share your feedback. Your support is greatly appreciated.,2026-07-08T15:00:12+00:00,,2026-07-09T21:14:38.342700+00:00,phase2_cadence_runA_twice_daily_test_20260709_210858,"{""reviewId"": ""243a3bbc-f642-4e7a-ac61-892993412e2c"", ""userName"": ""UG Official"", ""userImage"": ""https://play-lh.googleusercontent.com/a/ACg8ocKcS8WjlwA6rrFnDOD-LXjDzqWUz4JA0wvenI-MeLXw3Lq4uA=mo"", ""content"": ""good 😊"", ""score"": 5, ""thumbsUpCount"": 0, ""reviewCreatedVersion"": null, ""at"": ""2026-07-08T14:31:47+00:00"", ""replyContent"": ""Hi! Thanks for taking the time to share your feedback. Your support is greatly appreciated."", ""repliedAt"": ""2026-07-08T15:00:12+00:00"", ""appVersion"": null}"
a4fb1d31101a3f16c942f78c98d3557ee9486efdffd2e52efe9b68c5e495393b,google_play,com.instagram.android,Instagram,8747b17f-3244-4885-b731-8ec0a158ce17,Garima Grover,https://play-lh.googleusercontent.com/a/ACg8ocKaNosUyXNCV9TfP1Eu04NBdpOveuX9ztPfeEUMu_833RsiVw=mo,very useful aap but login issues,5,0,2026-07-08T16:00:14+00:00,,,430.0.0.53.80,2026-07-09T21:14:43.782074+00:00,phase2_cadence_runA_twice_daily_test_20260709_210858,"{""reviewId"": ""8747b17f-3244-4885-b731-8ec0a158ce17"", ""userName"": ""Garima Grover"", ""userImage"": ""https://play-lh.googleusercontent.com/a/ACg8ocKaNosUyXNCV9TfP1Eu04NBdpOveuX9ztPfeEUMu_833RsiVw=mo"", ""content"": ""very useful aap but login issues"", ""score"": 5, ""thumbsUpCount"": 0, ""reviewCreatedVersion"": ""430.0.0.53.80"", ""at"": ""2026-07-08T16:00:14+00:00"", ""replyContent"": null, ""repliedAt"": null, ""appVersion"": ""430.0.0.53.80""}"
586617db24b5d2d2cc188415d30a9f407bbe63df62071c9a5b1d66c077b37cfe,google_play,com.ubercab,Uber,501fab5b-28d8-4f47-8ce1-2c4ec2a732a3,Yai mariposa,https://play-lh.googleusercontent.com/a-/ALV-UjURww8kAaeEA_DRCIrTaqzAw2szFbzEzdxdCLkZaSXMHR9-MlRj,"On time, nice ride",5,0,2026-07-08T09:08:39+00:00,,,4.638.10003,2026-07-09T21:14:46.809432+00:00,phase2_cadence_runA_twice_daily_test_20260709_210858,"{""reviewId"": ""501fab5b-28d8-4f47-8ce1-2c4ec2a732a3"", ""userName"": ""Yai mariposa"", ""userImage"": ""https://play-lh.googleusercontent.com/a-/ALV-UjURww8kAaeEA_DRCIrTaqzAw2szFbzEzdxdCLkZaSXMHR9-MlRj"", ""content"": ""On time, nice ride"", ""score"": 5, ""thumbsUpCount"": 0, ""reviewCreatedVersion"": ""4.638.10003"", ""at"": ""2026-07-08T09:08:39+00:00"", ""replyContent"": null, ""repliedAt"": null, ""appVersion"": ""4.638.10003""}"
ad75fab4baadf5c44976a14cc5d8c99432d1f00cae32485b7a44f738e3a8be62,google_play,com.instagram.android,Instagram,fc1a14ac-7a3f-4651-9a76-ce3242f171e3,Khan Sana,https://play-lh.googleusercontent.com/a-/ALV-UjVNtZA67604NYQR21Wa1rCygvITwCzfBZJ6qN-AIa3zgu7nWqlF,baar baar id restriction pr daal deta hai without any reason pr appeal ka reply nhi nhi aata,1,0,2026-07-08T13:57:45+00:00,,,435.0.0.37.76,2026-07-09T21:14:43.782074+00:00,phase2_cadence_runA_twice_daily_test_20260709_210858,"{""reviewId"": ""fc1a14ac-7a3f-4651-9a76-ce3242f171e3"", ""userName"": ""Khan Sana"", ""userImage"": ""https://play-lh.googleusercontent.com/a-/ALV-UjVNtZA67604NYQR21Wa1rCygvITwCzfBZJ6qN-AIa3zgu7nWqlF"", ""content"": ""baar baar id restriction pr daal deta hai without any reason pr appeal ka reply nhi nhi aata"", ""score"": 1, ""thumbsUpCount"": 0, ""reviewCreatedVersion"": ""435.0.0.37.76"", ""at"": ""2026-07-08T13:57:45+00:00"", ""replyContent"": null, ""repliedAt"": null, ""appVersion"": ""435.0.0.37.76""}"
3240e684c620a9e2d42c22be022f7247b4b347a26380c6918dba144846acde10,google_play,com.google.android.youtube,YouTube,b0a1262c-3326-46e5-a47b-b4bf214a6064,Prasanta gayen,https://play-lh.googleusercontent.com/a/ACg8ocLkIwPDnO0qgU1tGNekj2yz0FbEL-YIcLY3Ea4UIo6EhFmPdA=mo,Good,2,0,2026-07-08T17:05:55+00:00,,,11.07.59,2026-07-09T21:14:35.116668+00:00,phase2_cadence_runA_twice_daily_test_20260709_210858,"{""reviewId"": ""b0a1262c-3326-46e5-a47b-b4bf214a6064"", ""userName"": ""Prasanta gayen"", ""userImage"": ""https://play-lh.googleusercontent.com/a/ACg8ocLkIwPDnO0qgU1tGNekj2yz0FbEL-YIcLY3Ea4UIo6EhFmPdA=mo"", ""content"": ""Good"", ""score"": 2, ""thumbsUpCount"": 0, ""reviewCreatedVersion"": ""11.07.59"", ""at"": ""2026-07-08T17:05:55+00:00"", ""replyContent"": null, ""repliedAt"": null, ""appVersion"": ""11.07.59""}"
e6a5c0a9bb1ec997efe79db407985b423d8f29eae3b3d90658b1ccac03bdc8c1,google_play,com.instagram.android,Instagram,62de7799-0f5e-4a3d-a2c7-80a66cc3a0c8,Gurjot Singh,https://play-lh.googleusercontent.com/a/ACg8ocJw2iqEnAspAxa892I_bjsUMNKWlPDFpDANtPTrBKU-o3KkQw=mo,network bahut jyada karta hai,5,0,2026-07-08T12:13:27+00:00,,,437.0.0.33.78,2026-07-09T21:14:43.782074+00:00,phase2_cadence_runA_twice_daily_test_20260709_210858,"{""reviewId"": ""62de7799-0f5e-4a3d-a2c7-80a66cc3a0c8"", ""userName"": ""Gurjot Singh"", ""userImage"": ""https://play-lh.googleusercontent.com/a/ACg8ocJw2iqEnAspAxa892I_bjsUMNKWlPDFpDANtPTrBKU-o3KkQw=mo"", ""content"": ""network bahut jyada karta hai"", ""score"": 5, ""thumbsUpCount"": 0, ""reviewCreatedVersion"": ""437.0.0.33.78"", ""at"": ""2026-07-08T12:13:27+00:00"", ""replyContent"": null, ""repliedAt"": null, ""appVersion"": ""437.0.0.33.78""}"
8b7ed0c2c4f40456167ea351949525276184bb30970892d6bbe41a0cbdbe2fff,google_play,com.google.android.youtube,YouTube,f9ecc3ef-8fdd-45c5-a9d0-0b9ec227a260,Axl,https://play-lh.googleusercontent.com/a-/ALV-UjWmuVOR_8fT0mxEVBwcO_7ghYBKFTMNfBlzOAhjj1OoCdHoe0k,All these updates are trash. You cannot just do whatever you want to the most iconic stuff. Change the like button back and bring back the dislike button. Now. Period. End of story.,1,0,2026-07-08T19:54:57+00:00,,,21.25.529,2026-07-09T21:14:35.116668+00:00,phase2_cadence_runA_twice_daily_test_20260709_210858,"{""reviewId"": ""f9ecc3ef-8fdd-45c5-a9d0-0b9ec227a260"", ""userName"": ""Axl"", ""userImage"": ""https://play-lh.googleusercontent.com/a-/ALV-UjWmuVOR_8fT0mxEVBwcO_7ghYBKFTMNfBlzOAhjj1OoCdHoe0k"", ""content"": ""All these updates are trash. You cannot just do whatever you want to the most iconic stuff. Change the like button back and bring back the dislike button. Now. Period. End of story."", ""score"": 1, ""thumbsUpCount"": 0, ""reviewCreatedVersion"": ""21.25.529"", ""at"": ""2026-07-08T19:54:57+00:00"", ""replyContent"": null, ""repliedAt"": null, ""appVersion"": ""21.25.529""}"
22068b71d11a0ba5e316a7e8afc25ee056c7454cc97662a2180b05dba4330404,google_play,com.google.android.youtube,YouTube,ad3bcfe0-ae52-4a3f-9c6e-a96187273c52,Musrat Emu,https://play-lh.googleusercontent.com/a-/ALV-UjU8Pybl5pNC9DYso0weVks1uZ94tQf5c7v6wvwOCbfXT7nVTIqIHQ,suiii hahaaaaaa CR7 best,5,0,2026-07-08T16:00:39+00:00,,,21.26.364,2026-07-09T21:14:35.116668+00:00,phase2_cadence_runA_twice_daily_test_20260709_210858,"{""reviewId"": ""ad3bcfe0-ae52-4a3f-9c6e-a96187273c52"", ""userName"": ""Musrat Emu"", ""userImage"": ""https://play-lh.googleusercontent.com/a-/ALV-UjU8Pybl5pNC9DYso0weVks1uZ94tQf5c7v6wvwOCbfXT7nVTIqIHQ"", ""content"": ""suiii hahaaaaaa CR7 best"", ""score"": 5, ""thumbsUpCount"": 0, ""reviewCreatedVersion"": ""21.26.364"", ""at"": ""2026-07-08T16:00:39+00:00"", ""replyContent"": null, ""repliedAt"": null, ""appVersion"": ""21.26.364""}"
efc852e8d242ad799fb90afd0fe478d91f0dac71a42b58f846f9a247af50acbd,google_play,com.spotify.music,Spotify,f132f3c7-fb32-4aa1-8e6e-ab095eaab913,Shamus barrett,https://play-lh.googleusercontent.com/a-/ALV-UjU1QNckJYRAo2kqXGyjYXUhcvmHqp4n2fpSUnA0wR6ZJdaHMC7R,one of a kind,5,0,2026-07-08T08:31:22+00:00,,,9.1.62.1601,2026-07-09T21:14:41.032808+00:00,phase2_cadence_runA_twice_daily_test_20260709_210858,"{""reviewId"": ""f132f3c7-fb32-4aa1-8e6e-ab095eaab913"", ""userName"": ""Shamus barrett"", ""userImage"": ""https://play-lh.googleusercontent.com/a-/ALV-UjU1QNckJYRAo2kqXGyjYXUhcvmHqp4n2fpSUnA0wR6ZJdaHMC7R"", ""content"": ""one of a kind"", ""score"": 5, ""thumbsUpCount"": 0, ""reviewCreatedVersion"": ""9.1.62.1601"", ""at"": ""2026-07-08T08:31:22+00:00"", ""replyContent"": null, ""repliedAt"": null, ""appVersion"": ""9.1.62.1601""}"
4ecb195c17a3c6107c09aa97c23a8048ac83c92edf02903fcca466df5c94ff5d,google_play,com.google.android.youtube,YouTube,3e0e5f50-95cc-4667-bc29-fd27fb41c1aa,Manish Dixit,https://play-lh.googleusercontent.com/a/ACg8ocJ_lyj9omjxrV4KpQhKDYN6zt65eDScDT5MLY4ggxjn9gWEmg=mo,You chal nhi rha,5,0,2026-07-08T17:20:27+00:00,,,21.25.523,2026-07-09T21:14:35.116668+00:00,phase2_cadence_runA_twice_daily_test_20260709_210858,"{""reviewId"": ""3e0e5f50-95cc-4667-bc29-fd27fb41c1aa"", ""userName"": ""Manish Dixit"", ""userImage"": ""https://play-lh.googleusercontent.com/a/ACg8ocJ_lyj9omjxrV4KpQhKDYN6zt65eDScDT5MLY4ggxjn9gWEmg=mo"", ""content"": ""You chal nhi rha"", ""score"": 5, ""thumbsUpCount"": 0, ""reviewCreatedVersion"": ""21.25.523"", ""at"": ""2026-07-08T17:20:27+00:00"", ""replyContent"": null, ""repliedAt"": null, ""appVersion"": ""21.25.523""}"
928f0fa74ddd56f951eb91481b49338469acc55118c6992aa17296d4f2c2de4e,google_play,com.ubercab,Uber,70588ed7-c232-41e9-a1ba-4169219675cb,Richard Elrod,https://play-lh.googleusercontent.com/a/ACg8ocITmQLS74JRV1FKG9zqGU9Cs3O3fAtSnqWUtBNMcTAF_dBNxQ=mo,👍😃 great,5,0,2026-07-08T16:48:37+00:00,,,4.638.10003,2026-07-09T21:14:46.809432+00:00,phase2_cadence_runA_twice_daily_test_20260709_210858,"{""reviewId"": ""70588ed7-c232-41e9-a1ba-4169219675cb"", ""userName"": ""Richard Elrod"", ""userImage"": ""https://play-lh.googleusercontent.com/a/ACg8ocITmQLS74JRV1FKG9zqGU9Cs3O3fAtSnqWUtBNMcTAF_dBNxQ=mo"", ""content"": ""👍😃 great"", ""score"": 5, ""thumbsUpCount"": 0, ""reviewCreatedVersion"": ""4.638.10003"", ""at"": ""2026-07-08T16:48:37+00:00"", ""replyContent"": null, ""repliedAt"": null, ""appVersion"": ""4.638.10003""}"
a05fc51054a21faa5c9c1fd761bcff47cc17000c2ee172851db85dd4ed67c87e,google_play,com.ubercab,Uber,f2e6f046-7a1a-4e64-b1e6-958f45d10099,Naman Kumar,https://play-lh.googleusercontent.com/a/ACg8ocJF0Pps94ELMuU6VglJFB49R-gS9_NEvVOz66-3u7BY_hO_Mw=mo,stupid aap takes a very long time to confirm the ride,1,0,2026-07-08T10:15:50+00:00,,,4.638.10003,2026-07-09T21:14:46.809432+00:00,phase2_cadence_runA_twice_daily_test_20260709_210858,"{""reviewId"": ""f2e6f046-7a1a-4e64-b1e6-958f45d10099"", ""userName"": ""Naman Kumar"", ""userImage"": ""https://play-lh.googleusercontent.com/a/ACg8ocJF0Pps94ELMuU6VglJFB49R-gS9_NEvVOz66-3u7BY_hO_Mw=mo"", ""content"": ""stupid aap takes a very long time to confirm the ride"", ""score"": 1, ""thumbsUpCount"": 0, ""reviewCreatedVersion"": ""4.638.10003"", ""at"": ""2026-07-08T10:15:50+00:00"", ""replyContent"": null, ""repliedAt"": null, ""appVersion"": ""4.638.10003""}"
3bcaf94a06b6bb9d2123ed1860c31b183d269477657837b31f3c8410b8a1f153,google_play,com.google.android.youtube,YouTube,3884f5f3-9013-472b-9a03-64a3077b64da,YUNUSA Muhammed,https://play-lh.googleusercontent.com/a/ACg8ocLch4IGDQaJzEceeG6IqW-R-wd_-Y-LuyyAiv2FokHHU_D_BQ=mo,Youtube,5,0,2026-07-08T13:26:21+00:00,,,21.08.265,2026-07-09T21:14:35.116668+00:00,phase2_cadence_runA_twice_daily_test_20260709_210858,"{""reviewId"": ""3884f5f3-9013-472b-9a03-64a3077b64da"", ""userName"": ""YUNUSA Muhammed"", ""userImage"": ""https://play-lh.googleusercontent.com/a/ACg8ocLch4IGDQaJzEceeG6IqW-R-wd_-Y-LuyyAiv2FokHHU_D_BQ=mo"", ""content"": ""Youtube"", ""score"": 5, ""thumbsUpCount"": 0, ""reviewCreatedVersion"": ""21.08.265"", ""at"": ""2026-07-08T13:26:21+00:00"", ""replyContent"": null, ""repliedAt"": null, ""appVersion"": ""21.08.265""}"
47165778129f5de9f3922cd8637c7afbce65238b2fd6827cf68db76ebac90048,google_play,com.zhiliaoapp.musically,TikTok,4e6ea267-ae9d-4a42-8ad8-44b4424523e7,Ofentse Mule,https://play-lh.googleusercontent.com/a/ACg8ocJhtbEPwNmUEbJwcw5W99yFNjw6E_jKtYy06YqeDfNpyZnKbA=mo,funny and sad sometimes but it's good,5,0,2026-07-08T13:06:35+00:00,Hi! Thanks for taking the time to share your feedback. Your support is greatly appreciated.,2026-07-08T13:20:13+00:00,,2026-07-09T21:14:38.342700+00:00,phase2_cadence_runA_twice_daily_test_20260709_210858,"{""reviewId"": ""4e6ea267-ae9d-4a42-8ad8-44b4424523e7"", ""userName"": ""Ofentse Mule"", ""userImage"": ""https://play-lh.googleusercontent.com/a/ACg8ocJhtbEPwNmUEbJwcw5W99yFNjw6E_jKtYy06YqeDfNpyZnKbA=mo"", ""content"": ""funny and sad sometimes but it's good"", ""score"": 5, ""thumbsUpCount"": 0, ""reviewCreatedVersion"": null, ""at"": ""2026-07-08T13:06:35+00:00"", ""replyContent"": ""Hi! Thanks for taking the time to share your feedback. Your support is greatly appreciated."", ""repliedAt"": ""2026-07-08T13:20:13+00:00"", ""appVersion"": null}"
2edf42349c191cbd355cda9f8d77bfd97faf0488de680cd9ddb1dd82751d3a9a,google_play,com.instagram.android,Instagram,178a765a-51fd-4093-8e28-3b0eced97235,shriya singh,https://play-lh.googleusercontent.com/a-/ALV-UjVn-K5qV-_WKsVhHV9ND7JEqFWBbWnqhYrTCn4RUfH1O-16yPX8,my Instagram account was suspended pls help me,1,1,2026-07-08T13:01:17+00:00,,,437.0.0.33.78,2026-07-09T21:14:43.782074+00:00,phase2_cadence_runA_twice_daily_test_20260709_210858,"{""reviewId"": ""178a765a-51fd-4093-8e28-3b0eced97235"", ""userName"": ""shriya singh"", ""userImage"": ""https://play-lh.googleusercontent.com/a-/ALV-UjVn-K5qV-_WKsVhHV9ND7JEqFWBbWnqhYrTCn4RUfH1O-16yPX8"", ""content"": ""my Instagram account was suspended pls help me"", ""score"": 1, ""thumbsUpCount"": 1, ""reviewCreatedVersion"": ""437.0.0.33.78"", ""at"": ""2026-07-08T13:01:17+00:00"", ""replyContent"": null, ""repliedAt"": null, ""appVersion"": ""437.0.0.33.78""}"
9430ec1addfca62a5d32bcdc2a6f764e7fdbaf31389e1c43d8c5a4ed60e1b912,google_play,com.google.android.youtube,YouTube,1fbbf3a6-e703-41a6-b7bb-54c1a5cd4682,Lp6 Channel,https://play-lh.googleusercontent.com/a/ACg8ocKenbOA9jBDZ63B4SmBVmS134AQY9ZYPAkvkWmYhRXQH0DqAg=mo,Good,5,0,2026-07-08T13:17:04+00:00,,,21.26.364,2026-07-09T21:14:35.116668+00:00,phase2_cadence_runA_twice_daily_test_20260709_210858,"{""reviewId"": ""1fbbf3a6-e703-41a6-b7bb-54c1a5cd4682"", ""userName"": ""Lp6 Channel"", ""userImage"": ""https://play-lh.googleusercontent.com/a/ACg8ocKenbOA9jBDZ63B4SmBVmS134AQY9ZYPAkvkWmYhRXQH0DqAg=mo"", ""content"": ""Good"", ""score"": 5, ""thumbsUpCount"": 0, ""reviewCreatedVersion"": ""21.26.364"", ""at"": ""2026-07-08T13:17:04+00:00"", ""replyContent"": null, ""repliedAt"": null, ""appVersion"": ""21.26.364""}"
23d81b33ee813ea61e4d41fd546b3d6c2f6f3a5170edbc5986751b650decfbe2,google_play,com.zhiliaoapp.musically,TikTok,6f5975d6-fdae-4ff4-b98a-95df8d526efa,A Google user,https://play-lh.googleusercontent.com/EGemoI2NTXmTsBVtJqk8jxF9rh8ApRWfsIMQSt2uE4OcpQqbFu7f7NbTK05lx80nuSijCz7sc3a277R67g,"Suddenly, no internet connection error! 👎🏼👎🏼👎🏼",1,0,2026-07-08T17:27:31+00:00,"Hi, sorry for the inconvenience. To help us look into this properly, please report your issue directly through the TikTok app:
Go to your Profile, tap Menu, Settings and Privacy, then Help Center.
We truly appreciate your patience and look forward to getting this resolved.",2026-07-08T17:40:11+00:00,45.9.3,2026-07-09T21:14:38.342700+00:00,phase2_cadence_runA_twice_daily_test_20260709_210858,"{""reviewId"": ""6f5975d6-fdae-4ff4-b98a-95df8d526efa"", ""userName"": ""A Google user"", ""userImage"": ""https://play-lh.googleusercontent.com/EGemoI2NTXmTsBVtJqk8jxF9rh8ApRWfsIMQSt2uE4OcpQqbFu7f7NbTK05lx80nuSijCz7sc3a277R67g"", ""content"": ""Suddenly, no internet connection error! 👎🏼👎🏼👎🏼"", ""score"": 1, ""thumbsUpCount"": 0, ""reviewCreatedVersion"": ""45.9.3"", ""at"": ""2026-07-08T17:27:31+00:00"", ""replyContent"": ""Hi, sorry for the inconvenience. To help us look into this properly, please report your issue directly through the TikTok app:\nGo to your Profile, tap Menu, Settings and Privacy, then Help Center.\nWe truly appreciate your patience and look forward to getting this resolved."", ""repliedAt"": ""2026-07-08T17:40:11+00:00"", ""appVersion"": ""45.9.3""}"
a442d7b11151ec20c689e42e0352325b7c292321374a43210379e82cc236e3a3,google_play,com.google.android.youtube,YouTube,baf5c5b1-8f12-44f9-9438-461befc4b697,saly san,https://play-lh.googleusercontent.com/a-/ALV-UjUVZbvc-Xggvm2K2wOFZo5Yj2ceUokemVpU5W6PiDG-_UTgu-E,Good,5,0,2026-07-08T14:58:41+00:00,,,21.25.523,2026-07-09T21:14:35.116668+00:00,phase2_cadence_runA_twice_daily_test_20260709_210858,"{""reviewId"": ""baf5c5b1-8f12-44f9-9438-461befc4b697"", ""userName"": ""saly san"", ""userImage"": ""https://play-lh.googleusercontent.com/a-/ALV-UjUVZbvc-Xggvm2K2wOFZo5Yj2ceUokemVpU5W6PiDG-_UTgu-E"", ""content"": ""Good"", ""score"": 5, ""thumbsUpCount"": 0, ""reviewCreatedVersion"": ""21.25.523"", ""at"": ""2026-07-08T14:58:41+00:00"", ""replyContent"": null, ""repliedAt"": null, ""appVersion"": ""21.25.523""}"
2cc6c6a74c7067888a4b9973a558164660021b9f6fef72655486a4642e364c3a,google_play,com.zhiliaoapp.musically,TikTok,5c554156-cbb9-45e3-be54-d188b76c9920,Fiaz Fiaz Ahmed,https://play-lh.googleusercontent.com/a/ACg8ocLs9HWw-RQTLpkI9t_obmGC8vNedzXpijBl5GUHGKmdOPeCAQ=mo,fiazahmed,5,1,2026-07-08T15:04:48+00:00,Hi! Thanks for taking the time to share your feedback. Your support is greatly appreciated.,2026-07-08T15:20:11+00:00,45.7.3,2026-07-09T21:14:38.342700+00:00,phase2_cadence_runA_twice_daily_test_20260709_210858,"{""reviewId"": ""5c554156-cbb9-45e3-be54-d188b76c9920"", ""userName"": ""Fiaz Fiaz Ahmed"", ""userImage"": ""https://play-lh.googleusercontent.com/a/ACg8ocLs9HWw-RQTLpkI9t_obmGC8vNedzXpijBl5GUHGKmdOPeCAQ=mo"", ""content"": ""fiazahmed"", ""score"": 5, ""thumbsUpCount"": 1, ""reviewCreatedVersion"": ""45.7.3"", ""at"": ""2026-07-08T15:04:48+00:00"", ""replyContent"": ""Hi! Thanks for taking the time to share your feedback. Your support is greatly appreciated."", ""repliedAt"": ""2026-07-08T15:20:11+00:00"", ""appVersion"": ""45.7.3""}"
ade5cbad5d4a081f9258d6dd044b0b161af145055216b155f65bd928c96df4d2,google_play,com.zhiliaoapp.musically,TikTok,1c8a77c0-6ed5-407b-8b21-2c0b3083bec0,MD Moynul Islam Chowdhury,https://play-lh.googleusercontent.com/a/ACg8ocIRaz_DumyHgI188i1ehj0ZM3Ob8IGnEu5WiSNUzlp2MW8ncw=mo,tiktok tiktok,5,0,2026-07-08T06:37:59+00:00,Hi! Thanks for taking the time to share your feedback. Your support is greatly appreciated.,2026-07-08T07:00:13+00:00,45.7.3,2026-07-09T21:14:38.342700+00:00,phase2_cadence_runA_twice_daily_test_20260709_210858,"{""reviewId"": ""1c8a77c0-6ed5-407b-8b21-2c0b3083bec0"", ""userName"": ""MD Moynul Islam Chowdhury"", ""userImage"": ""https://play-lh.googleusercontent.com/a/ACg8ocIRaz_DumyHgI188i1ehj0ZM3Ob8IGnEu5WiSNUzlp2MW8ncw=mo"", ""content"": ""tiktok tiktok"", ""score"": 5, ""thumbsUpCount"": 0, ""reviewCreatedVersion"": ""45.7.3"", ""at"": ""2026-07-08T06:37:59+00:00"", ""replyContent"": ""Hi! Thanks for taking the time to share your feedback. Your support is greatly appreciated."", ""repliedAt"": ""2026-07-08T07:00:13+00:00"", ""appVersion"": ""45.7.3""}"
d9d7014ea6a7bf382762231897b1a830bc71a3e43af12239bb9f16efffab07f6,google_play,com.spotify.music,Spotify,04147d70-c892-4112-aee5-cbdbbf3fdd40,Moi Barracks,https://play-lh.googleusercontent.com/a/ACg8ocJKl9V7XZUDyWa0MGM9NE0keyhk0EGVqbPEvydr_la1are3KA=mo,good songs. It has every song you can think of,5,0,2026-07-08T16:03:51+00:00,,,9.1.2.1253,2026-07-09T21:14:41.032808+00:00,phase2_cadence_runA_twice_daily_test_20260709_210858,"{""reviewId"": ""04147d70-c892-4112-aee5-cbdbbf3fdd40"", ""userName"": ""Moi Barracks"", ""userImage"": ""https://play-lh.googleusercontent.com/a/ACg8ocJKl9V7XZUDyWa0MGM9NE0keyhk0EGVqbPEvydr_la1are3KA=mo"", ""content"": ""good songs. It has every song you can think of"", ""score"": 5, ""thumbsUpCount"": 0, ""reviewCreatedVersion"": ""9.1.2.1253"", ""at"": ""2026-07-08T16:03:51+00:00"", ""replyContent"": null, ""repliedAt"": null, ""appVersion"": ""9.1.2.1253""}"
341b4194dcc35e77da6e292d365f950c6d6b5f4e1b27ce5b204b449b53ef5bc0,google_play,com.instagram.android,Instagram,3c383bf5-33b7-4ad9-b714-ab7e47e8c20c,Sonu Mourya,https://play-lh.googleusercontent.com/a/ACg8ocKHW9pqZeyrhsBHo4zTdetXuNDvJ8hy8VGTJmvvkW6eU5x-Fw=mo,ist best,5,0,2026-07-08T15:00:03+00:00,,,436.0.0.41.73,2026-07-09T21:14:43.782074+00:00,phase2_cadence_runA_twice_daily_test_20260709_210858,"{""reviewId"": ""3c383bf5-33b7-4ad9-b714-ab7e47e8c20c"", ""userName"": ""Sonu Mourya"", ""userImage"": ""https://play-lh.googleusercontent.com/a/ACg8ocKHW9pqZeyrhsBHo4zTdetXuNDvJ8hy8VGTJmvvkW6eU5x-Fw=mo"", ""content"": ""ist best"", ""score"": 5, ""thumbsUpCount"": 0, ""reviewCreatedVersion"": ""436.0.0.41.73"", ""at"": ""2026-07-08T15:00:03+00:00"", ""replyContent"": null, ""repliedAt"": null, ""appVersion"": ""436.0.0.41.73""}"
42599a673d17b4e5cb603a3d7a9544c0cfe7bb8c10fdf2f89c76726534791de2,google_play,com.zhiliaoapp.musically,TikTok,47081a81-5aa7-4021-b2e1-4ec0f05bd42a,Shahid Afraid,https://play-lh.googleusercontent.com/a/ACg8ocLd5rKaBN_IBr-InjB-AYmo2SF2pcl2Hn-nBtMbdxEQ1CN4EA=mo,LIVE link on,5,1,2026-07-08T18:13:07+00:00,Hi! Thanks for taking the time to share your feedback. Your support is greatly appreciated.,2026-07-08T18:40:11+00:00,,2026-07-09T21:14:38.342700+00:00,phase2_cadence_runA_twice_daily_test_20260709_210858,"{""reviewId"": ""47081a81-5aa7-4021-b2e1-4ec0f05bd42a"", ""userName"": ""Shahid Afraid"", ""userImage"": ""https://play-lh.googleusercontent.com/a/ACg8ocLd5rKaBN_IBr-InjB-AYmo2SF2pcl2Hn-nBtMbdxEQ1CN4EA=mo"", ""content"": ""LIVE link on"", ""score"": 5, ""thumbsUpCount"": 1, ""reviewCreatedVersion"": null, ""at"": ""2026-07-08T18:13:07+00:00"", ""replyContent"": ""Hi! Thanks for taking the time to share your feedback. Your support is greatly appreciated."", ""repliedAt"": ""2026-07-08T18:40:11+00:00"", ""appVersion"": null}"
1b6425bffad7caf80545799fad256264f31abfb90b2911dbc1e6097b45b72b9c,google_play,com.zhiliaoapp.musically,TikTok,13dda646-49d6-4218-9d9a-145aaf876a3a,Aayusha Kala Thapa,https://play-lh.googleusercontent.com/a/ACg8ocIIe4rKCztjtMTVdTr9ouBOeYI3nBl1Mjq5KkSd3o0DngerkQ=mo,this app is best,4,1,2026-07-08T11:46:09+00:00,"Hi, thanks for your feedback!
We'll be sure to share your suggestion with our team for consideration. We appreciate your input, and we're always working to improve the TikTok experience!",2026-07-08T12:00:11+00:00,27.7.0,2026-07-09T21:14:38.342700+00:00,phase2_cadence_runA_twice_daily_test_20260709_210858,"{""reviewId"": ""13dda646-49d6-4218-9d9a-145aaf876a3a"", ""userName"": ""Aayusha Kala Thapa"", ""userImage"": ""https://play-lh.googleusercontent.com/a/ACg8ocIIe4rKCztjtMTVdTr9ouBOeYI3nBl1Mjq5KkSd3o0DngerkQ=mo"", ""content"": ""this app is best"", ""score"": 4, ""thumbsUpCount"": 1, ""reviewCreatedVersion"": ""27.7.0"", ""at"": ""2026-07-08T11:46:09+00:00"", ""replyContent"": ""Hi, thanks for your feedback!\nWe'll be sure to share your suggestion with our team for consideration. We appreciate your input, and we're always working to improve the TikTok experience!"", ""repliedAt"": ""2026-07-08T12:00:11+00:00"", ""appVersion"": ""27.7.0""}"
3dce0b12c483a04708df8e9f8ac7e22a73fdd986c058be52ce2933008fadb1ec,google_play,com.google.android.youtube,YouTube,454735ec-97cc-44a5-a43f-d5f20d4aa39b,Kunu Nayek,https://play-lh.googleusercontent.com/a/ACg8ocKZMgQhZZYuJRsTjQFvLv8jfKMSIBV1iTbvnPLbwtWTY_XWeA=mo,Rakesh,5,0,2026-07-08T13:20:09+00:00,,,17.34.35,2026-07-09T21:14:35.116668+00:00,phase2_cadence_runA_twice_daily_test_20260709_210858,"{""reviewId"": ""454735ec-97cc-44a5-a43f-d5f20d4aa39b"", ""userName"": ""Kunu Nayek"", ""userImage"": ""https://play-lh.googleusercontent.com/a/ACg8ocKZMgQhZZYuJRsTjQFvLv8jfKMSIBV1iTbvnPLbwtWTY_XWeA=mo"", ""content"": ""Rakesh"", ""score"": 5, ""thumbsUpCount"": 0, ""reviewCreatedVersion"": ""17.34.35"", ""at"": ""2026-07-08T13:20:09+00:00"", ""replyContent"": null, ""repliedAt"": null, ""appVersion"": ""17.34.35""}"
659e5c63d0639ca3c11fb7337000f205386570cbbcea6588a13a5732f50df48d,google_play,com.instagram.android,Instagram,dbf72e4d-8361-4469-9b62-822c82ead747,Divyank Sharma,https://play-lh.googleusercontent.com/a/ACg8ocLFUZrTYbwZ3NUeiSQH46uXp2RL-2Csgj-__zO3Dlqofk_-zQ=mo,app sweet hai acha app ✅✅✅✅,5,0,2026-07-08T12:53:29+00:00,,,436.0.0.41.73,2026-07-09T21:14:43.782074+00:00,phase2_cadence_runA_twice_daily_test_20260709_210858,"{""reviewId"": ""dbf72e4d-8361-4469-9b62-822c82ead747"", ""userName"": ""Divyank Sharma"", ""userImage"": ""https://play-lh.googleusercontent.com/a/ACg8ocLFUZrTYbwZ3NUeiSQH46uXp2RL-2Csgj-__zO3Dlqofk_-zQ=mo"", ""content"": ""app sweet hai acha app ✅✅✅✅"", ""score"": 5, ""thumbsUpCount"": 0, ""reviewCreatedVersion"": ""436.0.0.41.73"", ""at"": ""2026-07-08T12:53:29+00:00"", ""replyContent"": null, ""repliedAt"": null, ""appVersion"": ""436.0.0.41.73""}"
8b99adbc25b959e4984624f7005cdde8e9793c5533f3c608f08da07404076fcd,google_play,com.reddit.frontpage,Reddit,60a24191-d9a9-4dc8-b4bf-a59012f49370,Ahren S,https://play-lh.googleusercontent.com/a-/ALV-UjUDY3Esfm_f3yzeaU480gMDbgC_K4r4QmO3c33zti_bhiYTKarz,"Formerly 5 stars, recently annoying login bugs ongoing since october. Gameslop seeking attention on the left side. Some real atrocious ads. It's been better. Dropped it from 3 to 2 stars a year later. Got worse with age verify, more slop on the left, integrated ads.",2,3,2026-07-08T11:43:28+00:00,,,2026.27.0,2026-07-09T21:15:00.550939+00:00,phase2_cadence_runA_twice_daily_test_20260709_210858,"{""reviewId"": ""60a24191-d9a9-4dc8-b4bf-a59012f49370"", ""userName"": ""Ahren S"", ""userImage"": ""https://play-lh.googleusercontent.com/a-/ALV-UjUDY3Esfm_f3yzeaU480gMDbgC_K4r4QmO3c33zti_bhiYTKarz"", ""content"": ""Formerly 5 stars, recently annoying login bugs ongoing since october. Gameslop seeking attention on the left side. Some real atrocious ads. It's been better. Dropped it from 3 to 2 stars a year later. Got worse with age verify, more slop on the left, integrated ads."", ""score"": 2, ""thumbsUpCount"": 3, ""reviewCreatedVersion"": ""2026.27.0"", ""at"": ""2026-07-08T11:43:28+00:00"", ""replyContent"": null, ""repliedAt"": null, ""appVersion"": ""2026.27.0""}"
383e7c25f81b4bee8bbf7d3d63cf70bb323f38717ecbb285bb9393e628dd71a1,google_play,com.instagram.android,Instagram,0f841d27-9892-4fa3-b5cb-891f49c7cc5e,Swadhin Patra,https://play-lh.googleusercontent.com/a/ACg8ocIIiicEmt_2v46aNeoNfMnbzTrgHhe7153CptYcaFWMTq0vpQ=mo,"this app really scammed me, just because of I just found for something for home expenses shoping so this ap scammed me please don't click any of links on this app otherwise you will lost your money 😠😠😠",1,0,2026-07-08T17:15:07+00:00,,,434.0.0.44.74,2026-07-09T21:14:43.782074+00:00,phase2_cadence_runA_twice_daily_test_20260709_210858,"{""reviewId"": ""0f841d27-9892-4fa3-b5cb-891f49c7cc5e"", ""userName"": ""Swadhin Patra"", ""userImage"": ""https://play-lh.googleusercontent.com/a/ACg8ocIIiicEmt_2v46aNeoNfMnbzTrgHhe7153CptYcaFWMTq0vpQ=mo"", ""content"": ""this app really scammed me, just because of I just found for something for home expenses shoping so this ap scammed me please don't click any of links on this app otherwise you will lost your money 😠😠😠"", ""score"": 1, ""thumbsUpCount"": 0, ""reviewCreatedVersion"": ""434.0.0.44.74"", ""at"": ""2026-07-08T17:15:07+00:00"", ""replyContent"": null, ""repliedAt"": null, ""appVersion"": ""434.0.0.44.74""}"
f599397c381e2350e636fd6cb525ab08e503fe6a66fd27bbfd18466cbead30f8,google_play,com.zhiliaoapp.musically,TikTok,1f0fb5fc-675c-42b7-a2e3-a0e01c3bf8b3,hind aballagh,https://play-lh.googleusercontent.com/a-/ALV-UjWeG4QrvjUKKWyjJQVuJUlhhdy5Y7ez8ACbguYJ0uCIKjePbAI,tiktok is a good app ig but it glitches a lot my fyp randomly changes ect ect in general this app is good but it still needs many changes,3,0,2026-07-08T13:21:48+00:00,"Hi, thanks for your feedback!
We'll be sure to share your suggestion with our team for consideration. We appreciate your input, and we're always working to improve the TikTok experience!",2026-07-08T13:40:13+00:00,45.9.3,2026-07-09T21:14:38.342700+00:00,phase2_cadence_runA_twice_daily_test_20260709_210858,"{""reviewId"": ""1f0fb5fc-675c-42b7-a2e3-a0e01c3bf8b3"", ""userName"": ""hind aballagh"", ""userImage"": ""https://play-lh.googleusercontent.com/a-/ALV-UjWeG4QrvjUKKWyjJQVuJUlhhdy5Y7ez8ACbguYJ0uCIKjePbAI"", ""content"": ""tiktok is a good app ig but it glitches a lot my fyp randomly changes ect ect in general this app is good but it still needs many changes"", ""score"": 3, ""thumbsUpCount"": 0, ""reviewCreatedVersion"": ""45.9.3"", ""at"": ""2026-07-08T13:21:48+00:00"", ""replyContent"": ""Hi, thanks for your feedback!\nWe'll be sure to share your suggestion with our team for consideration. We appreciate your input, and we're always working to improve the TikTok experience!"", ""repliedAt"": ""2026-07-08T13:40:13+00:00"", ""appVersion"": ""45.9.3""}"
6575e4a35dac5a994785a166489762a2a00b78b971c3daef537f4f519121b3c0,google_play,com.instagram.android,Instagram,39491127-648e-49ce-a058-33ca458445fd,Another Country,https://play-lh.googleusercontent.com/a/ACg8ocL2c-Wnvig29n41IEl7b6aJoSyskF8cct79_KwojHG4W8ql-A=mo,This is a useless app Not a single girl likes me here. Shut this app down,1,0,2026-07-08T13:44:59+00:00,,,,2026-07-09T21:14:43.782074+00:00,phase2_cadence_runA_twice_daily_test_20260709_210858,"{""reviewId"": ""39491127-648e-49ce-a058-33ca458445fd"", ""userName"": ""Another Country"", ""userImage"": ""https://play-lh.googleusercontent.com/a/ACg8ocL2c-Wnvig29n41IEl7b6aJoSyskF8cct79_KwojHG4W8ql-A=mo"", ""content"": ""This is a useless app Not a single girl likes me here. Shut this app down"", ""score"": 1, ""thumbsUpCount"": 0, ""reviewCreatedVersion"": null, ""at"": ""2026-07-08T13:44:59+00:00"", ""replyContent"": null, ""repliedAt"": null, ""appVersion"": null}"
e7bc873fbe1dcf1b0f5798a9dfe6e19665f3c0180f77a49bb57ed75b2257621e,google_play,com.spotify.music,Spotify,ccecf33c-3d97-40a3-ad19-7511415695bb,Merissa Tracy Debnath,https://play-lh.googleusercontent.com/a/ACg8ocKnwq4a1bbRKcGxx1hHsw_jgomC3PeTZBL1jQAAduFgGEC7bGW9=mo,Spotify is removing all the features just to compel the listeners to go premium. I mean it's very disappointing . All I can say is that I personally recommend the listeners to go for Wynk or Jiosaavn where you can listen to HD quality music for free .🙃,1,87,2026-07-08T19:47:11+00:00,,,8.8.66.563,2026-07-09T21:14:41.032808+00:00,phase2_cadence_runA_twice_daily_test_20260709_210858,"{""reviewId"": ""ccecf33c-3d97-40a3-ad19-7511415695bb"", ""userName"": ""Merissa Tracy Debnath"", ""userImage"": ""https://play-lh.googleusercontent.com/a/ACg8ocKnwq4a1bbRKcGxx1hHsw_jgomC3PeTZBL1jQAAduFgGEC7bGW9=mo"", ""content"": ""Spotify is removing all the features just to compel the listeners to go premium. I mean it's very disappointing . All I can say is that I personally recommend the listeners to go for Wynk or Jiosaavn where you can listen to HD quality music for free .🙃"", ""score"": 1, ""thumbsUpCount"": 87, ""reviewCreatedVersion"": ""8.8.66.563"", ""at"": ""2026-07-08T19:47:11+00:00"", ""replyContent"": null, ""repliedAt"": null, ""appVersion"": ""8.8.66.563""}"
7b2c89dcff78d8cd6478e1f37bd1c90e45df7d223ae158fdbf17e77334b95b9c,google_play,com.google.android.youtube,YouTube,2a8463d5-fc36-41fb-a468-2e15f7c83c9d,Priya gopal,https://play-lh.googleusercontent.com/a/ACg8ocJdMG_1M3JEhz715M5T4eBYc0U0pyPl9oL8RFmX-0SprN0pTtw=mo,🤍,5,0,2026-07-08T15:00:32+00:00,,,21.26.364,2026-07-09T21:14:35.116668+00:00,phase2_cadence_runA_twice_daily_test_20260709_210858,"{""reviewId"": ""2a8463d5-fc36-41fb-a468-2e15f7c83c9d"", ""userName"": ""Priya gopal"", ""userImage"": ""https://play-lh.googleusercontent.com/a/ACg8ocJdMG_1M3JEhz715M5T4eBYc0U0pyPl9oL8RFmX-0SprN0pTtw=mo"", ""content"": ""🤍"", ""score"": 5, ""thumbsUpCount"": 0, ""reviewCreatedVersion"": ""21.26.364"", ""at"": ""2026-07-08T15:00:32+00:00"", ""replyContent"": null, ""repliedAt"": null, ""appVersion"": ""21.26.364""}"
2ed6db473d20348b39e54cbfe52ace1eecc92123ffa4acfbe01956ca3fc3ab50,google_play,com.google.android.youtube,YouTube,3cb70983-371b-42b4-9619-943d07b7b865,Mantu Raj,https://play-lh.googleusercontent.com/a-/ALV-UjXhhNnElEq2pDeyjDMbaet4riACcy5iEFECynASWqvBdyb_xSY,good 👍,5,0,2026-07-08T19:07:29+00:00,,,21.26.364,2026-07-09T21:14:35.116668+00:00,phase2_cadence_runA_twice_daily_test_20260709_210858,"{""reviewId"": ""3cb70983-371b-42b4-9619-943d07b7b865"", ""userName"": ""Mantu Raj"", ""userImage"": ""https://play-lh.googleusercontent.com/a-/ALV-UjXhhNnElEq2pDeyjDMbaet4riACcy5iEFECynASWqvBdyb_xSY"", ""content"": ""good 👍"", ""score"": 5, ""thumbsUpCount"": 0, ""reviewCreatedVersion"": ""21.26.364"", ""at"": ""2026-07-08T19:07:29+00:00"", ""replyContent"": null, ""repliedAt"": null, ""appVersion"": ""21.26.364""}"
4dc4f01c4674cee2615ac5754cb104e70490894f3a2178939be550307de841f7,google_play,com.zhiliaoapp.musically,TikTok,8833807f-ce9d-407d-bfe2-0de5ec54b2ad,Molebogeng Mokwena,https://play-lh.googleusercontent.com/a/ACg8ocIA_8oh-aJ6JNDhwOGQ3CR8QVAbQm_j6wAsqzhvdXoEF4VodQ=mo,nice work am happy,5,0,2026-07-08T19:25:54+00:00,Hi! Thanks for taking the time to share your feedback. Your support is greatly appreciated.,2026-07-08T19:40:13+00:00,,2026-07-09T21:14:38.342700+00:00,phase2_cadence_runA_twice_daily_test_20260709_210858,"{""reviewId"": ""8833807f-ce9d-407d-bfe2-0de5ec54b2ad"", ""userName"": ""Molebogeng Mokwena"", ""userImage"": ""https://play-lh.googleusercontent.com/a/ACg8ocIA_8oh-aJ6JNDhwOGQ3CR8QVAbQm_j6wAsqzhvdXoEF4VodQ=mo"", ""content"": ""nice work am happy"", ""score"": 5, ""thumbsUpCount"": 0, ""reviewCreatedVersion"": null, ""at"": ""2026-07-08T19:25:54+00:00"", ""replyContent"": ""Hi! Thanks for taking the time to share your feedback. Your support is greatly appreciated."", ""repliedAt"": ""2026-07-08T19:40:13+00:00"", ""appVersion"": null}"
5a870eda92cbbfb4056e2c12f9cd1a5feb86dba832a7605385aba70407d2f7c0,google_play,com.instagram.android,Instagram,36fed7b1-72b9-4adf-b700-4ffe72234101,Devendra Pratap Singh,https://play-lh.googleusercontent.com/a/ACg8ocLOL7XwepPlybf9rrI4RRPe8C8isDTgbWdP4XBw0-IP_pdgaQ=mo,very good app,5,0,2026-07-08T18:12:41+00:00,,,435.0.0.37.76,2026-07-09T21:14:43.782074+00:00,phase2_cadence_runA_twice_daily_test_20260709_210858,"{""reviewId"": ""36fed7b1-72b9-4adf-b700-4ffe72234101"", ""userName"": ""Devendra Pratap Singh"", ""userImage"": ""https://play-lh.googleusercontent.com/a/ACg8ocLOL7XwepPlybf9rrI4RRPe8C8isDTgbWdP4XBw0-IP_pdgaQ=mo"", ""content"": ""very good app"", ""score"": 5, ""thumbsUpCount"": 0, ""reviewCreatedVersion"": ""435.0.0.37.76"", ""at"": ""2026-07-08T18:12:41+00:00"", ""replyContent"": null, ""repliedAt"": null, ""appVersion"": ""435.0.0.37.76""}"
e10be2eb648363eaf7383bda15eadce4781b056ed629ec6c8bf12f95d8396fb7,google_play,com.spotify.music,Spotify,e47a2cb4-304f-42d3-80ca-7137496cae6d,Paridhi Kale,https://play-lh.googleusercontent.com/a/ACg8ocLG8B-5ZsZWbPjvSPaxIfS6TFb4_wnplmSy1tATYyCn0_n7vQ=mo,i download Spotify because of BTS!! and it's really good i love it sooooo much tooo good,5,0,2026-07-08T08:01:26+00:00,,,9.1.60.1970,2026-07-09T21:14:41.032808+00:00,phase2_cadence_runA_twice_daily_test_20260709_210858,"{""reviewId"": ""e47a2cb4-304f-42d3-80ca-7137496cae6d"", ""userName"": ""Paridhi Kale"", ""userImage"": ""https://play-lh.googleusercontent.com/a/ACg8ocLG8B-5ZsZWbPjvSPaxIfS6TFb4_wnplmSy1tATYyCn0_n7vQ=mo"", ""content"": ""i download Spotify because of BTS!! and it's really good i love it sooooo much tooo good"", ""score"": 5, ""thumbsUpCount"": 0, ""reviewCreatedVersion"": ""9.1.60.1970"", ""at"": ""2026-07-08T08:01:26+00:00"", ""replyContent"": null, ""repliedAt"": null, ""appVersion"": ""9.1.60.1970""}"
dfe4f8f5ce823337c29b16aebd50398f4ba7057e6f3d71374940099a5248b3f0,google_play,com.zhiliaoapp.musically,TikTok,399e78a9-7e43-408e-9945-fff08b7888d1,Aleena Khan,https://play-lh.googleusercontent.com/a/ACg8ocIDyr51E420Ig17pDVf2WUBHOo7xLEmXjtslwsmSJGp-yXNuQ=mo,Good app,5,0,2026-07-08T16:21:21+00:00,Hi! Thanks for taking the time to share your feedback. Your support is greatly appreciated.,2026-07-08T16:40:11+00:00,45.7.3,2026-07-09T21:14:38.342700+00:00,phase2_cadence_runA_twice_daily_test_20260709_210858,"{""reviewId"": ""399e78a9-7e43-408e-9945-fff08b7888d1"", ""userName"": ""Aleena Khan"", ""userImage"": ""https://play-lh.googleusercontent.com/a/ACg8ocIDyr51E420Ig17pDVf2WUBHOo7xLEmXjtslwsmSJGp-yXNuQ=mo"", ""content"": ""Good app"", ""score"": 5, ""thumbsUpCount"": 0, ""reviewCreatedVersion"": ""45.7.3"", ""at"": ""2026-07-08T16:21:21+00:00"", ""replyContent"": ""Hi! Thanks for taking the time to share your feedback. Your support is greatly appreciated."", ""repliedAt"": ""2026-07-08T16:40:11+00:00"", ""appVersion"": ""45.7.3""}"
