run_id,app_source_id,app_name,app_id,country,language,review_key,source_review_id,is_missing_review_id,user_name,rating,thumbs_up_count,review_created_at,app_version,developer_reply_content,developer_replied_at,raw_text,cleaned_text,raw_text_hash,cleaned_text_hash,raw_response_json
run5_day2_20260703_043957,1,YouTube,com.google.android.youtube,us,en,718acdc0a4a77b868dd0bba603894f607dfc8d8aa72e5c05a3c3bf8f8d453517,68c2c006-6204-4c98-9b57-fbca7bb48bf1,0,Tajmira Khatun,5,0,2026-07-02T04:39:56+00:00,21.26.364,,,nice,nice,e186022d0931afe9fe0690857e32f85e50165e7fbe0966d49609ef1981f920c6,e186022d0931afe9fe0690857e32f85e50165e7fbe0966d49609ef1981f920c6,"{""reviewId"": ""68c2c006-6204-4c98-9b57-fbca7bb48bf1"", ""userName"": ""Tajmira Khatun"", ""userImage"": ""https://play-lh.googleusercontent.com/a/ACg8ocKURVA5GP6UmsoYXVGN9NikJDG-N55kIw9M-1fIKNTTqvUbOQ=mo"", ""content"": ""nice"", ""score"": 5, ""thumbsUpCount"": 0, ""reviewCreatedVersion"": ""21.26.364"", ""at"": ""2026-07-02 04:39:56"", ""replyContent"": null, ""repliedAt"": null, ""appVersion"": ""21.26.364""}"
run5_day2_20260703_043957,1,YouTube,com.google.android.youtube,us,en,7d9bf002be306f81cb766aa01d0c05700b16494ea92c48e9b085a2859e563ed5,6caa6e3e-7187-499e-ac35-c7dd5487752e,0,Suman Kumar,5,0,2026-07-02T04:37:01+00:00,20.02.40,,,nice,nice,e186022d0931afe9fe0690857e32f85e50165e7fbe0966d49609ef1981f920c6,e186022d0931afe9fe0690857e32f85e50165e7fbe0966d49609ef1981f920c6,"{""reviewId"": ""6caa6e3e-7187-499e-ac35-c7dd5487752e"", ""userName"": ""Suman Kumar"", ""userImage"": ""https://play-lh.googleusercontent.com/a/ACg8ocIYA_MWyWC7ohYkCZe9aJ77MtxcFMpWuSmB5_jsZQLt4T5eWQ=mo"", ""content"": ""nice"", ""score"": 5, ""thumbsUpCount"": 0, ""reviewCreatedVersion"": ""20.02.40"", ""at"": ""2026-07-02 04:37:01"", ""replyContent"": null, ""repliedAt"": null, ""appVersion"": ""20.02.40""}"
run5_day2_20260703_043957,1,YouTube,com.google.android.youtube,us,en,16c5ec310ecef0aa9a4939feb662746f5303998561bb215e9b02abfbe90cf1a3,dae3ac43-2745-436f-a4b8-8767da925e40,0,"Mark C, Jr.",1,0,2026-07-02T04:36:38+00:00,21.12.524,,,i can only watch what i bought years ago on the app? lol yall are dumber than I thought.,i can only watch what i bought years ago on the app? lol yall are dumber than I thought.,ae6cfac10797c6e8ba0ed19ae3744ad346660e1e83e739be8ec57b5196807873,ae6cfac10797c6e8ba0ed19ae3744ad346660e1e83e739be8ec57b5196807873,"{""reviewId"": ""dae3ac43-2745-436f-a4b8-8767da925e40"", ""userName"": ""Mark C, Jr."", ""userImage"": ""https://play-lh.googleusercontent.com/a/ACg8ocK3RxAgnCIYJVXlWFaTVhE_wOaC2Fur6KWkzzwTTZhdk7lIVw=mo"", ""content"": ""i can only watch what i bought years ago on the app? lol yall are dumber than I thought."", ""score"": 1, ""thumbsUpCount"": 0, ""reviewCreatedVersion"": ""21.12.524"", ""at"": ""2026-07-02 04:36:38"", ""replyContent"": null, ""repliedAt"": null, ""appVersion"": ""21.12.524""}"
run5_day2_20260703_043957,1,YouTube,com.google.android.youtube,us,en,2c0f24ee709348ebdddbe1da6c0035540e5097216373502e1740d3b0ed6b3e96,7cea4af9-a46a-4ecf-9e62-8a5c27e817dc,0,Kaiser Ahmed,5,0,2026-07-02T04:36:35+00:00,20.26.40,,,good,good,770e607624d689265ca6c44884d0807d9b054d23c473c106c72be9de08b7376c,770e607624d689265ca6c44884d0807d9b054d23c473c106c72be9de08b7376c,"{""reviewId"": ""7cea4af9-a46a-4ecf-9e62-8a5c27e817dc"", ""userName"": ""Kaiser Ahmed"", ""userImage"": ""https://play-lh.googleusercontent.com/a-/ALV-UjWIHHhW8_fNvlKAlWOUtxzVd5qTzpgwe8ilaXrAEcHOqtBe7uQ"", ""content"": ""good"", ""score"": 5, ""thumbsUpCount"": 0, ""reviewCreatedVersion"": ""20.26.40"", ""at"": ""2026-07-02 04:36:35"", ""replyContent"": null, ""repliedAt"": null, ""appVersion"": ""20.26.40""}"
run5_day2_20260703_043957,1,YouTube,com.google.android.youtube,us,en,ed7ea54c7e554b3a9cb92d1dee38238848ecbfc40248a3897780e0f83c62d9c5,646b26d7-4931-4a52-b317-577c8d7592e0,0,Husani Shaik,5,0,2026-07-02T04:36:16+00:00,20.43.37,,,Good,Good,c939327ca16dcf97ca32521d8b834bf1de16573d21deda3bb2a337cf403787a6,c939327ca16dcf97ca32521d8b834bf1de16573d21deda3bb2a337cf403787a6,"{""reviewId"": ""646b26d7-4931-4a52-b317-577c8d7592e0"", ""userName"": ""Husani Shaik"", ""userImage"": ""https://play-lh.googleusercontent.com/a/ACg8ocKlwQ6VHoNSmg80dL2rxIABaJEcG8cXt-eyb_0qy53Q22V1dg=mo"", ""content"": ""Good"", ""score"": 5, ""thumbsUpCount"": 0, ""reviewCreatedVersion"": ""20.43.37"", ""at"": ""2026-07-02 04:36:16"", ""replyContent"": null, ""repliedAt"": null, ""appVersion"": ""20.43.37""}"
run5_day2_20260703_043957,1,YouTube,com.google.android.youtube,us,en,5a41a52d10277d4c50a0078d54c3329546de32cb133dbf462a7291dcb7ed8c4f,a00f8e0f-2d98-4de0-9e3d-6ac592601330,0,saurabh kala,1,0,2026-07-02T04:35:44+00:00,21.24.366,,,irritating long ads,irritating long ads,ffff6104641ce28e745aa73045601497120bc7b6cd2bc7262aefd819208f6c9c,ffff6104641ce28e745aa73045601497120bc7b6cd2bc7262aefd819208f6c9c,"{""reviewId"": ""a00f8e0f-2d98-4de0-9e3d-6ac592601330"", ""userName"": ""saurabh kala"", ""userImage"": ""https://play-lh.googleusercontent.com/a/ACg8ocImmFUh7sQEjXrlcVFIMqRN_C1OJ0gNVI8dVKpUqDH5_deZtw=mo"", ""content"": ""irritating long ads"", ""score"": 1, ""thumbsUpCount"": 0, ""reviewCreatedVersion"": ""21.24.366"", ""at"": ""2026-07-02 04:35:44"", ""replyContent"": null, ""repliedAt"": null, ""appVersion"": ""21.24.366""}"
run5_day2_20260703_043957,1,YouTube,com.google.android.youtube,us,en,8f05854df4ed8435842fabe313ad17d25e81312553c60915b3290f76ed56ba5f,d19038a2-98f2-44fc-a9f5-6b246b6662cb,0,David Calderon,5,0,2026-07-02T04:35:08+00:00,21.25.523,,,"this is a great app, only problem is I get caught up watching Chinese dudes spraying foam into something and three hours later wonder how did I just waste 3 hours here lol","this is a great app, only problem is I get caught up watching Chinese dudes spraying foam into something and three hours later wonder how did I just waste 3 hours here lol",c787e6a4e8e0237c7994b594e7facf2e4271c6f1aae9f113e54ff8acaa5e9bcf,c787e6a4e8e0237c7994b594e7facf2e4271c6f1aae9f113e54ff8acaa5e9bcf,"{""reviewId"": ""d19038a2-98f2-44fc-a9f5-6b246b6662cb"", ""userName"": ""David Calderon"", ""userImage"": ""https://play-lh.googleusercontent.com/a/ACg8ocKpDOoIkJK55aszo6C9XC0NJfz21usxWp4uze8EV4B6ZxBaVQ=mo"", ""content"": ""this is a great app, only problem is I get caught up watching Chinese dudes spraying foam into something and three hours later wonder how did I just waste 3 hours here lol"", ""score"": 5, ""thumbsUpCount"": 0, ""reviewCreatedVersion"": ""21.25.523"", ""at"": ""2026-07-02 04:35:08"", ""replyContent"": null, ""repliedAt"": null, ""appVersion"": ""21.25.523""}"
run5_day2_20260703_043957,1,YouTube,com.google.android.youtube,us,en,f8488d9d255780e03e2b14775690ea5d0b9f05f890ed25be078ebbb86985fcab,9926d292-2ff9-47f3-8c95-3671f43653e4,0,A Google user,2,0,2026-07-02T04:34:16+00:00,21.25.523,,,good,good,770e607624d689265ca6c44884d0807d9b054d23c473c106c72be9de08b7376c,770e607624d689265ca6c44884d0807d9b054d23c473c106c72be9de08b7376c,"{""reviewId"": ""9926d292-2ff9-47f3-8c95-3671f43653e4"", ""userName"": ""A Google user"", ""userImage"": ""https://play-lh.googleusercontent.com/EGemoI2NTXmTsBVtJqk8jxF9rh8ApRWfsIMQSt2uE4OcpQqbFu7f7NbTK05lx80nuSijCz7sc3a277R67g"", ""content"": ""good"", ""score"": 2, ""thumbsUpCount"": 0, ""reviewCreatedVersion"": ""21.25.523"", ""at"": ""2026-07-02 04:34:16"", ""replyContent"": null, ""repliedAt"": null, ""appVersion"": ""21.25.523""}"
run5_day2_20260703_043957,1,YouTube,com.google.android.youtube,us,en,6d142649da12df8ce5eceffa9c5f52cee0ffd373b34a03b49ba590eb693e7474,c3eeb1ab-58e3-4779-b6c3-adbaf5fd5c90,0,Rohit Kumar Shaky,1,0,2026-07-02T04:32:54+00:00,12.37.59,,,Rohit Shakya,Rohit Shakya,96cd5b11a69ae2480d31bea765317e2804d624c585ffba8baace8338f226555d,96cd5b11a69ae2480d31bea765317e2804d624c585ffba8baace8338f226555d,"{""reviewId"": ""c3eeb1ab-58e3-4779-b6c3-adbaf5fd5c90"", ""userName"": ""Rohit Kumar Shaky"", ""userImage"": ""https://play-lh.googleusercontent.com/a/ACg8ocKSCoKCfQBFRNF_9FI2ncU1nStNDjQXcGZ1KooHPelStv5RbQ=mo"", ""content"": ""Rohit Shakya"", ""score"": 1, ""thumbsUpCount"": 0, ""reviewCreatedVersion"": ""12.37.59"", ""at"": ""2026-07-02 04:32:54"", ""replyContent"": null, ""repliedAt"": null, ""appVersion"": ""12.37.59""}"
run5_day2_20260703_043957,1,YouTube,com.google.android.youtube,us,en,dfb954a9f8947d9a822f1978f9bb7d64df9056fdd362256935186eeef40756ad,a1fcc08b-e195-4e36-93b3-0db9112f77ab,0,Pooja Taak,5,0,2026-07-02T04:32:42+00:00,21.25.523,,,Ok,Ok,843ac01149cced785dfebd0028d3b03ba78e286e1c6f9517ebfcdb609d97af4c,843ac01149cced785dfebd0028d3b03ba78e286e1c6f9517ebfcdb609d97af4c,"{""reviewId"": ""a1fcc08b-e195-4e36-93b3-0db9112f77ab"", ""userName"": ""Pooja Taak"", ""userImage"": ""https://play-lh.googleusercontent.com/a/ACg8ocLDjFm4wus-YU6oHTQ9seelL0r0nR5_t1cmikIdS1N1_nLqaA=mo"", ""content"": ""Ok"", ""score"": 5, ""thumbsUpCount"": 0, ""reviewCreatedVersion"": ""21.25.523"", ""at"": ""2026-07-02 04:32:42"", ""replyContent"": null, ""repliedAt"": null, ""appVersion"": ""21.25.523""}"
run5_day2_20260703_043957,1,YouTube,com.google.android.youtube,us,en,dbc11c932e8eede2abac34ea0d743ab91072f6283679e003d9deba493f3a12a7,beb35d17-7cb1-45a0-ae2c-2762ca2499e3,0,Haris Baba,1,1,2026-07-02T04:30:53+00:00,11.19.56,,,Wow,Wow,3deccf6826ef78994f099ec321f883527e8218301605e66114268e769d1df61e,3deccf6826ef78994f099ec321f883527e8218301605e66114268e769d1df61e,"{""reviewId"": ""beb35d17-7cb1-45a0-ae2c-2762ca2499e3"", ""userName"": ""Haris Baba"", ""userImage"": ""https://play-lh.googleusercontent.com/a/ACg8ocJ0I9BBvgBJRezGzGkfv9lxK-srBJla-cUZ0-SdeTRG0BgrzQ=mo"", ""content"": ""Wow"", ""score"": 1, ""thumbsUpCount"": 1, ""reviewCreatedVersion"": ""11.19.56"", ""at"": ""2026-07-02 04:30:53"", ""replyContent"": null, ""repliedAt"": null, ""appVersion"": ""11.19.56""}"
run5_day2_20260703_043957,1,YouTube,com.google.android.youtube,us,en,f1f76f097bebd83355299c18606e9601557db5d0162c21c52989356317d9a463,18bdda22-56c6-4d8e-b5b2-2dbcb0cba399,0,Deepak Deepak,5,0,2026-07-02T04:29:36+00:00,13.07.55,,,good,good,770e607624d689265ca6c44884d0807d9b054d23c473c106c72be9de08b7376c,770e607624d689265ca6c44884d0807d9b054d23c473c106c72be9de08b7376c,"{""reviewId"": ""18bdda22-56c6-4d8e-b5b2-2dbcb0cba399"", ""userName"": ""Deepak Deepak"", ""userImage"": ""https://play-lh.googleusercontent.com/a/ACg8ocIysURH2tOOqd2O1eQ-SIhOBqnHJ7mfrAH3kN1crtaxAPP3NA=mo"", ""content"": ""good"", ""score"": 5, ""thumbsUpCount"": 0, ""reviewCreatedVersion"": ""13.07.55"", ""at"": ""2026-07-02 04:29:36"", ""replyContent"": null, ""repliedAt"": null, ""appVersion"": ""13.07.55""}"
run5_day2_20260703_043957,1,YouTube,com.google.android.youtube,us,en,fec7e2ddfd271badc4063705d74df24ea543fc1e3ab9bbf922cfa76aaccd2f97,c68994a2-033c-4676-9082-7184291d6735,0,Taurus Call,5,0,2026-07-02T04:29:23+00:00,21.26.364,,,YouTube bahut achi app hai,YouTube bahut achi app hai,faa247b93cccbc455e6d260cad646540160662e5a6e624a9923033376bf8795b,faa247b93cccbc455e6d260cad646540160662e5a6e624a9923033376bf8795b,"{""reviewId"": ""c68994a2-033c-4676-9082-7184291d6735"", ""userName"": ""Taurus Call"", ""userImage"": ""https://play-lh.googleusercontent.com/a/ACg8ocLptP90z92mN6u9QwXoFqY3cKufFTvwtXODdHvyaDT-CH-YKA=mo"", ""content"": ""YouTube bahut achi app hai"", ""score"": 5, ""thumbsUpCount"": 0, ""reviewCreatedVersion"": ""21.26.364"", ""at"": ""2026-07-02 04:29:23"", ""replyContent"": null, ""repliedAt"": null, ""appVersion"": ""21.26.364""}"
run5_day2_20260703_043957,1,YouTube,com.google.android.youtube,us,en,cec6799d76676147b28944ac203dd55467fa48ded7848b3c33325670359e72c1,0d30db1a-65d8-468f-8613-661f5c5e2937,0,Abdullahi Sunusi sk,4,0,2026-07-02T04:28:43+00:00,20.37.45,,,very interested,very interested,7aae0b54547d891115c3f61dca1f86fac38f1c2d4ab1a127f6de4c5295b74e82,7aae0b54547d891115c3f61dca1f86fac38f1c2d4ab1a127f6de4c5295b74e82,"{""reviewId"": ""0d30db1a-65d8-468f-8613-661f5c5e2937"", ""userName"": ""Abdullahi Sunusi sk"", ""userImage"": ""https://play-lh.googleusercontent.com/a-/ALV-UjW2GIyDznS7fYF5dYHxVh6BdTpuhCDYGbTASlXncFBFp_iHwTd7pw"", ""content"": ""very interested"", ""score"": 4, ""thumbsUpCount"": 0, ""reviewCreatedVersion"": ""20.37.45"", ""at"": ""2026-07-02 04:28:43"", ""replyContent"": null, ""repliedAt"": null, ""appVersion"": ""20.37.45""}"
run5_day2_20260703_043957,1,YouTube,com.google.android.youtube,us,en,d6e56199879fc9d35e44d5cdc7b3b5c0747a07e25f48b28979e0f26d9e126cd7,bd396f50-1d96-422a-929c-e1e4027dc2f9,0,Sahas Udara,5,0,2026-07-02T04:27:10+00:00,21.25.523,,,Good,Good,c939327ca16dcf97ca32521d8b834bf1de16573d21deda3bb2a337cf403787a6,c939327ca16dcf97ca32521d8b834bf1de16573d21deda3bb2a337cf403787a6,"{""reviewId"": ""bd396f50-1d96-422a-929c-e1e4027dc2f9"", ""userName"": ""Sahas Udara"", ""userImage"": ""https://play-lh.googleusercontent.com/a/ACg8ocIzUjy6ZWn1SIpsN4cbK1TA5dZ0C_J6bwzuN6JAicTSBs1tiQ=mo"", ""content"": ""Good"", ""score"": 5, ""thumbsUpCount"": 0, ""reviewCreatedVersion"": ""21.25.523"", ""at"": ""2026-07-02 04:27:10"", ""replyContent"": null, ""repliedAt"": null, ""appVersion"": ""21.25.523""}"
run5_day2_20260703_043957,1,YouTube,com.google.android.youtube,us,en,d215d138fa1009d3469640c44a820c1d6a684ffaa4e541fa079e33478318eb64,b2a833df-867d-4ddb-8fb6-256456fa5018,0,Sarthak Shinde,4,0,2026-07-02T04:25:39+00:00,21.23.483,,,good but too many ad's,good but too many ad's,493c22207cb86707e8a82a4a99709628512fb609024b26f87c6757d8585604f7,493c22207cb86707e8a82a4a99709628512fb609024b26f87c6757d8585604f7,"{""reviewId"": ""b2a833df-867d-4ddb-8fb6-256456fa5018"", ""userName"": ""Sarthak Shinde"", ""userImage"": ""https://play-lh.googleusercontent.com/a-/ALV-UjUxi7hqzxRjhT61RsepfnmHKQ0QzmuqMzDxNytF_7tTh4bVBffb"", ""content"": ""good but too many ad's"", ""score"": 4, ""thumbsUpCount"": 0, ""reviewCreatedVersion"": ""21.23.483"", ""at"": ""2026-07-02 04:25:39"", ""replyContent"": null, ""repliedAt"": null, ""appVersion"": ""21.23.483""}"
run5_day2_20260703_043957,1,YouTube,com.google.android.youtube,us,en,56dcd1e2c85c5b0a204bb8f9fbe990560b8eb08d1bb937334dddc49261bc33ab,0dc2f035-0ba2-4abd-966e-74255b210a9a,0,Akhiles Yadav,5,0,2026-07-02T04:24:42+00:00,21.25.523,,,Very good,Very good,06a2935e6f57d4494a9017393d4f3b5a7a3d4df4e26b25f853b27b6ae1d6f821,06a2935e6f57d4494a9017393d4f3b5a7a3d4df4e26b25f853b27b6ae1d6f821,"{""reviewId"": ""0dc2f035-0ba2-4abd-966e-74255b210a9a"", ""userName"": ""Akhiles Yadav"", ""userImage"": ""https://play-lh.googleusercontent.com/a-/ALV-UjWo7UWappx6As1J2SbfFJJLplWMMaQ3qBjeQB7jjsSZKM9kMirK"", ""content"": ""Very good"", ""score"": 5, ""thumbsUpCount"": 0, ""reviewCreatedVersion"": ""21.25.523"", ""at"": ""2026-07-02 04:24:42"", ""replyContent"": null, ""repliedAt"": null, ""appVersion"": ""21.25.523""}"
run5_day2_20260703_043957,1,YouTube,com.google.android.youtube,us,en,e103b60b7dd36398a1d6bfdfb8c8913bbead50831c9fe762b5bbbb9333269e44,cc294435-1257-4963-a68d-5df15d6c0ab5,0,Alberto Ayala,5,0,2026-07-02T04:22:59+00:00,21.26.364,,,la mejor apicacino,la mejor apicacino,f6ebf0485a638fa465ff5e01f5075f569bca38063eef1c1757524207265716c9,f6ebf0485a638fa465ff5e01f5075f569bca38063eef1c1757524207265716c9,"{""reviewId"": ""cc294435-1257-4963-a68d-5df15d6c0ab5"", ""userName"": ""Alberto Ayala"", ""userImage"": ""https://play-lh.googleusercontent.com/a/ACg8ocK1mWJpmqn3ik7TXyRoPGc7Qz9OsPKHFnzvPIV_EX43YOAcXg=mo"", ""content"": ""la mejor apicacino"", ""score"": 5, ""thumbsUpCount"": 0, ""reviewCreatedVersion"": ""21.26.364"", ""at"": ""2026-07-02 04:22:59"", ""replyContent"": null, ""repliedAt"": null, ""appVersion"": ""21.26.364""}"
run5_day2_20260703_043957,1,YouTube,com.google.android.youtube,us,en,bc52915c55efb8dd90e6f00e678b47f4bf40b21a58f5a8ad50ca9a4b191a796b,ebb501bf-c2a0-471e-b39f-d7a24cf5b404,0,Gravity,1,0,2026-07-02T04:22:33+00:00,21.26.364,,,worst update ever.,worst update ever.,15aa543603f6871e7e8bf5c8ea1a1b362d9b8277f0ea9d31528a4f2f61f70223,15aa543603f6871e7e8bf5c8ea1a1b362d9b8277f0ea9d31528a4f2f61f70223,"{""reviewId"": ""ebb501bf-c2a0-471e-b39f-d7a24cf5b404"", ""userName"": ""Gravity"", ""userImage"": ""https://play-lh.googleusercontent.com/a/ACg8ocKJfzd6DPwgF-KMlCq7GI2YUMRjsKDOSEJdm0vy_IUlcsaBgg=mo"", ""content"": ""worst update ever."", ""score"": 1, ""thumbsUpCount"": 0, ""reviewCreatedVersion"": ""21.26.364"", ""at"": ""2026-07-02 04:22:33"", ""replyContent"": null, ""repliedAt"": null, ""appVersion"": ""21.26.364""}"
run5_day2_20260703_043957,1,YouTube,com.google.android.youtube,us,en,417a4d89178c9b621dad9dd42fa997bcaed5a1dff0f5ec208950f74b2ac5fa71,f918aeb6-e2a6-473d-ad68-d147c0909240,0,Juned Shaikh,5,0,2026-07-02T04:22:05+00:00,16.06.34,,,Nice 👏,Nice 👏,9d41a25382e5ee354f75395d33aa3f9b8b16bc629040d94f0421b9a891d88131,9d41a25382e5ee354f75395d33aa3f9b8b16bc629040d94f0421b9a891d88131,"{""reviewId"": ""f918aeb6-e2a6-473d-ad68-d147c0909240"", ""userName"": ""Juned Shaikh"", ""userImage"": ""https://play-lh.googleusercontent.com/a/ACg8ocId094hZllumzBI7PvIF59cPWEHYrktbE-Vziv41qnuB5v8uw=mo"", ""content"": ""Nice 👏"", ""score"": 5, ""thumbsUpCount"": 0, ""reviewCreatedVersion"": ""16.06.34"", ""at"": ""2026-07-02 04:22:05"", ""replyContent"": null, ""repliedAt"": null, ""appVersion"": ""16.06.34""}"
run5_day2_20260703_043957,1,YouTube,com.google.android.youtube,us,en,ab4c4329e65119b737ac2525d41b554997e9df297a53fde9d8e2eb4804b695f0,63de82bb-40aa-4cdb-b1b7-5adaae00a80d,0,Stephen McKenzie,4,0,2026-07-02T04:21:03+00:00,21.26.364,,,"what happened to the 👎 button? it has disappeared, BEFORE I updated the app, and is still gone AFTER I updated.. bring it back, please 🙏","what happened to the 👎 button? it has disappeared, BEFORE I updated the app, and is still gone AFTER I updated.. bring it back, please 🙏",7ffc37ce0846d23edef974b4aded2cb112c5226f04e3684ace275278d24e48b2,7ffc37ce0846d23edef974b4aded2cb112c5226f04e3684ace275278d24e48b2,"{""reviewId"": ""63de82bb-40aa-4cdb-b1b7-5adaae00a80d"", ""userName"": ""Stephen McKenzie"", ""userImage"": ""https://play-lh.googleusercontent.com/a/ACg8ocLyLGZjnQY5Z5g1mt4OHJTxqETb2OEjB5OD29l8rq_19BMNcg=mo"", ""content"": ""what happened to the 👎 button? it has disappeared, BEFORE I updated the app, and is still gone AFTER I updated.. bring it back, please 🙏"", ""score"": 4, ""thumbsUpCount"": 0, ""reviewCreatedVersion"": ""21.26.364"", ""at"": ""2026-07-02 04:21:03"", ""replyContent"": null, ""repliedAt"": null, ""appVersion"": ""21.26.364""}"
run5_day2_20260703_043957,1,YouTube,com.google.android.youtube,us,en,2b15437765303ed612df40e5ffec9b547ce405fc3ba3a2d8c344b430a74e3a6a,2fa3141f-bad9-411f-9e2e-4435b24b685f,0,Crizaldy Reyes delarosa,5,0,2026-07-02T04:20:32+00:00,21.23.489,,,good,good,770e607624d689265ca6c44884d0807d9b054d23c473c106c72be9de08b7376c,770e607624d689265ca6c44884d0807d9b054d23c473c106c72be9de08b7376c,"{""reviewId"": ""2fa3141f-bad9-411f-9e2e-4435b24b685f"", ""userName"": ""Crizaldy Reyes delarosa"", ""userImage"": ""https://play-lh.googleusercontent.com/a/ACg8ocI4SRjfJtHlZl0UiAZNGg39Hcw9ogSU7XMmrXtvNHN4m0b5UfE=mo"", ""content"": ""good"", ""score"": 5, ""thumbsUpCount"": 0, ""reviewCreatedVersion"": ""21.23.489"", ""at"": ""2026-07-02 04:20:32"", ""replyContent"": null, ""repliedAt"": null, ""appVersion"": ""21.23.489""}"
run5_day2_20260703_043957,1,YouTube,com.google.android.youtube,us,en,8fb14446bb74466bfa0bda790445e1ce9e662486d891bbcf7b4431169fa2fb99,c61ca4e5-810d-487d-90b3-b91b1e2a5c84,0,P P,1,2,2026-07-02T04:19:33+00:00,21.25.523,,,I'd give zero stars if it was possible for removing the dislike feature. 👎🏽👎🏽👎🏽,I'd give zero stars if it was possible for removing the dislike feature. 👎🏽👎🏽👎🏽,0787a2e7897de08bff3f007f4e34550f3b081064c21893a4baf980b15fb8fd99,0787a2e7897de08bff3f007f4e34550f3b081064c21893a4baf980b15fb8fd99,"{""reviewId"": ""c61ca4e5-810d-487d-90b3-b91b1e2a5c84"", ""userName"": ""P P"", ""userImage"": ""https://play-lh.googleusercontent.com/a-/ALV-UjUHgIY_AfgGcfis07-3Z53usjFCBjYYyMCP39KZxOTGSfoGmmR3"", ""content"": ""I'd give zero stars if it was possible for removing the dislike feature. 👎🏽👎🏽👎🏽"", ""score"": 1, ""thumbsUpCount"": 2, ""reviewCreatedVersion"": ""21.25.523"", ""at"": ""2026-07-02 04:19:33"", ""replyContent"": null, ""repliedAt"": null, ""appVersion"": ""21.25.523""}"
run5_day2_20260703_043957,1,YouTube,com.google.android.youtube,us,en,783750a3cbc2859003f35c927a0ee09f015f6237e510c53fa32ad107cf72654b,771778eb-6615-43a3-9cd6-c470e2a84206,0,hamza khan,5,0,2026-07-02T04:17:10+00:00,21.23.483,,,good,good,770e607624d689265ca6c44884d0807d9b054d23c473c106c72be9de08b7376c,770e607624d689265ca6c44884d0807d9b054d23c473c106c72be9de08b7376c,"{""reviewId"": ""771778eb-6615-43a3-9cd6-c470e2a84206"", ""userName"": ""hamza khan"", ""userImage"": ""https://play-lh.googleusercontent.com/a-/ALV-UjWb1O56BuGSgeNCuOVKU5dZ4hRqQlyfS8jF5cI5F9oidXpymCLn"", ""content"": ""good"", ""score"": 5, ""thumbsUpCount"": 0, ""reviewCreatedVersion"": ""21.23.483"", ""at"": ""2026-07-02 04:17:10"", ""replyContent"": null, ""repliedAt"": null, ""appVersion"": ""21.23.483""}"
run5_day2_20260703_043957,1,YouTube,com.google.android.youtube,us,en,920f2217ffbe7b27ab035229436ab107c7e67b2e2e206d6114d5661480bd1463,a0c643bd-0682-4d9d-bc03-6e1fc5895487,0,munch bottle,1,2,2026-07-02T04:14:37+00:00,21.19.286,,,"you do realise that removing dislike button is going to frustrate people more? and they will do more harmful to the creator things like leaving mean comments and making ""callout"" videos? bring back the dislike button, and how many number of dislikes. you think dumb","you do realise that removing dislike button is going to frustrate people more? and they will do more harmful to the creator things like leaving mean comments and making ""callout"" videos? bring back the dislike button, and how many number of dislikes. you think dumb",309b6ec262246d7eb3d7655c028f702254d02cba53e549d6e6458272f1ab9777,309b6ec262246d7eb3d7655c028f702254d02cba53e549d6e6458272f1ab9777,"{""reviewId"": ""a0c643bd-0682-4d9d-bc03-6e1fc5895487"", ""userName"": ""munch bottle"", ""userImage"": ""https://play-lh.googleusercontent.com/a/ACg8ocJcfJpQtvi7_cMmiz9koFjbAmfLGGeKwyqC29rK_K5iNsDErA=mo"", ""content"": ""you do realise that removing dislike button is going to frustrate people more? and they will do more harmful to the creator things like leaving mean comments and making \""callout\"" videos? bring back the dislike button, and how many number of dislikes. you think dumb"", ""score"": 1, ""thumbsUpCount"": 2, ""reviewCreatedVersion"": ""21.19.286"", ""at"": ""2026-07-02 04:14:37"", ""replyContent"": null, ""repliedAt"": null, ""appVersion"": ""21.19.286""}"
run5_day2_20260703_043957,1,YouTube,com.google.android.youtube,us,en,5e975828f9672db63bf8dad583d35bef9ea875440c5dcea4a040b80122e7ea33,e2349c5e-b3ca-4653-b6a9-e74e5b1d3827,0,Rafiq Gujar,5,0,2026-07-02T04:14:33+00:00,12.37.59,,,Rafjq Gujar,Rafjq Gujar,c4d35cdc0e683f7d556c9466af7e4840b613d3b4adada5ab4117b75e696f9927,c4d35cdc0e683f7d556c9466af7e4840b613d3b4adada5ab4117b75e696f9927,"{""reviewId"": ""e2349c5e-b3ca-4653-b6a9-e74e5b1d3827"", ""userName"": ""Rafiq Gujar"", ""userImage"": ""https://play-lh.googleusercontent.com/a/ACg8ocLhzkGFZn5470H86Hri4UIrG6kwWHp2lgnY4hi40Yxtp34PIQ=mo"", ""content"": ""Rafjq Gujar"", ""score"": 5, ""thumbsUpCount"": 0, ""reviewCreatedVersion"": ""12.37.59"", ""at"": ""2026-07-02 04:14:33"", ""replyContent"": null, ""repliedAt"": null, ""appVersion"": ""12.37.59""}"
run5_day2_20260703_043957,1,YouTube,com.google.android.youtube,us,en,f8f2992b26428ab7299c98a54ac5a8701592eaee9c8229c4b96224cc95ec3285,323ae360-8d51-44a3-b59c-a9d03aad9257,0,Big А,1,0,2026-07-02T04:13:11+00:00,21.26.364,,,уберите громкий звук при старте записи шортса. мой недорогой телефон его не обрезает🤦,уберите громкий звук при старте записи шортса. мой недорогой телефон его не обрезает🤦,07abf1f788921ed7368cf7aa89324af91ea53a9059348f3afb3445322d16a238,07abf1f788921ed7368cf7aa89324af91ea53a9059348f3afb3445322d16a238,"{""reviewId"": ""323ae360-8d51-44a3-b59c-a9d03aad9257"", ""userName"": ""Big А"", ""userImage"": ""https://play-lh.googleusercontent.com/a/ACg8ocIP1czow4tVPVdFSVgGI3QuswaPVKBwXI-vsAFsXJSyTH7KhQ=mo"", ""content"": ""уберите громкий звук при старте записи шортса. мой недорогой телефон его не обрезает🤦"", ""score"": 1, ""thumbsUpCount"": 0, ""reviewCreatedVersion"": ""21.26.364"", ""at"": ""2026-07-02 04:13:11"", ""replyContent"": null, ""repliedAt"": null, ""appVersion"": ""21.26.364""}"
run5_day2_20260703_043957,1,YouTube,com.google.android.youtube,us,en,441e2dd836d811a43ea53be998bdd9aedb21f9cd7f0d085b66f5f26fddaa55ab,95aeb219-3190-4dbb-ac83-7d6460ec8af4,0,Caroline Augustin,1,0,2026-07-02T04:12:04+00:00,21.23.483,,,too many ads!!!!!!!! it feels like I'm getting an ad every 4 minutes,too many ads!!!!!!!! it feels like I'm getting an ad every 4 minutes,4911e01deae09afe03957f0a17f6fbe8fc71e9dc25edbc6b54eac6ee93bfc673,4911e01deae09afe03957f0a17f6fbe8fc71e9dc25edbc6b54eac6ee93bfc673,"{""reviewId"": ""95aeb219-3190-4dbb-ac83-7d6460ec8af4"", ""userName"": ""Caroline Augustin"", ""userImage"": ""https://play-lh.googleusercontent.com/a/ACg8ocIZpowobQmPH2I55Ar0nu7CHFx1ovFOMGkoGHjWhEsgvwkYIg=mo"", ""content"": ""too many ads!!!!!!!! it feels like I'm getting an ad every 4 minutes"", ""score"": 1, ""thumbsUpCount"": 0, ""reviewCreatedVersion"": ""21.23.483"", ""at"": ""2026-07-02 04:12:04"", ""replyContent"": null, ""repliedAt"": null, ""appVersion"": ""21.23.483""}"
run5_day2_20260703_043957,1,YouTube,com.google.android.youtube,us,en,aad7f03aea62744950b8a92fc3b12c4638718c4ffb49e989cb39210dfc041642,a0e1a4cc-cd96-40b7-ae77-d7f5bdfeed03,0,Fluke Horizon,1,3,2026-07-02T04:09:54+00:00,21.25.529,,,getting a little silly with ads,getting a little silly with ads,a7af4076ede9df6c4a5d4836cafeaeb4a06cb65a5825b324f546db6c8689fdc4,a7af4076ede9df6c4a5d4836cafeaeb4a06cb65a5825b324f546db6c8689fdc4,"{""reviewId"": ""a0e1a4cc-cd96-40b7-ae77-d7f5bdfeed03"", ""userName"": ""Fluke Horizon"", ""userImage"": ""https://play-lh.googleusercontent.com/a-/ALV-UjUaNzZ2vYNMrdTYrbpqjYwmPV9r_-WulFkXZaDD6Wez8tBSQSM"", ""content"": ""getting a little silly with ads"", ""score"": 1, ""thumbsUpCount"": 3, ""reviewCreatedVersion"": ""21.25.529"", ""at"": ""2026-07-02 04:09:54"", ""replyContent"": null, ""repliedAt"": null, ""appVersion"": ""21.25.529""}"
run5_day2_20260703_043957,1,YouTube,com.google.android.youtube,us,en,29531d10ba24008536732663e82cad3e13e58cbbf92a1a579b6cc80936614a5c,4c13ff96-6182-4d8b-8061-1fe7b3014891,0,Pushpa,5,1,2026-07-02T04:06:52+00:00,17.11.34,,,superb,superb,0178fa91fd0fe5bdd059ffecf865aed15fd1a94904f46f311c1047c21663fe2c,0178fa91fd0fe5bdd059ffecf865aed15fd1a94904f46f311c1047c21663fe2c,"{""reviewId"": ""4c13ff96-6182-4d8b-8061-1fe7b3014891"", ""userName"": ""Pushpa"", ""userImage"": ""https://play-lh.googleusercontent.com/a/ACg8ocLOr8PUV5fyY1xrbq09gtZRancEnvMWeOa5u-Sf5mIZDBksRw=mo"", ""content"": ""superb"", ""score"": 5, ""thumbsUpCount"": 1, ""reviewCreatedVersion"": ""17.11.34"", ""at"": ""2026-07-02 04:06:52"", ""replyContent"": null, ""repliedAt"": null, ""appVersion"": ""17.11.34""}"
run5_day2_20260703_043957,1,YouTube,com.google.android.youtube,us,en,27420822f1a0d05ca703e3f724aa569b7b8f7fb842818a35ea579409273541d3,92b44348-819c-4dd4-b91d-513f74b70b35,0,John Francis,1,0,2026-07-02T04:06:14+00:00,21.26.364,,,Why are you recommending videos I've already watched? You need to add a command for those that pay for this product to manage their viewing preferences. What is YouTube's CX leader going to do about this?,Why are you recommending videos I've already watched? You need to add a command for those that pay for this product to manage their viewing preferences. What is YouTube's CX leader going to do about this?,84210d9aa201f9e63f8f1cf9530c2b948e99c2e98232aec53983b914ef15dd4e,84210d9aa201f9e63f8f1cf9530c2b948e99c2e98232aec53983b914ef15dd4e,"{""reviewId"": ""92b44348-819c-4dd4-b91d-513f74b70b35"", ""userName"": ""John Francis"", ""userImage"": ""https://play-lh.googleusercontent.com/a-/ALV-UjX07NlXai00GbdkHCgekTyAdAjz8WHcw_UBX3wLVQ7V7-N0pmhi"", ""content"": ""Why are you recommending videos I've already watched? You need to add a command for those that pay for this product to manage their viewing preferences. What is YouTube's CX leader going to do about this?"", ""score"": 1, ""thumbsUpCount"": 0, ""reviewCreatedVersion"": ""21.26.364"", ""at"": ""2026-07-02 04:06:14"", ""replyContent"": null, ""repliedAt"": null, ""appVersion"": ""21.26.364""}"
run5_day2_20260703_043957,1,YouTube,com.google.android.youtube,us,en,88bccb9c8ec81e2b3f46fbb914e665c9bb6b6faa5c2fcccea4bf79641aed830c,f8d97275-3cd0-4856-aa90-df874bae0d72,0,All Music,5,0,2026-07-02T04:05:23+00:00,21.25.530,,,@SMWEDIT-295 MY CHANNEL HAI ESPER VIEW NAHI AA RAHE HAI,@SMWEDIT-295 MY CHANNEL HAI ESPER VIEW NAHI AA RAHE HAI,d0b74af11c4d03b6adea060f66ce2c9261e03220ff2b512c58296892c8434b48,d0b74af11c4d03b6adea060f66ce2c9261e03220ff2b512c58296892c8434b48,"{""reviewId"": ""f8d97275-3cd0-4856-aa90-df874bae0d72"", ""userName"": ""All Music"", ""userImage"": ""https://play-lh.googleusercontent.com/a/ACg8ocIhn27_9bTNpFigwCbJxFeLcCpgRWFG9BOMY2WsTGC4aB2xeA=mo"", ""content"": ""@SMWEDIT-295 MY CHANNEL HAI ESPER VIEW NAHI AA RAHE HAI"", ""score"": 5, ""thumbsUpCount"": 0, ""reviewCreatedVersion"": ""21.25.530"", ""at"": ""2026-07-02 04:05:23"", ""replyContent"": null, ""repliedAt"": null, ""appVersion"": ""21.25.530""}"
run5_day2_20260703_043957,1,YouTube,com.google.android.youtube,us,en,f8f9cf575811db4687b36ce0c39d373565c2117d5a39d4abc6e601aed429192e,b140eae4-dcda-4d7b-a22f-98432d84ccdc,0,CA Spacey,1,1,2026-07-02T04:04:19+00:00,21.14.484,,,"Your ads placement suck! because everyone is suffering from E.D. taking the ""thumbs down"" feature doesnt help","Your ads placement suck! because everyone is suffering from E.D. taking the ""thumbs down"" feature doesnt help",6284d4cbb12d9ded0d9f916779287e6fd2f3cb62fc88672435e0da9ca97832e5,6284d4cbb12d9ded0d9f916779287e6fd2f3cb62fc88672435e0da9ca97832e5,"{""reviewId"": ""b140eae4-dcda-4d7b-a22f-98432d84ccdc"", ""userName"": ""CA Spacey"", ""userImage"": ""https://play-lh.googleusercontent.com/a-/ALV-UjU78qRg-SGfjfhVv2dxIzKCZR9TgDUTi4JZom1bmSRlcURW1LZl"", ""content"": ""Your ads placement suck! because everyone is suffering from E.D. taking the \""thumbs down\"" feature doesnt help"", ""score"": 1, ""thumbsUpCount"": 1, ""reviewCreatedVersion"": ""21.14.484"", ""at"": ""2026-07-02 04:04:19"", ""replyContent"": null, ""repliedAt"": null, ""appVersion"": ""21.14.484""}"
run5_day2_20260703_043957,1,YouTube,com.google.android.youtube,us,en,84043c7726228ebb8098088a28c37a79c9eae7282162b809d105b7e21aeec7ee,ff5d9d30-843c-4a8c-a64f-5c042aba2368,0,Damien Orr,1,1,2026-07-02T04:00:26+00:00,21.26.364,,,bring back the dislike button!,bring back the dislike button!,3b4cedd904b8d7eb2937982dd2a77576bfba9ac9175fa0e4a73e4b77068ab959,3b4cedd904b8d7eb2937982dd2a77576bfba9ac9175fa0e4a73e4b77068ab959,"{""reviewId"": ""ff5d9d30-843c-4a8c-a64f-5c042aba2368"", ""userName"": ""Damien Orr"", ""userImage"": ""https://play-lh.googleusercontent.com/a-/ALV-UjU3YphS18X_N44W6qrpKG9QkJBdndNuBFPuOkHEXrmz2fa-97Z_"", ""content"": ""bring back the dislike button!"", ""score"": 1, ""thumbsUpCount"": 1, ""reviewCreatedVersion"": ""21.26.364"", ""at"": ""2026-07-02 04:00:26"", ""replyContent"": null, ""repliedAt"": null, ""appVersion"": ""21.26.364""}"
run5_day2_20260703_043957,1,YouTube,com.google.android.youtube,us,en,fb3a60a3eb49662544f9253b9de9277ad08fc60abb2a11d1ea45de3b0f5e3385,fc721415-8d64-4fa1-9e50-366a091a4bef,0,Samantha Althea Mae Miguela,1,0,2026-07-02T03:59:51+00:00,21.26.364,,,my YouTube wasn't working how do I fix it??,my YouTube wasn't working how do I fix it??,c1f7200192c05d897e0309375736b880872a3753c21205ed689e1f05fc81bcb3,c1f7200192c05d897e0309375736b880872a3753c21205ed689e1f05fc81bcb3,"{""reviewId"": ""fc721415-8d64-4fa1-9e50-366a091a4bef"", ""userName"": ""Samantha Althea Mae Miguela"", ""userImage"": ""https://play-lh.googleusercontent.com/a-/ALV-UjU_061ul26fiJaVrSDpH1Ilya5DIDp-MyCsarRYxf3RaV0s6W4"", ""content"": ""my YouTube wasn't working how do I fix it??"", ""score"": 1, ""thumbsUpCount"": 0, ""reviewCreatedVersion"": ""21.26.364"", ""at"": ""2026-07-02 03:59:51"", ""replyContent"": null, ""repliedAt"": null, ""appVersion"": ""21.26.364""}"
run5_day2_20260703_043957,1,YouTube,com.google.android.youtube,us,en,46582d2a73d87d0a1ea0da6cbcebd38d5ddbd509ef53a768e0c4d6598ce51477,78f3f221-3c00-42cb-a039-1cebf2ec244c,0,Jason Schlagel,2,0,2026-07-02T03:57:41+00:00,18.46.41,,,Too many short videos flooding the search results. There should be a filter to omit them (and vice versa),Too many short videos flooding the search results. There should be a filter to omit them (and vice versa),8f682d942ef8a816b219cb86bf74c9f22efc3114a3fabf832d7274edd0cae5fe,8f682d942ef8a816b219cb86bf74c9f22efc3114a3fabf832d7274edd0cae5fe,"{""reviewId"": ""78f3f221-3c00-42cb-a039-1cebf2ec244c"", ""userName"": ""Jason Schlagel"", ""userImage"": ""https://play-lh.googleusercontent.com/a/ACg8ocKTyx7i_oplkuIoiLzh3xgpl4wrQFKNVFaQT9_zKv1YLag0VA=mo"", ""content"": ""Too many short videos flooding the search results. There should be a filter to omit them (and vice versa)"", ""score"": 2, ""thumbsUpCount"": 0, ""reviewCreatedVersion"": ""18.46.41"", ""at"": ""2026-07-02 03:57:41"", ""replyContent"": null, ""repliedAt"": null, ""appVersion"": ""18.46.41""}"
run5_day2_20260703_043957,1,YouTube,com.google.android.youtube,us,en,2f65a34d0d588f404f973b088a98b4b821a41d9768f0ac29b11d11d23212723e,94e25674-b2b9-4b1d-909d-290b06edec81,0,Austin Caulder,1,2,2026-07-02T03:55:59+00:00,21.26.364,,,Bring back the dislike button!,Bring back the dislike button!,e5f5d982f591435ad6036578fe5260dd16ac0438f84c50dde08f0155c8687908,e5f5d982f591435ad6036578fe5260dd16ac0438f84c50dde08f0155c8687908,"{""reviewId"": ""94e25674-b2b9-4b1d-909d-290b06edec81"", ""userName"": ""Austin Caulder"", ""userImage"": ""https://play-lh.googleusercontent.com/a/ACg8ocJATRpWnmF7Wt-2xB2AXLVwmdO1cY8OtgGVAW6k3V4qUUn84A=mo"", ""content"": ""Bring back the dislike button!"", ""score"": 1, ""thumbsUpCount"": 2, ""reviewCreatedVersion"": ""21.26.364"", ""at"": ""2026-07-02 03:55:59"", ""replyContent"": null, ""repliedAt"": null, ""appVersion"": ""21.26.364""}"
run5_day2_20260703_043957,1,YouTube,com.google.android.youtube,us,en,b97f3085c27c5ce2fa59bf3e132c8f6bb4b746f9170c818f4423e617f1d31f9e,ac08241c-c3f6-4010-99bf-eb1e3622685b,0,Rahmat Ullah,5,0,2026-07-02T03:55:34+00:00,21.25.523,,,I want to earn to this app more people,I want to earn to this app more people,e52c46a5f755ff3ce85f15e265d30ad5d8128d51448de0415079edfda66df9e9,e52c46a5f755ff3ce85f15e265d30ad5d8128d51448de0415079edfda66df9e9,"{""reviewId"": ""ac08241c-c3f6-4010-99bf-eb1e3622685b"", ""userName"": ""Rahmat Ullah"", ""userImage"": ""https://play-lh.googleusercontent.com/a/ACg8ocIuUKIALUIHO8FUcD9SRw6cqJsdyc-Lwzbinqak63P8dVy51w=mo"", ""content"": ""I want to earn to this app more people"", ""score"": 5, ""thumbsUpCount"": 0, ""reviewCreatedVersion"": ""21.25.523"", ""at"": ""2026-07-02 03:55:34"", ""replyContent"": null, ""repliedAt"": null, ""appVersion"": ""21.25.523""}"
run5_day2_20260703_043957,1,YouTube,com.google.android.youtube,us,en,923fa520d33ab053ebf772c49c42386c3cce65ff050b97219b2f6ede3547b6d7,74b333f5-b359-41f9-b5f7-20d8b6fb45d7,0,ruid taud,1,11,2026-07-02T03:55:26+00:00,21.26.364,,,Too many irrelevant repetitive inappropriate ad. Never seen 5 mins ad anywhere in my life before just for 30 sec videos. This is simply too much. I wish we could rate below 1 star.,Too many irrelevant repetitive inappropriate ad. Never seen 5 mins ad anywhere in my life before just for 30 sec videos. This is simply too much. I wish we could rate below 1 star.,062622b4a411f545fcca161a1e1b6c2a4d33e6aeb60621c7e50786f5452cd28c,062622b4a411f545fcca161a1e1b6c2a4d33e6aeb60621c7e50786f5452cd28c,"{""reviewId"": ""74b333f5-b359-41f9-b5f7-20d8b6fb45d7"", ""userName"": ""ruid taud"", ""userImage"": ""https://play-lh.googleusercontent.com/a-/ALV-UjXozC7R7TxuKtqaJ5sRksOtTq0LVuKGPBez87N2zj28-tPptDz7"", ""content"": ""Too many irrelevant repetitive inappropriate ad. Never seen 5 mins ad anywhere in my life before just for 30 sec videos. This is simply too much. I wish we could rate below 1 star."", ""score"": 1, ""thumbsUpCount"": 11, ""reviewCreatedVersion"": ""21.26.364"", ""at"": ""2026-07-02 03:55:26"", ""replyContent"": null, ""repliedAt"": null, ""appVersion"": ""21.26.364""}"
run5_day2_20260703_043957,1,YouTube,com.google.android.youtube,us,en,b4bf986dde27452a14403b31b961c29561f7dd20a064dad2fdcd3f11b014f030,065a174d-bc52-44be-ad4f-7e0ec0150114,0,Mechen B,1,1,2026-07-02T03:55:20+00:00,21.25.523,,,they took away the thumbs down to feed ai slop. trash,they took away the thumbs down to feed ai slop. trash,508ffd54ff610592067185b2f75098746af24a6cbff8c1ff627b480bcb03c678,508ffd54ff610592067185b2f75098746af24a6cbff8c1ff627b480bcb03c678,"{""reviewId"": ""065a174d-bc52-44be-ad4f-7e0ec0150114"", ""userName"": ""Mechen B"", ""userImage"": ""https://play-lh.googleusercontent.com/a-/ALV-UjVBLIJrfoFLf-PMSyt6_fq0QhbGEt5AcKpOu5jnxGz7r2ztBTH6"", ""content"": ""they took away the thumbs down to feed ai slop. trash"", ""score"": 1, ""thumbsUpCount"": 1, ""reviewCreatedVersion"": ""21.25.523"", ""at"": ""2026-07-02 03:55:20"", ""replyContent"": null, ""repliedAt"": null, ""appVersion"": ""21.25.523""}"
run5_day2_20260703_043957,1,YouTube,com.google.android.youtube,us,en,282893c6edc9907de5fd61504fa1e9d9362756ee933ed2067bdb2f0627cfad92,1034bd6f-cfec-4575-8891-73621e0e62c3,0,Ram Ram,5,0,2026-07-02T03:54:48+00:00,21.26.364,,,please help me🙏 yotube family my channel virl all videos like coment sear 1000000 subscribe views 1000000,please help me🙏 yotube family my channel virl all videos like coment sear 1000000 subscribe views 1000000,32c19e0fcde845d80dd5d9f28026c979651559eaee8d363d8c488df76396c603,32c19e0fcde845d80dd5d9f28026c979651559eaee8d363d8c488df76396c603,"{""reviewId"": ""1034bd6f-cfec-4575-8891-73621e0e62c3"", ""userName"": ""Ram Ram"", ""userImage"": ""https://play-lh.googleusercontent.com/a-/ALV-UjX3psYQrORFfUUCZ8Y1UHDmZO57VlN-qYt2o-zj6VaqnwUJBpRx"", ""content"": ""please help me🙏 yotube family my channel virl all videos like coment sear 1000000 subscribe views 1000000"", ""score"": 5, ""thumbsUpCount"": 0, ""reviewCreatedVersion"": ""21.26.364"", ""at"": ""2026-07-02 03:54:48"", ""replyContent"": null, ""repliedAt"": null, ""appVersion"": ""21.26.364""}"
run5_day2_20260703_043957,1,YouTube,com.google.android.youtube,us,en,207afffc9aced515593cdba1cc8b1c68c6504fe2e9de0b42af08b1e4cfcb37b8,c79c627e-5693-4965-b684-afa7ee94a62d,0,Tapo Blox,1,1,2026-07-02T03:54:23+00:00,21.26.364,,,Give us back the dislike button.,Give us back the dislike button.,eeed5ef1fc31933daa590698319fe59291473d26eade8fa97b72bd6a38350d6a,eeed5ef1fc31933daa590698319fe59291473d26eade8fa97b72bd6a38350d6a,"{""reviewId"": ""c79c627e-5693-4965-b684-afa7ee94a62d"", ""userName"": ""Tapo Blox"", ""userImage"": ""https://play-lh.googleusercontent.com/a/ACg8ocLwFiyhv8fxEEj2uDgTxGAytuB2Y4zgsYAOs2AEZW7kZ0YIwg=mo"", ""content"": ""Give us back the dislike button."", ""score"": 1, ""thumbsUpCount"": 1, ""reviewCreatedVersion"": ""21.26.364"", ""at"": ""2026-07-02 03:54:23"", ""replyContent"": null, ""repliedAt"": null, ""appVersion"": ""21.26.364""}"
run5_day2_20260703_043957,1,YouTube,com.google.android.youtube,us,en,ff1fa119fb39cc4818d1e7a0c0da760e077ee757dbba05ccf2606a3b6ec86442,dc38a0e0-aaba-42bb-8c40-65994acc28d3,0,Adam McKay,2,1,2026-07-02T03:53:57+00:00,21.25.526,,,why the hell was the dislike button removed from shorts? now nothing but ai slop is coming through.,why the hell was the dislike button removed from shorts? now nothing but ai slop is coming through.,8cac726df56e24d119b5ddd4294a876f184da6842e53c8f6050f55d6407054db,8cac726df56e24d119b5ddd4294a876f184da6842e53c8f6050f55d6407054db,"{""reviewId"": ""dc38a0e0-aaba-42bb-8c40-65994acc28d3"", ""userName"": ""Adam McKay"", ""userImage"": ""https://play-lh.googleusercontent.com/a-/ALV-UjXNqkXbE8q37OBdQOlOQ-rdHb70M8l2kAm-8fKMymeWI27Ct80"", ""content"": ""why the hell was the dislike button removed from shorts? now nothing but ai slop is coming through."", ""score"": 2, ""thumbsUpCount"": 1, ""reviewCreatedVersion"": ""21.25.526"", ""at"": ""2026-07-02 03:53:57"", ""replyContent"": null, ""repliedAt"": null, ""appVersion"": ""21.25.526""}"
run5_day2_20260703_043957,1,YouTube,com.google.android.youtube,us,en,c6c2bcbdece39a4b8915b5a86dc9e80e4d84c2e8fc75e8b73aeadae6e4d7ab1c,f3dacd9c-d8f3-49c3-9005-f998586ad51d,0,Noly Sagayno,1,0,2026-07-02T03:53:35+00:00,21.25.529,,,slow YouTube,slow YouTube,2a7c8031a655fa91c0fb84b86cb41cfbd5451fdaa8b081532c6abb3ff35f88c1,2a7c8031a655fa91c0fb84b86cb41cfbd5451fdaa8b081532c6abb3ff35f88c1,"{""reviewId"": ""f3dacd9c-d8f3-49c3-9005-f998586ad51d"", ""userName"": ""Noly Sagayno"", ""userImage"": ""https://play-lh.googleusercontent.com/a-/ALV-UjUphh8MBeJZZNi75a-qzp9dYO-D_2dzCIPeNIXenBTEo4ZUksA"", ""content"": ""slow YouTube"", ""score"": 1, ""thumbsUpCount"": 0, ""reviewCreatedVersion"": ""21.25.529"", ""at"": ""2026-07-02 03:53:35"", ""replyContent"": null, ""repliedAt"": null, ""appVersion"": ""21.25.529""}"
run5_day2_20260703_043957,1,YouTube,com.google.android.youtube,us,en,630fbd5f930e9fad8ba446916e07fd17189a74f48496c15be89da67982fc914d,253f257c-6dd2-471b-9b3b-4d0c167578cf,0,Uday Pratap,1,1,2026-07-02T03:52:29+00:00,21.26.364,,,bad experience UI,bad experience UI,623e2b145ecc2909f0bd05a484d21d2c1daacb3b237b290bdd02a02ddeb347aa,623e2b145ecc2909f0bd05a484d21d2c1daacb3b237b290bdd02a02ddeb347aa,"{""reviewId"": ""253f257c-6dd2-471b-9b3b-4d0c167578cf"", ""userName"": ""Uday Pratap"", ""userImage"": ""https://play-lh.googleusercontent.com/a/ACg8ocI4KaWp-EB5SJUewtVMqQPkSzHATTVLbHbLSdEWvy_ZcmuNmw=mo"", ""content"": ""bad experience UI"", ""score"": 1, ""thumbsUpCount"": 1, ""reviewCreatedVersion"": ""21.26.364"", ""at"": ""2026-07-02 03:52:29"", ""replyContent"": null, ""repliedAt"": null, ""appVersion"": ""21.26.364""}"
run5_day2_20260703_043957,1,YouTube,com.google.android.youtube,us,en,2509ae2b197216aa886c699b6829c63653f7292730822a943d30508ab390d015,1c1564fa-13b2-4c5b-8208-b1edebc389d2,0,Sudip Kar,5,0,2026-07-02T03:52:09+00:00,21.26.364,,,thanks for youtube video,thanks for youtube video,f7c689cc1f9b0f57cb5c15a267a93f2b16bdd1c9a133c183419473b0701e00d8,f7c689cc1f9b0f57cb5c15a267a93f2b16bdd1c9a133c183419473b0701e00d8,"{""reviewId"": ""1c1564fa-13b2-4c5b-8208-b1edebc389d2"", ""userName"": ""Sudip Kar"", ""userImage"": ""https://play-lh.googleusercontent.com/a/ACg8ocIf4LE-ScWsUUbdj_kC8dyMJY-jFVqNKafb97XEeobYbvj2Gg=mo"", ""content"": ""thanks for youtube video"", ""score"": 5, ""thumbsUpCount"": 0, ""reviewCreatedVersion"": ""21.26.364"", ""at"": ""2026-07-02 03:52:09"", ""replyContent"": null, ""repliedAt"": null, ""appVersion"": ""21.26.364""}"
run5_day2_20260703_043957,1,YouTube,com.google.android.youtube,us,en,de71c4b3cd500297c8e13a58ca7f9714db73f6fc6e6a09f9cbdab16dbea17f39,c13b4a0e-a848-4ae7-9d68-e754f7d4f467,0,Nova,1,1,2026-07-02T03:50:47+00:00,20.15.38,,,"They removed even more dislikes and freedom of personalization, while their algorithm forces every agenda down your throat in the meantime. This is a company and they really don't care about you; you are less than a commodity.","They removed even more dislikes and freedom of personalization, while their algorithm forces every agenda down your throat in the meantime. This is a company and they really don't care about you; you are less than a commodity.",b025036ad020235e4edf90c8a3f2e8dec318e0b4ab8110717051ec994c741860,b025036ad020235e4edf90c8a3f2e8dec318e0b4ab8110717051ec994c741860,"{""reviewId"": ""c13b4a0e-a848-4ae7-9d68-e754f7d4f467"", ""userName"": ""Nova"", ""userImage"": ""https://play-lh.googleusercontent.com/a-/ALV-UjVZPa1_RE7K1Jq01SlWC__Y_vcl51rmFH08bNyI24ZHPEmHRRvc"", ""content"": ""They removed even more dislikes and freedom of personalization, while their algorithm forces every agenda down your throat in the meantime. This is a company and they really don't care about you; you are less than a commodity."", ""score"": 1, ""thumbsUpCount"": 1, ""reviewCreatedVersion"": ""20.15.38"", ""at"": ""2026-07-02 03:50:47"", ""replyContent"": null, ""repliedAt"": null, ""appVersion"": ""20.15.38""}"
run5_day2_20260703_043957,1,YouTube,com.google.android.youtube,us,en,1e3eb179f8094bdcd3c9d199a851144d86e07c0afe1e6d5e083d0e4d3d7d2e34,13b20e71-06f8-41d5-ad8c-db01d4045c99,0,Ryland Haddock,4,0,2026-07-02T03:48:38+00:00,21.26.364,,,ads are annoying kinda money hungry but I make content so but the content it has can be corny,ads are annoying kinda money hungry but I make content so but the content it has can be corny,c0fbe0550f75fa2bd274b48104ef567e10b7a686ca872bee887504d45adef0f7,c0fbe0550f75fa2bd274b48104ef567e10b7a686ca872bee887504d45adef0f7,"{""reviewId"": ""13b20e71-06f8-41d5-ad8c-db01d4045c99"", ""userName"": ""Ryland Haddock"", ""userImage"": ""https://play-lh.googleusercontent.com/a-/ALV-UjUpItSMM-3hfDJTKhJibcFabNwy6OSfk6MeRyWbagUTiVjqVC0"", ""content"": ""ads are annoying kinda money hungry but I make content so but the content it has can be corny"", ""score"": 4, ""thumbsUpCount"": 0, ""reviewCreatedVersion"": ""21.26.364"", ""at"": ""2026-07-02 03:48:38"", ""replyContent"": null, ""repliedAt"": null, ""appVersion"": ""21.26.364""}"
run5_day2_20260703_043957,1,YouTube,com.google.android.youtube,us,en,20c983d5184f8a4b0ce4a7030ac6fe9d8c5f4ae6ca737b6525a0a499729a740b,956fefb6-fa81-4c90-9f40-51e2dbd9dcd1,0,Wilder,1,1,2026-07-02T03:48:01+00:00,21.26.364,,,New update is bad,New update is bad,bbb504a084366add1b43960d259163e5638e882f38167a8da7dbf6688f6e2263,bbb504a084366add1b43960d259163e5638e882f38167a8da7dbf6688f6e2263,"{""reviewId"": ""956fefb6-fa81-4c90-9f40-51e2dbd9dcd1"", ""userName"": ""Wilder"", ""userImage"": ""https://play-lh.googleusercontent.com/a-/ALV-UjX_O7g4i-AanLRo0wByUuBEoBsri6HobG8sNPISLlBxdWqBlzEW"", ""content"": ""New update is bad"", ""score"": 1, ""thumbsUpCount"": 1, ""reviewCreatedVersion"": ""21.26.364"", ""at"": ""2026-07-02 03:48:01"", ""replyContent"": null, ""repliedAt"": null, ""appVersion"": ""21.26.364""}"
run5_day2_20260703_043957,1,YouTube,com.google.android.youtube,us,en,06cd546a2d3ccce4f9245d4fe80f91c2fc199d700bb5ada75e03f52c0a1d8e30,cec3e8d1-c291-4369-b387-83b3bfc9d0fa,0,Sabiha Khatun,5,0,2026-07-02T03:46:23+00:00,12.37.59,,,My YouTube,My YouTube,92c0cc0c3e3ce2ac1c8f75ca30baae579e92517e177882260abe99625224b6bf,92c0cc0c3e3ce2ac1c8f75ca30baae579e92517e177882260abe99625224b6bf,"{""reviewId"": ""cec3e8d1-c291-4369-b387-83b3bfc9d0fa"", ""userName"": ""Sabiha Khatun"", ""userImage"": ""https://play-lh.googleusercontent.com/a/ACg8ocL8IRUQmXnlF0dy2Y-cXlaRsOJNdws9yFfBOS1ontm3dAlKjA=mo"", ""content"": ""My YouTube"", ""score"": 5, ""thumbsUpCount"": 0, ""reviewCreatedVersion"": ""12.37.59"", ""at"": ""2026-07-02 03:46:23"", ""replyContent"": null, ""repliedAt"": null, ""appVersion"": ""12.37.59""}"
run5_day2_20260703_043957,1,YouTube,com.google.android.youtube,us,en,58ca2017aa2340470e4d48b494528c40a252b732a11b5edb0f167da25ae936ce,4b06f598-2da0-4495-8c7b-8a8f3f517d32,0,Alex Brandt,1,1,2026-07-02T03:46:18+00:00,21.26.364,,,yall removed the dislike button from shorts this aint tiktok put it back,yall removed the dislike button from shorts this aint tiktok put it back,fa501a4b2972f53540448c7cf14365d5c8d9683a89b6ab5b35ee66c8b0442c8e,fa501a4b2972f53540448c7cf14365d5c8d9683a89b6ab5b35ee66c8b0442c8e,"{""reviewId"": ""4b06f598-2da0-4495-8c7b-8a8f3f517d32"", ""userName"": ""Alex Brandt"", ""userImage"": ""https://play-lh.googleusercontent.com/a/ACg8ocJOV4k0F-aTPamtEDH4A37X-kE4B-GD0UWp6bb2oFwwgyBcCQ=mo"", ""content"": ""yall removed the dislike button from shorts this aint tiktok put it back"", ""score"": 1, ""thumbsUpCount"": 1, ""reviewCreatedVersion"": ""21.26.364"", ""at"": ""2026-07-02 03:46:18"", ""replyContent"": null, ""repliedAt"": null, ""appVersion"": ""21.26.364""}"
run5_day2_20260703_043957,1,YouTube,com.google.android.youtube,us,en,8f9b2b5be63b835f4112ae432dd9b5e2aa93fff5978b1b6377d61b44cc1d1c5f,91e59055-809b-4880-95f2-81635227b65f,0,Andrew Solari,1,262,2026-07-02T03:44:26+00:00,21.25.523,,,bring back the dislike button on shorts you COWARDS,bring back the dislike button on shorts you COWARDS,b598f3c9b81efc7590f6c782c4e969835c9e54a2393232171dd959fd3e0b0d08,b598f3c9b81efc7590f6c782c4e969835c9e54a2393232171dd959fd3e0b0d08,"{""reviewId"": ""91e59055-809b-4880-95f2-81635227b65f"", ""userName"": ""Andrew Solari"", ""userImage"": ""https://play-lh.googleusercontent.com/a-/ALV-UjUnr3u5B8kQzA-Le94_-BH-y4aELZ-o8gbwLCDkoqgeM6P_4vc"", ""content"": ""bring back the dislike button on shorts you COWARDS"", ""score"": 1, ""thumbsUpCount"": 262, ""reviewCreatedVersion"": ""21.25.523"", ""at"": ""2026-07-02 03:44:26"", ""replyContent"": null, ""repliedAt"": null, ""appVersion"": ""21.25.523""}"
run5_day2_20260703_043957,1,YouTube,com.google.android.youtube,us,en,afc777ab6706e514471f1533264487b2a23f374d63a9bd8e51858e95c4332ab6,f075739c-a082-4718-9af8-1cdd2c060167,0,Andrew Chen,1,1,2026-07-02T03:44:00+00:00,21.25.527,,,"Too many annoying popups blocking the view (ads, CC) need manual actions to dismiss.","Too many annoying popups blocking the view (ads, CC) need manual actions to dismiss.",71a65685615df5f518e672d29caa4b10d1feba6c82aff7dacf44e1991749f53b,71a65685615df5f518e672d29caa4b10d1feba6c82aff7dacf44e1991749f53b,"{""reviewId"": ""f075739c-a082-4718-9af8-1cdd2c060167"", ""userName"": ""Andrew Chen"", ""userImage"": ""https://play-lh.googleusercontent.com/a-/ALV-UjVfC86pIL78nHjdzbDJqi9T2H9WD0yyT0OODVHnEZqX7fxo_7Z9"", ""content"": ""Too many annoying popups blocking the view (ads, CC) need manual actions to dismiss."", ""score"": 1, ""thumbsUpCount"": 1, ""reviewCreatedVersion"": ""21.25.527"", ""at"": ""2026-07-02 03:44:00"", ""replyContent"": null, ""repliedAt"": null, ""appVersion"": ""21.25.527""}"
run5_day2_20260703_043957,1,YouTube,com.google.android.youtube,us,en,1bf601fc47250c057617b16692604bc23a4dd61ff664331d27411a868bb4c5ef,633dd166-0604-407d-a6d7-2619e1ceffbf,0,Teresa boyce,5,0,2026-07-02T03:42:57+00:00,21.26.364,,,it w good,it w good,55a77d4c1fbe90594a1546b04264a542947f961bf2e86ed94a757ba43919df5c,55a77d4c1fbe90594a1546b04264a542947f961bf2e86ed94a757ba43919df5c,"{""reviewId"": ""633dd166-0604-407d-a6d7-2619e1ceffbf"", ""userName"": ""Teresa boyce"", ""userImage"": ""https://play-lh.googleusercontent.com/a/ACg8ocJS-m85-vxrKtHGcd0Vczk79S5KMLUxMqu58v21meyWDvThfQ=mo"", ""content"": ""it w good"", ""score"": 5, ""thumbsUpCount"": 0, ""reviewCreatedVersion"": ""21.26.364"", ""at"": ""2026-07-02 03:42:57"", ""replyContent"": null, ""repliedAt"": null, ""appVersion"": ""21.26.364""}"
run5_day2_20260703_043957,1,YouTube,com.google.android.youtube,us,en,13fb9f09916b77c4c24b7c2840f35659b01670a1041875d9139bb4f5364425e6,25bb5173-f5b7-43a5-aae0-a015ab9484bc,0,David Philip,5,0,2026-07-02T03:41:53+00:00,21.20.402,,,really cool,really cool,a41bfe8e196e397151cb0793c507f9e76d51835c86f028ff2c06c77680e449d8,a41bfe8e196e397151cb0793c507f9e76d51835c86f028ff2c06c77680e449d8,"{""reviewId"": ""25bb5173-f5b7-43a5-aae0-a015ab9484bc"", ""userName"": ""David Philip"", ""userImage"": ""https://play-lh.googleusercontent.com/a/ACg8ocKY0qSndndCdA2vHCeA69pRRlNCGycxKjp0fLv6BcopBTvnbw=mo"", ""content"": ""really cool"", ""score"": 5, ""thumbsUpCount"": 0, ""reviewCreatedVersion"": ""21.20.402"", ""at"": ""2026-07-02 03:41:53"", ""replyContent"": null, ""repliedAt"": null, ""appVersion"": ""21.20.402""}"
run5_day2_20260703_043957,1,YouTube,com.google.android.youtube,us,en,8a7f05bccb887cb2d80abf9d8e7e03bc7e7b02bba9748dbc0a63715b69ded0ce,af176edf-a2e8-4a26-99c1-accec238daf3,0,steve nunyabidness,1,4,2026-07-02T03:40:10+00:00,21.25.526,,,spy/malware you can't uninstall from your phone that sells your data to anybody at all.,spy/malware you can't uninstall from your phone that sells your data to anybody at all.,ae6a5b81b8e529a1effc60837ff8f24e3f9375155f54d6579a9bd986fac5e1c6,ae6a5b81b8e529a1effc60837ff8f24e3f9375155f54d6579a9bd986fac5e1c6,"{""reviewId"": ""af176edf-a2e8-4a26-99c1-accec238daf3"", ""userName"": ""steve nunyabidness"", ""userImage"": ""https://play-lh.googleusercontent.com/a/ACg8ocKrrIJEiw6PHqRFkPGN34d3UNPBjKknhbU7jGXSPUrDWcTHyg=mo"", ""content"": ""spy/malware you can't uninstall from your phone that sells your data to anybody at all."", ""score"": 1, ""thumbsUpCount"": 4, ""reviewCreatedVersion"": ""21.25.526"", ""at"": ""2026-07-02 03:40:10"", ""replyContent"": null, ""repliedAt"": null, ""appVersion"": ""21.25.526""}"
run5_day2_20260703_043957,1,YouTube,com.google.android.youtube,us,en,f5cda594da4afef6c05eea5c156f53a11811b992437e8d394523123af51e0399,8492c24c-63f0-410b-975c-a9c90307a87e,0,R. M Rishabh,5,0,2026-07-02T03:39:29+00:00,12.37.59,,,Ahhh,Ahhh,3d2c7511b8f026661eeadab4b52c98bedfaa20e0e7b825c20f25afcc24bef62a,3d2c7511b8f026661eeadab4b52c98bedfaa20e0e7b825c20f25afcc24bef62a,"{""reviewId"": ""8492c24c-63f0-410b-975c-a9c90307a87e"", ""userName"": ""R. M Rishabh"", ""userImage"": ""https://play-lh.googleusercontent.com/a/ACg8ocI-Q3-hHTuGctqntLxUbywv3nJNd5ah6duAJO6XotfOu9aA7g=mo"", ""content"": ""Ahhh"", ""score"": 5, ""thumbsUpCount"": 0, ""reviewCreatedVersion"": ""12.37.59"", ""at"": ""2026-07-02 03:39:29"", ""replyContent"": null, ""repliedAt"": null, ""appVersion"": ""12.37.59""}"
run5_day2_20260703_043957,1,YouTube,com.google.android.youtube,us,en,f03c1cfb207344baf3c91828834800b161a36d444090e27028f5d04e88cf0e83,bdeda1e8-4b75-49a9-b766-b074d45fefee,0,Ankit Gupta,1,1,2026-07-02T03:39:11+00:00,21.26.364,,,where is dislike button?,where is dislike button?,0da16d1bf9be29e1c928807e4e75b4b7f13d1754fa3cf2e74f61d9e3078d9c4c,0da16d1bf9be29e1c928807e4e75b4b7f13d1754fa3cf2e74f61d9e3078d9c4c,"{""reviewId"": ""bdeda1e8-4b75-49a9-b766-b074d45fefee"", ""userName"": ""Ankit Gupta"", ""userImage"": ""https://play-lh.googleusercontent.com/a-/ALV-UjXaNTvGIz5FmFZbrsmgnN90_odwAO5K6fuv41KsJGt7wUN6fN6xuA"", ""content"": ""where is dislike button?"", ""score"": 1, ""thumbsUpCount"": 1, ""reviewCreatedVersion"": ""21.26.364"", ""at"": ""2026-07-02 03:39:11"", ""replyContent"": null, ""repliedAt"": null, ""appVersion"": ""21.26.364""}"
run5_day2_20260703_043957,1,YouTube,com.google.android.youtube,us,en,4a2707b9bcdc427fb12cd73be8794685d0b5c7bc9ab8b3b54820264232db3274,2a079352-1dca-4be5-af4a-1a7a0ea3d9e8,0,Ali,5,0,2026-07-02T03:38:59+00:00,21.03.36,,,Ok,Ok,843ac01149cced785dfebd0028d3b03ba78e286e1c6f9517ebfcdb609d97af4c,843ac01149cced785dfebd0028d3b03ba78e286e1c6f9517ebfcdb609d97af4c,"{""reviewId"": ""2a079352-1dca-4be5-af4a-1a7a0ea3d9e8"", ""userName"": ""Ali"", ""userImage"": ""https://play-lh.googleusercontent.com/a/ACg8ocI1yvPhQIXxKTyYnwj5gvl-gDzhuWREBNRWKXnyWmVjWTArfA=mo"", ""content"": ""Ok"", ""score"": 5, ""thumbsUpCount"": 0, ""reviewCreatedVersion"": ""21.03.36"", ""at"": ""2026-07-02 03:38:59"", ""replyContent"": null, ""repliedAt"": null, ""appVersion"": ""21.03.36""}"
run5_day2_20260703_043957,1,YouTube,com.google.android.youtube,us,en,5b1685a236f64a1cd9bce43b496683badec637f06eb519e129bbed7d8713e23a,a9648c10-4949-4ac7-a967-b3a100f7cfb8,0,गुलजार गुलजार अली,4,0,2026-07-02T03:38:43+00:00,12.37.59,,,Sad,Sad,3ba6f1aeede102d36c0511309781ae5df4ee0f2cd43621942988fe186fb62bad,3ba6f1aeede102d36c0511309781ae5df4ee0f2cd43621942988fe186fb62bad,"{""reviewId"": ""a9648c10-4949-4ac7-a967-b3a100f7cfb8"", ""userName"": ""गुलजार गुलजार अली"", ""userImage"": ""https://play-lh.googleusercontent.com/a-/ALV-UjVgxJzKATOGAx6gujAcypL15PMJV8mvQjg4AHb2wrXZ0xGbo7Q"", ""content"": ""Sad"", ""score"": 4, ""thumbsUpCount"": 0, ""reviewCreatedVersion"": ""12.37.59"", ""at"": ""2026-07-02 03:38:43"", ""replyContent"": null, ""repliedAt"": null, ""appVersion"": ""12.37.59""}"
run5_day2_20260703_043957,1,YouTube,com.google.android.youtube,us,en,f6fd7042de310792f8e0367a0128d23d0cca038101087e7d8551da8b01eebeeb,78e99eb6-d954-4a0a-b329-3b242c535b0d,0,CS_ chirag,1,0,2026-07-02T03:37:15+00:00,21.26.364,,,this app crashing in my vivo z1 pro before update after update i face this issue today app open i scroll 1 or 3 sec and app close automatically and this is happening all time now i clear cache but still facing this issue please fix it,this app crashing in my vivo z1 pro before update after update i face this issue today app open i scroll 1 or 3 sec and app close automatically and this is happening all time now i clear cache but still facing this issue please fix it,981fe9e96c8e54f2c7bbe858aa73e075019e97007af23d69239265be66616589,981fe9e96c8e54f2c7bbe858aa73e075019e97007af23d69239265be66616589,"{""reviewId"": ""78e99eb6-d954-4a0a-b329-3b242c535b0d"", ""userName"": ""CS_ chirag"", ""userImage"": ""https://play-lh.googleusercontent.com/a-/ALV-UjXkBP5XmmfjzBeEa2z8gFCxRXnz2CmuH29neF46XLfaqx4iJADTew"", ""content"": ""this app crashing in my vivo z1 pro before update after update i face this issue today app open i scroll 1 or 3 sec and app close automatically and this is happening all time now i clear cache but still facing this issue please fix it"", ""score"": 1, ""thumbsUpCount"": 0, ""reviewCreatedVersion"": ""21.26.364"", ""at"": ""2026-07-02 03:37:15"", ""replyContent"": null, ""repliedAt"": null, ""appVersion"": ""21.26.364""}"
run5_day2_20260703_043957,1,YouTube,com.google.android.youtube,us,en,9a12e9ce7245f6a142daabfea9288febce7bfecfac824b92618c772315bdfe29,d793f0c2-fffc-4f8d-9abd-672e77bc514b,0,Ehan Shah,5,0,2026-07-02T03:37:14+00:00,21.22.165,,,funny video come in YouTube l like funny video ryi,funny video come in YouTube l like funny video ryi,934e6ed98aaa8ef71003406bb23cd92efa973abf28b4b48eefdced0bd342decf,934e6ed98aaa8ef71003406bb23cd92efa973abf28b4b48eefdced0bd342decf,"{""reviewId"": ""d793f0c2-fffc-4f8d-9abd-672e77bc514b"", ""userName"": ""Ehan Shah"", ""userImage"": ""https://play-lh.googleusercontent.com/a/ACg8ocLvwrQuD8J6u9NzarJ1y5p20wzyLxu8dDqLVWiGTKawvmMm1Q=mo"", ""content"": ""funny video come in YouTube l like funny video ryi"", ""score"": 5, ""thumbsUpCount"": 0, ""reviewCreatedVersion"": ""21.22.165"", ""at"": ""2026-07-02 03:37:14"", ""replyContent"": null, ""repliedAt"": null, ""appVersion"": ""21.22.165""}"
run5_day2_20260703_043957,1,YouTube,com.google.android.youtube,us,en,27476e2f61965e58b7fd881c6f2479143d286840795cf6d32fbffdd55eddee16,6f0d5c90-886f-4a87-bf1d-e37834cfb1c6,0,Sam Yu,1,0,2026-07-02T03:37:06+00:00,21.25.523,,,"Took away the dislike button and my shorts feed is filled with ai slop that requires me to click options, click 'not interested', fill out a survey, and click submit.","Took away the dislike button and my shorts feed is filled with ai slop that requires me to click options, click 'not interested', fill out a survey, and click submit.",389994f17f71c6e6a7f70fc1ebf3c4a0b3c2ae09e7d5ee4863b8fa0cce1d3887,389994f17f71c6e6a7f70fc1ebf3c4a0b3c2ae09e7d5ee4863b8fa0cce1d3887,"{""reviewId"": ""6f0d5c90-886f-4a87-bf1d-e37834cfb1c6"", ""userName"": ""Sam Yu"", ""userImage"": ""https://play-lh.googleusercontent.com/a/ACg8ocLocojBbhfvWH0RkerKpBNlA0merEUOH7zhDs08DeEyu7TrKw=mo"", ""content"": ""Took away the dislike button and my shorts feed is filled with ai slop that requires me to click options, click 'not interested', fill out a survey, and click submit."", ""score"": 1, ""thumbsUpCount"": 0, ""reviewCreatedVersion"": ""21.25.523"", ""at"": ""2026-07-02 03:37:06"", ""replyContent"": null, ""repliedAt"": null, ""appVersion"": ""21.25.523""}"
run5_day2_20260703_043957,1,YouTube,com.google.android.youtube,us,en,1b54fb7edb107577f5cc9fd604ccc01fdf078739dd82ef3c12d79c88bce2174a,a4a567aa-c8e3-4840-bd4e-d45a3e16bbaf,0,Mohamed Hassan,1,0,2026-07-02T03:36:48+00:00,21.25.523,,,it have a lot of tactical problems,it have a lot of tactical problems,6e95db0e15c19b797d986a4c59ebfb2d62b816415dd11cb5cc994a5d9c74ac49,6e95db0e15c19b797d986a4c59ebfb2d62b816415dd11cb5cc994a5d9c74ac49,"{""reviewId"": ""a4a567aa-c8e3-4840-bd4e-d45a3e16bbaf"", ""userName"": ""Mohamed Hassan"", ""userImage"": ""https://play-lh.googleusercontent.com/a-/ALV-UjUkegGm30biERg9kBdIQpOCbb_qnxwW-VK7bv0TZ5w-Qg61pCEg"", ""content"": ""it have a lot of tactical problems"", ""score"": 1, ""thumbsUpCount"": 0, ""reviewCreatedVersion"": ""21.25.523"", ""at"": ""2026-07-02 03:36:48"", ""replyContent"": null, ""repliedAt"": null, ""appVersion"": ""21.25.523""}"
run5_day2_20260703_043957,1,YouTube,com.google.android.youtube,us,en,78ab66913fb71b55c0cc83e2a01b84f8c0792fba4e1b5a31a2f96dd67167f81a,5e47dda4-97c7-4859-b06a-101a3dfc252f,0,MFS,1,1,2026-07-02T03:35:53+00:00,21.26.364,,,"it is ruined cuz there are lots of ad,you should use youtube revanced","it is ruined cuz there are lots of ad,you should use youtube revanced",40bd3174d6de8c5711ffbd162ad172e3ddf782cb666d570b4406ed70ac841b1c,40bd3174d6de8c5711ffbd162ad172e3ddf782cb666d570b4406ed70ac841b1c,"{""reviewId"": ""5e47dda4-97c7-4859-b06a-101a3dfc252f"", ""userName"": ""MFS"", ""userImage"": ""https://play-lh.googleusercontent.com/a/ACg8ocLwZPzmHyGskvpqHhF-KdtNcsPkNwMzUXLZ5g9g2lH_1GMIvg=mo"", ""content"": ""it is ruined cuz there are lots of ad,you should use youtube revanced"", ""score"": 1, ""thumbsUpCount"": 1, ""reviewCreatedVersion"": ""21.26.364"", ""at"": ""2026-07-02 03:35:53"", ""replyContent"": null, ""repliedAt"": null, ""appVersion"": ""21.26.364""}"
run5_day2_20260703_043957,1,YouTube,com.google.android.youtube,us,en,a7c38efa63aecd782f436b3f6aba83609a1ca8c0b9467ac34d12965232286fe9,fd05d25b-b1ef-42bc-ae9c-4932345508ae,0,Marcus Ryan,1,1,2026-07-02T03:35:47+00:00,21.26.364,,,"I have been using YouTube since 2008, and I have never seen the Ads so bad like this in June/July. obviously I get it with revenue and trying to get people to get the premium but this is legit the worse I've seen. The first two are unskipable, and there are 4 to 6 ads in a 5 to 10 minute video.","I have been using YouTube since 2008, and I have never seen the Ads so bad like this in June/July. obviously I get it with revenue and trying to get people to get the premium but this is legit the worse I've seen. The first two are unskipable, and there are 4 to 6 ads in a 5 to 10 minute video.",ebe62ce5a77620639f68c8edcf70a0731d5a581d3c94be4ed30e44db2caea221,ebe62ce5a77620639f68c8edcf70a0731d5a581d3c94be4ed30e44db2caea221,"{""reviewId"": ""fd05d25b-b1ef-42bc-ae9c-4932345508ae"", ""userName"": ""Marcus Ryan"", ""userImage"": ""https://play-lh.googleusercontent.com/a/ACg8ocL4dmjlzJcqIEdM3QZvq3Z8k6adpCfXRRQSMJTRiTv4A7tbKg=mo"", ""content"": ""I have been using YouTube since 2008, and I have never seen the Ads so bad like this in June/July. obviously I get it with revenue and trying to get people to get the premium but this is legit the worse I've seen. The first two are unskipable, and there are 4 to 6 ads in a 5 to 10 minute video."", ""score"": 1, ""thumbsUpCount"": 1, ""reviewCreatedVersion"": ""21.26.364"", ""at"": ""2026-07-02 03:35:47"", ""replyContent"": null, ""repliedAt"": null, ""appVersion"": ""21.26.364""}"
run5_day2_20260703_043957,1,YouTube,com.google.android.youtube,us,en,78496f5160c904908f699f64397856ee7daa430797366aa88d2e520e73fcce1f,a8058385-7673-4733-bee4-f13f79178e1d,0,Cabbaged McCabbaged (TheCabbage27),1,1,2026-07-02T03:34:58+00:00,21.26.364,,,"stop trying to auto translate everything. If you want to make a feature, make it an option.","stop trying to auto translate everything. If you want to make a feature, make it an option.",7bd83a5ccbf49ebc9e7f7810cd381839353d141dbfdfe1fd57aa0f863ba13c8e,7bd83a5ccbf49ebc9e7f7810cd381839353d141dbfdfe1fd57aa0f863ba13c8e,"{""reviewId"": ""a8058385-7673-4733-bee4-f13f79178e1d"", ""userName"": ""Cabbaged McCabbaged (TheCabbage27)"", ""userImage"": ""https://play-lh.googleusercontent.com/a-/ALV-UjXFiwDLK3-GrLHhKd03Ie9cOz4MUEGu8uPBG3gh0OaJmnFl0F0"", ""content"": ""stop trying to auto translate everything. If you want to make a feature, make it an option."", ""score"": 1, ""thumbsUpCount"": 1, ""reviewCreatedVersion"": ""21.26.364"", ""at"": ""2026-07-02 03:34:58"", ""replyContent"": null, ""repliedAt"": null, ""appVersion"": ""21.26.364""}"
run5_day2_20260703_043957,1,YouTube,com.google.android.youtube,us,en,4cb5b9a6c84752abfc7168a302f612278ba25335695b2cd211cd421ddff00971,be03865b-4527-43fa-aa48-48e504d0d339,0,Yogendra Chaudhary,5,0,2026-07-02T03:34:35+00:00,21.23.483,,,This app is best for videos,This app is best for videos,4d80364375b9a2cee93bfb023f237cf1ae98942b0f886556d894d69d1d1068b6,4d80364375b9a2cee93bfb023f237cf1ae98942b0f886556d894d69d1d1068b6,"{""reviewId"": ""be03865b-4527-43fa-aa48-48e504d0d339"", ""userName"": ""Yogendra Chaudhary"", ""userImage"": ""https://play-lh.googleusercontent.com/a-/ALV-UjXQGtIRFUACJumQwQigfY2h5TDTKFiVL5_jnSERR7yaeh9qjtY1"", ""content"": ""This app is best for videos"", ""score"": 5, ""thumbsUpCount"": 0, ""reviewCreatedVersion"": ""21.23.483"", ""at"": ""2026-07-02 03:34:35"", ""replyContent"": null, ""repliedAt"": null, ""appVersion"": ""21.23.483""}"
run5_day2_20260703_043957,1,YouTube,com.google.android.youtube,us,en,da907dd1c22047913bdaa1ec984b22a0556766b67a1faf3a5d091e33eda579fb,886c4311-886f-4a06-bed8-d3f076a5ab1b,0,Pratyaya Biswas,4,0,2026-07-02T03:33:07+00:00,21.05.264,,,ভালো।,ভালো।,79aeadb1ff39d3b5901e8f34bf155d1b7e48769ab8a0eba1ac1e55278dfbd216,79aeadb1ff39d3b5901e8f34bf155d1b7e48769ab8a0eba1ac1e55278dfbd216,"{""reviewId"": ""886c4311-886f-4a06-bed8-d3f076a5ab1b"", ""userName"": ""Pratyaya Biswas"", ""userImage"": ""https://play-lh.googleusercontent.com/a/ACg8ocJAlbmxKsd7DO3CI8MstLlAXraLwuE92UErU8nWymfmymyTRw=mo"", ""content"": ""ভালো।"", ""score"": 4, ""thumbsUpCount"": 0, ""reviewCreatedVersion"": ""21.05.264"", ""at"": ""2026-07-02 03:33:07"", ""replyContent"": null, ""repliedAt"": null, ""appVersion"": ""21.05.264""}"
run5_day2_20260703_043957,1,YouTube,com.google.android.youtube,us,en,6b644f8abaf29d31baf4e63a88951d081100df79e9981dcf4c3bf42c179902b0,3396c0cf-a458-4813-8842-27e908e1ec02,0,chris Idk,2,0,2026-07-02T03:32:02+00:00,21.26.364,,,"Horrible app. No app has this many adds, youtube used to be a great app. now they are greedy jerks who want to put 5 ads in a 10 minute video. I do not mean 2 ads a time in a break, I mean FIVE breaks of ads. I'm very close to deleting the app considering there are plenty more services in which I can watch stuff without an ad in my face.","Horrible app. No app has this many adds, youtube used to be a great app. now they are greedy jerks who want to put 5 ads in a 10 minute video. I do not mean 2 ads a time in a break, I mean FIVE breaks of ads. I'm very close to deleting the app considering there are plenty more services in which I can watch stuff without an ad in my face.",0e29ac7d1be4c3b078c09b7ff4ac67b2d0d4c59ed54b76ae2b6267eb4e8d4ce0,0e29ac7d1be4c3b078c09b7ff4ac67b2d0d4c59ed54b76ae2b6267eb4e8d4ce0,"{""reviewId"": ""3396c0cf-a458-4813-8842-27e908e1ec02"", ""userName"": ""chris Idk"", ""userImage"": ""https://play-lh.googleusercontent.com/a-/ALV-UjXCoIGpFLsiXdPb7Fgcmg3-mshfds4lasocRhRFYI7SBsR1dM4"", ""content"": ""Horrible app. No app has this many adds, youtube used to be a great app. now they are greedy jerks who want to put 5 ads in a 10 minute video. I do not mean 2 ads a time in a break, I mean FIVE breaks of ads. I'm very close to deleting the app considering there are plenty more services in which I can watch stuff without an ad in my face."", ""score"": 2, ""thumbsUpCount"": 0, ""reviewCreatedVersion"": ""21.26.364"", ""at"": ""2026-07-02 03:32:02"", ""replyContent"": null, ""repliedAt"": null, ""appVersion"": ""21.26.364""}"
run5_day2_20260703_043957,1,YouTube,com.google.android.youtube,us,en,3e9b838c1f1b2df0b4abfc4feca295aaf14655f45732c76926d9864a8e3d0c93,68a1ccd3-fe76-49ed-be40-0d9239b31f0f,0,Lawrance West,5,0,2026-07-02T03:27:21+00:00,21.25.523,,,Love the app,Love the app,2430cec35f2a85b603e2f545783e80ca211db0f89b8a78edd4b713207c292762,2430cec35f2a85b603e2f545783e80ca211db0f89b8a78edd4b713207c292762,"{""reviewId"": ""68a1ccd3-fe76-49ed-be40-0d9239b31f0f"", ""userName"": ""Lawrance West"", ""userImage"": ""https://play-lh.googleusercontent.com/a/ACg8ocIWL6tQx-FXrCpjKysrq1tB2UlJFHK6ZEwYBPFFLg_4mUtcGA=mo"", ""content"": ""Love the app"", ""score"": 5, ""thumbsUpCount"": 0, ""reviewCreatedVersion"": ""21.25.523"", ""at"": ""2026-07-02 03:27:21"", ""replyContent"": null, ""repliedAt"": null, ""appVersion"": ""21.25.523""}"
run5_day2_20260703_043957,1,YouTube,com.google.android.youtube,us,en,53e9818d5ad4cc6ec1228e1e3986fbe7b55026a8784f8b8d3a152419bd699c0b,f8447909-4138-4f8b-aea3-0ab693db7b86,0,Serenity,1,0,2026-07-02T03:25:08+00:00,21.25.530,,,Chromecast icon no longer appearing,Chromecast icon no longer appearing,ed730b92e0dee8e7286e1cb11bdddaa252f8fdb88bb72cf2f5bc9116d69a4797,ed730b92e0dee8e7286e1cb11bdddaa252f8fdb88bb72cf2f5bc9116d69a4797,"{""reviewId"": ""f8447909-4138-4f8b-aea3-0ab693db7b86"", ""userName"": ""Serenity"", ""userImage"": ""https://play-lh.googleusercontent.com/a-/ALV-UjXHUGRFebcPP-2PHrqDP-6hd4pcPqcruB82el5fJ21ghaMYP2Al"", ""content"": ""Chromecast icon no longer appearing"", ""score"": 1, ""thumbsUpCount"": 0, ""reviewCreatedVersion"": ""21.25.530"", ""at"": ""2026-07-02 03:25:08"", ""replyContent"": null, ""repliedAt"": null, ""appVersion"": ""21.25.530""}"
run5_day2_20260703_043957,1,YouTube,com.google.android.youtube,us,en,001de1a25bdf03b81e16aa70f7c356f6254e30fcd8e577ad3a3b75ba6d8e8b90,bfca4da8-6542-4f21-b48e-1cfa5e2efbf8,0,Carolyn Smith,3,0,2026-07-02T03:23:10+00:00,21.26.364,,,"I paid for the membership, but never received an acknowledgement or perks. No different from subscribing for free.","I paid for the membership, but never received an acknowledgement or perks. No different from subscribing for free.",f4038582670d0a8ca5c1f6821d77f120cd145d7335c6d4d90a567cf7ca7897a9,f4038582670d0a8ca5c1f6821d77f120cd145d7335c6d4d90a567cf7ca7897a9,"{""reviewId"": ""bfca4da8-6542-4f21-b48e-1cfa5e2efbf8"", ""userName"": ""Carolyn Smith"", ""userImage"": ""https://play-lh.googleusercontent.com/a/ACg8ocLDqw9UsU8vaq72eVwnCq-0iJMCrqeslFhePmHMFUGdYN6M0w=mo"", ""content"": ""I paid for the membership, but never received an acknowledgement or perks. No different from subscribing for free."", ""score"": 3, ""thumbsUpCount"": 0, ""reviewCreatedVersion"": ""21.26.364"", ""at"": ""2026-07-02 03:23:10"", ""replyContent"": null, ""repliedAt"": null, ""appVersion"": ""21.26.364""}"
run5_day2_20260703_043957,1,YouTube,com.google.android.youtube,us,en,8a2b9c2fe507f71490612f14653ccd0e821626003522a6cf7d956fc38c141e1c,835a65bb-7fda-40b1-81ac-a550a66fe0d2,0,Brajesh Mishra,1,0,2026-07-02T03:23:04+00:00,21.25.523,,,ads are more than real videos.,ads are more than real videos.,a5099b3cb3dd68ff9be8fb1cbac55e04f5925e11fd6c5b9716f7c61749979652,a5099b3cb3dd68ff9be8fb1cbac55e04f5925e11fd6c5b9716f7c61749979652,"{""reviewId"": ""835a65bb-7fda-40b1-81ac-a550a66fe0d2"", ""userName"": ""Brajesh Mishra"", ""userImage"": ""https://play-lh.googleusercontent.com/a-/ALV-UjVpG7aThAe9WjfPzc6S2-kZXlvmBQXbyMsb3jlQSULLX3yHZ5naRQ"", ""content"": ""ads are more than real videos."", ""score"": 1, ""thumbsUpCount"": 0, ""reviewCreatedVersion"": ""21.25.523"", ""at"": ""2026-07-02 03:23:04"", ""replyContent"": null, ""repliedAt"": null, ""appVersion"": ""21.25.523""}"
run5_day2_20260703_043957,1,YouTube,com.google.android.youtube,us,en,ad5d573a10775d784e3c3ee690e067e89161539fbbb41d448765622a3eddbeef,c5e47037-7a15-4e28-b4e9-424309a45f18,0,Shabas Shabu,1,1,2026-07-02T03:22:03+00:00,21.25.523,,,"the ads are getting out of hand. there is the number of ads thrown at you and the type of ads that is shown in a 12+ rated app. I've seen some ads where they promote ai chatbots and you know what type these apps are and they are literally 18+ applications in the playstore. not only you can't skip them,even worse random pop up ads are also thrown to you. shame on what once was a great app. I've tried reporting and blocking these types of ads just for them to show me more of them. unbelievable.","the ads are getting out of hand. there is the number of ads thrown at you and the type of ads that is shown in a 12+ rated app. I've seen some ads where they promote ai chatbots and you know what type these apps are and they are literally 18+ applications in the playstore. not only you can't skip them,even worse random pop up ads are also thrown to you. shame on what once was a great app. I've tried reporting and blocking these types of ads just for them to show me more of them. unbelievable.",dd70a91d383914be2eecd6f68c11e1c9211970f56adbd9e00bc1bef8f262d88e,dd70a91d383914be2eecd6f68c11e1c9211970f56adbd9e00bc1bef8f262d88e,"{""reviewId"": ""c5e47037-7a15-4e28-b4e9-424309a45f18"", ""userName"": ""Shabas Shabu"", ""userImage"": ""https://play-lh.googleusercontent.com/a-/ALV-UjXcqxx5KPmTHu3qB1qZ84S2OtWdbYUcPa74n_i6j8fDmlcG6lpr"", ""content"": ""the ads are getting out of hand. there is the number of ads thrown at you and the type of ads that is shown in a 12+ rated app. I've seen some ads where they promote ai chatbots and you know what type these apps are and they are literally 18+ applications in the playstore. not only you can't skip them,even worse random pop up ads are also thrown to you. shame on what once was a great app. I've tried reporting and blocking these types of ads just for them to show me more of them. unbelievable."", ""score"": 1, ""thumbsUpCount"": 1, ""reviewCreatedVersion"": ""21.25.523"", ""at"": ""2026-07-02 03:22:03"", ""replyContent"": null, ""repliedAt"": null, ""appVersion"": ""21.25.523""}"
run5_day2_20260703_043957,1,YouTube,com.google.android.youtube,us,en,5dd7e90db4b03dafdbb7776e7ecdd967ff8e8e47498cbdef70064cd6608e8af8,3ed0c2f4-96a9-41ff-9b3d-10428d05dae0,0,Sifa Kadir,4,0,2026-07-02T03:21:04+00:00,21.26.364,,,this is the best social media app... it's better than any other thousands social app,this is the best social media app... it's better than any other thousands social app,5923d9888c7fd0462185a4917815708f3045d396b7d02a105a654145f76b4f12,5923d9888c7fd0462185a4917815708f3045d396b7d02a105a654145f76b4f12,"{""reviewId"": ""3ed0c2f4-96a9-41ff-9b3d-10428d05dae0"", ""userName"": ""Sifa Kadir"", ""userImage"": ""https://play-lh.googleusercontent.com/a/ACg8ocKLEvC8lgycxes1zWvxQ2WnhpUzZnsmyIBHcC99e3xaXnrJBw=mo"", ""content"": ""this is the best social media app... it's better than any other thousands social app"", ""score"": 4, ""thumbsUpCount"": 0, ""reviewCreatedVersion"": ""21.26.364"", ""at"": ""2026-07-02 03:21:04"", ""replyContent"": null, ""repliedAt"": null, ""appVersion"": ""21.26.364""}"
run5_day2_20260703_043957,1,YouTube,com.google.android.youtube,us,en,9e9363ae59720b45cbd532ad2e063a46d7b8a3949ed140ec309c03da9ea232e6,d9d102d3-5743-4e6b-bb6b-9181fb7bf106,0,Priya Malviya,2,0,2026-07-02T03:19:59+00:00,20.51.39,,,not dollod,not dollod,f27649b23341801ca1bca72a5be629864f57019414fbfe89bc0b61efbb3fcf6e,f27649b23341801ca1bca72a5be629864f57019414fbfe89bc0b61efbb3fcf6e,"{""reviewId"": ""d9d102d3-5743-4e6b-bb6b-9181fb7bf106"", ""userName"": ""Priya Malviya"", ""userImage"": ""https://play-lh.googleusercontent.com/a/ACg8ocKnRjbG6oGBdWiETgyyHc0EA7zMAoVUfdCoRqFv6QqUOXNaRg=mo"", ""content"": ""not dollod"", ""score"": 2, ""thumbsUpCount"": 0, ""reviewCreatedVersion"": ""20.51.39"", ""at"": ""2026-07-02 03:19:59"", ""replyContent"": null, ""repliedAt"": null, ""appVersion"": ""20.51.39""}"
run5_day2_20260703_043957,1,YouTube,com.google.android.youtube,us,en,648bea3ec1a12062df196fa9f4c2df32f8963f9e79aabada2e22ccca9acadeb6,a2b1ea6b-b8c8-4175-8994-c52e3efdd337,0,Blissful Pauper,1,1,2026-07-02T03:19:57+00:00,21.25.530,,,"They took away the dislike button, now every 3rd video is A.I.","They took away the dislike button, now every 3rd video is A.I.",d32014ceb3ecebc6f81dfadca41606ffe2c85b15f56ca07dd53ccd8ae57ae083,d32014ceb3ecebc6f81dfadca41606ffe2c85b15f56ca07dd53ccd8ae57ae083,"{""reviewId"": ""a2b1ea6b-b8c8-4175-8994-c52e3efdd337"", ""userName"": ""Blissful Pauper"", ""userImage"": ""https://play-lh.googleusercontent.com/a-/ALV-UjVcXi_nq72NHbamlrtlF2SV3G_kQO54aV70XmhtwamQEe8svUsf"", ""content"": ""They took away the dislike button, now every 3rd video is A.I."", ""score"": 1, ""thumbsUpCount"": 1, ""reviewCreatedVersion"": ""21.25.530"", ""at"": ""2026-07-02 03:19:57"", ""replyContent"": null, ""repliedAt"": null, ""appVersion"": ""21.25.530""}"
run5_day2_20260703_043957,1,YouTube,com.google.android.youtube,us,en,b816fe7ea463509749552299a2c59dcd27a822e8acc01d5059e49c8b120a5f6a,10146c62-fe1a-4a90-9446-44d89a0b2e41,0,Samantha,2,0,2026-07-02T03:19:56+00:00,21.26.364,,,needs an update,needs an update,16ca6d8a553a47c8b805c063c136d36c3811c7b127fc92013a986e599823d01a,16ca6d8a553a47c8b805c063c136d36c3811c7b127fc92013a986e599823d01a,"{""reviewId"": ""10146c62-fe1a-4a90-9446-44d89a0b2e41"", ""userName"": ""Samantha"", ""userImage"": ""https://play-lh.googleusercontent.com/a-/ALV-UjXB0OfMbSHy_Rn6hIFCkrlJNvIMoryeq3zfboZQxpQsSpelKCHD"", ""content"": ""needs an update"", ""score"": 2, ""thumbsUpCount"": 0, ""reviewCreatedVersion"": ""21.26.364"", ""at"": ""2026-07-02 03:19:56"", ""replyContent"": null, ""repliedAt"": null, ""appVersion"": ""21.26.364""}"
run5_day2_20260703_043957,1,YouTube,com.google.android.youtube,us,en,17c556d726b1816afa25a301d8b44812b5a7238434df1c37e9e5f382402fe636,5cdcc727-2b28-45fa-a0c0-caf10ed98c03,0,Shawn Smith,1,15,2026-07-02T03:19:40+00:00,21.26.364-SECONDARY,,,"The like button and save button keeps disappearing on all devices. My phone and tablet. I've cleared the cache, uninstalled and reinstalled and updated dozens of times on both devices and it only comes back temporarily and I have to do it again the next time I use the app. I'm about to uninstall and reinstall on both devices yet again. update, after mostly working for a few weeks it's happening again but worse, now comments are greyed out also. can't like, subscribe, save, or read comments.","The like button and save button keeps disappearing on all devices. My phone and tablet. I've cleared the cache, uninstalled and reinstalled and updated dozens of times on both devices and it only comes back temporarily and I have to do it again the next time I use the app. I'm about to uninstall and reinstall on both devices yet again. update, after mostly working for a few weeks it's happening again but worse, now comments are greyed out also. can't like, subscribe, save, or read comments.",5cd33fd4d26c4f8fe2447e0988484753bea6d3534bc1ef9f4da1f3bd05af9cf3,5cd33fd4d26c4f8fe2447e0988484753bea6d3534bc1ef9f4da1f3bd05af9cf3,"{""reviewId"": ""5cdcc727-2b28-45fa-a0c0-caf10ed98c03"", ""userName"": ""Shawn Smith"", ""userImage"": ""https://play-lh.googleusercontent.com/a/ACg8ocLCjLZi_Y7IpkNBgH23v6jU8k5zK_TyeWS69D6ZGzCyK5bbmg=mo"", ""content"": ""The like button and save button keeps disappearing on all devices. My phone and tablet. I've cleared the cache, uninstalled and reinstalled and updated dozens of times on both devices and it only comes back temporarily and I have to do it again the next time I use the app. I'm about to uninstall and reinstall on both devices yet again. update, after mostly working for a few weeks it's happening again but worse, now comments are greyed out also. can't like, subscribe, save, or read comments."", ""score"": 1, ""thumbsUpCount"": 15, ""reviewCreatedVersion"": ""21.26.364-SECONDARY"", ""at"": ""2026-07-02 03:19:40"", ""replyContent"": null, ""repliedAt"": null, ""appVersion"": ""21.26.364-SECONDARY""}"
run5_day2_20260703_043957,1,YouTube,com.google.android.youtube,us,en,0bb9e8af36fb5b3e300c11b652c0277e1ae8f08c04a8543bae693146d85c528b,d0fb8280-04bd-4bdf-8f10-5a92afb55170,0,King Bored,2,90,2026-07-02T03:19:03+00:00,21.26.364,,,7/1/26 not being able to give a thumbs down to shorts is ridiculous. You're taking away our voice. Thumbs down a the way for us to tell creators we like that we didn't like a particular video. Thumbs down isn't just about my algorithm. It's a form of expression. Now the alternative is just ban the channel of any video I want to thumbs down? Also the app continues to have its nasty habit of inserting videos I don't ask for into my carefully selected que of videos. 👎,7/1/26 not being able to give a thumbs down to shorts is ridiculous. You're taking away our voice. Thumbs down a the way for us to tell creators we like that we didn't like a particular video. Thumbs down isn't just about my algorithm. It's a form of expression. Now the alternative is just ban the channel of any video I want to thumbs down? Also the app continues to have its nasty habit of inserting videos I don't ask for into my carefully selected que of videos. 👎,b2d130adf4b9682d7968448d21e9ac818700580dd4beb29109bdb6c78be6c412,b2d130adf4b9682d7968448d21e9ac818700580dd4beb29109bdb6c78be6c412,"{""reviewId"": ""d0fb8280-04bd-4bdf-8f10-5a92afb55170"", ""userName"": ""King Bored"", ""userImage"": ""https://play-lh.googleusercontent.com/a/ACg8ocJ74kG_x81ymqt2VlPcXZEDgquR6qacgxNYB4q0gm-Uwmpqvw=mo"", ""content"": ""7/1/26 not being able to give a thumbs down to shorts is ridiculous. You're taking away our voice. Thumbs down a the way for us to tell creators we like that we didn't like a particular video. Thumbs down isn't just about my algorithm. It's a form of expression. Now the alternative is just ban the channel of any video I want to thumbs down? Also the app continues to have its nasty habit of inserting videos I don't ask for into my carefully selected que of videos. 👎"", ""score"": 2, ""thumbsUpCount"": 90, ""reviewCreatedVersion"": ""21.26.364"", ""at"": ""2026-07-02 03:19:03"", ""replyContent"": null, ""repliedAt"": null, ""appVersion"": ""21.26.364""}"
run5_day2_20260703_043957,1,YouTube,com.google.android.youtube,us,en,344a035ef0d179c6ab034e0dbc18856ec7dd5db42462a9fa75b1932260f56ceb,f8e04268-5d04-49d6-a45e-0a9a427d7f1a,0,Jhermie Cruz,1,1,2026-07-02T03:18:27+00:00,21.26.364,,,"YouTube algorithm is not base on my activity, nor my location","YouTube algorithm is not base on my activity, nor my location",78c78d1075a33004c089acc718573bc642409722f4471484f638b6e90b460bfb,78c78d1075a33004c089acc718573bc642409722f4471484f638b6e90b460bfb,"{""reviewId"": ""f8e04268-5d04-49d6-a45e-0a9a427d7f1a"", ""userName"": ""Jhermie Cruz"", ""userImage"": ""https://play-lh.googleusercontent.com/a/ACg8ocJTt2J-EdyD9c7F83yynxC0r3IWpw_iOwsRAQlVMVAX5ejKWw=mo"", ""content"": ""YouTube algorithm is not base on my activity, nor my location"", ""score"": 1, ""thumbsUpCount"": 1, ""reviewCreatedVersion"": ""21.26.364"", ""at"": ""2026-07-02 03:18:27"", ""replyContent"": null, ""repliedAt"": null, ""appVersion"": ""21.26.364""}"
run5_day2_20260703_043957,1,YouTube,com.google.android.youtube,us,en,dafdcdbf59b984c7c3c6225042a00e0a0019ebe0f61af1d7ce74115138f1abe8,1f4a7df0-3488-4186-a48a-0af270896514,0,Moraa,5,0,2026-07-02T03:17:42+00:00,21.26.364,,,"I absolutely love youtube so much, I love watching youtube and youtube shorts. I think u guys should do a collaboration with a celebrity or someone. I love youtube so much❤️","I absolutely love youtube so much, I love watching youtube and youtube shorts. I think u guys should do a collaboration with a celebrity or someone. I love youtube so much❤️",dddf5db86106be864ccb7e684cd1b424b6c909528581b33ebd78f637dbe5f908,dddf5db86106be864ccb7e684cd1b424b6c909528581b33ebd78f637dbe5f908,"{""reviewId"": ""1f4a7df0-3488-4186-a48a-0af270896514"", ""userName"": ""Moraa"", ""userImage"": ""https://play-lh.googleusercontent.com/a-/ALV-UjWueAKQdV9rt5uR4XBO8HIPSTjgdA0DPkshDKuiUWxeN5V8mKrB"", ""content"": ""I absolutely love youtube so much, I love watching youtube and youtube shorts. I think u guys should do a collaboration with a celebrity or someone. I love youtube so much❤️"", ""score"": 5, ""thumbsUpCount"": 0, ""reviewCreatedVersion"": ""21.26.364"", ""at"": ""2026-07-02 03:17:42"", ""replyContent"": null, ""repliedAt"": null, ""appVersion"": ""21.26.364""}"
run5_day2_20260703_043957,1,YouTube,com.google.android.youtube,us,en,8ba0c5678b7291aa962a51f8407b84af1dfa50888d6366239de9d5de16d4f2bf,50069c04-00dd-4640-a737-7aad605318d3,0,Rahul Ron,4,0,2026-07-02T03:17:17+00:00,13.07.55,,,nice,nice,e186022d0931afe9fe0690857e32f85e50165e7fbe0966d49609ef1981f920c6,e186022d0931afe9fe0690857e32f85e50165e7fbe0966d49609ef1981f920c6,"{""reviewId"": ""50069c04-00dd-4640-a737-7aad605318d3"", ""userName"": ""Rahul Ron"", ""userImage"": ""https://play-lh.googleusercontent.com/a/ACg8ocI9g9JjgIgGojPA4SwZYgqxLLyPgVF0nW9pgwkf-YDQNcWAjA=mo"", ""content"": ""nice"", ""score"": 4, ""thumbsUpCount"": 0, ""reviewCreatedVersion"": ""13.07.55"", ""at"": ""2026-07-02 03:17:17"", ""replyContent"": null, ""repliedAt"": null, ""appVersion"": ""13.07.55""}"
run5_day2_20260703_043957,1,YouTube,com.google.android.youtube,us,en,8f5fc75b2f1e452e50ff6a7196f82346d40d2a50f01e5933bdd013414bd29dcb,adf863f9-56ff-4c35-a4c8-f4e27c30cfda,0,Zul Hilmi,1,0,2026-07-02T03:15:05+00:00,21.25.523,,,Ads kill the app,Ads kill the app,cb15ed4d0d9473ece49810687cbc6b3c532fcb6d6daa051cb060f1d73f7b2e75,cb15ed4d0d9473ece49810687cbc6b3c532fcb6d6daa051cb060f1d73f7b2e75,"{""reviewId"": ""adf863f9-56ff-4c35-a4c8-f4e27c30cfda"", ""userName"": ""Zul Hilmi"", ""userImage"": ""https://play-lh.googleusercontent.com/a/ACg8ocLf_SR6VgF6QvcdrhLG_XxvOmipAJb7dPU1DIddu7g0cRfJTEE=mo"", ""content"": ""Ads kill the app"", ""score"": 1, ""thumbsUpCount"": 0, ""reviewCreatedVersion"": ""21.25.523"", ""at"": ""2026-07-02 03:15:05"", ""replyContent"": null, ""repliedAt"": null, ""appVersion"": ""21.25.523""}"
run5_day2_20260703_043957,1,YouTube,com.google.android.youtube,us,en,6ec69d2e2ea8f8097ab81d5b3131e485dc2ef6fe6d626cfcfaeb119596cf3952,d62d72e0-23c3-4da9-9600-f6b0fa9270e4,0,Benjamin Selvaraj,5,0,2026-07-02T03:13:33+00:00,4.4.11,,,Very good,Very good,06a2935e6f57d4494a9017393d4f3b5a7a3d4df4e26b25f853b27b6ae1d6f821,06a2935e6f57d4494a9017393d4f3b5a7a3d4df4e26b25f853b27b6ae1d6f821,"{""reviewId"": ""d62d72e0-23c3-4da9-9600-f6b0fa9270e4"", ""userName"": ""Benjamin Selvaraj"", ""userImage"": ""https://play-lh.googleusercontent.com/a/ACg8ocIzx8xZa4yt6xhI0sLrPFNAzHUZEtLQnDDvTuSOEZJzlFt-ug=mo"", ""content"": ""Very good"", ""score"": 5, ""thumbsUpCount"": 0, ""reviewCreatedVersion"": ""4.4.11"", ""at"": ""2026-07-02 03:13:33"", ""replyContent"": null, ""repliedAt"": null, ""appVersion"": ""4.4.11""}"
run5_day2_20260703_043957,1,YouTube,com.google.android.youtube,us,en,6cde2cbfe2e0db8c14f9606e59a42a3acc48f67e81416abec1f9f98016a288ff,ae8fd6c4-dfe1-4dfb-b783-9ce8c4fc912b,0,Nightingale Guild,3,0,2026-07-02T03:13:27+00:00,21.25.529,,,It's ok. Mines start a random youtube short video after opening the app. Ita been doing this as of 07/01/26,It's ok. Mines start a random youtube short video after opening the app. Ita been doing this as of 07/01/26,1ff8cb6d136bc2bf94e5bd8be5163d5bd58b95328520e7ddbab2939689108112,1ff8cb6d136bc2bf94e5bd8be5163d5bd58b95328520e7ddbab2939689108112,"{""reviewId"": ""ae8fd6c4-dfe1-4dfb-b783-9ce8c4fc912b"", ""userName"": ""Nightingale Guild"", ""userImage"": ""https://play-lh.googleusercontent.com/a-/ALV-UjUkNtojqlvw7onOHk5y7NW7Zc-G5SHhg313RpFzDWsHOPzuQng"", ""content"": ""It's ok. Mines start a random youtube short video after opening the app. Ita been doing this as of 07/01/26"", ""score"": 3, ""thumbsUpCount"": 0, ""reviewCreatedVersion"": ""21.25.529"", ""at"": ""2026-07-02 03:13:27"", ""replyContent"": null, ""repliedAt"": null, ""appVersion"": ""21.25.529""}"
run5_day2_20260703_043957,1,YouTube,com.google.android.youtube,us,en,aaaef9266cf58961cfbc4bd60a4bd370a2d5ec9742e1d6214b9983ebf7b3db37,f17d6554-89e7-4b9f-aeda-30ff656a0a7c,0,Ghulam Abbas,5,0,2026-07-02T03:12:49+00:00,15.26.34,,,good,good,770e607624d689265ca6c44884d0807d9b054d23c473c106c72be9de08b7376c,770e607624d689265ca6c44884d0807d9b054d23c473c106c72be9de08b7376c,"{""reviewId"": ""f17d6554-89e7-4b9f-aeda-30ff656a0a7c"", ""userName"": ""Ghulam Abbas"", ""userImage"": ""https://play-lh.googleusercontent.com/a/ACg8ocJKCVXQiEfiWu-stVO43mXa87aJM2eQQvms_9bIef8TMs1eYg=mo"", ""content"": ""good"", ""score"": 5, ""thumbsUpCount"": 0, ""reviewCreatedVersion"": ""15.26.34"", ""at"": ""2026-07-02 03:12:49"", ""replyContent"": null, ""repliedAt"": null, ""appVersion"": ""15.26.34""}"
run5_day2_20260703_043957,1,YouTube,com.google.android.youtube,us,en,d38e03076c3e27f7d0d8b69c15eae205f898f0a44220d12082c31973c6aec6dd,dd9142e5-441f-4459-8f14-341cde6f7f68,0,Dugggu Rana,5,0,2026-07-02T03:12:24+00:00,21.25.523,,,Mast app,Mast app,6ff656a5d9dcb07e990617637024cccc7b2da1c6ef665fdfa8391d9e1e75137e,6ff656a5d9dcb07e990617637024cccc7b2da1c6ef665fdfa8391d9e1e75137e,"{""reviewId"": ""dd9142e5-441f-4459-8f14-341cde6f7f68"", ""userName"": ""Dugggu Rana"", ""userImage"": ""https://play-lh.googleusercontent.com/a/ACg8ocLO9HATBICciRHLJPMphi7o5h6kOSJASJ9fpAUaaMcsWIZ9UQ=mo"", ""content"": ""Mast app"", ""score"": 5, ""thumbsUpCount"": 0, ""reviewCreatedVersion"": ""21.25.523"", ""at"": ""2026-07-02 03:12:24"", ""replyContent"": null, ""repliedAt"": null, ""appVersion"": ""21.25.523""}"
run5_day2_20260703_043957,1,YouTube,com.google.android.youtube,us,en,5c67dd9a1d31381f8f1b597f96292c54d9aabc27c8b5bc6005fd688f58863985,5a240752-4237-4651-a7ac-05a543a534de,0,Reed Earl,1,1,2026-07-02T03:12:11+00:00,21.25.523,,,Put the dislike button back on shorts.,Put the dislike button back on shorts.,4691b9dfd0cf7d6aade0dec2326cfa74093dd5fc54e2d3e23dbf5dce722c3103,4691b9dfd0cf7d6aade0dec2326cfa74093dd5fc54e2d3e23dbf5dce722c3103,"{""reviewId"": ""5a240752-4237-4651-a7ac-05a543a534de"", ""userName"": ""Reed Earl"", ""userImage"": ""https://play-lh.googleusercontent.com/a-/ALV-UjXOdxHz-RHNaiEptppNtvnmJLImCF-Q_kl9a_4VxPFhR6wIYx2D"", ""content"": ""Put the dislike button back on shorts."", ""score"": 1, ""thumbsUpCount"": 1, ""reviewCreatedVersion"": ""21.25.523"", ""at"": ""2026-07-02 03:12:11"", ""replyContent"": null, ""repliedAt"": null, ""appVersion"": ""21.25.523""}"
run5_day2_20260703_043957,1,YouTube,com.google.android.youtube,us,en,76cc95f18b8b311f684d1b36a261587f06cde80fa744c7b5731e9042f21dc581,f9c4f599-86d5-4a8c-bca9-93ecf6fe1000,0,Mary Jane Gultiano,5,0,2026-07-02T03:11:01+00:00,17.07.35,,,good,good,770e607624d689265ca6c44884d0807d9b054d23c473c106c72be9de08b7376c,770e607624d689265ca6c44884d0807d9b054d23c473c106c72be9de08b7376c,"{""reviewId"": ""f9c4f599-86d5-4a8c-bca9-93ecf6fe1000"", ""userName"": ""Mary Jane Gultiano"", ""userImage"": ""https://play-lh.googleusercontent.com/a/ACg8ocJ1Cs6y3C-T-RkWDaU7hrUiPTZVSuzuFdVUyTu_vlzO-X782Q=mo"", ""content"": ""good"", ""score"": 5, ""thumbsUpCount"": 0, ""reviewCreatedVersion"": ""17.07.35"", ""at"": ""2026-07-02 03:11:01"", ""replyContent"": null, ""repliedAt"": null, ""appVersion"": ""17.07.35""}"
run5_day2_20260703_043957,1,YouTube,com.google.android.youtube,us,en,4f31fab95a1c8b5b3ba35aac828f8846deb571d958755e353c3afc5be594d605,c4f2f329-23a8-4497-b8e5-394ab5dbc3be,0,Avijit Das,5,0,2026-07-02T03:10:19+00:00,21.26.364,,,👍,👍,5d57d39e6b7d8ea050980e6665bb1da357db14249d74e122f7d4e8cc2253beff,5d57d39e6b7d8ea050980e6665bb1da357db14249d74e122f7d4e8cc2253beff,"{""reviewId"": ""c4f2f329-23a8-4497-b8e5-394ab5dbc3be"", ""userName"": ""Avijit Das"", ""userImage"": ""https://play-lh.googleusercontent.com/a-/ALV-UjV2K0D7LdjS-zIPuq8HXkVy6cdf3FMt1F6wLkeN2HYlDrnMB4uS"", ""content"": ""👍"", ""score"": 5, ""thumbsUpCount"": 0, ""reviewCreatedVersion"": ""21.26.364"", ""at"": ""2026-07-02 03:10:19"", ""replyContent"": null, ""repliedAt"": null, ""appVersion"": ""21.26.364""}"
run5_day2_20260703_043957,1,YouTube,com.google.android.youtube,us,en,d2fd2dba016dfd793489e4d08e29515c3e32aceabe156c7dbc2315cc4c5f1e15,ae3b129f-ced2-494b-b747-fbcabd152901,0,6bias,1,1,2026-07-02T03:08:38+00:00,21.24.368,,,Youtube is adding stuff no one asked for,Youtube is adding stuff no one asked for,ed24eab7205c159aae45b2a3e2832753776717581aacd9ecc52f1ab98632ed64,ed24eab7205c159aae45b2a3e2832753776717581aacd9ecc52f1ab98632ed64,"{""reviewId"": ""ae3b129f-ced2-494b-b747-fbcabd152901"", ""userName"": ""6bias"", ""userImage"": ""https://play-lh.googleusercontent.com/a-/ALV-UjV9NqbxtBxkHVwIh4rSvXOOUYfZiS-ZOX_uSw7ioYre-Ury0KA"", ""content"": ""Youtube is adding stuff no one asked for"", ""score"": 1, ""thumbsUpCount"": 1, ""reviewCreatedVersion"": ""21.24.368"", ""at"": ""2026-07-02 03:08:38"", ""replyContent"": null, ""repliedAt"": null, ""appVersion"": ""21.24.368""}"
run5_day2_20260703_043957,1,YouTube,com.google.android.youtube,us,en,a01659db38dad789f4b1894ceffb26e5b6f261837cdccb7177d1c1b5920d8823,caed841a-be42-475b-9b5a-b2c35fbe4e0a,0,Parthasarathi Sarkar,3,0,2026-07-02T03:03:19+00:00,21.26.364,,,where has the dislike button gone?,where has the dislike button gone?,0ea7d5abf661d9e19c83a211b3feae01f69346236f36f94f00824423b0e62ad2,0ea7d5abf661d9e19c83a211b3feae01f69346236f36f94f00824423b0e62ad2,"{""reviewId"": ""caed841a-be42-475b-9b5a-b2c35fbe4e0a"", ""userName"": ""Parthasarathi Sarkar"", ""userImage"": ""https://play-lh.googleusercontent.com/a/ACg8ocJCEqBZdh6ZZ6_ljUm0aXSS6MQr3oYjaHID-zzHAQN_FCIix2j-=mo"", ""content"": ""where has the dislike button gone?"", ""score"": 3, ""thumbsUpCount"": 0, ""reviewCreatedVersion"": ""21.26.364"", ""at"": ""2026-07-02 03:03:19"", ""replyContent"": null, ""repliedAt"": null, ""appVersion"": ""21.26.364""}"
run5_day2_20260703_043957,1,YouTube,com.google.android.youtube,us,en,19050927791e099e541349ad90f085233b90d1d9519349468551d69fea349d12,c97c1442-05dd-4c29-b08f-8958424dc56a,0,Connor Spotts,5,0,2026-07-02T03:02:02+00:00,21.26.364,,,It's cool,It's cool,5989418ad12c0cdd2aebc5897782151cc9686ea711044cbeff924c0d668205ca,5989418ad12c0cdd2aebc5897782151cc9686ea711044cbeff924c0d668205ca,"{""reviewId"": ""c97c1442-05dd-4c29-b08f-8958424dc56a"", ""userName"": ""Connor Spotts"", ""userImage"": ""https://play-lh.googleusercontent.com/a/ACg8ocKQIuMvSKMW3-FVrcLkfgHbY0C0KyQOcQ2Cs5A_oJ2O07Tmrw=mo"", ""content"": ""It's cool"", ""score"": 5, ""thumbsUpCount"": 0, ""reviewCreatedVersion"": ""21.26.364"", ""at"": ""2026-07-02 03:02:02"", ""replyContent"": null, ""repliedAt"": null, ""appVersion"": ""21.26.364""}"
run5_day2_20260703_043957,1,YouTube,com.google.android.youtube,us,en,52e58aade00c46a50b626e9bb1ff40e58182e22acee5733a1f3f4aac13eabb0f,692a8137-98e6-46c4-8236-72d3470b1561,0,Syed Zain Ul Abdin Shah,1,1,2026-07-02T03:02:00+00:00,21.26.364-SECONDARY,,,what's wrong with this ad after every 5 mins are you telling me to use an ad blocker???,what's wrong with this ad after every 5 mins are you telling me to use an ad blocker???,0cca926908a2d22ee0fdfb534f6605d8d2893c7d5e75dbac9cf7c98ad7a9e4f6,0cca926908a2d22ee0fdfb534f6605d8d2893c7d5e75dbac9cf7c98ad7a9e4f6,"{""reviewId"": ""692a8137-98e6-46c4-8236-72d3470b1561"", ""userName"": ""Syed Zain Ul Abdin Shah"", ""userImage"": ""https://play-lh.googleusercontent.com/a/ACg8ocKwc0iB4A_5fwaP4p4tub3kTf3rcxhr3C-U3JPBPfuAOseRsrQ=mo"", ""content"": ""what's wrong with this ad after every 5 mins are you telling me to use an ad blocker???"", ""score"": 1, ""thumbsUpCount"": 1, ""reviewCreatedVersion"": ""21.26.364-SECONDARY"", ""at"": ""2026-07-02 03:02:00"", ""replyContent"": null, ""repliedAt"": null, ""appVersion"": ""21.26.364-SECONDARY""}"
run5_day2_20260703_043957,1,YouTube,com.google.android.youtube,us,en,3db0ffa60db34d87af292cc50c10b72d8e5ecd4baec6d66a4c6094dc279618e7,e88e7023-6832-4144-9319-8c4d7b693d30,0,Gloria dlc Vasquez,4,0,2026-07-02T03:00:46+00:00,21.25.530,,,enjoy the dramas,enjoy the dramas,5f43b3f6efffd290d82fb93679d764d3382829f71971ea8f870b6f3c990e0f34,5f43b3f6efffd290d82fb93679d764d3382829f71971ea8f870b6f3c990e0f34,"{""reviewId"": ""e88e7023-6832-4144-9319-8c4d7b693d30"", ""userName"": ""Gloria dlc Vasquez"", ""userImage"": ""https://play-lh.googleusercontent.com/a-/ALV-UjXYmSZeE9srdEBGKwA1Laf2n9D6p1NxeNvmQzsWkJBZPQSjswyg"", ""content"": ""enjoy the dramas"", ""score"": 4, ""thumbsUpCount"": 0, ""reviewCreatedVersion"": ""21.25.530"", ""at"": ""2026-07-02 03:00:46"", ""replyContent"": null, ""repliedAt"": null, ""appVersion"": ""21.25.530""}"
run5_day2_20260703_043957,1,YouTube,com.google.android.youtube,us,en,d4d43b444cff62eaf5c1c8874d021bd26b02ee1fcf60285be33012c2b73b019a,7dd9d575-7d89-490b-96d6-3925da9d78bf,0,captain drago,1,1,2026-07-02T02:57:19+00:00,21.25.523,,,they are slowly getting rid of any way of disliking which I find to be a very bad move,they are slowly getting rid of any way of disliking which I find to be a very bad move,f2a908a8c7a85f98c783c63ccdc94ae5a8ebe5eb4654dc734f1790228bc05760,f2a908a8c7a85f98c783c63ccdc94ae5a8ebe5eb4654dc734f1790228bc05760,"{""reviewId"": ""7dd9d575-7d89-490b-96d6-3925da9d78bf"", ""userName"": ""captain drago"", ""userImage"": ""https://play-lh.googleusercontent.com/a/ACg8ocIdkA07GFNvGgFt4Uzf0husL2zfh73RX9NFLD5xA5-RTBAwHQ=mo"", ""content"": ""they are slowly getting rid of any way of disliking which I find to be a very bad move"", ""score"": 1, ""thumbsUpCount"": 1, ""reviewCreatedVersion"": ""21.25.523"", ""at"": ""2026-07-02 02:57:19"", ""replyContent"": null, ""repliedAt"": null, ""appVersion"": ""21.25.523""}"
run5_day2_20260703_043957,1,YouTube,com.google.android.youtube,us,en,174ed48795146f5d5e7dfc44ab3bfc7304d7c05c140eaf0c13498c3efc5ce6fa,230bb4a8-674a-4140-bff0-06021955eb15,0,Animal Dealer,5,0,2026-07-02T02:53:50+00:00,21.25.523,,,i love youtube so much👌❤️✅️,i love youtube so much👌❤️✅️,93bf396c144053f99c89479ba008c5456c9f93ac106f4d78355a3762c9696854,93bf396c144053f99c89479ba008c5456c9f93ac106f4d78355a3762c9696854,"{""reviewId"": ""230bb4a8-674a-4140-bff0-06021955eb15"", ""userName"": ""Animal Dealer"", ""userImage"": ""https://play-lh.googleusercontent.com/a/ACg8ocLkPXnNfvoCrVn6S_38CdBNX9IJQPubLjUP7vj0G503NUccKA=mo"", ""content"": ""i love youtube so much👌❤️✅️"", ""score"": 5, ""thumbsUpCount"": 0, ""reviewCreatedVersion"": ""21.25.523"", ""at"": ""2026-07-02 02:53:50"", ""replyContent"": null, ""repliedAt"": null, ""appVersion"": ""21.25.523""}"
run5_day2_20260703_043957,1,YouTube,com.google.android.youtube,us,en,899274e5e67b2aaba07e8ff1da637b1250e1f57b4fe6956d610ed2a7aac39114,e56d97d3-7587-4d8a-98dd-c3948b8cc0dc,0,Tamim bhai Tamim bhai,5,0,2026-07-02T02:53:31+00:00,21.25.528,,,লং ভিডিও আপলোড করতে পারছি না প্লিজ খুলে দেন,লং ভিডিও আপলোড করতে পারছি না প্লিজ খুলে দেন,6c3af7f971970979a1151e3d8ddecb6f783ed749c2d45fe4b84e108c36c46c73,6c3af7f971970979a1151e3d8ddecb6f783ed749c2d45fe4b84e108c36c46c73,"{""reviewId"": ""e56d97d3-7587-4d8a-98dd-c3948b8cc0dc"", ""userName"": ""Tamim bhai Tamim bhai"", ""userImage"": ""https://play-lh.googleusercontent.com/a/ACg8ocIIwvxyM2iio9kbvdZOzfSo0IsYhyToLUfqBS3yXwUP2vo4bw=mo"", ""content"": ""লং ভিডিও আপলোড করতে পারছি না প্লিজ খুলে দেন"", ""score"": 5, ""thumbsUpCount"": 0, ""reviewCreatedVersion"": ""21.25.528"", ""at"": ""2026-07-02 02:53:31"", ""replyContent"": null, ""repliedAt"": null, ""appVersion"": ""21.25.528""}"
run5_day2_20260703_043957,2,TikTok,com.zhiliaoapp.musically,us,en,c9411a877f9982158a5aad2a71788afb9fe055554a0b1f92df26021882a0d747,0456097f-3703-48b9-8b1f-7c7e1403b45e,0,Daniel,5,0,2026-07-02T04:38:54+00:00,45.7.3,,,tictoc is a great app for entertainment,tictoc is a great app for entertainment,8053fc3115fd8f3adb89ff55c92ec4f80b0701b363811cf9fd72a7ea9b972efd,8053fc3115fd8f3adb89ff55c92ec4f80b0701b363811cf9fd72a7ea9b972efd,"{""reviewId"": ""0456097f-3703-48b9-8b1f-7c7e1403b45e"", ""userName"": ""Daniel"", ""userImage"": ""https://play-lh.googleusercontent.com/a-/ALV-UjV69fN3XD7e360AvOtPmWV61MIMvT7l_zjdpWuNojf9l_t7SzCo"", ""content"": ""tictoc is a great app for entertainment"", ""score"": 5, ""thumbsUpCount"": 0, ""reviewCreatedVersion"": ""45.7.3"", ""at"": ""2026-07-02 04:38:54"", ""replyContent"": null, ""repliedAt"": null, ""appVersion"": ""45.7.3""}"
run5_day2_20260703_043957,2,TikTok,com.zhiliaoapp.musically,us,en,aa2fcf8f5c9e9b72f3354da9443bd784f14be6fee867f7d95443c58e785bdbf4,7ee32dd0-c766-41f7-93c3-712ff3ed2cb5,0,Willyamns Gomez,5,0,2026-07-02T04:33:11+00:00,45.7.3,¡Hola! Gracias por tomarte el tiempo de compartir tus comentarios. Apreciamos mucho tu apoyo.,2026-07-02T05:00:12+00:00,me gusta,me gusta,7bf13806330334b3db67bdd3466e82d6e856938c552fee8dc83d05983d6f6368,7bf13806330334b3db67bdd3466e82d6e856938c552fee8dc83d05983d6f6368,"{""reviewId"": ""7ee32dd0-c766-41f7-93c3-712ff3ed2cb5"", ""userName"": ""Willyamns Gomez"", ""userImage"": ""https://play-lh.googleusercontent.com/a-/ALV-UjX48S7F4ATzQ3iZA_dgsOJVDI8u7WjX0qkV2v3hjTrBN3b408w"", ""content"": ""me gusta"", ""score"": 5, ""thumbsUpCount"": 0, ""reviewCreatedVersion"": ""45.7.3"", ""at"": ""2026-07-02 04:33:11"", ""replyContent"": ""¡Hola! Gracias por tomarte el tiempo de compartir tus comentarios. Apreciamos mucho tu apoyo."", ""repliedAt"": ""2026-07-02 05:00:12"", ""appVersion"": ""45.7.3""}"
run5_day2_20260703_043957,2,TikTok,com.zhiliaoapp.musically,us,en,b64a49fd19c030fd9c1387da039ac35d0e23ec71416202e6ffaa28fe3168cf86,94a6ee1b-d804-46fc-9c6a-de1d07e6610f,0,Alejandro Borjas,5,0,2026-07-02T04:30:01+00:00,,¡Hola! Gracias por tomarte el tiempo de compartir tus comentarios. Apreciamos mucho tu apoyo.,2026-07-02T04:40:11+00:00,"esta app es mi favorita ,🥰","esta app es mi favorita ,🥰",e9e630f9732091e1ff7e1632629e39df3c08ef63087e9828036fc1bc02605bc1,e9e630f9732091e1ff7e1632629e39df3c08ef63087e9828036fc1bc02605bc1,"{""reviewId"": ""94a6ee1b-d804-46fc-9c6a-de1d07e6610f"", ""userName"": ""Alejandro Borjas"", ""userImage"": ""https://play-lh.googleusercontent.com/a/ACg8ocLbAeJjjV80kUTT8wjdnEZiMV8bPPZD6SVx5MajGgX8O-bytg=mo"", ""content"": ""esta app es mi favorita ,🥰"", ""score"": 5, ""thumbsUpCount"": 0, ""reviewCreatedVersion"": null, ""at"": ""2026-07-02 04:30:01"", ""replyContent"": ""¡Hola! Gracias por tomarte el tiempo de compartir tus comentarios. Apreciamos mucho tu apoyo."", ""repliedAt"": ""2026-07-02 04:40:11"", ""appVersion"": null}"
run5_day2_20260703_043957,2,TikTok,com.zhiliaoapp.musically,us,en,85f648bb941cdb087a5d498eac534f2cc3d657373157e22ebed6ac40e8929d73,1d2f4f2d-7f5d-4874-9c62-8ae349e398a1,0,Andrew Schooley,1,2431,2026-07-02T04:27:28+00:00,45.7.3,,,**You are still responsible for everyone who needed to see that comment but didn't**. When are you going to restore my comment? Do what is right and unblock it. My comment broke zero rules. Taking it down because someone didn't like it (and to their detriment as it was filled with truth) is not a listed reason for removing comments that break community rules. I played by the rules - you didn't. That makes your system for governing the removal of comments hypocritical in nature.,**You are still responsible for everyone who needed to see that comment but didn't**. When are you going to restore my comment? Do what is right and unblock it. My comment broke zero rules. Taking it down because someone didn't like it (and to their detriment as it was filled with truth) is not a listed reason for removing comments that break community rules. I played by the rules - you didn't. That makes your system for governing the removal of comments hypocritical in nature.,52f8b6d9cf319271c6a09fb7f36dca1d6b6d2aba353ad54962d747cdc8c1a0d2,52f8b6d9cf319271c6a09fb7f36dca1d6b6d2aba353ad54962d747cdc8c1a0d2,"{""reviewId"": ""1d2f4f2d-7f5d-4874-9c62-8ae349e398a1"", ""userName"": ""Andrew Schooley"", ""userImage"": ""https://play-lh.googleusercontent.com/a/ACg8ocIPpVw6TbBKHdPg5ghbf3v0YHE7ig_NL2H9IarcIRHjpcZSaA=mo"", ""content"": ""**You are still responsible for everyone who needed to see that comment but didn't**. When are you going to restore my comment? Do what is right and unblock it. My comment broke zero rules. Taking it down because someone didn't like it (and to their detriment as it was filled with truth) is not a listed reason for removing comments that break community rules. I played by the rules - you didn't. That makes your system for governing the removal of comments hypocritical in nature."", ""score"": 1, ""thumbsUpCount"": 2431, ""reviewCreatedVersion"": ""45.7.3"", ""at"": ""2026-07-02 04:27:28"", ""replyContent"": null, ""repliedAt"": null, ""appVersion"": ""45.7.3""}"
run5_day2_20260703_043957,2,TikTok,com.zhiliaoapp.musically,us,en,832383a03ab7e34bf39f99be3cf90f55d0ab1973f74f03b422a281e400460e6d,5526c038-6aee-4dbd-a821-d4fed747f638,0,Gavin Reed,1,0,2026-07-02T04:26:28+00:00,,,,stop giving me ads ticktock is stupid as hell stop giving me ads,stop giving me ads ticktock is stupid as hell stop giving me ads,aac42fab3a2cc7345db78772b4b53f46f9afbd2b88e4c701b33b0cddd25d44c5,aac42fab3a2cc7345db78772b4b53f46f9afbd2b88e4c701b33b0cddd25d44c5,"{""reviewId"": ""5526c038-6aee-4dbd-a821-d4fed747f638"", ""userName"": ""Gavin Reed"", ""userImage"": ""https://play-lh.googleusercontent.com/a-/ALV-UjUiDaQ45vhSwTCJGWFwj7gJRr_nsXvipd6yDDmahxVPBi2dsyE"", ""content"": ""stop giving me ads ticktock is stupid as hell stop giving me ads"", ""score"": 1, ""thumbsUpCount"": 0, ""reviewCreatedVersion"": null, ""at"": ""2026-07-02 04:26:28"", ""replyContent"": null, ""repliedAt"": null, ""appVersion"": null}"
run5_day2_20260703_043957,2,TikTok,com.zhiliaoapp.musically,us,en,afe815d8de0eae2b65fb553b5f96d795212200fd398e6e4de8f32d15be90ab56,889f7785-e7f3-4965-949d-e538981e5c01,0,Umair Sangla,4,0,2026-07-02T04:24:39+00:00,45.7.3,"Hi, thanks for your feedback!
We'll be sure to share your suggestion with our team for consideration. We appreciate your input, and we're always working to improve the TikTok experience!",2026-07-02T04:40:11+00:00,nice 👍,nice 👍,0103908676d99e81732e69680451b0962086942e84698b212aaa2de67262a42b,0103908676d99e81732e69680451b0962086942e84698b212aaa2de67262a42b,"{""reviewId"": ""889f7785-e7f3-4965-949d-e538981e5c01"", ""userName"": ""Umair Sangla"", ""userImage"": ""https://play-lh.googleusercontent.com/a-/ALV-UjW8LFvVq94dOd23kxTA1U2n81u0vZHZWpdI8UuyAq-j4J35nau_"", ""content"": ""nice 👍"", ""score"": 4, ""thumbsUpCount"": 0, ""reviewCreatedVersion"": ""45.7.3"", ""at"": ""2026-07-02 04:24:39"", ""replyContent"": ""Hi, thanks for your feedback!\nWe'll be sure to share your suggestion with our team for consideration. We appreciate your input, and we're always working to improve the TikTok experience!"", ""repliedAt"": ""2026-07-02 04:40:11"", ""appVersion"": ""45.7.3""}"
run5_day2_20260703_043957,2,TikTok,com.zhiliaoapp.musically,us,en,1d39feabe59909681936611b9a93fc8b312a09dc19ce715f2f1040dfe76f16f4,4a61e717-e425-480f-a028-ab0991114d28,0,Fahim,5,0,2026-07-02T04:18:57+00:00,,Hi! Thanks for taking the time to share your feedback. Your support is greatly appreciated.,2026-07-02T04:40:11+00:00,good apps,good apps,f983456d3775d3d387a902142223a61fe6ef83d5962a047ff6941fb593955b54,f983456d3775d3d387a902142223a61fe6ef83d5962a047ff6941fb593955b54,"{""reviewId"": ""4a61e717-e425-480f-a028-ab0991114d28"", ""userName"": ""Fahim"", ""userImage"": ""https://play-lh.googleusercontent.com/a/ACg8ocItj_YN7iHqSwl_73QewAOfXDY_uO6TiwIou2VUhFwKabALew=mo"", ""content"": ""good apps"", ""score"": 5, ""thumbsUpCount"": 0, ""reviewCreatedVersion"": null, ""at"": ""2026-07-02 04:18:57"", ""replyContent"": ""Hi! Thanks for taking the time to share your feedback. Your support is greatly appreciated."", ""repliedAt"": ""2026-07-02 04:40:11"", ""appVersion"": null}"
run5_day2_20260703_043957,2,TikTok,com.zhiliaoapp.musically,us,en,c297623b45a9019535e1cbdb19f3219ba0ce25aecaaf8dac61db8c089217a860,1afbd717-a2be-4513-b006-92b343743e3f,0,Habojjera Fazali,5,1,2026-07-02T04:18:42+00:00,43.1.4,Hi! Thanks for taking the time to share your feedback. Your support is greatly appreciated.,2026-07-02T04:40:11+00:00,love it,love it,a2f1c846b4f1867b0ee4769a44954de5b940f8ef2f5a967523bc23f340aed646,a2f1c846b4f1867b0ee4769a44954de5b940f8ef2f5a967523bc23f340aed646,"{""reviewId"": ""1afbd717-a2be-4513-b006-92b343743e3f"", ""userName"": ""Habojjera Fazali"", ""userImage"": ""https://play-lh.googleusercontent.com/a/ACg8ocLt9o0mD3qqtMRLUye-W8I5zB_ZbXGuKTH6WyGXER5Fgr8NTA=mo"", ""content"": ""love it"", ""score"": 5, ""thumbsUpCount"": 1, ""reviewCreatedVersion"": ""43.1.4"", ""at"": ""2026-07-02 04:18:42"", ""replyContent"": ""Hi! Thanks for taking the time to share your feedback. Your support is greatly appreciated."", ""repliedAt"": ""2026-07-02 04:40:11"", ""appVersion"": ""43.1.4""}"
run5_day2_20260703_043957,2,TikTok,com.zhiliaoapp.musically,us,en,311349f007065518e9f7d410aae349236e0098acc95c24f4372ec66eb9a6ba09,e54f7e47-d656-44fa-97ac-79c7135b8815,0,Chinaza Peter,5,0,2026-07-02T04:13:11+00:00,,¡Hola! Gracias por tomarte el tiempo de compartir tus comentarios. Apreciamos mucho tu apoyo.,2026-07-02T04:40:12+00:00,chinaza,chinaza,3e05f3bec1a9036f11b1161d1cca219b2d1c313d0d549dae49de7e52c821457d,3e05f3bec1a9036f11b1161d1cca219b2d1c313d0d549dae49de7e52c821457d,"{""reviewId"": ""e54f7e47-d656-44fa-97ac-79c7135b8815"", ""userName"": ""Chinaza Peter"", ""userImage"": ""https://play-lh.googleusercontent.com/a/ACg8ocKnt5UEl_ibC9TCqm6ZVNiolLCuwJXtXD1otto4XR9A6zS2pA=mo"", ""content"": ""chinaza"", ""score"": 5, ""thumbsUpCount"": 0, ""reviewCreatedVersion"": null, ""at"": ""2026-07-02 04:13:11"", ""replyContent"": ""¡Hola! Gracias por tomarte el tiempo de compartir tus comentarios. Apreciamos mucho tu apoyo."", ""repliedAt"": ""2026-07-02 04:40:12"", ""appVersion"": null}"
run5_day2_20260703_043957,2,TikTok,com.zhiliaoapp.musically,us,en,8392de82d394f65da4bd267754f79ca4c7bd0d2ecaa3125a6ec0bf7ee7ba368b,990fb6c0-0763-497b-b28c-2489d0b565ba,0,Abdul Razaq,1,0,2026-07-02T04:12:50+00:00,44.8.3,"Hi, thanks for your feedback!
We'll be sure to share your suggestion with our team for consideration. We appreciate your input, and we're always working to improve the TikTok experience!",2026-07-02T04:40:12+00:00,💔,💔,84ee8a93e570a6355754fe2276a4f705112b5b2eded2f9d05f83a8102e0977d2,84ee8a93e570a6355754fe2276a4f705112b5b2eded2f9d05f83a8102e0977d2,"{""reviewId"": ""990fb6c0-0763-497b-b28c-2489d0b565ba"", ""userName"": ""Abdul Razaq"", ""userImage"": ""https://play-lh.googleusercontent.com/a-/ALV-UjUXmnwKhOi_lCuQF3pP0E6A8dlYIXEXQHtxF9iocnX2WH99xJeH"", ""content"": ""💔"", ""score"": 1, ""thumbsUpCount"": 0, ""reviewCreatedVersion"": ""44.8.3"", ""at"": ""2026-07-02 04:12:50"", ""replyContent"": ""Hi, thanks for your feedback!\nWe'll be sure to share your suggestion with our team for consideration. We appreciate your input, and we're always working to improve the TikTok experience!"", ""repliedAt"": ""2026-07-02 04:40:12"", ""appVersion"": ""44.8.3""}"
run5_day2_20260703_043957,2,TikTok,com.zhiliaoapp.musically,us,en,389a03a30881433af6dc39c7d2dc21a139e4e43929d9ef4133c1eca40b0b674b,5fd2dcb7-59df-4812-881f-0e3b87401bec,0,FarazAhmed Ujjan,5,0,2026-07-02T04:10:31+00:00,,Hi! Thanks for taking the time to share your feedback. Your support is greatly appreciated.,2026-07-02T04:40:12+00:00,Very nice app,Very nice app,676f358172a26c7f45626bfbd47924a93f1ed26fd55238e163fd2d28ef00bc76,676f358172a26c7f45626bfbd47924a93f1ed26fd55238e163fd2d28ef00bc76,"{""reviewId"": ""5fd2dcb7-59df-4812-881f-0e3b87401bec"", ""userName"": ""FarazAhmed Ujjan"", ""userImage"": ""https://play-lh.googleusercontent.com/a/ACg8ocIYEPf-Eg4hvdITQarBLaTKJWk5Sf2Wfe6zv_yZWkfHPgrf3w=mo"", ""content"": ""Very nice app"", ""score"": 5, ""thumbsUpCount"": 0, ""reviewCreatedVersion"": null, ""at"": ""2026-07-02 04:10:31"", ""replyContent"": ""Hi! Thanks for taking the time to share your feedback. Your support is greatly appreciated."", ""repliedAt"": ""2026-07-02 04:40:12"", ""appVersion"": null}"
run5_day2_20260703_043957,2,TikTok,com.zhiliaoapp.musically,us,en,533bf69f0c2114c7bb9047f04ddb5fdc4e8a3ddaf53930bd76ade85125e4e729,1704c50f-09d4-4f08-a3e9-097a865440d1,0,Eheeiudj Jrnrrb,1,0,2026-07-02T04:06:59+00:00,45.7.3,"Hi, thanks for your feedback!
We'll be sure to share your suggestion with our team for consideration. We appreciate your input, and we're always working to improve the TikTok experience!",2026-07-02T04:20:13+00:00,"The comments absolutely ruin this app. You can't hold a solid conversation with anyone. After like 3 messages, your comments will start getting flagged for some reason and no one will be able to see them besides you. Doesn't matter what topic it is either. Right around the 3rd reply is when no one can see my comments","The comments absolutely ruin this app. You can't hold a solid conversation with anyone. After like 3 messages, your comments will start getting flagged for some reason and no one will be able to see them besides you. Doesn't matter what topic it is either. Right around the 3rd reply is when no one can see my comments",5df5c892feb7c79c1d797653b61d148b55d35dbb3d08a5d55c4c7c82d140db93,5df5c892feb7c79c1d797653b61d148b55d35dbb3d08a5d55c4c7c82d140db93,"{""reviewId"": ""1704c50f-09d4-4f08-a3e9-097a865440d1"", ""userName"": ""Eheeiudj Jrnrrb"", ""userImage"": ""https://play-lh.googleusercontent.com/a/ACg8ocKVh1ibzpo38jRoqrhw3gitdXkzi-nGJ2JKD_iBl2w46TXOsA=mo"", ""content"": ""The comments absolutely ruin this app. You can't hold a solid conversation with anyone. After like 3 messages, your comments will start getting flagged for some reason and no one will be able to see them besides you. Doesn't matter what topic it is either. Right around the 3rd reply is when no one can see my comments"", ""score"": 1, ""thumbsUpCount"": 0, ""reviewCreatedVersion"": ""45.7.3"", ""at"": ""2026-07-02 04:06:59"", ""replyContent"": ""Hi, thanks for your feedback!\nWe'll be sure to share your suggestion with our team for consideration. We appreciate your input, and we're always working to improve the TikTok experience!"", ""repliedAt"": ""2026-07-02 04:20:13"", ""appVersion"": ""45.7.3""}"
run5_day2_20260703_043957,2,TikTok,com.zhiliaoapp.musically,us,en,470025bca05c70005b2ea3de3e6c08bbb73702faa68d96184545cc8b89e0b34b,67bd9979-466f-48dc-bbc1-21956ad0453b,0,Aswad Arham,4,0,2026-07-02T04:03:06+00:00,45.7.3,"Hi, thanks for your feedback!
We'll be sure to share your suggestion with our team for consideration. We appreciate your input, and we're always working to improve the TikTok experience!",2026-07-02T04:20:11+00:00,ad the option comments edit,ad the option comments edit,7eaa6b5fe07158bc6c5f110540e985ba431df8a27c13f9346480f487ff7c02e9,7eaa6b5fe07158bc6c5f110540e985ba431df8a27c13f9346480f487ff7c02e9,"{""reviewId"": ""67bd9979-466f-48dc-bbc1-21956ad0453b"", ""userName"": ""Aswad Arham"", ""userImage"": ""https://play-lh.googleusercontent.com/a/ACg8ocL74vFTisZkvJqDQc9z1I8psc6N7NTfN1Mrf4_JswY5oJ6YzC9Q=mo"", ""content"": ""ad the option comments edit"", ""score"": 4, ""thumbsUpCount"": 0, ""reviewCreatedVersion"": ""45.7.3"", ""at"": ""2026-07-02 04:03:06"", ""replyContent"": ""Hi, thanks for your feedback!\nWe'll be sure to share your suggestion with our team for consideration. We appreciate your input, and we're always working to improve the TikTok experience!"", ""repliedAt"": ""2026-07-02 04:20:11"", ""appVersion"": ""45.7.3""}"
run5_day2_20260703_043957,2,TikTok,com.zhiliaoapp.musically,us,en,31b0c7e3660ee2fa3384855e8572df34422445a6b80993ee8a336ca3007f5260,a5393953-c634-4972-bc33-53b1c7086866,0,Gemoee Onsere',1,0,2026-07-02T03:50:20+00:00,45.5.4,"Hi, sorry for the inconvenience. To help us look into this properly, please report your issue directly through the TikTok app:
Go to your Profile, tap Menu, Settings and Privacy, then Help Center.
We truly appreciate your patience and look forward to getting this resolved.",2026-07-01T22:20:10+00:00,Just let me watch videos without having to log in. Like I have been doing for weeks. Why the sudden insist of logging in? When it clearly is supposed to work without having too. Just freaking fix the app to not glitch out after a second. And go to a screen that forces one to log in.,Just let me watch videos without having to log in. Like I have been doing for weeks. Why the sudden insist of logging in? When it clearly is supposed to work without having too. Just freaking fix the app to not glitch out after a second. And go to a screen that forces one to log in.,f8aab39e297ef7ed347525b6e4a73ed58daa8086166a268601fb922a1be313e7,f8aab39e297ef7ed347525b6e4a73ed58daa8086166a268601fb922a1be313e7,"{""reviewId"": ""a5393953-c634-4972-bc33-53b1c7086866"", ""userName"": ""Gemoee Onsere'"", ""userImage"": ""https://play-lh.googleusercontent.com/a-/ALV-UjVZl3hvR1QL6mkMQxsdFOiF51VojJRWZ27v1ES6bvMVedKMaa5B"", ""content"": ""Just let me watch videos without having to log in. Like I have been doing for weeks. Why the sudden insist of logging in? When it clearly is supposed to work without having too. Just freaking fix the app to not glitch out after a second. And go to a screen that forces one to log in."", ""score"": 1, ""thumbsUpCount"": 0, ""reviewCreatedVersion"": ""45.5.4"", ""at"": ""2026-07-02 03:50:20"", ""replyContent"": ""Hi, sorry for the inconvenience. To help us look into this properly, please report your issue directly through the TikTok app:\nGo to your Profile, tap Menu, Settings and Privacy, then Help Center.\nWe truly appreciate your patience and look forward to getting this resolved."", ""repliedAt"": ""2026-07-01 22:20:10"", ""appVersion"": ""45.5.4""}"
run5_day2_20260703_043957,2,TikTok,com.zhiliaoapp.musically,us,en,1a0a9d30e290a788096b02a2bf165ddd4de6667361b3866d37c0b17058733cb2,532f6c22-dd4c-4c01-8c2b-bf23d9e41eed,0,Malik zeeshan Haider,5,0,2026-07-02T03:49:52+00:00,45.9.41,Hi! Thanks for taking the time to share your feedback. Your support is greatly appreciated.,2026-07-02T04:00:12+00:00,best Eran money TikTok spp,best Eran money TikTok spp,ee5b2c162b297f341d9991189bfb4b39f78eb1b955ac4904fac7e5c0dd4baf90,ee5b2c162b297f341d9991189bfb4b39f78eb1b955ac4904fac7e5c0dd4baf90,"{""reviewId"": ""532f6c22-dd4c-4c01-8c2b-bf23d9e41eed"", ""userName"": ""Malik zeeshan Haider"", ""userImage"": ""https://play-lh.googleusercontent.com/a/ACg8ocKG30U1MMtVSy5wzvjB8YbUj19wmOARy838Dye3b34T0JFE1w=mo"", ""content"": ""best Eran money TikTok spp"", ""score"": 5, ""thumbsUpCount"": 0, ""reviewCreatedVersion"": ""45.9.41"", ""at"": ""2026-07-02 03:49:52"", ""replyContent"": ""Hi! Thanks for taking the time to share your feedback. Your support is greatly appreciated."", ""repliedAt"": ""2026-07-02 04:00:12"", ""appVersion"": ""45.9.41""}"
run5_day2_20260703_043957,2,TikTok,com.zhiliaoapp.musically,us,en,0db19349a383ddb7c6f9a6aebe04cf2056c21315c6ca02108061150876495b27,4fe2a6a0-6f2d-480f-b26e-3269069cc25e,0,Azhar Ali,5,1,2026-07-02T03:44:25+00:00,45.7.3,Hi! Thanks for taking the time to share your feedback. Your support is greatly appreciated.,2026-07-02T04:00:11+00:00,Nice 🙂,Nice 🙂,0cf0fde835714169cf8d631ba10b08e043b01c27bb1cea326fa7802ecc7aa8cf,0cf0fde835714169cf8d631ba10b08e043b01c27bb1cea326fa7802ecc7aa8cf,"{""reviewId"": ""4fe2a6a0-6f2d-480f-b26e-3269069cc25e"", ""userName"": ""Azhar Ali"", ""userImage"": ""https://play-lh.googleusercontent.com/a-/ALV-UjXvBI2WvUE5udmhSCyEnUzUQkR6ltYuVsyVn4XPnfGK8f4e0SVN"", ""content"": ""Nice 🙂"", ""score"": 5, ""thumbsUpCount"": 1, ""reviewCreatedVersion"": ""45.7.3"", ""at"": ""2026-07-02 03:44:25"", ""replyContent"": ""Hi! Thanks for taking the time to share your feedback. Your support is greatly appreciated."", ""repliedAt"": ""2026-07-02 04:00:11"", ""appVersion"": ""45.7.3""}"
run5_day2_20260703_043957,2,TikTok,com.zhiliaoapp.musically,us,en,f33dc8d292b978f1b8454c1a79efcb1566f9907afaa6989bfbf1242ddad80456,97a563f1-ae1f-42f9-90be-3dbeb22bc8ac,0,Munib Ur Rehman,4,1,2026-07-02T03:44:18+00:00,45.7.3,"Hi, thanks for your feedback!
We'll be sure to share your suggestion with our team for consideration. We appreciate your input, and we're always working to improve the TikTok experience!",2026-07-02T04:00:12+00:00,Good but follower are slowly growing up,Good but follower are slowly growing up,1e54cde12e35e1e62f790f77d980f71ba0ad506f983635823548596241748082,1e54cde12e35e1e62f790f77d980f71ba0ad506f983635823548596241748082,"{""reviewId"": ""97a563f1-ae1f-42f9-90be-3dbeb22bc8ac"", ""userName"": ""Munib Ur Rehman"", ""userImage"": ""https://play-lh.googleusercontent.com/a/ACg8ocIEeWUMR-mrPV6JJxuVbAJwD8mu_u0rBFrNh-g-N1rOP2nDMtU=mo"", ""content"": ""Good but follower are slowly growing up"", ""score"": 4, ""thumbsUpCount"": 1, ""reviewCreatedVersion"": ""45.7.3"", ""at"": ""2026-07-02 03:44:18"", ""replyContent"": ""Hi, thanks for your feedback!\nWe'll be sure to share your suggestion with our team for consideration. We appreciate your input, and we're always working to improve the TikTok experience!"", ""repliedAt"": ""2026-07-02 04:00:12"", ""appVersion"": ""45.7.3""}"
run5_day2_20260703_043957,2,TikTok,com.zhiliaoapp.musically,us,en,2d8356cfbec5c1f678088994e7b6213b10546ad472194af318dc6165a835f11d,3d08e946-6b0a-4b62-8656-bb02e5f77ba0,0,Ahtsham Talpur,1,1,2026-07-02T03:42:17+00:00,45.7.3,"Hi, thanks for your feedback!
We'll be sure to share your suggestion with our team for consideration. We appreciate your input, and we're always working to improve the TikTok experience!",2026-07-02T04:00:11+00:00,my massage can't send to other why TikTok please solve my problem,my massage can't send to other why TikTok please solve my problem,f7645a25469409f32d8b1144a3c7041b56fa0f071b85a95eff8ef74165936e78,f7645a25469409f32d8b1144a3c7041b56fa0f071b85a95eff8ef74165936e78,"{""reviewId"": ""3d08e946-6b0a-4b62-8656-bb02e5f77ba0"", ""userName"": ""Ahtsham Talpur"", ""userImage"": ""https://play-lh.googleusercontent.com/a-/ALV-UjVdQQM9xDmNZzgwP1Yxt598YDzrJ022vXHgxhTiwjA8yWbZH8Bb"", ""content"": ""my massage can't send to other why TikTok please solve my problem"", ""score"": 1, ""thumbsUpCount"": 1, ""reviewCreatedVersion"": ""45.7.3"", ""at"": ""2026-07-02 03:42:17"", ""replyContent"": ""Hi, thanks for your feedback!\nWe'll be sure to share your suggestion with our team for consideration. We appreciate your input, and we're always working to improve the TikTok experience!"", ""repliedAt"": ""2026-07-02 04:00:11"", ""appVersion"": ""45.7.3""}"
run5_day2_20260703_043957,2,TikTok,com.zhiliaoapp.musically,us,en,66e7399df5a4812e01ce6bf495d171b013c3df20b50b430aa2b314c99cfe779b,db256ae2-1f62-4034-bbc6-128329e90684,0,Ehtisham Butt,1,0,2026-07-02T03:41:42+00:00,45.7.3,"Hi, thanks for your feedback!
We'll be sure to share your suggestion with our team for consideration. We appreciate your input, and we're always working to improve the TikTok experience!",2026-07-02T04:00:11+00:00,excellent,excellent,6d785acc7d4ce49fe4e4bbf276dc73f1cf7c20094d3e96fe84ef79fbebcaf88a,6d785acc7d4ce49fe4e4bbf276dc73f1cf7c20094d3e96fe84ef79fbebcaf88a,"{""reviewId"": ""db256ae2-1f62-4034-bbc6-128329e90684"", ""userName"": ""Ehtisham Butt"", ""userImage"": ""https://play-lh.googleusercontent.com/a/ACg8ocLESv8-fT4nkKxgfqktzGTLqzLqfOMVeGc3jBottfc6SpLSIA=mo"", ""content"": ""excellent"", ""score"": 1, ""thumbsUpCount"": 0, ""reviewCreatedVersion"": ""45.7.3"", ""at"": ""2026-07-02 03:41:42"", ""replyContent"": ""Hi, thanks for your feedback!\nWe'll be sure to share your suggestion with our team for consideration. We appreciate your input, and we're always working to improve the TikTok experience!"", ""repliedAt"": ""2026-07-02 04:00:11"", ""appVersion"": ""45.7.3""}"
run5_day2_20260703_043957,2,TikTok,com.zhiliaoapp.musically,us,en,8fa3ff17cd7d4a0ee5d631974c1f2676015bd940ec90fa454167f071f7c85eca,caeedc96-c769-4e6c-8d6c-0f9781cb4522,0,Ishell Cruz,2,1,2026-07-02T03:39:10+00:00,45.7.3,"Hi, thanks for your feedback!
We'll be sure to share your suggestion with our team for consideration. We appreciate your input, and we're always working to improve the TikTok experience!",2026-07-02T04:00:12+00:00,"I will give a two stars. It shows me videos that I don't even like and it's all over my FYI. I'm more into anime edits, drawings, and animations, and doesn't show on my FYI. It's really frustrated for me. 😡","I will give a two stars. It shows me videos that I don't even like and it's all over my FYI. I'm more into anime edits, drawings, and animations, and doesn't show on my FYI. It's really frustrated for me. 😡",282ab203a525527a852d04b9031284ed38bafd11ee5f7fb85664531298a5fefb,282ab203a525527a852d04b9031284ed38bafd11ee5f7fb85664531298a5fefb,"{""reviewId"": ""caeedc96-c769-4e6c-8d6c-0f9781cb4522"", ""userName"": ""Ishell Cruz"", ""userImage"": ""https://play-lh.googleusercontent.com/a/ACg8ocJ-1RrNK9v1s3_P-Ih1_h_iO3vgkcRdhwFYIp4gcNAboGHq4Q=mo"", ""content"": ""I will give a two stars. It shows me videos that I don't even like and it's all over my FYI. I'm more into anime edits, drawings, and animations, and doesn't show on my FYI. It's really frustrated for me. 😡"", ""score"": 2, ""thumbsUpCount"": 1, ""reviewCreatedVersion"": ""45.7.3"", ""at"": ""2026-07-02 03:39:10"", ""replyContent"": ""Hi, thanks for your feedback!\nWe'll be sure to share your suggestion with our team for consideration. We appreciate your input, and we're always working to improve the TikTok experience!"", ""repliedAt"": ""2026-07-02 04:00:12"", ""appVersion"": ""45.7.3""}"
run5_day2_20260703_043957,2,TikTok,com.zhiliaoapp.musically,us,en,fd58aa2187118f06ed870fdedfa02c9ee9798af0f1292554c6c379385c9eb34c,1cf7b3fc-8280-4e48-83dd-18a29c207100,0,Salman Shoukat,5,0,2026-07-02T03:38:52+00:00,45.3.3,Hi! Thanks for taking the time to share your feedback. Your support is greatly appreciated.,2026-07-02T04:00:12+00:00,I am not happy with the speed of TikTok Because sometimes TikTok work slow,I am not happy with the speed of TikTok Because sometimes TikTok work slow,db6d7c632b44045f9ab085df9b92148b77f878a52e75927ea31d3a52c077bf09,db6d7c632b44045f9ab085df9b92148b77f878a52e75927ea31d3a52c077bf09,"{""reviewId"": ""1cf7b3fc-8280-4e48-83dd-18a29c207100"", ""userName"": ""Salman Shoukat"", ""userImage"": ""https://play-lh.googleusercontent.com/a-/ALV-UjVbhTrwrF-GGu6_wh9AaRIzD1YgtoiRc_KZI0qfV05-T-eqo6Lb"", ""content"": ""I am not happy with the speed of TikTok Because sometimes TikTok work slow"", ""score"": 5, ""thumbsUpCount"": 0, ""reviewCreatedVersion"": ""45.3.3"", ""at"": ""2026-07-02 03:38:52"", ""replyContent"": ""Hi! Thanks for taking the time to share your feedback. Your support is greatly appreciated."", ""repliedAt"": ""2026-07-02 04:00:12"", ""appVersion"": ""45.3.3""}"
run5_day2_20260703_043957,2,TikTok,com.zhiliaoapp.musically,us,en,bbe3de899ff894d221934e11f08767ccd221966f99eab4a55d438a80d9aa8251,fac05e24-4e63-4882-a7fe-c3c63f26a376,0,Afzaal,5,0,2026-07-02T03:38:44+00:00,,Hi! Thanks for taking the time to share your feedback. Your support is greatly appreciated.,2026-07-02T04:00:11+00:00,Dear TikTok! islamic_heart11 is my account. I upload islamic video. Please virl my video for more views and followers,Dear TikTok! islamic_heart11 is my account. I upload islamic video. Please virl my video for more views and followers,20272ff89cff62a25e8d1f4e317f05071d64ca971373fb68072ae65fcb1c0b5e,20272ff89cff62a25e8d1f4e317f05071d64ca971373fb68072ae65fcb1c0b5e,"{""reviewId"": ""fac05e24-4e63-4882-a7fe-c3c63f26a376"", ""userName"": ""Afzaal"", ""userImage"": ""https://play-lh.googleusercontent.com/a/ACg8ocIcHL39hd0VZOVFnlpT-GbeYF5vJ8ImPsVCAAGn0r2_jBBepw=mo"", ""content"": ""Dear TikTok! islamic_heart11 is my account. I upload islamic video. Please virl my video for more views and followers"", ""score"": 5, ""thumbsUpCount"": 0, ""reviewCreatedVersion"": null, ""at"": ""2026-07-02 03:38:44"", ""replyContent"": ""Hi! Thanks for taking the time to share your feedback. Your support is greatly appreciated."", ""repliedAt"": ""2026-07-02 04:00:11"", ""appVersion"": null}"
run5_day2_20260703_043957,2,TikTok,com.zhiliaoapp.musically,us,en,95c9e4d6e8d4d20624e2aeb7fde4cdc47a003a93a8e45e39d57eefefbd060310,62f7da42-148c-4d04-8786-a7d3670e099c,0,Mustafa ISHAG,5,0,2026-07-02T03:37:39+00:00,45.7.3,Hi! Thanks for taking the time to share your feedback. Your support is greatly appreciated.,2026-07-02T04:00:11+00:00,amazing,amazing,01431b46f1839c1e618e12e888517c14111dc35c9308d59efcb15eed5c2f178d,01431b46f1839c1e618e12e888517c14111dc35c9308d59efcb15eed5c2f178d,"{""reviewId"": ""62f7da42-148c-4d04-8786-a7d3670e099c"", ""userName"": ""Mustafa ISHAG"", ""userImage"": ""https://play-lh.googleusercontent.com/a-/ALV-UjVm-Z76FgRIwOh_DIJsVOwyLwRQb5IW8CaUMoL5rXByFjKGZw"", ""content"": ""amazing"", ""score"": 5, ""thumbsUpCount"": 0, ""reviewCreatedVersion"": ""45.7.3"", ""at"": ""2026-07-02 03:37:39"", ""replyContent"": ""Hi! Thanks for taking the time to share your feedback. Your support is greatly appreciated."", ""repliedAt"": ""2026-07-02 04:00:11"", ""appVersion"": ""45.7.3""}"
run5_day2_20260703_043957,2,TikTok,com.zhiliaoapp.musically,us,en,4f3d8abf6be15b04d85682b2cb03be7d4b828054fac3b73c43bdf6f02c04893f,455ea376-51ca-4c7a-b39c-1bf40d4791b5,0,Christopher Griffin,1,0,2026-07-02T03:36:43+00:00,45.7.3,,,"tik tok is too much of a hype because you can't do on it what you could on X, INSTAGRAM, FACEBOOK,ETC.....","tik tok is too much of a hype because you can't do on it what you could on X, INSTAGRAM, FACEBOOK,ETC.....",9b521be17d52a469170c1c1edd41ba3954b68936b5481bb1fd3900d17008a14e,9b521be17d52a469170c1c1edd41ba3954b68936b5481bb1fd3900d17008a14e,"{""reviewId"": ""455ea376-51ca-4c7a-b39c-1bf40d4791b5"", ""userName"": ""Christopher Griffin"", ""userImage"": ""https://play-lh.googleusercontent.com/a/ACg8ocL5Zn_q-qdU8nSIFzLpsnHbiOp3Eq6ijrm4t4QSBiToF30UmA=mo"", ""content"": ""tik tok is too much of a hype because you can't do on it what you could on X, INSTAGRAM, FACEBOOK,ETC....."", ""score"": 1, ""thumbsUpCount"": 0, ""reviewCreatedVersion"": ""45.7.3"", ""at"": ""2026-07-02 03:36:43"", ""replyContent"": null, ""repliedAt"": null, ""appVersion"": ""45.7.3""}"
run5_day2_20260703_043957,2,TikTok,com.zhiliaoapp.musically,us,en,b7bdcceb2bf4686edf2928c16ac328f0ce43832734e932a4460e4cfac340475d,63c7a294-0645-41dd-96e7-ca6261a68c29,0,Shuvo Kumer,5,0,2026-07-02T03:32:50+00:00,,Hi! Thanks for taking the time to share your feedback. Your support is greatly appreciated.,2026-07-02T04:00:11+00:00,Nice,Nice,fdc96ffbf256523aec8846ae56321053c7ab751c99eb766e6bb4a7d362a4f060,fdc96ffbf256523aec8846ae56321053c7ab751c99eb766e6bb4a7d362a4f060,"{""reviewId"": ""63c7a294-0645-41dd-96e7-ca6261a68c29"", ""userName"": ""Shuvo Kumer"", ""userImage"": ""https://play-lh.googleusercontent.com/a/ACg8ocIR2QBkWD_fkVTmmJHTO0YELyhpqMVSErnFarZByoL6v3H33w=mo"", ""content"": ""Nice"", ""score"": 5, ""thumbsUpCount"": 0, ""reviewCreatedVersion"": null, ""at"": ""2026-07-02 03:32:50"", ""replyContent"": ""Hi! Thanks for taking the time to share your feedback. Your support is greatly appreciated."", ""repliedAt"": ""2026-07-02 04:00:11"", ""appVersion"": null}"
run5_day2_20260703_043957,2,TikTok,com.zhiliaoapp.musically,us,en,e482e5cb0db4c0f068f8ce4014c2779b93c7f3545ad9b7fa2826ba690fc8c9f0,923a9d8c-7451-451f-86c3-e3f8218b727d,0,Shaelyn,3,0,2026-07-02T03:31:18+00:00,45.7.3,"Hi, thanks for your feedback!
We'll be sure to share your suggestion with our team for consideration. We appreciate your input, and we're always working to improve the TikTok experience!",2026-07-02T04:00:12+00:00,"this app is good! especially with passing the time, however I am not sure if its just me but my fyp is completely broken!! I get videos that I do not wanna watch. stuff I never seen before. I've tried to reset it but nothings worked. I'm not sure what else I can do","this app is good! especially with passing the time, however I am not sure if its just me but my fyp is completely broken!! I get videos that I do not wanna watch. stuff I never seen before. I've tried to reset it but nothings worked. I'm not sure what else I can do",b3d3f12aebeae6078c78242f33f2870b7200d20bfc8782f83b87b9238ca08318,b3d3f12aebeae6078c78242f33f2870b7200d20bfc8782f83b87b9238ca08318,"{""reviewId"": ""923a9d8c-7451-451f-86c3-e3f8218b727d"", ""userName"": ""Shaelyn"", ""userImage"": ""https://play-lh.googleusercontent.com/a-/ALV-UjUcLUOJO-cdZZzSyhfvsKrf2eCocofpOqMeLPdDbIlkL8eKBA2QtA"", ""content"": ""this app is good! especially with passing the time, however I am not sure if its just me but my fyp is completely broken!! I get videos that I do not wanna watch. stuff I never seen before. I've tried to reset it but nothings worked. I'm not sure what else I can do"", ""score"": 3, ""thumbsUpCount"": 0, ""reviewCreatedVersion"": ""45.7.3"", ""at"": ""2026-07-02 03:31:18"", ""replyContent"": ""Hi, thanks for your feedback!\nWe'll be sure to share your suggestion with our team for consideration. We appreciate your input, and we're always working to improve the TikTok experience!"", ""repliedAt"": ""2026-07-02 04:00:12"", ""appVersion"": ""45.7.3""}"
run5_day2_20260703_043957,2,TikTok,com.zhiliaoapp.musically,us,en,322259ea4d8c36daf7457c98b8680bde2e5335b707ee4ece85f62e2d03e0b543,a0c499d6-da21-4ef6-be17-01a6a0f2dc08,0,Aster Daisy,2,0,2026-07-02T03:28:49+00:00,45.7.3,,,it doesn't work on my phone if I open the app it says close app or wait and then automatically app close solve this issues,it doesn't work on my phone if I open the app it says close app or wait and then automatically app close solve this issues,51c8965e789b948da8207a368d034ff7c8e84ff0d6c71ea349ec704eb3ec8688,51c8965e789b948da8207a368d034ff7c8e84ff0d6c71ea349ec704eb3ec8688,"{""reviewId"": ""a0c499d6-da21-4ef6-be17-01a6a0f2dc08"", ""userName"": ""Aster Daisy"", ""userImage"": ""https://play-lh.googleusercontent.com/a-/ALV-UjUNOe0YSFtnLjuG2rH-ILykW5_L3kNpxIp1jiIxKngcx4PLK6Y"", ""content"": ""it doesn't work on my phone if I open the app it says close app or wait and then automatically app close solve this issues"", ""score"": 2, ""thumbsUpCount"": 0, ""reviewCreatedVersion"": ""45.7.3"", ""at"": ""2026-07-02 03:28:49"", ""replyContent"": null, ""repliedAt"": null, ""appVersion"": ""45.7.3""}"
run5_day2_20260703_043957,2,TikTok,com.zhiliaoapp.musically,us,en,cc1bc1b6c010b9921f6a8b845c0bc468211f049baf1288c4692806621116f855,367373e7-2fa6-45cc-8177-3ec63b6d22c0,0,William Mbengwa,5,1,2026-07-02T03:28:12+00:00,45.7.3,Hi! Thanks for taking the time to share your feedback. Your support is greatly appreciated.,2026-07-02T03:40:11+00:00,I love tiktok💗😍,I love tiktok💗😍,d9c2c17894b8d595b8461973b37914e26af5035df07b6a45bdde653a5985d506,d9c2c17894b8d595b8461973b37914e26af5035df07b6a45bdde653a5985d506,"{""reviewId"": ""367373e7-2fa6-45cc-8177-3ec63b6d22c0"", ""userName"": ""William Mbengwa"", ""userImage"": ""https://play-lh.googleusercontent.com/a-/ALV-UjWbMyvVx6eMc2ZGG8-Y7gnBoFdmq3VQ37sVzb1kONSy3uGmbkI2"", ""content"": ""I love tiktok💗😍"", ""score"": 5, ""thumbsUpCount"": 1, ""reviewCreatedVersion"": ""45.7.3"", ""at"": ""2026-07-02 03:28:12"", ""replyContent"": ""Hi! Thanks for taking the time to share your feedback. Your support is greatly appreciated."", ""repliedAt"": ""2026-07-02 03:40:11"", ""appVersion"": ""45.7.3""}"
run5_day2_20260703_043957,2,TikTok,com.zhiliaoapp.musically,us,en,86bc460ae9004993ecd2fda824f19210d4da611944631bf316b935c4f5f54317,75424d32-02b4-4f6c-9567-0838e49fa004,0,Celimpilo Khoza,5,0,2026-07-02T03:26:52+00:00,44.4.3,Hi! Thanks for taking the time to share your feedback. Your support is greatly appreciated.,2026-07-02T03:40:12+00:00,entertaining,entertaining,6d132a4feb66bf25ade18754c38f9f839a461416ad8533c73583e0b58015bb64,6d132a4feb66bf25ade18754c38f9f839a461416ad8533c73583e0b58015bb64,"{""reviewId"": ""75424d32-02b4-4f6c-9567-0838e49fa004"", ""userName"": ""Celimpilo Khoza"", ""userImage"": ""https://play-lh.googleusercontent.com/a/ACg8ocL5yQEaqzWJoL8sJYwn_yQ88lF-7v5dKSTX8aKTc1pGijP8nw=mo"", ""content"": ""entertaining"", ""score"": 5, ""thumbsUpCount"": 0, ""reviewCreatedVersion"": ""44.4.3"", ""at"": ""2026-07-02 03:26:52"", ""replyContent"": ""Hi! Thanks for taking the time to share your feedback. Your support is greatly appreciated."", ""repliedAt"": ""2026-07-02 03:40:12"", ""appVersion"": ""44.4.3""}"
run5_day2_20260703_043957,2,TikTok,com.zhiliaoapp.musically,us,en,d0ffbbcd83c59a78b643eca30ca2a1cbffc4bc93e45f379f0fda4963aec92aba,ee83fd43-8510-4af3-8377-87a62d981bd7,0,Sibahle Dumapi,1,1,2026-07-02T03:25:36+00:00,45.7.3,,,being a infuencer dancing and i want to be liked by people,being a infuencer dancing and i want to be liked by people,07c6b128ed344ca0a08fd3115df3b6c66d4c812d0bdcb276faf6ad0139e31f0e,07c6b128ed344ca0a08fd3115df3b6c66d4c812d0bdcb276faf6ad0139e31f0e,"{""reviewId"": ""ee83fd43-8510-4af3-8377-87a62d981bd7"", ""userName"": ""Sibahle Dumapi"", ""userImage"": ""https://play-lh.googleusercontent.com/a-/ALV-UjVe_dY_SfUdWKG_uAbgki3T2CiMlTqUIw4NihlaLCoyuRSyvsg"", ""content"": ""being a infuencer dancing and i want to be liked by people"", ""score"": 1, ""thumbsUpCount"": 1, ""reviewCreatedVersion"": ""45.7.3"", ""at"": ""2026-07-02 03:25:36"", ""replyContent"": null, ""repliedAt"": null, ""appVersion"": ""45.7.3""}"
run5_day2_20260703_043957,2,TikTok,com.zhiliaoapp.musically,us,en,ba7504883e0cfa6605f70844ab9db8c3ce32b37a46edc9ffe5ddce291ec36f84,4902239f-c247-4101-bed8-38d2885753c7,0,Gujjar Gujjar,5,0,2026-07-02T03:24:09+00:00,,Hi! Thanks for taking the time to share your feedback. Your support is greatly appreciated.,2026-07-02T03:40:10+00:00,good app,good app,f0aac2804cdb0743ac9bee06868f24fbcb35e3fb955e35c821abba13c734c86e,f0aac2804cdb0743ac9bee06868f24fbcb35e3fb955e35c821abba13c734c86e,"{""reviewId"": ""4902239f-c247-4101-bed8-38d2885753c7"", ""userName"": ""Gujjar Gujjar"", ""userImage"": ""https://play-lh.googleusercontent.com/a/ACg8ocL4vMbBTBqJzH1b_yPM_WAAFMxIBSdWi7w2vETqZxdgE4q9Jw=mo"", ""content"": ""good app"", ""score"": 5, ""thumbsUpCount"": 0, ""reviewCreatedVersion"": null, ""at"": ""2026-07-02 03:24:09"", ""replyContent"": ""Hi! Thanks for taking the time to share your feedback. Your support is greatly appreciated."", ""repliedAt"": ""2026-07-02 03:40:10"", ""appVersion"": null}"
run5_day2_20260703_043957,2,TikTok,com.zhiliaoapp.musically,us,en,012b72f4a1614efd77b71450a7686ba8eaf99582fcbc4193cc5d72237452fac4,909d400b-c56f-4d42-9ec3-c50537f03545,0,Mariano Gomez,5,0,2026-07-02T03:23:32+00:00,45.7.3,¡Hola! Gracias por tomarte el tiempo de compartir tus comentarios. Apreciamos mucho tu apoyo.,2026-07-02T03:40:11+00:00,me gusta,me gusta,7bf13806330334b3db67bdd3466e82d6e856938c552fee8dc83d05983d6f6368,7bf13806330334b3db67bdd3466e82d6e856938c552fee8dc83d05983d6f6368,"{""reviewId"": ""909d400b-c56f-4d42-9ec3-c50537f03545"", ""userName"": ""Mariano Gomez"", ""userImage"": ""https://play-lh.googleusercontent.com/a/ACg8ocIUrRCOww4KanE2_JfKQnEmY0LrgQ90npUMyp9HcC2kqV_OSw=mo"", ""content"": ""me gusta"", ""score"": 5, ""thumbsUpCount"": 0, ""reviewCreatedVersion"": ""45.7.3"", ""at"": ""2026-07-02 03:23:32"", ""replyContent"": ""¡Hola! Gracias por tomarte el tiempo de compartir tus comentarios. Apreciamos mucho tu apoyo."", ""repliedAt"": ""2026-07-02 03:40:11"", ""appVersion"": ""45.7.3""}"
run5_day2_20260703_043957,2,TikTok,com.zhiliaoapp.musically,us,en,91a4e0571e0f4fe39be3b585c2ecbe9b735653860189c4538d8bbb26c403a5f7,08d9e811-dec5-48a7-bd8b-a717a2ca71c2,0,KhushnoodAli Khan,5,0,2026-07-02T03:17:07+00:00,45.3.3,,,My Tik Tok ID HD quality option on,My Tik Tok ID HD quality option on,f1041165e5fbb8572cfbd40296f0a214727267352e9e73983cef5048f749a8c2,f1041165e5fbb8572cfbd40296f0a214727267352e9e73983cef5048f749a8c2,"{""reviewId"": ""08d9e811-dec5-48a7-bd8b-a717a2ca71c2"", ""userName"": ""KhushnoodAli Khan"", ""userImage"": ""https://play-lh.googleusercontent.com/a/ACg8ocKUBePvLISfHz2wgrAiUP_wy_fbAFKfLb9mTc2ou_eeBGw2Gg=mo"", ""content"": ""My Tik Tok ID HD quality option on"", ""score"": 5, ""thumbsUpCount"": 0, ""reviewCreatedVersion"": ""45.3.3"", ""at"": ""2026-07-02 03:17:07"", ""replyContent"": null, ""repliedAt"": null, ""appVersion"": ""45.3.3""}"
run5_day2_20260703_043957,2,TikTok,com.zhiliaoapp.musically,us,en,b8d61bf58ca359e428f4bb476983cf236ee996b0426e60f0cc5136ecc7785076,752e7f0c-875d-4a3a-8cb3-a196e80b7f92,0,Eitsham Khan,4,0,2026-07-02T03:13:40+00:00,,"Hi, thanks for your feedback!
We'll be sure to share your suggestion with our team for consideration. We appreciate your input, and we're always working to improve the TikTok experience!",2026-07-02T03:40:11+00:00,🥰 😍,🥰 😍,b08d06c223f3c0ab80f459efb6e91652a5d409c95d8e4cf15edbe37b9abdc2fd,b08d06c223f3c0ab80f459efb6e91652a5d409c95d8e4cf15edbe37b9abdc2fd,"{""reviewId"": ""752e7f0c-875d-4a3a-8cb3-a196e80b7f92"", ""userName"": ""Eitsham Khan"", ""userImage"": ""https://play-lh.googleusercontent.com/a/ACg8ocKp7qJp6ROrC3r9l6z9GEQ4k9KQJH6TM_JKJnXtxa7XgUsgQA=mo"", ""content"": ""🥰 😍"", ""score"": 4, ""thumbsUpCount"": 0, ""reviewCreatedVersion"": null, ""at"": ""2026-07-02 03:13:40"", ""replyContent"": ""Hi, thanks for your feedback!\nWe'll be sure to share your suggestion with our team for consideration. We appreciate your input, and we're always working to improve the TikTok experience!"", ""repliedAt"": ""2026-07-02 03:40:11"", ""appVersion"": null}"
run5_day2_20260703_043957,2,TikTok,com.zhiliaoapp.musically,us,en,72729636ff1fdf58684779719aeec4a67f77d1dde2df009495c0733de3545f7c,57ed1153-dcd2-437c-9f9b-b8eb6895756f,0,Katlie Desree,5,0,2026-07-02T03:12:53+00:00,45.7.3,,,one thing about this app is that it gives you what you want 🥹🥰I'm happy about it 😊,one thing about this app is that it gives you what you want 🥹🥰I'm happy about it 😊,9f11af16b8ca4e58a6e1d8833351a7065d9bedfc9b3dae7727a3d00f7e2b3437,9f11af16b8ca4e58a6e1d8833351a7065d9bedfc9b3dae7727a3d00f7e2b3437,"{""reviewId"": ""57ed1153-dcd2-437c-9f9b-b8eb6895756f"", ""userName"": ""Katlie Desree"", ""userImage"": ""https://play-lh.googleusercontent.com/a-/ALV-UjXUdajq5OfY3KveuEijMBfFLX0tKoCNZww3YD19D2IfNkquZ0A"", ""content"": ""one thing about this app is that it gives you what you want 🥹🥰I'm happy about it 😊"", ""score"": 5, ""thumbsUpCount"": 0, ""reviewCreatedVersion"": ""45.7.3"", ""at"": ""2026-07-02 03:12:53"", ""replyContent"": null, ""repliedAt"": null, ""appVersion"": ""45.7.3""}"
run5_day2_20260703_043957,2,TikTok,com.zhiliaoapp.musically,us,en,fea06011a3b9dfd633d8dcdb7fb7a55ab03e292221055628fe82e09ff0441057,8f0ed0d6-8f03-466f-afc3-696ff4a4b88e,0,Justin Lawes,1,0,2026-07-02T03:08:46+00:00,45.7.3,"Hi, thanks for your feedback!
We'll be sure to share your suggestion with our team for consideration. We appreciate your input, and we're always working to improve the TikTok experience!",2026-07-02T03:20:13+00:00,no working,no working,b7beef00e40b6795de89d67b9ad2e583b91df058d641d4de0ec261b94644ff47,b7beef00e40b6795de89d67b9ad2e583b91df058d641d4de0ec261b94644ff47,"{""reviewId"": ""8f0ed0d6-8f03-466f-afc3-696ff4a4b88e"", ""userName"": ""Justin Lawes"", ""userImage"": ""https://play-lh.googleusercontent.com/a/ACg8ocLwIAm1fBrJxlhhv8VZp5VjIAPfZA1-xs14ckIvUIlSp_cUQg=mo"", ""content"": ""no working"", ""score"": 1, ""thumbsUpCount"": 0, ""reviewCreatedVersion"": ""45.7.3"", ""at"": ""2026-07-02 03:08:46"", ""replyContent"": ""Hi, thanks for your feedback!\nWe'll be sure to share your suggestion with our team for consideration. We appreciate your input, and we're always working to improve the TikTok experience!"", ""repliedAt"": ""2026-07-02 03:20:13"", ""appVersion"": ""45.7.3""}"
run5_day2_20260703_043957,2,TikTok,com.zhiliaoapp.musically,us,en,42f068ca3e0428f01355ff6daa66aed74bb3d78279fffdb17898c3598bbf3c72,662fd182-3996-47c3-a8af-c704756163a2,0,Umrah Permitt,4,0,2026-07-02T03:08:17+00:00,45.7.3,"Hi, thanks for your feedback!
We'll be sure to share your suggestion with our team for consideration. We appreciate your input, and we're always working to improve the TikTok experience!",2026-07-02T03:20:11+00:00,not working,not working,df19064d96673a4c6aa65516690233cb04499cc829d0db538e2256382146aa96,df19064d96673a4c6aa65516690233cb04499cc829d0db538e2256382146aa96,"{""reviewId"": ""662fd182-3996-47c3-a8af-c704756163a2"", ""userName"": ""Umrah Permitt"", ""userImage"": ""https://play-lh.googleusercontent.com/a/ACg8ocJcTH6HFc1TrW3Ml-u1vBkH60opkej1doWbPu6zHQ73GyJ4=mo"", ""content"": ""not working"", ""score"": 4, ""thumbsUpCount"": 0, ""reviewCreatedVersion"": ""45.7.3"", ""at"": ""2026-07-02 03:08:17"", ""replyContent"": ""Hi, thanks for your feedback!\nWe'll be sure to share your suggestion with our team for consideration. We appreciate your input, and we're always working to improve the TikTok experience!"", ""repliedAt"": ""2026-07-02 03:20:11"", ""appVersion"": ""45.7.3""}"
run5_day2_20260703_043957,2,TikTok,com.zhiliaoapp.musically,us,en,79d810952ce3645c20e66df6c23b2c61716d2418691155cdd87b931c60f33730,fa0bbf17-bd0e-4131-8aef-bf1c17b1fd88,0,Saleem Kpkpolice,2,0,2026-07-02T03:04:17+00:00,45.7.3,"Hi, thanks for your feedback!
We'll be sure to share your suggestion with our team for consideration. We appreciate your input, and we're always working to improve the TikTok experience!",2026-07-02T03:20:11+00:00,Hello Tik Tok Team I have been working hard on Tik Tok for quite some time and have been posting very good videos.,Hello Tik Tok Team I have been working hard on Tik Tok for quite some time and have been posting very good videos.,4215bebfd0bbcacf5e70b8041144de70620f4a8891aa3380a0dcf696ad95e14b,4215bebfd0bbcacf5e70b8041144de70620f4a8891aa3380a0dcf696ad95e14b,"{""reviewId"": ""fa0bbf17-bd0e-4131-8aef-bf1c17b1fd88"", ""userName"": ""Saleem Kpkpolice"", ""userImage"": ""https://play-lh.googleusercontent.com/a/ACg8ocIgRmBm17eCNr80_9YPTts2egkadSjXezbNNqyQysniit361Q=mo"", ""content"": ""Hello Tik Tok Team I have been working hard on Tik Tok for quite some time and have been posting very good videos."", ""score"": 2, ""thumbsUpCount"": 0, ""reviewCreatedVersion"": ""45.7.3"", ""at"": ""2026-07-02 03:04:17"", ""replyContent"": ""Hi, thanks for your feedback!\nWe'll be sure to share your suggestion with our team for consideration. We appreciate your input, and we're always working to improve the TikTok experience!"", ""repliedAt"": ""2026-07-02 03:20:11"", ""appVersion"": ""45.7.3""}"
run5_day2_20260703_043957,2,TikTok,com.zhiliaoapp.musically,us,en,8a90dbfc8d700f2cec5361ec3997a5efeb4970c2efcdfdce7024353838087959,43075cbd-36b5-4df3-b8ea-442bde087bdb,0,Samir Kumar,5,0,2026-07-02T03:03:25+00:00,45.7.3,Hi! Thanks for taking the time to share your feedback. Your support is greatly appreciated.,2026-07-02T03:20:13+00:00,not working filter,not working filter,ced307b52f1eecf330848f034207c62d379ee85591509bfe9e5f2d0e85cba958,ced307b52f1eecf330848f034207c62d379ee85591509bfe9e5f2d0e85cba958,"{""reviewId"": ""43075cbd-36b5-4df3-b8ea-442bde087bdb"", ""userName"": ""Samir Kumar"", ""userImage"": ""https://play-lh.googleusercontent.com/a/ACg8ocKTum44dLxWIf7Mu0A4or65mJmCZmfAFPSkvv01nGO300-idg=mo"", ""content"": ""not working filter"", ""score"": 5, ""thumbsUpCount"": 0, ""reviewCreatedVersion"": ""45.7.3"", ""at"": ""2026-07-02 03:03:25"", ""replyContent"": ""Hi! Thanks for taking the time to share your feedback. Your support is greatly appreciated."", ""repliedAt"": ""2026-07-02 03:20:13"", ""appVersion"": ""45.7.3""}"
run5_day2_20260703_043957,2,TikTok,com.zhiliaoapp.musically,us,en,96c407c962c3d71ddd53ccb202834174527cac60e1c1de05974804717d182f65,8909153a-0f9d-4044-8e7a-c15f088f5885,0,Huria Batool,5,0,2026-07-02T03:03:13+00:00,45.7.3,Hi! Thanks for taking the time to share your feedback. Your support is greatly appreciated.,2026-07-02T03:20:11+00:00,very good,very good,624d026dc13e1e189f9ea4ca66a065466d3f438dd94250ee8bc45ab57566374e,624d026dc13e1e189f9ea4ca66a065466d3f438dd94250ee8bc45ab57566374e,"{""reviewId"": ""8909153a-0f9d-4044-8e7a-c15f088f5885"", ""userName"": ""Huria Batool"", ""userImage"": ""https://play-lh.googleusercontent.com/a-/ALV-UjWDyj1joiv8aZdcNd7nK09tT1gnDPtWG6MmmW5ylyBQ5Na_NFY"", ""content"": ""very good"", ""score"": 5, ""thumbsUpCount"": 0, ""reviewCreatedVersion"": ""45.7.3"", ""at"": ""2026-07-02 03:03:13"", ""replyContent"": ""Hi! Thanks for taking the time to share your feedback. Your support is greatly appreciated."", ""repliedAt"": ""2026-07-02 03:20:11"", ""appVersion"": ""45.7.3""}"
run5_day2_20260703_043957,2,TikTok,com.zhiliaoapp.musically,us,en,4d4234a94a50b91d59b800c96d420a38ba37f592f6f47631406fcce0765cc3c1,5d9ec774-ad12-4d56-8207-55a9b7e24d30,0,Trent Porter,1,1,2026-07-02T03:00:49+00:00,45.7.3,"Hi, thanks for your feedback!
We'll be sure to share your suggestion with our team for consideration. We appreciate your input, and we're always working to improve the TikTok experience!",2026-07-02T03:20:11+00:00,"The algorithm is cooked, it completely disregards what youre searching and pressing not interested on. It is nothing but slop","The algorithm is cooked, it completely disregards what youre searching and pressing not interested on. It is nothing but slop",e8a49051053fcfefe8de76c9ada7f33c8b586753451190cc0eb5c9904e6661ff,e8a49051053fcfefe8de76c9ada7f33c8b586753451190cc0eb5c9904e6661ff,"{""reviewId"": ""5d9ec774-ad12-4d56-8207-55a9b7e24d30"", ""userName"": ""Trent Porter"", ""userImage"": ""https://play-lh.googleusercontent.com/a-/ALV-UjV36DCTuKsR6vldW-1J_qQCmdXGQB2oRDfzzmLvcyAOsqBWL-2F"", ""content"": ""The algorithm is cooked, it completely disregards what youre searching and pressing not interested on. It is nothing but slop"", ""score"": 1, ""thumbsUpCount"": 1, ""reviewCreatedVersion"": ""45.7.3"", ""at"": ""2026-07-02 03:00:49"", ""replyContent"": ""Hi, thanks for your feedback!\nWe'll be sure to share your suggestion with our team for consideration. We appreciate your input, and we're always working to improve the TikTok experience!"", ""repliedAt"": ""2026-07-02 03:20:11"", ""appVersion"": ""45.7.3""}"
run5_day2_20260703_043957,2,TikTok,com.zhiliaoapp.musically,us,en,efe08a65b1cbdc3765673a0d6f4ddfe61acc2acba99166cf32292fb9ec285259,d7d914ac-a917-4bc7-926f-c6eba8b6de03,0,Jaica Bobadilla,1,0,2026-07-02T02:50:56+00:00,,"Hi, thanks for your feedback!
We'll be sure to share your suggestion with our team for consideration. We appreciate your input, and we're always working to improve the TikTok experience!",2026-07-02T03:20:12+00:00,I cannot put my posted videos into my story even I turn it on.,I cannot put my posted videos into my story even I turn it on.,59be4a9adb415a17e16784ce9b8c65476aca61f6dd01ee600ceebd4bf1bb3973,59be4a9adb415a17e16784ce9b8c65476aca61f6dd01ee600ceebd4bf1bb3973,"{""reviewId"": ""d7d914ac-a917-4bc7-926f-c6eba8b6de03"", ""userName"": ""Jaica Bobadilla"", ""userImage"": ""https://play-lh.googleusercontent.com/a-/ALV-UjUJIIlB-346bKM9bTfrJS0eXaCGs_sqjJqC8_lJeiU0kKaS0rrP"", ""content"": ""I cannot put my posted videos into my story even I turn it on."", ""score"": 1, ""thumbsUpCount"": 0, ""reviewCreatedVersion"": null, ""at"": ""2026-07-02 02:50:56"", ""replyContent"": ""Hi, thanks for your feedback!\nWe'll be sure to share your suggestion with our team for consideration. We appreciate your input, and we're always working to improve the TikTok experience!"", ""repliedAt"": ""2026-07-02 03:20:12"", ""appVersion"": null}"
run5_day2_20260703_043957,2,TikTok,com.zhiliaoapp.musically,us,en,72f5ba8264aff63110359d55d2cc7ee525588fe123df11b46c283a9b86f8092a,0605d8cf-84eb-4efb-962d-300853c3c8dc,0,Dhirajshah-z8 Sah,5,0,2026-07-02T02:49:40+00:00,,,,nice app,nice app,d4b2a436a54d521dc1f6a9d78ae4b159f2b092cf4ee0705ae6b6be9c495d09db,d4b2a436a54d521dc1f6a9d78ae4b159f2b092cf4ee0705ae6b6be9c495d09db,"{""reviewId"": ""0605d8cf-84eb-4efb-962d-300853c3c8dc"", ""userName"": ""Dhirajshah-z8 Sah"", ""userImage"": ""https://play-lh.googleusercontent.com/a/ACg8ocKe-_Mv4g8r9DA8M11SAtjBd0HciWqLV_4LDeSyxFH6ttdYAQ=mo"", ""content"": ""nice app"", ""score"": 5, ""thumbsUpCount"": 0, ""reviewCreatedVersion"": null, ""at"": ""2026-07-02 02:49:40"", ""replyContent"": null, ""repliedAt"": null, ""appVersion"": null}"
run5_day2_20260703_043957,2,TikTok,com.zhiliaoapp.musically,us,en,c7168ef59036ab63ee3cb88ec6b58f6df342d497a32864036f604118a80bcc11,ee0c040a-cf9f-4ebe-9844-fbf423202e59,0,LYA A,1,1,2026-07-02T02:49:14+00:00,45.7.3,,,too many ads they suspended my account even tho its private and I don't post anything 😑 👎🏻👎🏻👎🏻,too many ads they suspended my account even tho its private and I don't post anything 😑 👎🏻👎🏻👎🏻,daf47ee5d4a93b6a9c94fecf7af7de3b525a357fabcbbf061c3cd33cf5030f43,daf47ee5d4a93b6a9c94fecf7af7de3b525a357fabcbbf061c3cd33cf5030f43,"{""reviewId"": ""ee0c040a-cf9f-4ebe-9844-fbf423202e59"", ""userName"": ""LYA A"", ""userImage"": ""https://play-lh.googleusercontent.com/a-/ALV-UjU0-dn_EhY7LjWqGkSMYzPk_VriR7x0ZRLVQs8hmBU-XQOZH7i1"", ""content"": ""too many ads they suspended my account even tho its private and I don't post anything 😑 👎🏻👎🏻👎🏻"", ""score"": 1, ""thumbsUpCount"": 1, ""reviewCreatedVersion"": ""45.7.3"", ""at"": ""2026-07-02 02:49:14"", ""replyContent"": null, ""repliedAt"": null, ""appVersion"": ""45.7.3""}"
run5_day2_20260703_043957,2,TikTok,com.zhiliaoapp.musically,us,en,d3cc5af9abf828948c9b7e7d83a87d7afc84bdb226df9f45e52ff651873af993,5cef13bb-15ca-4d48-8d38-7730aa8d5348,0,Dark Mind,3,0,2026-07-02T02:44:19+00:00,45.7.3,"Hi, thanks for your feedback!
We'll be sure to share your suggestion with our team for consideration. We appreciate your input, and we're always working to improve the TikTok experience!",2026-07-02T03:00:12+00:00,Stickers don't work on android but otherwise the app is the same as on iPhone.,Stickers don't work on android but otherwise the app is the same as on iPhone.,ee1e224e50258fbf1e9145337f265d379c2eb1d8d8fdd3a1f9b094d1f04d8445,ee1e224e50258fbf1e9145337f265d379c2eb1d8d8fdd3a1f9b094d1f04d8445,"{""reviewId"": ""5cef13bb-15ca-4d48-8d38-7730aa8d5348"", ""userName"": ""Dark Mind"", ""userImage"": ""https://play-lh.googleusercontent.com/a-/ALV-UjV948nWCrgAZec0u2FYDWgEK73NM9lkLP4j3PrR1SMshjeihWM4"", ""content"": ""Stickers don't work on android but otherwise the app is the same as on iPhone."", ""score"": 3, ""thumbsUpCount"": 0, ""reviewCreatedVersion"": ""45.7.3"", ""at"": ""2026-07-02 02:44:19"", ""replyContent"": ""Hi, thanks for your feedback!\nWe'll be sure to share your suggestion with our team for consideration. We appreciate your input, and we're always working to improve the TikTok experience!"", ""repliedAt"": ""2026-07-02 03:00:12"", ""appVersion"": ""45.7.3""}"
run5_day2_20260703_043957,2,TikTok,com.zhiliaoapp.musically,us,en,eb7ac53f600bc2fd8e1ef6f0acd05bb7d9ab52c1ac8d5e367b6e2c41c4a81646,3d474779-5980-4c1c-84b5-4c9ac1d8903c,0,Marian Tanac,2,0,2026-07-02T02:42:11+00:00,45.7.3,"Hi, thanks for your feedback!
We'll be sure to share your suggestion with our team for consideration. We appreciate your input, and we're always working to improve the TikTok experience!",2026-07-02T03:00:12+00:00,"My thoughts keep disappearing videos. The videos that my friends sent me don't load properly. My comments sometimes don't upload, and there are just way too many bugs. Also laggy?? Before adding new features can you guys at least make sure there's no bugs??","My thoughts keep disappearing videos. The videos that my friends sent me don't load properly. My comments sometimes don't upload, and there are just way too many bugs. Also laggy?? Before adding new features can you guys at least make sure there's no bugs??",968d7a64ce93aa987348ce6ca3d8bf112971a018d5323fd77c04522be61b702a,968d7a64ce93aa987348ce6ca3d8bf112971a018d5323fd77c04522be61b702a,"{""reviewId"": ""3d474779-5980-4c1c-84b5-4c9ac1d8903c"", ""userName"": ""Marian Tanac"", ""userImage"": ""https://play-lh.googleusercontent.com/a-/ALV-UjXsCQ1_3XkPsziftd8bVf4VGu_INVPdV7qZ9M510DpjuJGJ0746yQ"", ""content"": ""My thoughts keep disappearing videos. The videos that my friends sent me don't load properly. My comments sometimes don't upload, and there are just way too many bugs. Also laggy?? Before adding new features can you guys at least make sure there's no bugs??"", ""score"": 2, ""thumbsUpCount"": 0, ""reviewCreatedVersion"": ""45.7.3"", ""at"": ""2026-07-02 02:42:11"", ""replyContent"": ""Hi, thanks for your feedback!\nWe'll be sure to share your suggestion with our team for consideration. We appreciate your input, and we're always working to improve the TikTok experience!"", ""repliedAt"": ""2026-07-02 03:00:12"", ""appVersion"": ""45.7.3""}"
run5_day2_20260703_043957,2,TikTok,com.zhiliaoapp.musically,us,en,6f589911fcd2b7ef85dacc1efad73f7b3be1a27059b43d94ec8a3ef63c068fc1,da051a91-c139-4255-b033-0dbfc9c452c8,0,Genesis Moya,3,1,2026-07-02T02:41:09+00:00,,"Hi, thanks for your feedback!
We'll be sure to share your suggestion with our team for consideration. We appreciate your input, and we're always working to improve the TikTok experience!",2026-07-02T02:40:11+00:00,TikTok my keeps on showing content I never wanted to see i always have to repeat pressing on my screen that I'm in not interested with the content being shown on my for you page and it will not go back to normal I have been trying and this happens time and Time again 🫤,TikTok my keeps on showing content I never wanted to see i always have to repeat pressing on my screen that I'm in not interested with the content being shown on my for you page and it will not go back to normal I have been trying and this happens time and Time again 🫤,bc6de953bc888d13e5927851221b29fe9a2b14a7d3288aee1b1f5b5b5d7bdd58,bc6de953bc888d13e5927851221b29fe9a2b14a7d3288aee1b1f5b5b5d7bdd58,"{""reviewId"": ""da051a91-c139-4255-b033-0dbfc9c452c8"", ""userName"": ""Genesis Moya"", ""userImage"": ""https://play-lh.googleusercontent.com/a-/ALV-UjVVsK_4OiEpclitZhUCQH2xPsebIMCowI-H9TLEVYfhaWk6lec"", ""content"": ""TikTok my keeps on showing content I never wanted to see i always have to repeat pressing on my screen that I'm in not interested with the content being shown on my for you page and it will not go back to normal I have been trying and this happens time and Time again 🫤"", ""score"": 3, ""thumbsUpCount"": 1, ""reviewCreatedVersion"": null, ""at"": ""2026-07-02 02:41:09"", ""replyContent"": ""Hi, thanks for your feedback!\nWe'll be sure to share your suggestion with our team for consideration. We appreciate your input, and we're always working to improve the TikTok experience!"", ""repliedAt"": ""2026-07-02 02:40:11"", ""appVersion"": null}"
run5_day2_20260703_043957,2,TikTok,com.zhiliaoapp.musically,us,en,2a6fd5c953b5d16effdf55c3ff625f4b55ad8eca18572bd0ddfcb86a1c5e14b6,0fd596c0-11e4-4ab0-b114-fac6736b50a0,0,Irsyad Muzaffar,4,0,2026-07-02T02:36:00+00:00,,"Hi, thanks for your feedback!
We'll be sure to share your suggestion with our team for consideration. We appreciate your input, and we're always working to improve the TikTok experience!",2026-07-02T03:00:12+00:00,good,good,770e607624d689265ca6c44884d0807d9b054d23c473c106c72be9de08b7376c,770e607624d689265ca6c44884d0807d9b054d23c473c106c72be9de08b7376c,"{""reviewId"": ""0fd596c0-11e4-4ab0-b114-fac6736b50a0"", ""userName"": ""Irsyad Muzaffar"", ""userImage"": ""https://play-lh.googleusercontent.com/a-/ALV-UjVHHkq9v5KJlhDJpL2lKKOMA1lqMehGAaUjFNO3NrG-0zXjOk5l"", ""content"": ""good"", ""score"": 4, ""thumbsUpCount"": 0, ""reviewCreatedVersion"": null, ""at"": ""2026-07-02 02:36:00"", ""replyContent"": ""Hi, thanks for your feedback!\nWe'll be sure to share your suggestion with our team for consideration. We appreciate your input, and we're always working to improve the TikTok experience!"", ""repliedAt"": ""2026-07-02 03:00:12"", ""appVersion"": null}"
run5_day2_20260703_043957,2,TikTok,com.zhiliaoapp.musically,us,en,af87eec25a29c426748fd28eea679b0c164ee2c1c9f31b0241369f28cbc55bd9,5fcf08de-f6b7-490c-9432-00e44f5f318a,0,Hm Akib,5,0,2026-07-02T02:35:43+00:00,45.7.3,Hi! Thanks for taking the time to share your feedback. Your support is greatly appreciated.,2026-07-02T03:00:12+00:00,✅✅✅,✅✅✅,3f16cd6213a3284377bdbd7dc7eb4797dfa441123e415f4b5015b94746b8c249,3f16cd6213a3284377bdbd7dc7eb4797dfa441123e415f4b5015b94746b8c249,"{""reviewId"": ""5fcf08de-f6b7-490c-9432-00e44f5f318a"", ""userName"": ""Hm Akib"", ""userImage"": ""https://play-lh.googleusercontent.com/a-/ALV-UjVK6aGJI_CdfO2Pq8rKZex4wGbC4GdIa0Ukvonl9ziLSwUvutZw"", ""content"": ""✅✅✅"", ""score"": 5, ""thumbsUpCount"": 0, ""reviewCreatedVersion"": ""45.7.3"", ""at"": ""2026-07-02 02:35:43"", ""replyContent"": ""Hi! Thanks for taking the time to share your feedback. Your support is greatly appreciated."", ""repliedAt"": ""2026-07-02 03:00:12"", ""appVersion"": ""45.7.3""}"
run5_day2_20260703_043957,2,TikTok,com.zhiliaoapp.musically,us,en,0437ab414848084b6534ec681806fa712d63d106f63efc73320e48ecaf9b3ab4,4340292b-a511-4972-bb94-d92130056d64,0,Hadasha Gola,5,0,2026-07-02T02:34:49+00:00,45.7.3,Hi! Thanks for taking the time to share your feedback. Your support is greatly appreciated.,2026-07-02T03:00:12+00:00,helps build confidence,helps build confidence,da81d59484629e67cbdb68ecd8466f3d2daa1c5875d232542ec03d32584d0a6b,da81d59484629e67cbdb68ecd8466f3d2daa1c5875d232542ec03d32584d0a6b,"{""reviewId"": ""4340292b-a511-4972-bb94-d92130056d64"", ""userName"": ""Hadasha Gola"", ""userImage"": ""https://play-lh.googleusercontent.com/a/ACg8ocJvJ0e2mWyjv-uBJ2gWTtsrbGK58jdfiuJHaNQHI3eHDDzHQg=mo"", ""content"": ""helps build confidence"", ""score"": 5, ""thumbsUpCount"": 0, ""reviewCreatedVersion"": ""45.7.3"", ""at"": ""2026-07-02 02:34:49"", ""replyContent"": ""Hi! Thanks for taking the time to share your feedback. Your support is greatly appreciated."", ""repliedAt"": ""2026-07-02 03:00:12"", ""appVersion"": ""45.7.3""}"
run5_day2_20260703_043957,2,TikTok,com.zhiliaoapp.musically,us,en,143a839ab75fad1d989b634c75ac4595d6aee1e4f3d1eba6adb28b239ce9bb51,7bd8ce27-82a0-4a34-868d-106ad4c320c1,0,Haseeb Jutt,5,1,2026-07-02T02:26:52+00:00,45.5.4,Hi! Thanks for taking the time to share your feedback. Your support is greatly appreciated.,2026-07-02T02:40:11+00:00,world Best app,world Best app,1f20b4cc2ec13719a225860bbd5c83e7dc219477b0e201672c80121b29dc51e0,1f20b4cc2ec13719a225860bbd5c83e7dc219477b0e201672c80121b29dc51e0,"{""reviewId"": ""7bd8ce27-82a0-4a34-868d-106ad4c320c1"", ""userName"": ""Haseeb Jutt"", ""userImage"": ""https://play-lh.googleusercontent.com/a-/ALV-UjU1Wdj9Jf_BMKwDMrskiKUxOdVpCEkagmLapOmEtl-EWbWrRUk"", ""content"": ""world Best app"", ""score"": 5, ""thumbsUpCount"": 1, ""reviewCreatedVersion"": ""45.5.4"", ""at"": ""2026-07-02 02:26:52"", ""replyContent"": ""Hi! Thanks for taking the time to share your feedback. Your support is greatly appreciated."", ""repliedAt"": ""2026-07-02 02:40:11"", ""appVersion"": ""45.5.4""}"
run5_day2_20260703_043957,2,TikTok,com.zhiliaoapp.musically,us,en,5dbc91367d5411dc864d9e108ad3820b0600d5c4ffb5642811f6f2da58459d04,7e90ef50-9308-47e2-90be-c2daae1e1ffb,0,Muhammad Nawaz Jatoi,5,0,2026-07-02T02:23:54+00:00,45.7.3,,,good luck,good luck,64410594d70e5b06ec7d283efd35253e72a5650d45b1468319624342d64c660a,64410594d70e5b06ec7d283efd35253e72a5650d45b1468319624342d64c660a,"{""reviewId"": ""7e90ef50-9308-47e2-90be-c2daae1e1ffb"", ""userName"": ""Muhammad Nawaz Jatoi"", ""userImage"": ""https://play-lh.googleusercontent.com/a-/ALV-UjWe9RsnQpe4C0hFyx9edLTjYgBYKbdnkkYZ-nHAd_x3hf0r-r28"", ""content"": ""good luck"", ""score"": 5, ""thumbsUpCount"": 0, ""reviewCreatedVersion"": ""45.7.3"", ""at"": ""2026-07-02 02:23:54"", ""replyContent"": null, ""repliedAt"": null, ""appVersion"": ""45.7.3""}"
run5_day2_20260703_043957,2,TikTok,com.zhiliaoapp.musically,us,en,a3c9665d50457dba6220916061b22f0c5d73f266fc5fdf18a7fc55b3637b60d1,df7c493e-58c3-4539-904e-368116c6d263,0,Ronak Sunar,3,0,2026-07-02T02:14:46+00:00,,"Hi, thanks for your feedback!
We'll be sure to share your suggestion with our team for consideration. We appreciate your input, and we're always working to improve the TikTok experience!",2026-07-02T02:40:13+00:00,sorry TikTok chalana,sorry TikTok chalana,44fd74933c0aac4bb69b8a662981a61679b25a828340da7c4b0953f7463e88e5,44fd74933c0aac4bb69b8a662981a61679b25a828340da7c4b0953f7463e88e5,"{""reviewId"": ""df7c493e-58c3-4539-904e-368116c6d263"", ""userName"": ""Ronak Sunar"", ""userImage"": ""https://play-lh.googleusercontent.com/a/ACg8ocJ_8FrQItnwnhvPFFLNnFZn53CVVmGMeaf4hPAEZS31l2cI1g=mo"", ""content"": ""sorry TikTok chalana"", ""score"": 3, ""thumbsUpCount"": 0, ""reviewCreatedVersion"": null, ""at"": ""2026-07-02 02:14:46"", ""replyContent"": ""Hi, thanks for your feedback!\nWe'll be sure to share your suggestion with our team for consideration. We appreciate your input, and we're always working to improve the TikTok experience!"", ""repliedAt"": ""2026-07-02 02:40:13"", ""appVersion"": null}"
run5_day2_20260703_043957,2,TikTok,com.zhiliaoapp.musically,us,en,0b81600bba1af57d743472c40649b9888b0f7fc147ee9a67a2a79221cac3bfd4,f5dc0792-d023-4771-88e0-a72cd44df6a5,0,James Garner,5,5,2026-07-02T02:13:02+00:00,45.7.3,Hi! Thanks for taking the time to share your feedback. Your support is greatly appreciated.,2026-05-12T03:00:10+00:00,tiktok not landing up anything last warning get it fixed asp please fixed tiktok now nothing show who on line at all do something aap,tiktok not landing up anything last warning get it fixed asp please fixed tiktok now nothing show who on line at all do something aap,1e9a674d6d5322d69c279282391899e97cfcd59076c590f4ec793c0aed3a58e8,1e9a674d6d5322d69c279282391899e97cfcd59076c590f4ec793c0aed3a58e8,"{""reviewId"": ""f5dc0792-d023-4771-88e0-a72cd44df6a5"", ""userName"": ""James Garner"", ""userImage"": ""https://play-lh.googleusercontent.com/a/ACg8ocISdhTefsCSNStJ_HsmteNNJ5fOyqnhHWObWY8SLyAuEM-NEQ=mo"", ""content"": ""tiktok not landing up anything last warning get it fixed asp please fixed tiktok now nothing show who on line at all do something aap"", ""score"": 5, ""thumbsUpCount"": 5, ""reviewCreatedVersion"": ""45.7.3"", ""at"": ""2026-07-02 02:13:02"", ""replyContent"": ""Hi! Thanks for taking the time to share your feedback. Your support is greatly appreciated."", ""repliedAt"": ""2026-05-12 03:00:10"", ""appVersion"": ""45.7.3""}"
run5_day2_20260703_043957,2,TikTok,com.zhiliaoapp.musically,us,en,ca7a306ba6491fa8407e199831e420781f77dbfb9f0c2b8bfb6ecbc6597097e0,72a9e7f3-1aaf-4198-88e7-161cdf839c2b,0,Rodina ehab,5,0,2026-07-02T02:07:44+00:00,45.7.3,Hi! Thanks for taking the time to share your feedback. Your support is greatly appreciated.,2026-07-02T02:20:11+00:00,💓,💓,fc2ce082ff1ae459c1edd63d31529de482fff3cdfe0deb89c1ef12850cc287cf,fc2ce082ff1ae459c1edd63d31529de482fff3cdfe0deb89c1ef12850cc287cf,"{""reviewId"": ""72a9e7f3-1aaf-4198-88e7-161cdf839c2b"", ""userName"": ""Rodina ehab"", ""userImage"": ""https://play-lh.googleusercontent.com/a/ACg8ocKHrfljugDMhkd23MoHcXgBoPmkYZuGTP7KQhabyI6CungM3g=mo"", ""content"": ""💓"", ""score"": 5, ""thumbsUpCount"": 0, ""reviewCreatedVersion"": ""45.7.3"", ""at"": ""2026-07-02 02:07:44"", ""replyContent"": ""Hi! Thanks for taking the time to share your feedback. Your support is greatly appreciated."", ""repliedAt"": ""2026-07-02 02:20:11"", ""appVersion"": ""45.7.3""}"
run5_day2_20260703_043957,2,TikTok,com.zhiliaoapp.musically,us,en,cb201f265eb388ce84cadd5592ba5cbb25cbfe99e37f4b76c756a327cb8a2eda,0f84557d-7dae-43c5-8089-1a1028c3bb53,0,MD RAKIN,5,0,2026-07-02T01:57:56+00:00,45.4.3,হাই! আপনার ফিডব্যাক শেয়ার করতে সময় দেওয়ার জন্য ধন্যবাদ। আপনার সমর্থন দারুণভাবে প্রশংসিত।,2026-07-02T02:20:11+00:00,ইইই,ইইই,024713d99964ddf089f8e8fea0612980334216188633653df724c84e407f211b,024713d99964ddf089f8e8fea0612980334216188633653df724c84e407f211b,"{""reviewId"": ""0f84557d-7dae-43c5-8089-1a1028c3bb53"", ""userName"": ""MD RAKIN"", ""userImage"": ""https://play-lh.googleusercontent.com/a/ACg8ocKNjpHyZNLHtFBkv_-y-ImVKpFutFeN92HdTwjr372RdPNY_w=mo"", ""content"": ""ইইই"", ""score"": 5, ""thumbsUpCount"": 0, ""reviewCreatedVersion"": ""45.4.3"", ""at"": ""2026-07-02 01:57:56"", ""replyContent"": ""হাই! আপনার ফিডব্যাক শেয়ার করতে সময় দেওয়ার জন্য ধন্যবাদ। আপনার সমর্থন দারুণভাবে প্রশংসিত।"", ""repliedAt"": ""2026-07-02 02:20:11"", ""appVersion"": ""45.4.3""}"
run5_day2_20260703_043957,2,TikTok,com.zhiliaoapp.musically,us,en,d7b9bc1d8664b88cdf68f1d3ec1a2bca8ef4579d54df22ded731d78a60b26506,04961a9d-8998-4cdb-833c-9aa23bcf75aa,0,Sunny Rj66,5,1,2026-07-02T01:41:20+00:00,,Hi! Thanks for taking the time to share your feedback. Your support is greatly appreciated.,2026-07-02T02:00:13+00:00,please unfreeze my account and show me a live option plz TikTok team🥺,please unfreeze my account and show me a live option plz TikTok team🥺,e64d0737da9865f1161da57998c9873c6f4041a3a22d3776952e36b7688d25e7,e64d0737da9865f1161da57998c9873c6f4041a3a22d3776952e36b7688d25e7,"{""reviewId"": ""04961a9d-8998-4cdb-833c-9aa23bcf75aa"", ""userName"": ""Sunny Rj66"", ""userImage"": ""https://play-lh.googleusercontent.com/a/ACg8ocJ09hZmnUx1hayjEP9vszpGVikDt9N2-85KAjHGmgxDTBHngg=mo"", ""content"": ""please unfreeze my account and show me a live option plz TikTok team🥺"", ""score"": 5, ""thumbsUpCount"": 1, ""reviewCreatedVersion"": null, ""at"": ""2026-07-02 01:41:20"", ""replyContent"": ""Hi! Thanks for taking the time to share your feedback. Your support is greatly appreciated."", ""repliedAt"": ""2026-07-02 02:00:13"", ""appVersion"": null}"
run5_day2_20260703_043957,2,TikTok,com.zhiliaoapp.musically,us,en,73a681027498e3c43c5bb0852988b82af69b81f648295a27cd464d96df7c2b58,a685c36e-2e26-4b1c-9d98-2b849b1d1b19,0,Mst Tangana Akthar,5,0,2026-07-02T01:36:48+00:00,,Hi! Thanks for taking the time to share your feedback. Your support is greatly appreciated.,2026-07-02T02:00:12+00:00,owwwwwwwwwwwwwwwwww,owwwwwwwwwwwwwwwwww,246ca38c17851cec8df70a1176d1204c17820c596e46f72c2337d24ab1e29b74,246ca38c17851cec8df70a1176d1204c17820c596e46f72c2337d24ab1e29b74,"{""reviewId"": ""a685c36e-2e26-4b1c-9d98-2b849b1d1b19"", ""userName"": ""Mst Tangana Akthar"", ""userImage"": ""https://play-lh.googleusercontent.com/a-/ALV-UjXp0wniulgj7oLiUCb4nxYH2f0_1wUxqm-y5bcBljqTBvxsba_T"", ""content"": ""owwwwwwwwwwwwwwwwww"", ""score"": 5, ""thumbsUpCount"": 0, ""reviewCreatedVersion"": null, ""at"": ""2026-07-02 01:36:48"", ""replyContent"": ""Hi! Thanks for taking the time to share your feedback. Your support is greatly appreciated."", ""repliedAt"": ""2026-07-02 02:00:12"", ""appVersion"": null}"
run5_day2_20260703_043957,2,TikTok,com.zhiliaoapp.musically,us,en,cacbe8d27087be5fb8254c57e94dbe96d4794004cf71caadf0846f98249545a9,5ac98c1b-3402-42fa-ba85-fe1845c8fe3f,0,Miles M,5,1,2026-07-02T01:36:14+00:00,,,,This app is ah halfe the shi u see is straight be son,This app is ah halfe the shi u see is straight be son,555d17cb32c1f2b1af9fc417b633b8e1d990041299c49a2e25780932429c511e,555d17cb32c1f2b1af9fc417b633b8e1d990041299c49a2e25780932429c511e,"{""reviewId"": ""5ac98c1b-3402-42fa-ba85-fe1845c8fe3f"", ""userName"": ""Miles M"", ""userImage"": ""https://play-lh.googleusercontent.com/a/ACg8ocJ2KUqEQSjEMMlSjc7IGDP7ao95ZAMdhZohpuqLS6Va_2kLLA=mo"", ""content"": ""This app is ah halfe the shi u see is straight be son"", ""score"": 5, ""thumbsUpCount"": 1, ""reviewCreatedVersion"": null, ""at"": ""2026-07-02 01:36:14"", ""replyContent"": null, ""repliedAt"": null, ""appVersion"": null}"
run5_day2_20260703_043957,2,TikTok,com.zhiliaoapp.musically,us,en,22383cdea270bb8df88d7d61a4ae05c5289231d3bda8ff65a95755d85ec1aa6e,1b871b66-88f3-4aa5-82c7-5351abff9df3,0,DoYouLikeRam,1,0,2026-07-02T01:25:19+00:00,45.7.3,"Hi, thanks for your feedback!
We'll be sure to share your suggestion with our team for consideration. We appreciate your input, and we're always working to improve the TikTok experience!",2026-07-02T01:40:11+00:00,When i upload video it's automatically blur later🤬,When i upload video it's automatically blur later🤬,e9e6a901603b359b18c2750f1ebd90f1781a1fbcb5f55ac53df17c902ada48b5,e9e6a901603b359b18c2750f1ebd90f1781a1fbcb5f55ac53df17c902ada48b5,"{""reviewId"": ""1b871b66-88f3-4aa5-82c7-5351abff9df3"", ""userName"": ""DoYouLikeRam"", ""userImage"": ""https://play-lh.googleusercontent.com/a-/ALV-UjWve2xei_4iuLkVlO5uAKaJZP9pLp6-YT6jiL9WNKO8AD477lYq"", ""content"": ""When i upload video it's automatically blur later🤬"", ""score"": 1, ""thumbsUpCount"": 0, ""reviewCreatedVersion"": ""45.7.3"", ""at"": ""2026-07-02 01:25:19"", ""replyContent"": ""Hi, thanks for your feedback!\nWe'll be sure to share your suggestion with our team for consideration. We appreciate your input, and we're always working to improve the TikTok experience!"", ""repliedAt"": ""2026-07-02 01:40:11"", ""appVersion"": ""45.7.3""}"
run5_day2_20260703_043957,2,TikTok,com.zhiliaoapp.musically,us,en,f2b02d60b32ee986b85ee8b572ed7ffc8a48ffeb3707fac63b72d4c6776648c5,e3f7fe46-6ca8-462c-9694-a395201ae452,0,Samantha Bergman,1,0,2026-07-02T01:14:15+00:00,45.7.3,"Hi, sorry for the inconvenience. To help us look into this properly, please report your issue directly through the TikTok app:
Go to your Profile, tap Menu, Settings and Privacy, then Help Center.
We truly appreciate your patience and look forward to getting this resolved.",2026-07-02T01:40:11+00:00,I have been suspended for more than 14 days. please fix this issue.,I have been suspended for more than 14 days. please fix this issue.,bb0b467acd1f23895180b5321486bf94cce4ad9573ba9869f0e48bf0afbcb35c,bb0b467acd1f23895180b5321486bf94cce4ad9573ba9869f0e48bf0afbcb35c,"{""reviewId"": ""e3f7fe46-6ca8-462c-9694-a395201ae452"", ""userName"": ""Samantha Bergman"", ""userImage"": ""https://play-lh.googleusercontent.com/a-/ALV-UjV_vPxOi6mT07chDRjkFAgnFreTEQmYqme7qSowumnbd9raYdUv"", ""content"": ""I have been suspended for more than 14 days. please fix this issue."", ""score"": 1, ""thumbsUpCount"": 0, ""reviewCreatedVersion"": ""45.7.3"", ""at"": ""2026-07-02 01:14:15"", ""replyContent"": ""Hi, sorry for the inconvenience. To help us look into this properly, please report your issue directly through the TikTok app:\nGo to your Profile, tap Menu, Settings and Privacy, then Help Center.\nWe truly appreciate your patience and look forward to getting this resolved."", ""repliedAt"": ""2026-07-02 01:40:11"", ""appVersion"": ""45.7.3""}"
run5_day2_20260703_043957,2,TikTok,com.zhiliaoapp.musically,us,en,cdc04048ae76cdb925af0f0a6cd1e5f1d4f075739d517351dd7895264aaa700a,e5eaf712-a418-425e-8014-4a2bd923c0e7,0,Amjed ali Amjed ali,5,0,2026-07-02T01:12:47+00:00,45.7.3,Hi! Thanks for taking the time to share your feedback. Your support is greatly appreciated.,2026-07-02T01:40:11+00:00,nice,nice,e186022d0931afe9fe0690857e32f85e50165e7fbe0966d49609ef1981f920c6,e186022d0931afe9fe0690857e32f85e50165e7fbe0966d49609ef1981f920c6,"{""reviewId"": ""e5eaf712-a418-425e-8014-4a2bd923c0e7"", ""userName"": ""Amjed ali Amjed ali"", ""userImage"": ""https://play-lh.googleusercontent.com/a/ACg8ocJO0Fkd7pfdK4ggJK2lqCQkdInsTCjC9egpVKdc0tmF0KWZmw=mo"", ""content"": ""nice"", ""score"": 5, ""thumbsUpCount"": 0, ""reviewCreatedVersion"": ""45.7.3"", ""at"": ""2026-07-02 01:12:47"", ""replyContent"": ""Hi! Thanks for taking the time to share your feedback. Your support is greatly appreciated."", ""repliedAt"": ""2026-07-02 01:40:11"", ""appVersion"": ""45.7.3""}"
run5_day2_20260703_043957,2,TikTok,com.zhiliaoapp.musically,us,en,d99a15903e2f49e85dceb2bf2f8951178c969df7463445b2a1f51e48b96cf561,d1a37606-263c-40d6-813f-c78972081507,0,Ali ijaz,5,0,2026-07-02T01:12:05+00:00,45.8.2,Hi! Thanks for taking the time to share your feedback. Your support is greatly appreciated.,2026-07-02T01:40:12+00:00,very good TikTok App,very good TikTok App,d7a7de806bb19c1a431a4f62118fee844e2b4ca56715d5f89776bc4c5232ac40,d7a7de806bb19c1a431a4f62118fee844e2b4ca56715d5f89776bc4c5232ac40,"{""reviewId"": ""d1a37606-263c-40d6-813f-c78972081507"", ""userName"": ""Ali ijaz"", ""userImage"": ""https://play-lh.googleusercontent.com/a/ACg8ocIVY1AhIqiZckPS--AdAz539XziP5MTn0NIBzARZvTei0JYkg=mo"", ""content"": ""very good TikTok App"", ""score"": 5, ""thumbsUpCount"": 0, ""reviewCreatedVersion"": ""45.8.2"", ""at"": ""2026-07-02 01:12:05"", ""replyContent"": ""Hi! Thanks for taking the time to share your feedback. Your support is greatly appreciated."", ""repliedAt"": ""2026-07-02 01:40:12"", ""appVersion"": ""45.8.2""}"
run5_day2_20260703_043957,2,TikTok,com.zhiliaoapp.musically,us,en,4da738df71748bf89585838f565c347804285552a93575e25b4068d01c3c57af,74e9e13f-aa64-43da-854e-92f3567cddd8,0,Ayla Overymckone,1,0,2026-07-02T01:07:19+00:00,,,,It suddenly began giving me a horrible fyp with videos I have never interacted with and had less than 20 likes. I started blocking every account I saw and selected not interested for 30 videos in a row but it just continued to give me more. Many people have had the same problem and no one is saying how to fix it. Its awful.,It suddenly began giving me a horrible fyp with videos I have never interacted with and had less than 20 likes. I started blocking every account I saw and selected not interested for 30 videos in a row but it just continued to give me more. Many people have had the same problem and no one is saying how to fix it. Its awful.,dcedfe74e84ff59b012fdf60d5d5d155c45f1a108951fdc5268e4c0bf4ccf293,dcedfe74e84ff59b012fdf60d5d5d155c45f1a108951fdc5268e4c0bf4ccf293,"{""reviewId"": ""74e9e13f-aa64-43da-854e-92f3567cddd8"", ""userName"": ""Ayla Overymckone"", ""userImage"": ""https://play-lh.googleusercontent.com/a/ACg8ocInNVI71tEExOwMxAphvYWQSXFCWqO4l7i9SNjR1869JzximR8=mo"", ""content"": ""It suddenly began giving me a horrible fyp with videos I have never interacted with and had less than 20 likes. I started blocking every account I saw and selected not interested for 30 videos in a row but it just continued to give me more. Many people have had the same problem and no one is saying how to fix it. Its awful."", ""score"": 1, ""thumbsUpCount"": 0, ""reviewCreatedVersion"": null, ""at"": ""2026-07-02 01:07:19"", ""replyContent"": null, ""repliedAt"": null, ""appVersion"": null}"
run5_day2_20260703_043957,2,TikTok,com.zhiliaoapp.musically,us,en,62c34f2145af946f81930502823c416bbf2ff88aa07adeab5b93bb7754ad0843,0569e0a1-fecb-4673-84ab-9445ca2b4f56,0,Joseph Majok,5,0,2026-07-02T01:05:12+00:00,,Hi! Thanks for taking the time to share your feedback. Your support is greatly appreciated.,2026-07-02T01:20:11+00:00,amazing app,amazing app,8364d2ac9b4e7aa94a1f9a92b4ab28e6a23b1f9c3cb12d43cf0d9f0191db2cac,8364d2ac9b4e7aa94a1f9a92b4ab28e6a23b1f9c3cb12d43cf0d9f0191db2cac,"{""reviewId"": ""0569e0a1-fecb-4673-84ab-9445ca2b4f56"", ""userName"": ""Joseph Majok"", ""userImage"": ""https://play-lh.googleusercontent.com/a/ACg8ocKV2qVmZjqoxXz8sNKQVEr4-NL6B4L4K0CswEiJJNeigKe75g=mo"", ""content"": ""amazing app"", ""score"": 5, ""thumbsUpCount"": 0, ""reviewCreatedVersion"": null, ""at"": ""2026-07-02 01:05:12"", ""replyContent"": ""Hi! Thanks for taking the time to share your feedback. Your support is greatly appreciated."", ""repliedAt"": ""2026-07-02 01:20:11"", ""appVersion"": null}"
run5_day2_20260703_043957,2,TikTok,com.zhiliaoapp.musically,us,en,320f89c735e598bda4825922ebe130e526d479b944412fe4000b2924061b4e9a,f7c7c07f-21ba-4053-bfaf-7378843d7a0d,0,Wadoood Khan,5,0,2026-07-02T01:02:37+00:00,,,,speed download this app please,speed download this app please,4b25c57296c8ad2998884d631d6adcc7005c92764e2e0d4b143f5663614811b8,4b25c57296c8ad2998884d631d6adcc7005c92764e2e0d4b143f5663614811b8,"{""reviewId"": ""f7c7c07f-21ba-4053-bfaf-7378843d7a0d"", ""userName"": ""Wadoood Khan"", ""userImage"": ""https://play-lh.googleusercontent.com/a/ACg8ocKSf5wIsWD2RPlrddSluIYzFXy4mGI8wgrElyGeHX2N0KKWww=mo"", ""content"": ""speed download this app please"", ""score"": 5, ""thumbsUpCount"": 0, ""reviewCreatedVersion"": null, ""at"": ""2026-07-02 01:02:37"", ""replyContent"": null, ""repliedAt"": null, ""appVersion"": null}"
run5_day2_20260703_043957,2,TikTok,com.zhiliaoapp.musically,us,en,3aba41c27b5b02213c47b8865e2d822b4acff27950deeda14c644ef11593600d,b28845d9-b0bc-4381-82c9-aace46ce2fb5,0,Maram Elgebily,1,11,2026-07-02T01:01:50+00:00,45.7.3,مرحبًا! نشكرك على تخصيص جزء من وقتك لمشاركة ملاحظاتك. نقدّر لك حقًا دعمك.,2026-03-05T02:00:06+00:00,التطبيق أصبح أقل راحة في الاستخدام مقارنة بالسابق. عند الخروج من التطبيق والعودة إليه لا أستطيع استرجاع الفيديو الذي كنت أشاهده. أرجو إعادة بعض مزايا إصدار 2022 من حيث شكل الملف الشخصي و صندوق الوارد لأنه كان أبسط وأسهل في الاستخدام. و وضع استيراد الخطوط.شكراً لكم.,التطبيق أصبح أقل راحة في الاستخدام مقارنة بالسابق. عند الخروج من التطبيق والعودة إليه لا أستطيع استرجاع الفيديو الذي كنت أشاهده. أرجو إعادة بعض مزايا إصدار 2022 من حيث شكل الملف الشخصي و صندوق الوارد لأنه كان أبسط وأسهل في الاستخدام. و وضع استيراد الخطوط.شكراً لكم.,f0644c46fe73ab928e74a2c5cd2c7b731595ad2a634d7523cd068a129bfc6a7a,f0644c46fe73ab928e74a2c5cd2c7b731595ad2a634d7523cd068a129bfc6a7a,"{""reviewId"": ""b28845d9-b0bc-4381-82c9-aace46ce2fb5"", ""userName"": ""Maram Elgebily"", ""userImage"": ""https://play-lh.googleusercontent.com/a/ACg8ocLLpe0-kaA8ZaedHg5fVBrRacVVJuwW3nDe-HJo7IMwhV7xwQ=mo"", ""content"": ""التطبيق أصبح أقل راحة في الاستخدام مقارنة بالسابق. عند الخروج من التطبيق والعودة إليه لا أستطيع استرجاع الفيديو الذي كنت أشاهده. أرجو إعادة بعض مزايا إصدار 2022 من حيث شكل الملف الشخصي و صندوق الوارد لأنه كان أبسط وأسهل في الاستخدام. و وضع استيراد الخطوط.شكراً لكم."", ""score"": 1, ""thumbsUpCount"": 11, ""reviewCreatedVersion"": ""45.7.3"", ""at"": ""2026-07-02 01:01:50"", ""replyContent"": ""مرحبًا! نشكرك على تخصيص جزء من وقتك لمشاركة ملاحظاتك. نقدّر لك حقًا دعمك."", ""repliedAt"": ""2026-03-05 02:00:06"", ""appVersion"": ""45.7.3""}"
run5_day2_20260703_043957,2,TikTok,com.zhiliaoapp.musically,us,en,89e4c9c60c8b73856bd6b7eee8fd34cf461b049d2b02f26bb18295f218193f66,a76af3d3-9ed6-4b28-9626-3adb62f3f7ae,0,William,1,0,2026-07-02T00:58:21+00:00,43.0.3,"Hi, thanks for your feedback!
We'll be sure to share your suggestion with our team for consideration. We appreciate your input, and we're always working to improve the TikTok experience!",2026-07-02T01:20:11+00:00,"why does my for you page resets suddenly??? I hate when it happens and my for you page is suddenly full of things I literally hit the ""not interested"" on them a thousand times!!!","why does my for you page resets suddenly??? I hate when it happens and my for you page is suddenly full of things I literally hit the ""not interested"" on them a thousand times!!!",07c33a269af0b663738e281643a3b3809e4c8e5194492b095a42b5a2191001f3,07c33a269af0b663738e281643a3b3809e4c8e5194492b095a42b5a2191001f3,"{""reviewId"": ""a76af3d3-9ed6-4b28-9626-3adb62f3f7ae"", ""userName"": ""William"", ""userImage"": ""https://play-lh.googleusercontent.com/a-/ALV-UjX70Jm-MLrexmy52fzcNb9bHKrtLH-pAoQU-DMF-ElYS1L_WRzZ"", ""content"": ""why does my for you page resets suddenly??? I hate when it happens and my for you page is suddenly full of things I literally hit the \""not interested\"" on them a thousand times!!!"", ""score"": 1, ""thumbsUpCount"": 0, ""reviewCreatedVersion"": ""43.0.3"", ""at"": ""2026-07-02 00:58:21"", ""replyContent"": ""Hi, thanks for your feedback!\nWe'll be sure to share your suggestion with our team for consideration. We appreciate your input, and we're always working to improve the TikTok experience!"", ""repliedAt"": ""2026-07-02 01:20:11"", ""appVersion"": ""43.0.3""}"
run5_day2_20260703_043957,2,TikTok,com.zhiliaoapp.musically,us,en,67695988e27cfdf725faf73c44d5aca4d2ad1950e7d079e3f7541bcf81d43109,42bafb30-21cf-40fc-8939-183367f0ddfb,0,free fire,1,0,2026-07-02T00:58:07+00:00,40.6.3,"হাই, আপনার ফিডব্যাকের জন্য ধন্যবাদ!
আপনার পরামর্শটি আমরা বিবেচনার জন্য অবশ্যই আমাদের টিমের সঙ্গে শেয়ার করবো। আপনার মতামতকে আমরা গুরুত্ব দিই, এবং TikTok-এর অভিজ্ঞতা উন্নত করতে আমরা সবসময় কাজ করছি!",2026-07-02T01:20:11+00:00,আমার টিকটক আইডি তিক্তক অ্যাপস এ কি কারণে ঢুকালি ইচ্ছে না,আমার টিকটক আইডি তিক্তক অ্যাপস এ কি কারণে ঢুকালি ইচ্ছে না,5fea2c4ceef9e0ef1e64aedbf7a081c4cc5803feb10e97c92ed57f098fd17b83,5fea2c4ceef9e0ef1e64aedbf7a081c4cc5803feb10e97c92ed57f098fd17b83,"{""reviewId"": ""42bafb30-21cf-40fc-8939-183367f0ddfb"", ""userName"": ""free fire"", ""userImage"": ""https://play-lh.googleusercontent.com/a/ACg8ocIeePbkpJJw4fPGikFMofUnfKQbvZ12xi8wf3P_kRgxABgJHg=mo"", ""content"": ""আমার টিকটক আইডি তিক্তক অ্যাপস এ কি কারণে ঢুকালি ইচ্ছে না"", ""score"": 1, ""thumbsUpCount"": 0, ""reviewCreatedVersion"": ""40.6.3"", ""at"": ""2026-07-02 00:58:07"", ""replyContent"": ""হাই, আপনার ফিডব্যাকের জন্য ধন্যবাদ!\nআপনার পরামর্শটি আমরা বিবেচনার জন্য অবশ্যই আমাদের টিমের সঙ্গে শেয়ার করবো। আপনার মতামতকে আমরা গুরুত্ব দিই, এবং TikTok-এর অভিজ্ঞতা উন্নত করতে আমরা সবসময় কাজ করছি!"", ""repliedAt"": ""2026-07-02 01:20:11"", ""appVersion"": ""40.6.3""}"
run5_day2_20260703_043957,2,TikTok,com.zhiliaoapp.musically,us,en,8764b23da3aaa7aeff1cb7facbedde1d10d2ba90cc4822a574b003ee9143f3df,961abb65-97d1-4b6c-9938-5deea2690d12,0,Jana Elfeky,3,0,2026-07-02T00:46:30+00:00,45.7.3,"Hi, thanks for your feedback!
We'll be sure to share your suggestion with our team for consideration. We appreciate your input, and we're always working to improve the TikTok experience!",2026-07-02T01:00:12+00:00,"Hi TikTok Support, ​I am experiencing an issue where my saved sounds in ""Favorites"" do not appear when I open the camera to film a video. The list shows up completely empty, even though I have many sounds saved on my profile. Please help me resolve this bug. ​Thank you.","Hi TikTok Support, ​I am experiencing an issue where my saved sounds in ""Favorites"" do not appear when I open the camera to film a video. The list shows up completely empty, even though I have many sounds saved on my profile. Please help me resolve this bug. ​Thank you.",0d2e1277553328ca4961a9d8df4f42685b2d551268f0b3bad12e2575d37affb3,0d2e1277553328ca4961a9d8df4f42685b2d551268f0b3bad12e2575d37affb3,"{""reviewId"": ""961abb65-97d1-4b6c-9938-5deea2690d12"", ""userName"": ""Jana Elfeky"", ""userImage"": ""https://play-lh.googleusercontent.com/a/ACg8ocKPbBrs64EoX-wSvRrkJW5kLNQIIUF1PHKfybY5ddcJnPR2=mo"", ""content"": ""Hi TikTok Support, ​I am experiencing an issue where my saved sounds in \""Favorites\"" do not appear when I open the camera to film a video. The list shows up completely empty, even though I have many sounds saved on my profile. Please help me resolve this bug. ​Thank you."", ""score"": 3, ""thumbsUpCount"": 0, ""reviewCreatedVersion"": ""45.7.3"", ""at"": ""2026-07-02 00:46:30"", ""replyContent"": ""Hi, thanks for your feedback!\nWe'll be sure to share your suggestion with our team for consideration. We appreciate your input, and we're always working to improve the TikTok experience!"", ""repliedAt"": ""2026-07-02 01:00:12"", ""appVersion"": ""45.7.3""}"
run5_day2_20260703_043957,2,TikTok,com.zhiliaoapp.musically,us,en,7a4a2763ac92b2a15feb8fce67e3db4687f5308733a49e479845ca1d653567ae,89c11f9b-807b-4719-be17-823bda0b314f,0,Faith Bautista,5,0,2026-07-02T00:41:10+00:00,45.7.3,Hi! Thanks for taking the time to share your feedback. Your support is greatly appreciated.,2026-07-02T01:00:12+00:00,i really like this app bcs you can interact with your friends,i really like this app bcs you can interact with your friends,d200eee9332830fd13b1030eca5a665542058ede2de953a6d19bc5eacb39fa1a,d200eee9332830fd13b1030eca5a665542058ede2de953a6d19bc5eacb39fa1a,"{""reviewId"": ""89c11f9b-807b-4719-be17-823bda0b314f"", ""userName"": ""Faith Bautista"", ""userImage"": ""https://play-lh.googleusercontent.com/a/ACg8ocJAxigB1tyGN2n29nXezOETmUPxVxuKI34Qb6b1xDvKB5pMgQ=mo"", ""content"": ""i really like this app bcs you can interact with your friends"", ""score"": 5, ""thumbsUpCount"": 0, ""reviewCreatedVersion"": ""45.7.3"", ""at"": ""2026-07-02 00:41:10"", ""replyContent"": ""Hi! Thanks for taking the time to share your feedback. Your support is greatly appreciated."", ""repliedAt"": ""2026-07-02 01:00:12"", ""appVersion"": ""45.7.3""}"
run5_day2_20260703_043957,2,TikTok,com.zhiliaoapp.musically,us,en,2c1fb88023f3846ed01d60a2d6bfd0ac5c0ef408719e7a2f2b76b6826e9b62e5,785f9daa-946f-426d-8f43-2f5ec1209f14,0,Janalah Williams,5,0,2026-07-02T00:41:09+00:00,,Hi! Thanks for taking the time to share your feedback. Your support is greatly appreciated.,2026-07-02T01:00:12+00:00,help me relax and you can get ready from home 🏡,help me relax and you can get ready from home 🏡,76065ab16477a4df0d9c2bef3406e1d1782b12d872f40f279bb37ac96f4ba6d2,76065ab16477a4df0d9c2bef3406e1d1782b12d872f40f279bb37ac96f4ba6d2,"{""reviewId"": ""785f9daa-946f-426d-8f43-2f5ec1209f14"", ""userName"": ""Janalah Williams"", ""userImage"": ""https://play-lh.googleusercontent.com/a/ACg8ocKujBxcpVPVWcVTY46fzsEPuJMrTmD1YtMkt6gWDJ8T8PFzaQ=mo"", ""content"": ""help me relax and you can get ready from home 🏡"", ""score"": 5, ""thumbsUpCount"": 0, ""reviewCreatedVersion"": null, ""at"": ""2026-07-02 00:41:09"", ""replyContent"": ""Hi! Thanks for taking the time to share your feedback. Your support is greatly appreciated."", ""repliedAt"": ""2026-07-02 01:00:12"", ""appVersion"": null}"
run5_day2_20260703_043957,2,TikTok,com.zhiliaoapp.musically,us,en,325c3ac25c60e9aff178c0bfef4085539697cde5588acf835a2b953d197c580c,3b400380-3534-4949-b7ca-c54c192afb09,0,Touseef Ahmed,5,0,2026-07-02T00:25:24+00:00,43.2.1,Hi! Thanks for taking the time to share your feedback. Your support is greatly appreciated.,2026-07-02T00:40:12+00:00,TikTok I love,TikTok I love,8906b7197c6eef94d7835b8e5d708fdd73cf5f1f30ab5c8a0bdf9c2c137a632f,8906b7197c6eef94d7835b8e5d708fdd73cf5f1f30ab5c8a0bdf9c2c137a632f,"{""reviewId"": ""3b400380-3534-4949-b7ca-c54c192afb09"", ""userName"": ""Touseef Ahmed"", ""userImage"": ""https://play-lh.googleusercontent.com/a/ACg8ocLNFTEBEJIQ68cgcCoWxf74r6Ah1BKWlc91cVGtjVFJBXf37g=mo"", ""content"": ""TikTok I love"", ""score"": 5, ""thumbsUpCount"": 0, ""reviewCreatedVersion"": ""43.2.1"", ""at"": ""2026-07-02 00:25:24"", ""replyContent"": ""Hi! Thanks for taking the time to share your feedback. Your support is greatly appreciated."", ""repliedAt"": ""2026-07-02 00:40:12"", ""appVersion"": ""43.2.1""}"
run5_day2_20260703_043957,2,TikTok,com.zhiliaoapp.musically,us,en,ffa965dd6105e1b410450c93e4de0128dceda8fbaf692f9cf21670678ceb90a3,32fd8a77-44d0-442b-869c-c380d9686309,0,Zxeirgmd,1,0,2026-07-02T00:21:52+00:00,43.1.4,"Hi, thanks for your feedback!
We'll be sure to share your suggestion with our team for consideration. We appreciate your input, and we're always working to improve the TikTok experience!",2026-07-02T00:40:12+00:00,dogshit.,dogshit.,382ef655f0c7e98e503c3f55be1bc10a4bcf711ff10bff31542ce7e2db0c00d7,382ef655f0c7e98e503c3f55be1bc10a4bcf711ff10bff31542ce7e2db0c00d7,"{""reviewId"": ""32fd8a77-44d0-442b-869c-c380d9686309"", ""userName"": ""Zxeirgmd"", ""userImage"": ""https://play-lh.googleusercontent.com/a-/ALV-UjVgC5KwmyNbCAkaE8Zs1uN8NP9nMy5t53j7uNiRvEtx_N95eDnL"", ""content"": ""dogshit."", ""score"": 1, ""thumbsUpCount"": 0, ""reviewCreatedVersion"": ""43.1.4"", ""at"": ""2026-07-02 00:21:52"", ""replyContent"": ""Hi, thanks for your feedback!\nWe'll be sure to share your suggestion with our team for consideration. We appreciate your input, and we're always working to improve the TikTok experience!"", ""repliedAt"": ""2026-07-02 00:40:12"", ""appVersion"": ""43.1.4""}"
run5_day2_20260703_043957,2,TikTok,com.zhiliaoapp.musically,us,en,ebddfebc01be204ea8edc753c77523d303e35da8b7cee203c8920cf9085b893c,756cab12-d8f2-4c0a-8c62-5c83e74c4d0e,0,Nessa Lovee,3,0,2026-07-02T00:17:30+00:00,45.7.3,"Hi, thanks for your feedback!
We'll be sure to share your suggestion with our team for consideration. We appreciate your input, and we're always working to improve the TikTok experience!",2026-07-02T00:40:12+00:00,Shadow Banned? I just recently my views have been super low and there is no traffic coming to my acct. my account says Im in good standing so whats going on? why am i shadow banned if I havent violated any policies?,Shadow Banned? I just recently my views have been super low and there is no traffic coming to my acct. my account says Im in good standing so whats going on? why am i shadow banned if I havent violated any policies?,44b4ef70197dade604b81f5a14aab46dc24786cd18f58c9a4ea6c0fc3e892d24,44b4ef70197dade604b81f5a14aab46dc24786cd18f58c9a4ea6c0fc3e892d24,"{""reviewId"": ""756cab12-d8f2-4c0a-8c62-5c83e74c4d0e"", ""userName"": ""Nessa Lovee"", ""userImage"": ""https://play-lh.googleusercontent.com/a-/ALV-UjX3PCQdTT_tEX8gvzbzAAD20VwvuQSlb5DtjaPi0F7JeYrcw1zH"", ""content"": ""Shadow Banned? I just recently my views have been super low and there is no traffic coming to my acct. my account says Im in good standing so whats going on? why am i shadow banned if I havent violated any policies?"", ""score"": 3, ""thumbsUpCount"": 0, ""reviewCreatedVersion"": ""45.7.3"", ""at"": ""2026-07-02 00:17:30"", ""replyContent"": ""Hi, thanks for your feedback!\nWe'll be sure to share your suggestion with our team for consideration. We appreciate your input, and we're always working to improve the TikTok experience!"", ""repliedAt"": ""2026-07-02 00:40:12"", ""appVersion"": ""45.7.3""}"
run5_day2_20260703_043957,2,TikTok,com.zhiliaoapp.musically,us,en,c1fd2000b66e2d17f597298bf96446b9f55adb5c730887568cf94aae760fa812,a276e01d-e204-472b-b06f-a4e8b4901e2c,0,nina estrella,1,0,2026-07-02T00:13:49+00:00,45.7.3,"Hi, thanks for your feedback!
We'll be sure to share your suggestion with our team for consideration. We appreciate your input, and we're always working to improve the TikTok experience!",2026-07-02T00:40:12+00:00,my fyp just switched by itself I tried everything nothing worked im so pissed off,my fyp just switched by itself I tried everything nothing worked im so pissed off,dcfa6d9894b3caa11830c8aafd16fc7b7595b75ec1b2aa32020378bd8147fcef,dcfa6d9894b3caa11830c8aafd16fc7b7595b75ec1b2aa32020378bd8147fcef,"{""reviewId"": ""a276e01d-e204-472b-b06f-a4e8b4901e2c"", ""userName"": ""nina estrella"", ""userImage"": ""https://play-lh.googleusercontent.com/a-/ALV-UjW5rU3S1kL2kqIx-lAaA_3CxljbY8ruzr9CITnrqlxrVQZjgNdNlw"", ""content"": ""my fyp just switched by itself I tried everything nothing worked im so pissed off"", ""score"": 1, ""thumbsUpCount"": 0, ""reviewCreatedVersion"": ""45.7.3"", ""at"": ""2026-07-02 00:13:49"", ""replyContent"": ""Hi, thanks for your feedback!\nWe'll be sure to share your suggestion with our team for consideration. We appreciate your input, and we're always working to improve the TikTok experience!"", ""repliedAt"": ""2026-07-02 00:40:12"", ""appVersion"": ""45.7.3""}"
run5_day2_20260703_043957,2,TikTok,com.zhiliaoapp.musically,us,en,a3dc9f0c01dd882b5ed4d45bd526c26a9b50a01ec94571f0c796a89c6fd0e491,0b3fb340-96ab-4cfb-8f5d-29f5552bfc13,0,Mohammad Macum,5,0,2026-07-02T00:12:36+00:00,45.7.3,হাই! আপনার ফিডব্যাক শেয়ার করতে সময় দেওয়ার জন্য ধন্যবাদ। আপনার সমর্থন দারুণভাবে প্রশংসিত।,2026-07-02T00:40:12+00:00,Ami viral Hote chai,Ami viral Hote chai,1bcd8f872d2053f0d90857c5177b46118dbfbd9d54cdeaf0404f63086020ac98,1bcd8f872d2053f0d90857c5177b46118dbfbd9d54cdeaf0404f63086020ac98,"{""reviewId"": ""0b3fb340-96ab-4cfb-8f5d-29f5552bfc13"", ""userName"": ""Mohammad Macum"", ""userImage"": ""https://play-lh.googleusercontent.com/a-/ALV-UjV0IGtw7Ha_CVV4m8vzVcJ2B-_Cy1lgJWenhCvEN5Ob-pp7H44J"", ""content"": ""Ami viral Hote chai"", ""score"": 5, ""thumbsUpCount"": 0, ""reviewCreatedVersion"": ""45.7.3"", ""at"": ""2026-07-02 00:12:36"", ""replyContent"": ""হাই! আপনার ফিডব্যাক শেয়ার করতে সময় দেওয়ার জন্য ধন্যবাদ। আপনার সমর্থন দারুণভাবে প্রশংসিত।"", ""repliedAt"": ""2026-07-02 00:40:12"", ""appVersion"": ""45.7.3""}"
run5_day2_20260703_043957,2,TikTok,com.zhiliaoapp.musically,us,en,8c4220f67c4aae17dea6865003b31fe5177d43846fc16df7b433324f0a242adb,30a2ef1e-6a2d-47a9-b7cb-ea211c68f684,0,Ghhjjj Hvcj,5,0,2026-07-02T00:11:01+00:00,45.7.3,مرحبًا! نشكرك على تخصيص جزء من وقتك لمشاركة ملاحظاتك. نقدّر لك حقًا دعمك.,2026-07-02T00:40:12+00:00,جمال,جمال,4b9dfe5f8299c2f9f14f400d49f1fbde46ebc705467d143e387afe0aa91b3e01,4b9dfe5f8299c2f9f14f400d49f1fbde46ebc705467d143e387afe0aa91b3e01,"{""reviewId"": ""30a2ef1e-6a2d-47a9-b7cb-ea211c68f684"", ""userName"": ""Ghhjjj Hvcj"", ""userImage"": ""https://play-lh.googleusercontent.com/a/ACg8ocJXXggBWUqqc8lB84xtLwSzGJc1I6SEDNpxEBrait0uMMk0=mo"", ""content"": ""جمال"", ""score"": 5, ""thumbsUpCount"": 0, ""reviewCreatedVersion"": ""45.7.3"", ""at"": ""2026-07-02 00:11:01"", ""replyContent"": ""مرحبًا! نشكرك على تخصيص جزء من وقتك لمشاركة ملاحظاتك. نقدّر لك حقًا دعمك."", ""repliedAt"": ""2026-07-02 00:40:12"", ""appVersion"": ""45.7.3""}"
run5_day2_20260703_043957,2,TikTok,com.zhiliaoapp.musically,us,en,583c3e57577cfe99728ab96a29df0ef090996f59bf92e8d87bae818b2fa57d43,93c38eca-0bfd-4c58-a145-4b917cb5f95a,0,Rohan Khan,3,0,2026-07-02T00:10:51+00:00,45.7.3,"Hi, thanks for your feedback!
We'll be sure to share your suggestion with our team for consideration. We appreciate your input, and we're always working to improve the TikTok experience!",2026-07-02T00:40:12+00:00,No rate this is a good app,No rate this is a good app,49d5c962af198ab5d27df9845bb3d0dd2dede8fd43db6bedf686f4f7af0f65de,49d5c962af198ab5d27df9845bb3d0dd2dede8fd43db6bedf686f4f7af0f65de,"{""reviewId"": ""93c38eca-0bfd-4c58-a145-4b917cb5f95a"", ""userName"": ""Rohan Khan"", ""userImage"": ""https://play-lh.googleusercontent.com/a-/ALV-UjWVUSoYxrCkd-r3zne39g_Yb22xXA_8AmwMAZpbbo48kKRE96GQ"", ""content"": ""No rate this is a good app"", ""score"": 3, ""thumbsUpCount"": 0, ""reviewCreatedVersion"": ""45.7.3"", ""at"": ""2026-07-02 00:10:51"", ""replyContent"": ""Hi, thanks for your feedback!\nWe'll be sure to share your suggestion with our team for consideration. We appreciate your input, and we're always working to improve the TikTok experience!"", ""repliedAt"": ""2026-07-02 00:40:12"", ""appVersion"": ""45.7.3""}"
run5_day2_20260703_043957,2,TikTok,com.zhiliaoapp.musically,us,en,b3ddbdad2d2445d825acc031fe61aaf2233eac8027d08d4daedaefc4d064db6c,74405af9-f0e3-46d4-aa18-2a30f1967c5e,0,Israel Mondragon,5,1,2026-07-02T00:08:21+00:00,,Hi! Thanks for taking the time to share your feedback. Your support is greatly appreciated.,2026-07-02T00:20:12+00:00,you can watch anything you want,you can watch anything you want,87a8988f0c1e58df860008f5a8ca505ee869dc1d8bdfa3db72cc5cf7cf8f1f9a,87a8988f0c1e58df860008f5a8ca505ee869dc1d8bdfa3db72cc5cf7cf8f1f9a,"{""reviewId"": ""74405af9-f0e3-46d4-aa18-2a30f1967c5e"", ""userName"": ""Israel Mondragon"", ""userImage"": ""https://play-lh.googleusercontent.com/a/ACg8ocKTYxpqqJ3McATkVMgnG-4hmj8UMz1eEzTU8vC6jCJW7QAE3A=mo"", ""content"": ""you can watch anything you want"", ""score"": 5, ""thumbsUpCount"": 1, ""reviewCreatedVersion"": null, ""at"": ""2026-07-02 00:08:21"", ""replyContent"": ""Hi! Thanks for taking the time to share your feedback. Your support is greatly appreciated."", ""repliedAt"": ""2026-07-02 00:20:12"", ""appVersion"": null}"
run5_day2_20260703_043957,2,TikTok,com.zhiliaoapp.musically,us,en,3a93c7d0da6c4674e195ec78374f87579e8bf1eb05f88ec429f317c50381148b,20cbdb06-91af-4c7d-a896-3efe20413332,0,Sajid hasan Sopnil,5,1,2026-07-02T00:04:45+00:00,45.7.3,হাই! আপনার ফিডব্যাক শেয়ার করতে সময় দেওয়ার জন্য ধন্যবাদ। আপনার সমর্থন দারুণভাবে প্রশংসিত।,2026-07-02T00:20:11+00:00,সুন্দর সুন্দর ভিডিও দিবেন ধন্যবাদ,সুন্দর সুন্দর ভিডিও দিবেন ধন্যবাদ,4f67e15c5973f9068ad4c8c4b41f0da8562d76f40d85ee6f61afc23d93db7304,4f67e15c5973f9068ad4c8c4b41f0da8562d76f40d85ee6f61afc23d93db7304,"{""reviewId"": ""20cbdb06-91af-4c7d-a896-3efe20413332"", ""userName"": ""Sajid hasan Sopnil"", ""userImage"": ""https://play-lh.googleusercontent.com/a-/ALV-UjX6CxODO-sSVG0-Fb790IXZSnRKJPCd1rer2FRuWSI7P8q0Sm8"", ""content"": ""সুন্দর সুন্দর ভিডিও দিবেন ধন্যবাদ"", ""score"": 5, ""thumbsUpCount"": 1, ""reviewCreatedVersion"": ""45.7.3"", ""at"": ""2026-07-02 00:04:45"", ""replyContent"": ""হাই! আপনার ফিডব্যাক শেয়ার করতে সময় দেওয়ার জন্য ধন্যবাদ। আপনার সমর্থন দারুণভাবে প্রশংসিত।"", ""repliedAt"": ""2026-07-02 00:20:11"", ""appVersion"": ""45.7.3""}"
run5_day2_20260703_043957,2,TikTok,com.zhiliaoapp.musically,us,en,8e9fe4b4043c4cbe817949d3297adb3439851ec314bd5b0adab9c12018e8da24,e3c7f1bc-1f16-41fe-ae83-155a515ef714,0,Temesgen Tadese,5,0,2026-07-02T00:04:44+00:00,,Hi! Thanks for taking the time to share your feedback. Your support is greatly appreciated.,2026-07-02T00:20:11+00:00,l Like kik tok,l Like kik tok,4ff003399df3b119138f59bb6fe211cc7d978bc857e653abb89a30fb8c82d5a2,4ff003399df3b119138f59bb6fe211cc7d978bc857e653abb89a30fb8c82d5a2,"{""reviewId"": ""e3c7f1bc-1f16-41fe-ae83-155a515ef714"", ""userName"": ""Temesgen Tadese"", ""userImage"": ""https://play-lh.googleusercontent.com/a-/ALV-UjWH8N7AobnL0t61EF4R7cr1ZbtIDVwLSyeWo1_GzqMOLikyPkU"", ""content"": ""l Like kik tok"", ""score"": 5, ""thumbsUpCount"": 0, ""reviewCreatedVersion"": null, ""at"": ""2026-07-02 00:04:44"", ""replyContent"": ""Hi! Thanks for taking the time to share your feedback. Your support is greatly appreciated."", ""repliedAt"": ""2026-07-02 00:20:11"", ""appVersion"": null}"
run5_day2_20260703_043957,2,TikTok,com.zhiliaoapp.musically,us,en,49f0d357469c33f848b8c384b2fa6a640f4e853f9ea726406104b75309892488,42990daa-b031-43e2-bc89-83049fe3e5aa,0,Cami Bbk,1,0,2026-07-02T00:04:20+00:00,45.2.3,"Hi, thanks for your feedback!
We'll be sure to share your suggestion with our team for consideration. We appreciate your input, and we're always working to improve the TikTok experience!",2026-07-02T00:20:12+00:00,Ooh my god why my fyp changes completely to a content that I hate so much in both of my accounts,Ooh my god why my fyp changes completely to a content that I hate so much in both of my accounts,939525fa2b642db87b3c03f0b9c8b99f6eef98e13d14289a13f46a9ea92e2a27,939525fa2b642db87b3c03f0b9c8b99f6eef98e13d14289a13f46a9ea92e2a27,"{""reviewId"": ""42990daa-b031-43e2-bc89-83049fe3e5aa"", ""userName"": ""Cami Bbk"", ""userImage"": ""https://play-lh.googleusercontent.com/a-/ALV-UjWsVFfk0bDm8q5Jcn51mlBFJAK0u8XjsyeSezsZW_BhHRWvlL1u"", ""content"": ""Ooh my god why my fyp changes completely to a content that I hate so much in both of my accounts"", ""score"": 1, ""thumbsUpCount"": 0, ""reviewCreatedVersion"": ""45.2.3"", ""at"": ""2026-07-02 00:04:20"", ""replyContent"": ""Hi, thanks for your feedback!\nWe'll be sure to share your suggestion with our team for consideration. We appreciate your input, and we're always working to improve the TikTok experience!"", ""repliedAt"": ""2026-07-02 00:20:12"", ""appVersion"": ""45.2.3""}"
run5_day2_20260703_043957,2,TikTok,com.zhiliaoapp.musically,us,en,f010ba2ee1538682acc91e1d39d70b1449fd65907b6139d0aea89f5c07a936f4,d5645a0a-c99c-41d2-a293-07154311a40c,0,Hentai,1,0,2026-07-01T23:57:26+00:00,,"Hi, sorry for the inconvenience. To help us look into this properly, please report your issue directly through the TikTok app:
Go to your Profile, tap Menu, Settings and Privacy, then Help Center.
We truly appreciate your patience and look forward to getting this resolved.",2026-07-02T00:20:11+00:00,Tik tok support is ridiculous. Takes way too long to get a response. Response isn't helpful in any way. A simple problem will take them 5 days to figure out what to do. tik tok needs to get a better support team.,Tik tok support is ridiculous. Takes way too long to get a response. Response isn't helpful in any way. A simple problem will take them 5 days to figure out what to do. tik tok needs to get a better support team.,9f9f1494091922e04d3071e6976df89c06efe666f270a3cb239fcc1f311fd9c9,9f9f1494091922e04d3071e6976df89c06efe666f270a3cb239fcc1f311fd9c9,"{""reviewId"": ""d5645a0a-c99c-41d2-a293-07154311a40c"", ""userName"": ""Hentai"", ""userImage"": ""https://play-lh.googleusercontent.com/a/ACg8ocJesQTYm3ZBo5N4RQICu7Akkc9RnzZer6_xWnFIr6RPb4BMFg=mo"", ""content"": ""Tik tok support is ridiculous. Takes way too long to get a response. Response isn't helpful in any way. A simple problem will take them 5 days to figure out what to do. tik tok needs to get a better support team."", ""score"": 1, ""thumbsUpCount"": 0, ""reviewCreatedVersion"": null, ""at"": ""2026-07-01 23:57:26"", ""replyContent"": ""Hi, sorry for the inconvenience. To help us look into this properly, please report your issue directly through the TikTok app:\nGo to your Profile, tap Menu, Settings and Privacy, then Help Center.\nWe truly appreciate your patience and look forward to getting this resolved."", ""repliedAt"": ""2026-07-02 00:20:11"", ""appVersion"": null}"
run5_day2_20260703_043957,2,TikTok,com.zhiliaoapp.musically,us,en,4b75b8aa60d5d718010930316a1be698e06ca7ba542e361a13010dde15ab004b,a06cd49a-2dc9-428f-a3bb-9c41bc6fa434,0,Mustafa Mohammad,5,1,2026-07-01T23:53:41+00:00,45.7.3,,,تحفة تحفة تحفة جميل جدا احلى اب,تحفة تحفة تحفة جميل جدا احلى اب,526f85a3367d2396b9879c49e61292b7105518f385dda0a86d77a110b7095069,526f85a3367d2396b9879c49e61292b7105518f385dda0a86d77a110b7095069,"{""reviewId"": ""a06cd49a-2dc9-428f-a3bb-9c41bc6fa434"", ""userName"": ""Mustafa Mohammad"", ""userImage"": ""https://play-lh.googleusercontent.com/a/ACg8ocI742m2_VrxVNeLtWT7i-_-Yjr2JdBkDk7Hq801AtZAGAoM8g=mo"", ""content"": ""تحفة تحفة تحفة جميل جدا احلى اب"", ""score"": 5, ""thumbsUpCount"": 1, ""reviewCreatedVersion"": ""45.7.3"", ""at"": ""2026-07-01 23:53:41"", ""replyContent"": null, ""repliedAt"": null, ""appVersion"": ""45.7.3""}"
run5_day2_20260703_043957,2,TikTok,com.zhiliaoapp.musically,us,en,373134a26e61f7c5c6fc0f6204690835c157b3bc6eabf6ea5508f9ef5d8c8948,0604581a-80e8-4933-b63a-4891e959d54f,0,Okoro “SLAM J aka Sunshine” Henry Umah,5,0,2026-07-01T23:50:50+00:00,45.0.3,Hi! Thanks for taking the time to share your feedback. Your support is greatly appreciated.,2026-07-02T00:20:11+00:00,TikTok is a graet app,TikTok is a graet app,4a85b72ce58a1ddf1cff74bec52a2b79bccb4e795454d38627b88430f4258418,4a85b72ce58a1ddf1cff74bec52a2b79bccb4e795454d38627b88430f4258418,"{""reviewId"": ""0604581a-80e8-4933-b63a-4891e959d54f"", ""userName"": ""Okoro “SLAM J aka Sunshine” Henry Umah"", ""userImage"": ""https://play-lh.googleusercontent.com/a-/ALV-UjVh62xBskiuZzki-y5zU_1cSVIWbvKrF8HEpp49-LDcP0Mc_SA"", ""content"": ""TikTok is a graet app"", ""score"": 5, ""thumbsUpCount"": 0, ""reviewCreatedVersion"": ""45.0.3"", ""at"": ""2026-07-01 23:50:50"", ""replyContent"": ""Hi! Thanks for taking the time to share your feedback. Your support is greatly appreciated."", ""repliedAt"": ""2026-07-02 00:20:11"", ""appVersion"": ""45.0.3""}"
run5_day2_20260703_043957,2,TikTok,com.zhiliaoapp.musically,us,en,e6699950162abcf07c8e80bd056b94473e2e77025e2ab26e9a4059785a19f9fd,d026539f-3113-4d59-b4a9-a9be0c025346,0,Titilope Victoria,5,0,2026-07-01T23:50:12+00:00,44.8.3,Hi! Thanks for taking the time to share your feedback. Your support is greatly appreciated.,2026-07-02T00:20:11+00:00,good and reliable,good and reliable,d232ab1ce11b0ac8c8056feecdf02f94cba8d24f36aa7232641333f5a4548cdf,d232ab1ce11b0ac8c8056feecdf02f94cba8d24f36aa7232641333f5a4548cdf,"{""reviewId"": ""d026539f-3113-4d59-b4a9-a9be0c025346"", ""userName"": ""Titilope Victoria"", ""userImage"": ""https://play-lh.googleusercontent.com/a/ACg8ocJwdz6vHLdOCtBfqZi6jv1W-xSzBvXElZ4PbM0vcGzgDT_zrQ=mo"", ""content"": ""good and reliable"", ""score"": 5, ""thumbsUpCount"": 0, ""reviewCreatedVersion"": ""44.8.3"", ""at"": ""2026-07-01 23:50:12"", ""replyContent"": ""Hi! Thanks for taking the time to share your feedback. Your support is greatly appreciated."", ""repliedAt"": ""2026-07-02 00:20:11"", ""appVersion"": ""44.8.3""}"
run5_day2_20260703_043957,2,TikTok,com.zhiliaoapp.musically,us,en,a5bd9921ed374974a456e3bb1e0eea96aa0e901936f332a42772457542b4f1df,bbc2a36d-7116-46ab-97bc-3783812d2015,0,christina saunderson,1,0,2026-07-01T23:46:58+00:00,45.7.3,"Hi, thanks for your feedback!
We'll be sure to share your suggestion with our team for consideration. We appreciate your input, and we're always working to improve the TikTok experience!",2026-07-02T00:00:13+00:00,keeps messing me up can't get what I want,keeps messing me up can't get what I want,5c2baab8c9f670445529520f613bca00029e3a74cd69d1d9e0fbebb172128217,5c2baab8c9f670445529520f613bca00029e3a74cd69d1d9e0fbebb172128217,"{""reviewId"": ""bbc2a36d-7116-46ab-97bc-3783812d2015"", ""userName"": ""christina saunderson"", ""userImage"": ""https://play-lh.googleusercontent.com/a/ACg8ocJ9jNKOz43zUWQhOmFppwuQRprrtJ8xMsa2zxG5rfM4zoCgoQ=mo"", ""content"": ""keeps messing me up can't get what I want"", ""score"": 1, ""thumbsUpCount"": 0, ""reviewCreatedVersion"": ""45.7.3"", ""at"": ""2026-07-01 23:46:58"", ""replyContent"": ""Hi, thanks for your feedback!\nWe'll be sure to share your suggestion with our team for consideration. We appreciate your input, and we're always working to improve the TikTok experience!"", ""repliedAt"": ""2026-07-02 00:00:13"", ""appVersion"": ""45.7.3""}"
run5_day2_20260703_043957,2,TikTok,com.zhiliaoapp.musically,us,en,b5ed6214d561b6a35666a2ce259a9c76f12c8796dfe2076804cd7522219b233c,2099ba65-2eac-4858-939f-24076ab1585d,0,Cute Amy,5,0,2026-07-01T23:39:27+00:00,,,,Nice one,Nice one,07af8ae98ea1dc5be2a9d10776feb53bca7b0a33eeb574396f77862dc4e8db80,07af8ae98ea1dc5be2a9d10776feb53bca7b0a33eeb574396f77862dc4e8db80,"{""reviewId"": ""2099ba65-2eac-4858-939f-24076ab1585d"", ""userName"": ""Cute Amy"", ""userImage"": ""https://play-lh.googleusercontent.com/a/ACg8ocIXNVQ2j667gw0HZBxnsr1w4udUdUqPMrEc_m8dZPlSclYGAw=mo"", ""content"": ""Nice one"", ""score"": 5, ""thumbsUpCount"": 0, ""reviewCreatedVersion"": null, ""at"": ""2026-07-01 23:39:27"", ""replyContent"": null, ""repliedAt"": null, ""appVersion"": null}"
run5_day2_20260703_043957,2,TikTok,com.zhiliaoapp.musically,us,en,f47f65d2c9d7215a016b2cc652b6baf8b6b1fbe299e78e2a309835fd96614e6a,c480f951-bb0c-4201-89b3-8923c4ac33d5,0,Md Raju,5,1,2026-07-01T23:31:23+00:00,45.2.3,Hi! Thanks for taking the time to share your feedback. Your support is greatly appreciated.,2026-07-02T00:00:11+00:00,nice,nice,e186022d0931afe9fe0690857e32f85e50165e7fbe0966d49609ef1981f920c6,e186022d0931afe9fe0690857e32f85e50165e7fbe0966d49609ef1981f920c6,"{""reviewId"": ""c480f951-bb0c-4201-89b3-8923c4ac33d5"", ""userName"": ""Md Raju"", ""userImage"": ""https://play-lh.googleusercontent.com/a-/ALV-UjXhqfP7JN-l3FY2L74DLiAHrVMB7kfUbHRNVrFDQag8TRqiEp1D"", ""content"": ""nice"", ""score"": 5, ""thumbsUpCount"": 1, ""reviewCreatedVersion"": ""45.2.3"", ""at"": ""2026-07-01 23:31:23"", ""replyContent"": ""Hi! Thanks for taking the time to share your feedback. Your support is greatly appreciated."", ""repliedAt"": ""2026-07-02 00:00:11"", ""appVersion"": ""45.2.3""}"
run5_day2_20260703_043957,2,TikTok,com.zhiliaoapp.musically,us,en,0ed668e10e304f232a2d80416d6984d811714b58ccd64a243de71650279442d5,3b923373-60da-49ee-8ca3-9acb9670084e,0,lilia yeon,1,1,2026-07-01T23:25:30+00:00,45.7.3,"Hi, thanks for your feedback!
We'll be sure to share your suggestion with our team for consideration. We appreciate your input, and we're always working to improve the TikTok experience!",2026-07-01T23:40:11+00:00,"My FYP algorithm is completely glitched. I refreshed it and it is still showing completely random, broken content that does not match my watch history (before this day) or likes. Please fix my account recommendation sync and I may change my review. I am deeply unsatisfied and I can barely enjoy my free time now because of this idiotic mistake. I have more complaints but I wouldn't have minded and gave 5 starts if not for this.","My FYP algorithm is completely glitched. I refreshed it and it is still showing completely random, broken content that does not match my watch history (before this day) or likes. Please fix my account recommendation sync and I may change my review. I am deeply unsatisfied and I can barely enjoy my free time now because of this idiotic mistake. I have more complaints but I wouldn't have minded and gave 5 starts if not for this.",405d79db4d2f2b41004ccb920114187108299aca2a7d460421e51dd3a04df47b,405d79db4d2f2b41004ccb920114187108299aca2a7d460421e51dd3a04df47b,"{""reviewId"": ""3b923373-60da-49ee-8ca3-9acb9670084e"", ""userName"": ""lilia yeon"", ""userImage"": ""https://play-lh.googleusercontent.com/a-/ALV-UjVZPYKRk1xJMiM9tCpE_2ILCDwEKGcfvS0tKOYIkNbwHjDHeDSi"", ""content"": ""My FYP algorithm is completely glitched. I refreshed it and it is still showing completely random, broken content that does not match my watch history (before this day) or likes. Please fix my account recommendation sync and I may change my review. I am deeply unsatisfied and I can barely enjoy my free time now because of this idiotic mistake. I have more complaints but I wouldn't have minded and gave 5 starts if not for this."", ""score"": 1, ""thumbsUpCount"": 1, ""reviewCreatedVersion"": ""45.7.3"", ""at"": ""2026-07-01 23:25:30"", ""replyContent"": ""Hi, thanks for your feedback!\nWe'll be sure to share your suggestion with our team for consideration. We appreciate your input, and we're always working to improve the TikTok experience!"", ""repliedAt"": ""2026-07-01 23:40:11"", ""appVersion"": ""45.7.3""}"
run5_day2_20260703_043957,2,TikTok,com.zhiliaoapp.musically,us,en,d569b7b58a3da0369234098cf722bd2872271f6db72c0338f27896a55c5d2c28,467b5a74-927d-4697-9b13-0059ed9ecd2e,0,daniel zagal,3,0,2026-07-01T23:25:01+00:00,45.7.3,,,alot of lag,alot of lag,d08c279cd222ae4d78df43388ad90c2ef99f5ca60ed5ad3bda40e27e60714522,d08c279cd222ae4d78df43388ad90c2ef99f5ca60ed5ad3bda40e27e60714522,"{""reviewId"": ""467b5a74-927d-4697-9b13-0059ed9ecd2e"", ""userName"": ""daniel zagal"", ""userImage"": ""https://play-lh.googleusercontent.com/a-/ALV-UjXC5rMsPFU6LGkQMpw3eHQauVqPt7y-MJ7GgJqlVcnmSIMdq5D-"", ""content"": ""alot of lag"", ""score"": 3, ""thumbsUpCount"": 0, ""reviewCreatedVersion"": ""45.7.3"", ""at"": ""2026-07-01 23:25:01"", ""replyContent"": null, ""repliedAt"": null, ""appVersion"": ""45.7.3""}"
run5_day2_20260703_043957,2,TikTok,com.zhiliaoapp.musically,us,en,05e6a2bc8a7db9280080497d849d167842ce37bad884f43daa78eeb6db0f171a,abae42e0-6ba5-44c0-bbe8-b88af713b443,0,nabeel khaadi,1,1,2026-07-01T23:23:55+00:00,45.7.3,"Hi, thanks for your feedback!
We'll be sure to share your suggestion with our team for consideration. We appreciate your input, and we're always working to improve the TikTok experience!",2026-07-01T23:40:11+00:00,not working,not working,df19064d96673a4c6aa65516690233cb04499cc829d0db538e2256382146aa96,df19064d96673a4c6aa65516690233cb04499cc829d0db538e2256382146aa96,"{""reviewId"": ""abae42e0-6ba5-44c0-bbe8-b88af713b443"", ""userName"": ""nabeel khaadi"", ""userImage"": ""https://play-lh.googleusercontent.com/a-/ALV-UjXyTEmLQMuZgSJwSqBdR6L92NJwK4OntPt0E6Ej9LY6_FUzSfkpsQ"", ""content"": ""not working"", ""score"": 1, ""thumbsUpCount"": 1, ""reviewCreatedVersion"": ""45.7.3"", ""at"": ""2026-07-01 23:23:55"", ""replyContent"": ""Hi, thanks for your feedback!\nWe'll be sure to share your suggestion with our team for consideration. We appreciate your input, and we're always working to improve the TikTok experience!"", ""repliedAt"": ""2026-07-01 23:40:11"", ""appVersion"": ""45.7.3""}"
run5_day2_20260703_043957,2,TikTok,com.zhiliaoapp.musically,us,en,b20d90422361b874c0ec706835c650d7918cd975e3fa0ecdd1a3dd90da903487,66effda4-0d87-439c-9bf0-566412fdb648,0,Danny Knutson,4,0,2026-07-01T23:23:36+00:00,21.6.5,"Hi, thanks for your feedback!
We'll be sure to share your suggestion with our team for consideration. We appreciate your input, and we're always working to improve the TikTok experience!",2026-07-01T23:40:12+00:00,I enjoy people with real talents . But now the app has changed so much from the original after all these years I have just deleted it .,I enjoy people with real talents . But now the app has changed so much from the original after all these years I have just deleted it .,70057859f4a4d4655ed96e9af6fb1e328eff9bdeb73db13055e692fd2d54a61f,70057859f4a4d4655ed96e9af6fb1e328eff9bdeb73db13055e692fd2d54a61f,"{""reviewId"": ""66effda4-0d87-439c-9bf0-566412fdb648"", ""userName"": ""Danny Knutson"", ""userImage"": ""https://play-lh.googleusercontent.com/a-/ALV-UjXx9WwZ9ReHqWVlcWiyatuk9-WFvEpAQtpRk6IUpgRnWasVv8SBoQ"", ""content"": ""I enjoy people with real talents . But now the app has changed so much from the original after all these years I have just deleted it ."", ""score"": 4, ""thumbsUpCount"": 0, ""reviewCreatedVersion"": ""21.6.5"", ""at"": ""2026-07-01 23:23:36"", ""replyContent"": ""Hi, thanks for your feedback!\nWe'll be sure to share your suggestion with our team for consideration. We appreciate your input, and we're always working to improve the TikTok experience!"", ""repliedAt"": ""2026-07-01 23:40:12"", ""appVersion"": ""21.6.5""}"
run5_day2_20260703_043957,2,TikTok,com.zhiliaoapp.musically,us,en,91514cc6d9b8a27ff6a0736a72d55ff43290543db18cbc6976ffa11bcdeb9471,91e73632-785c-4c25-a9a6-2b09e3e1154d,0,JACOB,5,0,2026-07-01T23:22:43+00:00,,Hi! Thanks for taking the time to share your feedback. Your support is greatly appreciated.,2026-07-01T23:40:11+00:00,love it,love it,a2f1c846b4f1867b0ee4769a44954de5b940f8ef2f5a967523bc23f340aed646,a2f1c846b4f1867b0ee4769a44954de5b940f8ef2f5a967523bc23f340aed646,"{""reviewId"": ""91e73632-785c-4c25-a9a6-2b09e3e1154d"", ""userName"": ""JACOB"", ""userImage"": ""https://play-lh.googleusercontent.com/a/ACg8ocJGd4UmaSW2dwAB8--mGlNtxJmGtbQbNSUPft6YH1FUux756w=mo"", ""content"": ""love it"", ""score"": 5, ""thumbsUpCount"": 0, ""reviewCreatedVersion"": null, ""at"": ""2026-07-01 23:22:43"", ""replyContent"": ""Hi! Thanks for taking the time to share your feedback. Your support is greatly appreciated."", ""repliedAt"": ""2026-07-01 23:40:11"", ""appVersion"": null}"
run5_day2_20260703_043957,2,TikTok,com.zhiliaoapp.musically,us,en,65a6be84ec5a125fa7d5de7640e4c3b7405fa38b5b376a736b22852f0d0a953a,0516bb05-e55f-4105-94fe-22894de5b6c7,0,Tyrone Epps,5,0,2026-07-01T23:22:07+00:00,,Hi! Thanks for taking the time to share your feedback. Your support is greatly appreciated.,2026-07-01T23:40:12+00:00,excellence l,excellence l,81b36c73cab46abe8ac806c22bb9dcd2fdec98f8d8823f6a364e8e1c84a209ff,81b36c73cab46abe8ac806c22bb9dcd2fdec98f8d8823f6a364e8e1c84a209ff,"{""reviewId"": ""0516bb05-e55f-4105-94fe-22894de5b6c7"", ""userName"": ""Tyrone Epps"", ""userImage"": ""https://play-lh.googleusercontent.com/a/ACg8ocJy3D22Wxyg1EhJQ6J_Kp2BbBhHkfsvIL1V6Gcz7ds5BuTREg=mo"", ""content"": ""excellence l"", ""score"": 5, ""thumbsUpCount"": 0, ""reviewCreatedVersion"": null, ""at"": ""2026-07-01 23:22:07"", ""replyContent"": ""Hi! Thanks for taking the time to share your feedback. Your support is greatly appreciated."", ""repliedAt"": ""2026-07-01 23:40:12"", ""appVersion"": null}"
run5_day2_20260703_043957,2,TikTok,com.zhiliaoapp.musically,us,en,e2edb16df655c632fe37860b6917a1f346083f781ddc733945804769796dcad5,4efbab0b-6932-4cca-b7ed-d69c0d2b10d4,0,Eyob Agegnehu,3,0,2026-07-01T23:18:03+00:00,,"Hi, thanks for your feedback!
We'll be sure to share your suggestion with our team for consideration. We appreciate your input, and we're always working to improve the TikTok experience!",2026-07-01T23:40:11+00:00,good,good,770e607624d689265ca6c44884d0807d9b054d23c473c106c72be9de08b7376c,770e607624d689265ca6c44884d0807d9b054d23c473c106c72be9de08b7376c,"{""reviewId"": ""4efbab0b-6932-4cca-b7ed-d69c0d2b10d4"", ""userName"": ""Eyob Agegnehu"", ""userImage"": ""https://play-lh.googleusercontent.com/a-/ALV-UjVWpcO0-pwQElb0COT0CbRYIFIoZ03hBSw9m9kSEC2xjZ7eDtgL"", ""content"": ""good"", ""score"": 3, ""thumbsUpCount"": 0, ""reviewCreatedVersion"": null, ""at"": ""2026-07-01 23:18:03"", ""replyContent"": ""Hi, thanks for your feedback!\nWe'll be sure to share your suggestion with our team for consideration. We appreciate your input, and we're always working to improve the TikTok experience!"", ""repliedAt"": ""2026-07-01 23:40:11"", ""appVersion"": null}"
run5_day2_20260703_043957,2,TikTok,com.zhiliaoapp.musically,us,en,19e20bbd8efdeb73f1b9d1fd882ac719d7a45e0eb1e788cd31bb01347601cb8d,efa59b86-32e0-46ac-933a-d66739b0d466,0,Anayochukwu Igwe,5,0,2026-07-01T23:13:41+00:00,,Hi! Thanks for taking the time to share your feedback. Your support is greatly appreciated.,2026-07-01T23:40:11+00:00,I'm cool 😎 with this app it's fast in browsing and spending in network range,I'm cool 😎 with this app it's fast in browsing and spending in network range,1f21f0e23d24847254d63bedc01e05272de6af0feb79ec1a01ccb023ff38fe1a,1f21f0e23d24847254d63bedc01e05272de6af0feb79ec1a01ccb023ff38fe1a,"{""reviewId"": ""efa59b86-32e0-46ac-933a-d66739b0d466"", ""userName"": ""Anayochukwu Igwe"", ""userImage"": ""https://play-lh.googleusercontent.com/a/ACg8ocJgY-3O70lKRChyTcs40mNq6rM4IrneZk7XxtOjwKyvxbZ8sw=mo"", ""content"": ""I'm cool 😎 with this app it's fast in browsing and spending in network range"", ""score"": 5, ""thumbsUpCount"": 0, ""reviewCreatedVersion"": null, ""at"": ""2026-07-01 23:13:41"", ""replyContent"": ""Hi! Thanks for taking the time to share your feedback. Your support is greatly appreciated."", ""repliedAt"": ""2026-07-01 23:40:11"", ""appVersion"": null}"
run5_day2_20260703_043957,2,TikTok,com.zhiliaoapp.musically,us,en,e3e1888f47a2dfe74a371cdb3d9294469edac965fa3ab3c550ce743bac2dfd1b,43ac5411-8bcf-4bbd-bd1e-0d37e06404d3,0,Beniamin Yariii,5,0,2026-07-01T23:12:19+00:00,,Hi! Thanks for taking the time to share your feedback. Your support is greatly appreciated.,2026-07-01T23:40:11+00:00,Good,Good,c939327ca16dcf97ca32521d8b834bf1de16573d21deda3bb2a337cf403787a6,c939327ca16dcf97ca32521d8b834bf1de16573d21deda3bb2a337cf403787a6,"{""reviewId"": ""43ac5411-8bcf-4bbd-bd1e-0d37e06404d3"", ""userName"": ""Beniamin Yariii"", ""userImage"": ""https://play-lh.googleusercontent.com/a/ACg8ocIzZeTgvevrC_bxQ3C9JYTabyCMWOGHlgakBAfQXGqk2KbDEw=mo"", ""content"": ""Good"", ""score"": 5, ""thumbsUpCount"": 0, ""reviewCreatedVersion"": null, ""at"": ""2026-07-01 23:12:19"", ""replyContent"": ""Hi! Thanks for taking the time to share your feedback. Your support is greatly appreciated."", ""repliedAt"": ""2026-07-01 23:40:11"", ""appVersion"": null}"
run5_day2_20260703_043957,2,TikTok,com.zhiliaoapp.musically,us,en,dada8eaca6d454552d189470a1e563064a91ece166a57f12d697dbe01179124d,c464105c-4b3c-4347-9d9e-5480b4658e22,0,War Lay,5,1,2026-07-01T23:08:30+00:00,45.7.3,Hi! Thanks for taking the time to share your feedback. Your support is greatly appreciated.,2026-07-01T16:00:11+00:00,i want to open titok,i want to open titok,23f616ff416c2a11c8ae606c814dd08c954419ffe06cddd6047848576fe553ef,23f616ff416c2a11c8ae606c814dd08c954419ffe06cddd6047848576fe553ef,"{""reviewId"": ""c464105c-4b3c-4347-9d9e-5480b4658e22"", ""userName"": ""War Lay"", ""userImage"": ""https://play-lh.googleusercontent.com/a-/ALV-UjX1uHrXPgTBm6kKRuwuCuDkWrNgQd8A4pnd9v8BqM7zJ5xz-sY"", ""content"": ""i want to open titok"", ""score"": 5, ""thumbsUpCount"": 1, ""reviewCreatedVersion"": ""45.7.3"", ""at"": ""2026-07-01 23:08:30"", ""replyContent"": ""Hi! Thanks for taking the time to share your feedback. Your support is greatly appreciated."", ""repliedAt"": ""2026-07-01 16:00:11"", ""appVersion"": ""45.7.3""}"
run5_day2_20260703_043957,3,Spotify,com.spotify.music,us,en,fee2ac587a2e41b97a4a941f6d7327c4c13692ce2e71fcd289de2f3ad851f94e,2f8889e2-062d-47b6-9490-15aff275f1cd,0,Waylon,5,0,2026-07-02T04:37:07+00:00,9.1.60.1970,,,this is the best music listening app other than the premium features only stuff the app is great I would 100 percent recommend this to people,this is the best music listening app other than the premium features only stuff the app is great I would 100 percent recommend this to people,ce6455d7d2f35874c5c8518e8f7092f1419a3655623344b02845743df815bbfd,ce6455d7d2f35874c5c8518e8f7092f1419a3655623344b02845743df815bbfd,"{""reviewId"": ""2f8889e2-062d-47b6-9490-15aff275f1cd"", ""userName"": ""Waylon"", ""userImage"": ""https://play-lh.googleusercontent.com/a-/ALV-UjVpBgmPVaugVDPmDL3dzjMTLFdIWvcHdoGs25JeiDt8lrZCmtI"", ""content"": ""this is the best music listening app other than the premium features only stuff the app is great I would 100 percent recommend this to people"", ""score"": 5, ""thumbsUpCount"": 0, ""reviewCreatedVersion"": ""9.1.60.1970"", ""at"": ""2026-07-02 04:37:07"", ""replyContent"": null, ""repliedAt"": null, ""appVersion"": ""9.1.60.1970""}"
run5_day2_20260703_043957,3,Spotify,com.spotify.music,us,en,1a81f0177b905254844aa4f2d5cba8c84a35705e4db36237ebda74642c1426fd,93cd31c8-42f6-4a0e-bd27-49e6155367d0,0,Iyiola Daniel,5,0,2026-07-02T04:36:10+00:00,9.1.60.1970,,,it's okay,it's okay,ffb505cd2cf056b33558fc3ea285cfc223c33e55ca5af5b40ae0c2dc679f6464,ffb505cd2cf056b33558fc3ea285cfc223c33e55ca5af5b40ae0c2dc679f6464,"{""reviewId"": ""93cd31c8-42f6-4a0e-bd27-49e6155367d0"", ""userName"": ""Iyiola Daniel"", ""userImage"": ""https://play-lh.googleusercontent.com/a-/ALV-UjXdZ3P53jwZnh8z06VHn1A03f3t0bdA8u86tYvYO29Rdtiw37E"", ""content"": ""it's okay"", ""score"": 5, ""thumbsUpCount"": 0, ""reviewCreatedVersion"": ""9.1.60.1970"", ""at"": ""2026-07-02 04:36:10"", ""replyContent"": null, ""repliedAt"": null, ""appVersion"": ""9.1.60.1970""}"
run5_day2_20260703_043957,3,Spotify,com.spotify.music,us,en,b89f76855f0e2773087b0d5937980b84976f6764e012af7a0cde7c2094c9c746,aa70b879-dc84-475f-9f1e-01c8da1b0ea1,0,rosalina margaretta,1,0,2026-07-02T04:30:39+00:00,,,,no subscription no music,no subscription no music,59360f8aac8b2aba107c7a7b7cb2f012d3f42c184d94afccfed12cc51a9f37fc,59360f8aac8b2aba107c7a7b7cb2f012d3f42c184d94afccfed12cc51a9f37fc,"{""reviewId"": ""aa70b879-dc84-475f-9f1e-01c8da1b0ea1"", ""userName"": ""rosalina margaretta"", ""userImage"": ""https://play-lh.googleusercontent.com/a/ACg8ocK1xRc9RziZKOdNSOw7P0u-GWnpDY8aVekMnTp9NtnHWXX2UQ=mo"", ""content"": ""no subscription no music"", ""score"": 1, ""thumbsUpCount"": 0, ""reviewCreatedVersion"": null, ""at"": ""2026-07-02 04:30:39"", ""replyContent"": null, ""repliedAt"": null, ""appVersion"": null}"
run5_day2_20260703_043957,3,Spotify,com.spotify.music,us,en,0adba90e2f085442700eb528f6ce8abe4a9387e43a3cc1b693343bcb437bc1dd,6a68665a-e917-4a19-a78b-7ffef01f073d,0,ash,4,0,2026-07-02T04:28:39+00:00,9.1.60.1970,,,need premium for my phone,need premium for my phone,48596333e16a4a1144509e6404f50ca91fe5c56725b4af2424216b30370ecd33,48596333e16a4a1144509e6404f50ca91fe5c56725b4af2424216b30370ecd33,"{""reviewId"": ""6a68665a-e917-4a19-a78b-7ffef01f073d"", ""userName"": ""ash"", ""userImage"": ""https://play-lh.googleusercontent.com/a/ACg8ocJPtxJjjZCWlnq-qPFkaBI_Ea_vRpHU_XsxEQRNhJB4Fht5bw=mo"", ""content"": ""need premium for my phone"", ""score"": 4, ""thumbsUpCount"": 0, ""reviewCreatedVersion"": ""9.1.60.1970"", ""at"": ""2026-07-02 04:28:39"", ""replyContent"": null, ""repliedAt"": null, ""appVersion"": ""9.1.60.1970""}"
run5_day2_20260703_043957,3,Spotify,com.spotify.music,us,en,2c320c856af9e1e149fce41fc55a9df56c1292e80b1dd62eae71f8db744d4546,cf1fd862-36c1-4e8b-89fd-88f80d302757,0,Croow Tau,4,0,2026-07-02T04:28:21+00:00,9.1.60.1970,,,good,good,770e607624d689265ca6c44884d0807d9b054d23c473c106c72be9de08b7376c,770e607624d689265ca6c44884d0807d9b054d23c473c106c72be9de08b7376c,"{""reviewId"": ""cf1fd862-36c1-4e8b-89fd-88f80d302757"", ""userName"": ""Croow Tau"", ""userImage"": ""https://play-lh.googleusercontent.com/a-/ALV-UjUu7eDI-r5VsbmF43GTSU0BjAAq0NlPI0g5MbT0YJWaRSlYPAB9"", ""content"": ""good"", ""score"": 4, ""thumbsUpCount"": 0, ""reviewCreatedVersion"": ""9.1.60.1970"", ""at"": ""2026-07-02 04:28:21"", ""replyContent"": null, ""repliedAt"": null, ""appVersion"": ""9.1.60.1970""}"
run5_day2_20260703_043957,3,Spotify,com.spotify.music,us,en,b4d5b2b5b2c6bc1b323a57ade44593aff709242d1286907a8cac3c0c62c0ee82,40a4b75f-4b39-4b24-a544-6f0e9576cdfb,0,Isaac Copeland,3,0,2026-07-02T04:27:59+00:00,9.1.60.1970,"Hi. Thanks for reporting this to us. We'll pass this on to our ads team. Since you're hearing more ads than usual, have you tried a quick reinstall? If that doesn't help, you should give our Customer Service a shout by heading to support.spotify.com and searching ""Contact us"". They'll help you report this.",2026-07-02T14:47:44+00:00,"I mean it's good just 5 unskipable adds per song? (which is usually 15-30 secs)i wish it would fo back to how it was which is 1-2 skippable adds every 3 songs, and they don't let you see the lyrics for half of their music so that's annoying. premium( which is what Spotify was when it first started , the modern premium ) another issue was that with the podcasts which I personally watch more meme related ones, I would be watching it then 2 minutes in 5 ads 4 minutes in 5 ads etc to excessive","I mean it's good just 5 unskipable adds per song? (which is usually 15-30 secs)i wish it would fo back to how it was which is 1-2 skippable adds every 3 songs, and they don't let you see the lyrics for half of their music so that's annoying. premium( which is what Spotify was when it first started , the modern premium ) another issue was that with the podcasts which I personally watch more meme related ones, I would be watching it then 2 minutes in 5 ads 4 minutes in 5 ads etc to excessive",8ecfd1afee3466e8b5366b6f4316775beb43b31fd17f43c817e23a58da71043e,8ecfd1afee3466e8b5366b6f4316775beb43b31fd17f43c817e23a58da71043e,"{""reviewId"": ""40a4b75f-4b39-4b24-a544-6f0e9576cdfb"", ""userName"": ""Isaac Copeland"", ""userImage"": ""https://play-lh.googleusercontent.com/a-/ALV-UjWagy-UNWjTi3IMwSeBnDNSQKLt2Co9IhlXdYmt9X9G2HUyMTo"", ""content"": ""I mean it's good just 5 unskipable adds per song? (which is usually 15-30 secs)i wish it would fo back to how it was which is 1-2 skippable adds every 3 songs, and they don't let you see the lyrics for half of their music so that's annoying. premium( which is what Spotify was when it first started , the modern premium ) another issue was that with the podcasts which I personally watch more meme related ones, I would be watching it then 2 minutes in 5 ads 4 minutes in 5 ads etc to excessive"", ""score"": 3, ""thumbsUpCount"": 0, ""reviewCreatedVersion"": ""9.1.60.1970"", ""at"": ""2026-07-02 04:27:59"", ""replyContent"": ""Hi. Thanks for reporting this to us. We'll pass this on to our ads team. Since you're hearing more ads than usual, have you tried a quick reinstall? If that doesn't help, you should give our Customer Service a shout by heading to support.spotify.com and searching \""Contact us\"". They'll help you report this."", ""repliedAt"": ""2026-07-02 14:47:44"", ""appVersion"": ""9.1.60.1970""}"
run5_day2_20260703_043957,3,Spotify,com.spotify.music,us,en,f357e66b02dbad2b2e9ce3b74d566a5c92c1360158e04eb8d8b6e67fb2cfef19,ec4576f5-6ef8-4643-8031-62c133962a7f,0,Gautam Jamuni,3,0,2026-07-02T04:23:40+00:00,9.1.60.1970,,,"ads,ads and ads","ads,ads and ads",73487b0331995a97c04743757fa5a2be58d69caffbfba494eec6fe0c6d86bd3a,73487b0331995a97c04743757fa5a2be58d69caffbfba494eec6fe0c6d86bd3a,"{""reviewId"": ""ec4576f5-6ef8-4643-8031-62c133962a7f"", ""userName"": ""Gautam Jamuni"", ""userImage"": ""https://play-lh.googleusercontent.com/a/ACg8ocJ0CQQ6IzoMbU01jLUK_oBF780ZhOkNzjkzpa6_ra-9eh9PRA=mo"", ""content"": ""ads,ads and ads"", ""score"": 3, ""thumbsUpCount"": 0, ""reviewCreatedVersion"": ""9.1.60.1970"", ""at"": ""2026-07-02 04:23:40"", ""replyContent"": null, ""repliedAt"": null, ""appVersion"": ""9.1.60.1970""}"
run5_day2_20260703_043957,3,Spotify,com.spotify.music,us,en,14556162bd793adf5ee716d0c60a77097c0a3dd409700225bf966b2090881f32,4f4c5c5c-47d7-402a-aad8-0251f1cf0d62,0,vampiric,1,0,2026-07-02T04:20:20+00:00,9.1.60.1970,"Hi. Thanks for reporting this to us. We'll pass this on to our ads team. Since you're hearing more ads than usual, have you tried a quick reinstall? If that doesn't help, you should give our Customer Service a shout by heading to support.spotify.com and searching ""Contact us"". They'll help you report this.",2026-07-02T14:48:33+00:00,"The free version is ABYSMAL. the amount of songs you can listen to before getting ads changes every day. For example, I usually experience 3-4 ads every 3 songs, but today, I'm getting 4-5 ads per ONE song. Spotify knows that you won't stop using it so they keep pumping things full of ads so you're either forced to suffer the wrath of ads, or paying money for the bare minimum.","The free version is ABYSMAL. the amount of songs you can listen to before getting ads changes every day. For example, I usually experience 3-4 ads every 3 songs, but today, I'm getting 4-5 ads per ONE song. Spotify knows that you won't stop using it so they keep pumping things full of ads so you're either forced to suffer the wrath of ads, or paying money for the bare minimum.",e01f5e6d4b87ccd0e2d2864e5c7a349cac962ec1a455f03f04a225c013150669,e01f5e6d4b87ccd0e2d2864e5c7a349cac962ec1a455f03f04a225c013150669,"{""reviewId"": ""4f4c5c5c-47d7-402a-aad8-0251f1cf0d62"", ""userName"": ""vampiric"", ""userImage"": ""https://play-lh.googleusercontent.com/a-/ALV-UjWPriM_djbwfQWPAxnFrX7SBZHMYYQKD0YuVtUbZEcYT1Lp2g"", ""content"": ""The free version is ABYSMAL. the amount of songs you can listen to before getting ads changes every day. For example, I usually experience 3-4 ads every 3 songs, but today, I'm getting 4-5 ads per ONE song. Spotify knows that you won't stop using it so they keep pumping things full of ads so you're either forced to suffer the wrath of ads, or paying money for the bare minimum."", ""score"": 1, ""thumbsUpCount"": 0, ""reviewCreatedVersion"": ""9.1.60.1970"", ""at"": ""2026-07-02 04:20:20"", ""replyContent"": ""Hi. Thanks for reporting this to us. We'll pass this on to our ads team. Since you're hearing more ads than usual, have you tried a quick reinstall? If that doesn't help, you should give our Customer Service a shout by heading to support.spotify.com and searching \""Contact us\"". They'll help you report this."", ""repliedAt"": ""2026-07-02 14:48:33"", ""appVersion"": ""9.1.60.1970""}"
run5_day2_20260703_043957,3,Spotify,com.spotify.music,us,en,b3cdc4d2c785bd828c67194e09eef55b24cfc744a72cea183d2c4909656fb756,57062c60-5e02-4a8b-b6f3-bb9ebfafac28,0,goldi Singh,5,0,2026-07-02T04:19:36+00:00,9.1.60.1970,,,this app is awesome.,this app is awesome.,8b108f583abbe9752a8f7e9a0c66cbfaf839288ac965136ede4491cde48bafe1,8b108f583abbe9752a8f7e9a0c66cbfaf839288ac965136ede4491cde48bafe1,"{""reviewId"": ""57062c60-5e02-4a8b-b6f3-bb9ebfafac28"", ""userName"": ""goldi Singh"", ""userImage"": ""https://play-lh.googleusercontent.com/a/ACg8ocKY9Sp4EWRD-J_aNqRwsM8kvEzKK1EYiy8CN2_KQqKCLPcosA=mo"", ""content"": ""this app is awesome."", ""score"": 5, ""thumbsUpCount"": 0, ""reviewCreatedVersion"": ""9.1.60.1970"", ""at"": ""2026-07-02 04:19:36"", ""replyContent"": null, ""repliedAt"": null, ""appVersion"": ""9.1.60.1970""}"
run5_day2_20260703_043957,3,Spotify,com.spotify.music,us,en,986a08f51f177cbe46defd595066de73b0640185ef9bf89d2acb093779b241dd,2f6ec077-6162-4924-9fcb-9973c4d85e94,0,Tom,1,1,2026-07-02T04:15:43+00:00,8.6.82.1113,,,"This app does not work reliably for music offline, even if you download every song/album manually. This app frequently redownloads all of your albums, effectively tanking your internet's download speed without warning or the ability to throttle in app download speeds.","This app does not work reliably for music offline, even if you download every song/album manually. This app frequently redownloads all of your albums, effectively tanking your internet's download speed without warning or the ability to throttle in app download speeds.",18809ae5978fb05f4535c8b78d70df5193b0697d8a6489784271330e16333dc7,18809ae5978fb05f4535c8b78d70df5193b0697d8a6489784271330e16333dc7,"{""reviewId"": ""2f6ec077-6162-4924-9fcb-9973c4d85e94"", ""userName"": ""Tom"", ""userImage"": ""https://play-lh.googleusercontent.com/a/ACg8ocKTiSzpqsnGY23HGoBlpOfu1FcsJ0pd6WkZQ_xXHAOaw7ArnQ=mo"", ""content"": ""This app does not work reliably for music offline, even if you download every song/album manually. This app frequently redownloads all of your albums, effectively tanking your internet's download speed without warning or the ability to throttle in app download speeds."", ""score"": 1, ""thumbsUpCount"": 1, ""reviewCreatedVersion"": ""8.6.82.1113"", ""at"": ""2026-07-02 04:15:43"", ""replyContent"": null, ""repliedAt"": null, ""appVersion"": ""8.6.82.1113""}"
run5_day2_20260703_043957,3,Spotify,com.spotify.music,us,en,83f5572e01d0aabd81b994f349a04adcefe93db23d70ecb7329b41ec386efa44,fcca84bd-33cf-4e5f-89f2-601df7de017b,0,Marcus Thomson,1,1,2026-07-02T04:13:02+00:00,9.1.60.1970,,,"new widget is terrible. being forced to use this over the old one. often does start up Spotify upon clicking into it, need to open app and play song then exit app to use widget","new widget is terrible. being forced to use this over the old one. often does start up Spotify upon clicking into it, need to open app and play song then exit app to use widget",2106e7f9afa88e8b046ef88a5360be9542f083673775b2c6d97ca1fabc2a29b5,2106e7f9afa88e8b046ef88a5360be9542f083673775b2c6d97ca1fabc2a29b5,"{""reviewId"": ""fcca84bd-33cf-4e5f-89f2-601df7de017b"", ""userName"": ""Marcus Thomson"", ""userImage"": ""https://play-lh.googleusercontent.com/a/ACg8ocKNSAbJN36vZjz10CumqCI31PPzKOL53XNEiVCrqMD33Eh58g=mo"", ""content"": ""new widget is terrible. being forced to use this over the old one. often does start up Spotify upon clicking into it, need to open app and play song then exit app to use widget"", ""score"": 1, ""thumbsUpCount"": 1, ""reviewCreatedVersion"": ""9.1.60.1970"", ""at"": ""2026-07-02 04:13:02"", ""replyContent"": null, ""repliedAt"": null, ""appVersion"": ""9.1.60.1970""}"
run5_day2_20260703_043957,3,Spotify,com.spotify.music,us,en,ddb11f5c7faf6c4e5c9efbf31ed035f16531eb577cb58b8860c1161252dcdf08,db26422e-b107-454b-9de0-f7157637af48,0,Sheetal Basnet Basnet,5,1,2026-07-02T04:10:32+00:00,9.1.60.1970,,,I LOVE ITTT. It is very great,I LOVE ITTT. It is very great,09dd41d20eeb035a830f6b35e57000ae69903a6037bd3cd8e0c163b8ee620f7a,09dd41d20eeb035a830f6b35e57000ae69903a6037bd3cd8e0c163b8ee620f7a,"{""reviewId"": ""db26422e-b107-454b-9de0-f7157637af48"", ""userName"": ""Sheetal Basnet Basnet"", ""userImage"": ""https://play-lh.googleusercontent.com/a/ACg8ocI36RIcyFIvDR-DrQztgChRB7i7WDXuEbEb8qMlTawZGsXl2A=mo"", ""content"": ""I LOVE ITTT. It is very great"", ""score"": 5, ""thumbsUpCount"": 1, ""reviewCreatedVersion"": ""9.1.60.1970"", ""at"": ""2026-07-02 04:10:32"", ""replyContent"": null, ""repliedAt"": null, ""appVersion"": ""9.1.60.1970""}"
run5_day2_20260703_043957,3,Spotify,com.spotify.music,us,en,47f2264495f3159070c4d48cd235de3eaa2d85f0e6e7be5fb74e4a1bdba53f78,274d9bb6-0d99-45b6-835a-4710b8fc86dd,0,Glenn Sanchez,5,0,2026-07-02T04:10:31+00:00,9.1.60.1970,,,Good,Good,c939327ca16dcf97ca32521d8b834bf1de16573d21deda3bb2a337cf403787a6,c939327ca16dcf97ca32521d8b834bf1de16573d21deda3bb2a337cf403787a6,"{""reviewId"": ""274d9bb6-0d99-45b6-835a-4710b8fc86dd"", ""userName"": ""Glenn Sanchez"", ""userImage"": ""https://play-lh.googleusercontent.com/a-/ALV-UjWp7YC2Hx-fRGWlUWm6uOIpjQipoIZI0dn0SBwtudy7Ir4EjUz0"", ""content"": ""Good"", ""score"": 5, ""thumbsUpCount"": 0, ""reviewCreatedVersion"": ""9.1.60.1970"", ""at"": ""2026-07-02 04:10:31"", ""replyContent"": null, ""repliedAt"": null, ""appVersion"": ""9.1.60.1970""}"
run5_day2_20260703_043957,3,Spotify,com.spotify.music,us,en,b1f056dea291f9c48350f19ec21f77d05baaa23966b4d6e2dff978e79430d214,5efa0ccd-d98d-4e1a-88e1-f403e4f864b5,0,Vie,3,0,2026-07-02T04:08:20+00:00,9.1.60.1970,,,"Before, whenever you searched for a song, once it finished playing, it would automatically play random songs afterward. But now it doesn't anymore. :( I tried checking the settings, but I still can't figure it out.","Before, whenever you searched for a song, once it finished playing, it would automatically play random songs afterward. But now it doesn't anymore. :( I tried checking the settings, but I still can't figure it out.",19d17152219857df4e7acffe2bf74113311d15f9e8e35b7173960bd6706192ce,19d17152219857df4e7acffe2bf74113311d15f9e8e35b7173960bd6706192ce,"{""reviewId"": ""5efa0ccd-d98d-4e1a-88e1-f403e4f864b5"", ""userName"": ""Vie"", ""userImage"": ""https://play-lh.googleusercontent.com/a-/ALV-UjVuO33DY0mE6RPeqOKUGiD9miRvf8qKdQg6E_-UpoxIUlCHh2dP"", ""content"": ""Before, whenever you searched for a song, once it finished playing, it would automatically play random songs afterward. But now it doesn't anymore. :( I tried checking the settings, but I still can't figure it out."", ""score"": 3, ""thumbsUpCount"": 0, ""reviewCreatedVersion"": ""9.1.60.1970"", ""at"": ""2026-07-02 04:08:20"", ""replyContent"": null, ""repliedAt"": null, ""appVersion"": ""9.1.60.1970""}"
run5_day2_20260703_043957,3,Spotify,com.spotify.music,us,en,3013f83b4b12f18113d1bb505ab169090038342a8ad6ce4748062a82c60c0cfe,77f8711c-6d0e-45ee-a068-c133163e0543,0,Princeton Tayabo,2,0,2026-07-02T04:05:37+00:00,9.1.60.1970,,,"I know Spotify has a lot of ads, but please remove the Premium restriction on selecting songs. The recent update isn't good because now free users can only click and choose up to five songs. I hope the free version can have unlimited song selection, even if it still includes ads.","I know Spotify has a lot of ads, but please remove the Premium restriction on selecting songs. The recent update isn't good because now free users can only click and choose up to five songs. I hope the free version can have unlimited song selection, even if it still includes ads.",c6a4f7df5f319eacc35912b8eff7e843c4db823e8b0a89d28567a094ed56bc25,c6a4f7df5f319eacc35912b8eff7e843c4db823e8b0a89d28567a094ed56bc25,"{""reviewId"": ""77f8711c-6d0e-45ee-a068-c133163e0543"", ""userName"": ""Princeton Tayabo"", ""userImage"": ""https://play-lh.googleusercontent.com/a/ACg8ocJJ604PXRlvx7YTRSSISZ86nP1AfBfEAOT_RCbs9N2wCRmWlpFF=mo"", ""content"": ""I know Spotify has a lot of ads, but please remove the Premium restriction on selecting songs. The recent update isn't good because now free users can only click and choose up to five songs. I hope the free version can have unlimited song selection, even if it still includes ads."", ""score"": 2, ""thumbsUpCount"": 0, ""reviewCreatedVersion"": ""9.1.60.1970"", ""at"": ""2026-07-02 04:05:37"", ""replyContent"": null, ""repliedAt"": null, ""appVersion"": ""9.1.60.1970""}"
run5_day2_20260703_043957,3,Spotify,com.spotify.music,us,en,abc04462116ecb79f71e21cd9808e04521b72b1094a5b8bf8dbf0e3bcdf44c21,ca2ac91c-c553-4804-ae08-ae3e1293000e,0,Nemo Sending,5,0,2026-07-02T04:05:15+00:00,9.1.60.1970,,,nice,nice,e186022d0931afe9fe0690857e32f85e50165e7fbe0966d49609ef1981f920c6,e186022d0931afe9fe0690857e32f85e50165e7fbe0966d49609ef1981f920c6,"{""reviewId"": ""ca2ac91c-c553-4804-ae08-ae3e1293000e"", ""userName"": ""Nemo Sending"", ""userImage"": ""https://play-lh.googleusercontent.com/a/ACg8ocJDUx25U3MtHu9h91Gl4tNdXAMd29uEMK9lAYCVtIp15h8Hzw=mo"", ""content"": ""nice"", ""score"": 5, ""thumbsUpCount"": 0, ""reviewCreatedVersion"": ""9.1.60.1970"", ""at"": ""2026-07-02 04:05:15"", ""replyContent"": null, ""repliedAt"": null, ""appVersion"": ""9.1.60.1970""}"
run5_day2_20260703_043957,3,Spotify,com.spotify.music,us,en,5dc999b9c05d449273f9e9eaa6ceef8685cdb2478a35423ef2ab2f586a7edc04,f52dbfba-89ef-48f2-84fc-40bed1cfffc5,0,Beamngdrivecorp Modlandismyhome,2,0,2026-07-02T04:05:02+00:00,,,,always interrupts me when I click something and asks if I wanna listen to something else and sometimes the app doesn't even open and for some reason the audio is not loud at all compared to my headphones actual capability,always interrupts me when I click something and asks if I wanna listen to something else and sometimes the app doesn't even open and for some reason the audio is not loud at all compared to my headphones actual capability,ae61b4796795f1e6f012050e149e55bfe0d4f5496fa39691aed1edba2237aacc,ae61b4796795f1e6f012050e149e55bfe0d4f5496fa39691aed1edba2237aacc,"{""reviewId"": ""f52dbfba-89ef-48f2-84fc-40bed1cfffc5"", ""userName"": ""Beamngdrivecorp Modlandismyhome"", ""userImage"": ""https://play-lh.googleusercontent.com/a/ACg8ocKvMdctC3XgHPARqY72d4Wybam0XYJSVW5mMd1k10_Utqqtfg=mo"", ""content"": ""always interrupts me when I click something and asks if I wanna listen to something else and sometimes the app doesn't even open and for some reason the audio is not loud at all compared to my headphones actual capability"", ""score"": 2, ""thumbsUpCount"": 0, ""reviewCreatedVersion"": null, ""at"": ""2026-07-02 04:05:02"", ""replyContent"": null, ""repliedAt"": null, ""appVersion"": null}"
run5_day2_20260703_043957,3,Spotify,com.spotify.music,us,en,137da2e6c6af6a99e34ae7b88af6fe86e1b742a7ffeb0773b9f815157a831671,962a30bd-2d3d-43a5-805d-0180d42b0e98,0,Joshua Smock,1,0,2026-07-02T04:00:06+00:00,9.1.60.1970,,,"Spotify is completly unusable now. I was listening to my music and I wanted to change the song so I press the song and it says: ""If you want to choose your music. Pay for spotify premium"". At first I thought it was a glitch so I do it again. It says the same thing. You have to oay just to chosoe a song. It doesn't work if you search it or pick a sing on your playlist. Also, awhile ago they made to where you have to pay for songs to be in order. This app is lucky I have a letter amount.","Spotify is completly unusable now. I was listening to my music and I wanted to change the song so I press the song and it says: ""If you want to choose your music. Pay for spotify premium"". At first I thought it was a glitch so I do it again. It says the same thing. You have to oay just to chosoe a song. It doesn't work if you search it or pick a sing on your playlist. Also, awhile ago they made to where you have to pay for songs to be in order. This app is lucky I have a letter amount.",a8fc7123c4c0f80924949ecee0f49970e9e63ecbe0f5f9c7f32dc91b7df9f5b4,a8fc7123c4c0f80924949ecee0f49970e9e63ecbe0f5f9c7f32dc91b7df9f5b4,"{""reviewId"": ""962a30bd-2d3d-43a5-805d-0180d42b0e98"", ""userName"": ""Joshua Smock"", ""userImage"": ""https://play-lh.googleusercontent.com/a-/ALV-UjUGZcKDUYrt8Zp-ywY4SUC82Q6SAmTQySsR8M56SKt5jhnkIwo"", ""content"": ""Spotify is completly unusable now. I was listening to my music and I wanted to change the song so I press the song and it says: \""If you want to choose your music. Pay for spotify premium\"". At first I thought it was a glitch so I do it again. It says the same thing. You have to oay just to chosoe a song. It doesn't work if you search it or pick a sing on your playlist. Also, awhile ago they made to where you have to pay for songs to be in order. This app is lucky I have a letter amount."", ""score"": 1, ""thumbsUpCount"": 0, ""reviewCreatedVersion"": ""9.1.60.1970"", ""at"": ""2026-07-02 04:00:06"", ""replyContent"": null, ""repliedAt"": null, ""appVersion"": ""9.1.60.1970""}"
run5_day2_20260703_043957,3,Spotify,com.spotify.music,us,en,8caa57c9a3548b22719e2ecd25a1a1d26e59e7be6df1aeb773e05fbb8fd2e948,a69502d6-559b-4ce9-bb39-1a6eaf211cc1,0,Kartik Akbari,5,0,2026-07-02T03:56:44+00:00,9.1.56.574,,,Who the hell asks for money for lyrics😤,Who the hell asks for money for lyrics😤,3b309a76e33501dd107ae8d34bd84159a70e3cb7b57562f68b41c2cfcb37fc29,3b309a76e33501dd107ae8d34bd84159a70e3cb7b57562f68b41c2cfcb37fc29,"{""reviewId"": ""a69502d6-559b-4ce9-bb39-1a6eaf211cc1"", ""userName"": ""Kartik Akbari"", ""userImage"": ""https://play-lh.googleusercontent.com/a/ACg8ocLitYxAKxikviz56UU0ZLRXYZhySAimNNxk8a3preYA7BOKmQ=mo"", ""content"": ""Who the hell asks for money for lyrics😤"", ""score"": 5, ""thumbsUpCount"": 0, ""reviewCreatedVersion"": ""9.1.56.574"", ""at"": ""2026-07-02 03:56:44"", ""replyContent"": null, ""repliedAt"": null, ""appVersion"": ""9.1.56.574""}"
run5_day2_20260703_043957,3,Spotify,com.spotify.music,us,en,ef3ca2868435a70dc1c67fb353c0222c5f2e2b0ba14f5b4f86fcb73b90969df6,21df0e30-5f90-4930-a00a-dda75290fc1c,0,Sushil Kumar,5,0,2026-07-02T03:54:31+00:00,9.1.60.1970,,,"Good, I proud of you 👍🏻 it,s Spotify 😇","Good, I proud of you 👍🏻 it,s Spotify 😇",0d387a59fcaff045b35ccaec63a0fbdc11bdeed2483470cfc6aa076426b77b6b,0d387a59fcaff045b35ccaec63a0fbdc11bdeed2483470cfc6aa076426b77b6b,"{""reviewId"": ""21df0e30-5f90-4930-a00a-dda75290fc1c"", ""userName"": ""Sushil Kumar"", ""userImage"": ""https://play-lh.googleusercontent.com/a/ACg8ocLr1L-qwM6VnONKSS72Gk-OK1ppT5839NY3ZCdQg9JV0k9p=mo"", ""content"": ""Good, I proud of you 👍🏻 it,s Spotify 😇"", ""score"": 5, ""thumbsUpCount"": 0, ""reviewCreatedVersion"": ""9.1.60.1970"", ""at"": ""2026-07-02 03:54:31"", ""replyContent"": null, ""repliedAt"": null, ""appVersion"": ""9.1.60.1970""}"
run5_day2_20260703_043957,3,Spotify,com.spotify.music,us,en,00c7e2947a3aa2548dcee97c20ea325d9c5a1c82380a4879787d3476aba2a24a,c883bed7-f26a-40dc-a439-eb1d89a0c21a,0,VRINDA M,1,0,2026-07-02T03:46:59+00:00,8.9.78.513,,,faceing pblm the everytime i open the app,faceing pblm the everytime i open the app,df85d2b9bf2a7bcdc72b10d3f24d66f17f55d059566183fba718ed483a40a8b3,df85d2b9bf2a7bcdc72b10d3f24d66f17f55d059566183fba718ed483a40a8b3,"{""reviewId"": ""c883bed7-f26a-40dc-a439-eb1d89a0c21a"", ""userName"": ""VRINDA M"", ""userImage"": ""https://play-lh.googleusercontent.com/a-/ALV-UjUYYEr90bEwbimANLsyde8PEWkL7lDQYrwPt1X3YDjlyiisyPPj"", ""content"": ""faceing pblm the everytime i open the app"", ""score"": 1, ""thumbsUpCount"": 0, ""reviewCreatedVersion"": ""8.9.78.513"", ""at"": ""2026-07-02 03:46:59"", ""replyContent"": null, ""repliedAt"": null, ""appVersion"": ""8.9.78.513""}"
run5_day2_20260703_043957,3,Spotify,com.spotify.music,us,en,dabae0bd5ef3a86031c393684d3d10901b984281badb7a4f69bfc9461f6578b4,6f2709df-1a59-4820-b3f1-6b1cfad6d9da,0,Rohit Charaniya,1,0,2026-07-02T03:45:22+00:00,9.1.60.1970,"Hi. Have you tried a quick reinstall? If that doesn't help, we'd recommend reaching out to our Customer Service at support.spotify.com. Just search “Contact Us”, and they'll be happy to help.",2026-07-02T14:38:51+00:00,For the last month I have been unable to open the Spotify app,For the last month I have been unable to open the Spotify app,9560810b10026321fc987843d6aa83ee5c3be29a2c0ae768fdc1a71a8cf38086,9560810b10026321fc987843d6aa83ee5c3be29a2c0ae768fdc1a71a8cf38086,"{""reviewId"": ""6f2709df-1a59-4820-b3f1-6b1cfad6d9da"", ""userName"": ""Rohit Charaniya"", ""userImage"": ""https://play-lh.googleusercontent.com/a-/ALV-UjVue6fahAHFeA7GxghOs9uhPpCSX_ibhk9yzGsMOWJf2UeZ9PRKrw"", ""content"": ""For the last month I have been unable to open the Spotify app"", ""score"": 1, ""thumbsUpCount"": 0, ""reviewCreatedVersion"": ""9.1.60.1970"", ""at"": ""2026-07-02 03:45:22"", ""replyContent"": ""Hi. Have you tried a quick reinstall? If that doesn't help, we'd recommend reaching out to our Customer Service at support.spotify.com. Just search “Contact Us”, and they'll be happy to help."", ""repliedAt"": ""2026-07-02 14:38:51"", ""appVersion"": ""9.1.60.1970""}"
run5_day2_20260703_043957,3,Spotify,com.spotify.music,us,en,58c916a15ce0fed35f1cb7401f2bbef293bfe7eab2380d526b4d9f6c1dff2e82,0ac03e77-a21a-44f0-8a47-01705de9b720,0,sai kumar,1,0,2026-07-02T03:44:55+00:00,9.1.60.1970,,,garbage app there more ads than songs don't install it,garbage app there more ads than songs don't install it,862b9b9309dc6ebafaa76f972993b56243ac64e96dad73f997cecbe976a47ebe,862b9b9309dc6ebafaa76f972993b56243ac64e96dad73f997cecbe976a47ebe,"{""reviewId"": ""0ac03e77-a21a-44f0-8a47-01705de9b720"", ""userName"": ""sai kumar"", ""userImage"": ""https://play-lh.googleusercontent.com/a/ACg8ocLAhA-QQiw9riNY3Gjr6-9b8FhY8RWZsx2LcSDqd7o75gi2_NI=mo"", ""content"": ""garbage app there more ads than songs don't install it"", ""score"": 1, ""thumbsUpCount"": 0, ""reviewCreatedVersion"": ""9.1.60.1970"", ""at"": ""2026-07-02 03:44:55"", ""replyContent"": null, ""repliedAt"": null, ""appVersion"": ""9.1.60.1970""}"
run5_day2_20260703_043957,3,Spotify,com.spotify.music,us,en,711792be2cb2044dc3d3f2bb10bae280093809745323ea62820dbc31c7c2a91c,c3327f49-8fee-4803-9bd9-b713f42fdc30,0,Manav Singh,5,0,2026-07-02T03:41:55+00:00,9.1.60.1970,,,super,super,73d1b1b1bc1dabfb97f216d897b7968e44b06457920f00f2dc6c1ed3be25ad4c,73d1b1b1bc1dabfb97f216d897b7968e44b06457920f00f2dc6c1ed3be25ad4c,"{""reviewId"": ""c3327f49-8fee-4803-9bd9-b713f42fdc30"", ""userName"": ""Manav Singh"", ""userImage"": ""https://play-lh.googleusercontent.com/a-/ALV-UjXidP-elcK2hVEeNKgJlGusPYmf1PQLtxqfumy4F8EVIKVvho8x"", ""content"": ""super"", ""score"": 5, ""thumbsUpCount"": 0, ""reviewCreatedVersion"": ""9.1.60.1970"", ""at"": ""2026-07-02 03:41:55"", ""replyContent"": null, ""repliedAt"": null, ""appVersion"": ""9.1.60.1970""}"
run5_day2_20260703_043957,3,Spotify,com.spotify.music,us,en,df96a29e59a0ed16533b4ee94b0beac7a83cd6fa15b24d26cef713bfcd5e6fe0,8fbd4121-ba38-4a03-a324-c0a969b5633f,0,PEGGY LEE,5,0,2026-07-02T03:38:47+00:00,9.1.60.1970,,,"I enjoy my music and the mix of artist.,","I enjoy my music and the mix of artist.,",b8027f9db6b95304e8f0dde1426b3abb1e45133b7eb60d7b93ed8c88ebc78588,b8027f9db6b95304e8f0dde1426b3abb1e45133b7eb60d7b93ed8c88ebc78588,"{""reviewId"": ""8fbd4121-ba38-4a03-a324-c0a969b5633f"", ""userName"": ""PEGGY LEE"", ""userImage"": ""https://play-lh.googleusercontent.com/a/ACg8ocL0ENQUj6jAhSDjhO8Mp036bRJzskJ-AF3U3qghWLXQ4fp97g=mo"", ""content"": ""I enjoy my music and the mix of artist.,"", ""score"": 5, ""thumbsUpCount"": 0, ""reviewCreatedVersion"": ""9.1.60.1970"", ""at"": ""2026-07-02 03:38:47"", ""replyContent"": null, ""repliedAt"": null, ""appVersion"": ""9.1.60.1970""}"
run5_day2_20260703_043957,3,Spotify,com.spotify.music,us,en,b9df07247f3251a738c56543cbb1e5e09005a1d30f799f54a563c5dd6ebf6068,af760da7-a213-44dd-b73a-7965c717f753,0,Ramshi Ramsheena,4,1,2026-07-02T03:35:01+00:00,,"Hi. We appreciate your feedback, and we'll pass it along to the Ads team. For an ad-free experience, we'd recommend checking out our Premium plans at spotify.com/premium. If you've never had Premium before, you should be eligible for our trial.",2026-07-02T16:33:06+00:00,this app was amazing one problem only ads thats was a biggest problem if we are listening song and going to sleep ad came so thats a bad thing if u change that u the app was so good 👍🏻,this app was amazing one problem only ads thats was a biggest problem if we are listening song and going to sleep ad came so thats a bad thing if u change that u the app was so good 👍🏻,8970d599e558565a4040a812b5798dc4dbf4d7f28866367864c40657a2cf3507,8970d599e558565a4040a812b5798dc4dbf4d7f28866367864c40657a2cf3507,"{""reviewId"": ""af760da7-a213-44dd-b73a-7965c717f753"", ""userName"": ""Ramshi Ramsheena"", ""userImage"": ""https://play-lh.googleusercontent.com/a/ACg8ocKPAbJ_9lzxIQdj4iunHZ1ujTTmO7NN-hv3rIolzCKQqFRZxw=mo"", ""content"": ""this app was amazing one problem only ads thats was a biggest problem if we are listening song and going to sleep ad came so thats a bad thing if u change that u the app was so good 👍🏻"", ""score"": 4, ""thumbsUpCount"": 1, ""reviewCreatedVersion"": null, ""at"": ""2026-07-02 03:35:01"", ""replyContent"": ""Hi. We appreciate your feedback, and we'll pass it along to the Ads team. For an ad-free experience, we'd recommend checking out our Premium plans at spotify.com/premium. If you've never had Premium before, you should be eligible for our trial."", ""repliedAt"": ""2026-07-02 16:33:06"", ""appVersion"": null}"
run5_day2_20260703_043957,3,Spotify,com.spotify.music,us,en,7a250abfff556412230fe963411f586ac352d34b9372e6bacd69c48d0475aa8d,7f065781-fdae-4dda-97d7-4d429696cc4e,0,Ebenezer Samson,1,0,2026-07-02T03:31:58+00:00,9.1.60.1970,,,Alot is wrong with the app these days!!!!,Alot is wrong with the app these days!!!!,a82a63b0356c18e532c5535a6b662fac3abd2fd4862d7d2132040f924af2ea89,a82a63b0356c18e532c5535a6b662fac3abd2fd4862d7d2132040f924af2ea89,"{""reviewId"": ""7f065781-fdae-4dda-97d7-4d429696cc4e"", ""userName"": ""Ebenezer Samson"", ""userImage"": ""https://play-lh.googleusercontent.com/a-/ALV-UjXY8x3Rg2bA6PiOUYyA_PNdC3t9Fx7J4bWT-OyIkKNkwUv-z-o"", ""content"": ""Alot is wrong with the app these days!!!!"", ""score"": 1, ""thumbsUpCount"": 0, ""reviewCreatedVersion"": ""9.1.60.1970"", ""at"": ""2026-07-02 03:31:58"", ""replyContent"": null, ""repliedAt"": null, ""appVersion"": ""9.1.60.1970""}"
run5_day2_20260703_043957,3,Spotify,com.spotify.music,us,en,96fac0ffc3df4f46fb8a2aa9b6aa8baebf190395fabc57a36c04821b7da040eb,7c5bb2a3-2333-4eb7-bb0b-471696468236,0,lourdes gamboa,5,0,2026-07-02T03:30:20+00:00,9.1.60.1970,,,excellent.,excellent.,db77c022de8346170a2b2cecdd29f3d8eae4e6401a64398ee5b99bf58194112d,db77c022de8346170a2b2cecdd29f3d8eae4e6401a64398ee5b99bf58194112d,"{""reviewId"": ""7c5bb2a3-2333-4eb7-bb0b-471696468236"", ""userName"": ""lourdes gamboa"", ""userImage"": ""https://play-lh.googleusercontent.com/a-/ALV-UjUKiCI1t1DxkmS3YtBtrk3HRKu6m2IBiPfJtj0YakSuJ_TCdI7SjA"", ""content"": ""excellent."", ""score"": 5, ""thumbsUpCount"": 0, ""reviewCreatedVersion"": ""9.1.60.1970"", ""at"": ""2026-07-02 03:30:20"", ""replyContent"": null, ""repliedAt"": null, ""appVersion"": ""9.1.60.1970""}"
run5_day2_20260703_043957,3,Spotify,com.spotify.music,us,en,3a75491533b8d87842dce3a91bb805a42d4fc528afce1300217a4268eded5185,095f0d26-462e-4839-b44d-9267689690bd,0,VarbronxDylan,4,0,2026-07-02T03:26:30+00:00,9.1.60.1970,"Hi. We appreciate your feedback, and we'll pass it along to the Ads team. For an ad-free experience, we'd recommend checking out our Premium plans at spotify.com/premium. If you've never had Premium before, you should be eligible for our trial.",2026-07-02T16:32:06+00:00,Musics good and all but the unskippable ads are just annoying,Musics good and all but the unskippable ads are just annoying,0aac90f67c12df775243a493c1e3e8f407302cf560c96ec3b19df347ebaa619b,0aac90f67c12df775243a493c1e3e8f407302cf560c96ec3b19df347ebaa619b,"{""reviewId"": ""095f0d26-462e-4839-b44d-9267689690bd"", ""userName"": ""VarbronxDylan"", ""userImage"": ""https://play-lh.googleusercontent.com/a-/ALV-UjXpvIR6j8PRnQQbE4uSPt4ddhDEdaJM5BPJe3_Iwq2OwL48LnY"", ""content"": ""Musics good and all but the unskippable ads are just annoying"", ""score"": 4, ""thumbsUpCount"": 0, ""reviewCreatedVersion"": ""9.1.60.1970"", ""at"": ""2026-07-02 03:26:30"", ""replyContent"": ""Hi. We appreciate your feedback, and we'll pass it along to the Ads team. For an ad-free experience, we'd recommend checking out our Premium plans at spotify.com/premium. If you've never had Premium before, you should be eligible for our trial."", ""repliedAt"": ""2026-07-02 16:32:06"", ""appVersion"": ""9.1.60.1970""}"
run5_day2_20260703_043957,3,Spotify,com.spotify.music,us,en,05a094373be4fed43c361a5645a9168a1f7684e094b50a39cb5249152bc1c703,43be4175-6df6-4480-b73b-f744f892a5a7,0,Amit Kumar,1,0,2026-07-02T03:24:21+00:00,9.1.60.1970,,,bad app,bad app,690bd190558c7443be91edb368ce7a65a50fffb5763f2cbceaacbff49a3eb53e,690bd190558c7443be91edb368ce7a65a50fffb5763f2cbceaacbff49a3eb53e,"{""reviewId"": ""43be4175-6df6-4480-b73b-f744f892a5a7"", ""userName"": ""Amit Kumar"", ""userImage"": ""https://play-lh.googleusercontent.com/a-/ALV-UjW_WL0glpLtBW3qNCJs-iNSNxx7xeuOvgsOLfP0e4OKTvG82uM"", ""content"": ""bad app"", ""score"": 1, ""thumbsUpCount"": 0, ""reviewCreatedVersion"": ""9.1.60.1970"", ""at"": ""2026-07-02 03:24:21"", ""replyContent"": null, ""repliedAt"": null, ""appVersion"": ""9.1.60.1970""}"
run5_day2_20260703_043957,3,Spotify,com.spotify.music,us,en,819a675b8fbd07f9d6e8174a91cd5c7418644145c12403b97add143e494b8ea7,0c8de286-db74-4359-850e-c84021fbdf85,0,Dino Alejo,1,0,2026-07-02T03:21:10+00:00,9.1.60.1970,,,apps doest appear in my phone.,apps doest appear in my phone.,ef392ead95b08f2228516e705a68351449795ecce2a7a63c3caecf90e7cdab01,ef392ead95b08f2228516e705a68351449795ecce2a7a63c3caecf90e7cdab01,"{""reviewId"": ""0c8de286-db74-4359-850e-c84021fbdf85"", ""userName"": ""Dino Alejo"", ""userImage"": ""https://play-lh.googleusercontent.com/a-/ALV-UjWfu4CMDgPbRHrzNeITtL7U4Ag_fRmevkJPl0yPxyzAVOk7c_hL"", ""content"": ""apps doest appear in my phone."", ""score"": 1, ""thumbsUpCount"": 0, ""reviewCreatedVersion"": ""9.1.60.1970"", ""at"": ""2026-07-02 03:21:10"", ""replyContent"": null, ""repliedAt"": null, ""appVersion"": ""9.1.60.1970""}"
run5_day2_20260703_043957,3,Spotify,com.spotify.music,us,en,e503f200b6d3844b4abe5ca26c04107d8e94ec9c6ddfe6f2119e156cb0521389,698644f5-b943-4540-9eb3-466f925a84fa,0,andrew amott,1,0,2026-07-02T03:20:07+00:00,9.1.60.1970,,,automatically starts a jam and invites everyone near you to join. I ask Alexa to play on a single device and it starts on all of them. there is no option to turn this off. there's SUPPOSED TO BE but it doesn't work.,automatically starts a jam and invites everyone near you to join. I ask Alexa to play on a single device and it starts on all of them. there is no option to turn this off. there's SUPPOSED TO BE but it doesn't work.,52943661b104ff7e30568aaf92154e878dc3f801a344e038635fe344e28539e4,52943661b104ff7e30568aaf92154e878dc3f801a344e038635fe344e28539e4,"{""reviewId"": ""698644f5-b943-4540-9eb3-466f925a84fa"", ""userName"": ""andrew amott"", ""userImage"": ""https://play-lh.googleusercontent.com/a/ACg8ocJ2HTFdPxoatiIgfqABtLujigRGzt4potc8XshgOHuQiyiaLg=mo"", ""content"": ""automatically starts a jam and invites everyone near you to join. I ask Alexa to play on a single device and it starts on all of them. there is no option to turn this off. there's SUPPOSED TO BE but it doesn't work."", ""score"": 1, ""thumbsUpCount"": 0, ""reviewCreatedVersion"": ""9.1.60.1970"", ""at"": ""2026-07-02 03:20:07"", ""replyContent"": null, ""repliedAt"": null, ""appVersion"": ""9.1.60.1970""}"
run5_day2_20260703_043957,3,Spotify,com.spotify.music,us,en,fd4ecdaafdb890ec8f9812c2567bd7e535a887c2e7cd9a0ea99ac53671135ea1,7ada35f1-2fce-448f-b8cb-376b20766c2c,0,vijay bhand,5,0,2026-07-02T03:19:13+00:00,9.1.60.1970,,,hella cutest app ever ❤️❤️❤️😘🎉,hella cutest app ever ❤️❤️❤️😘🎉,c28540d3908718722f87348d5118487a471e30bc7d1d847cb2551b4893545c7a,c28540d3908718722f87348d5118487a471e30bc7d1d847cb2551b4893545c7a,"{""reviewId"": ""7ada35f1-2fce-448f-b8cb-376b20766c2c"", ""userName"": ""vijay bhand"", ""userImage"": ""https://play-lh.googleusercontent.com/a/ACg8ocKalSE7-nLv_FG2VabPBgYhk-IrfRb9K7DSSop2XJoMLjErSg=mo"", ""content"": ""hella cutest app ever ❤️❤️❤️😘🎉"", ""score"": 5, ""thumbsUpCount"": 0, ""reviewCreatedVersion"": ""9.1.60.1970"", ""at"": ""2026-07-02 03:19:13"", ""replyContent"": null, ""repliedAt"": null, ""appVersion"": ""9.1.60.1970""}"
run5_day2_20260703_043957,3,Spotify,com.spotify.music,us,en,b0753a8bcd72caee4f641c5986c71c40a92d1bd5fab2c35dfe1faf74840bebde,1473d59e-6737-47c5-a234-f0d2a5130a78,0,Everest Johnson,4,0,2026-07-02T03:17:47+00:00,9.1.60.1970,"Hi. We appreciate your feedback, and we'll pass it along to the Ads team. For an ad-free experience, we'd recommend checking out our Premium plans at spotify.com/premium. If you've never had Premium before, you should be eligible for our trial.",2026-07-02T16:35:33+00:00,"Very good quality of music and a very wide variety. But a lot, and I mean a lot, of adds.","Very good quality of music and a very wide variety. But a lot, and I mean a lot, of adds.",b27e05efb772d65148d4854f950510821c5d56f0a315b0730be5273c0f73e71a,b27e05efb772d65148d4854f950510821c5d56f0a315b0730be5273c0f73e71a,"{""reviewId"": ""1473d59e-6737-47c5-a234-f0d2a5130a78"", ""userName"": ""Everest Johnson"", ""userImage"": ""https://play-lh.googleusercontent.com/a-/ALV-UjUYkKeCgnKgZ0AVxL23jHy7Yxiqxd8hZTJ3dAfczImvIwK3z1-x"", ""content"": ""Very good quality of music and a very wide variety. But a lot, and I mean a lot, of adds."", ""score"": 4, ""thumbsUpCount"": 0, ""reviewCreatedVersion"": ""9.1.60.1970"", ""at"": ""2026-07-02 03:17:47"", ""replyContent"": ""Hi. We appreciate your feedback, and we'll pass it along to the Ads team. For an ad-free experience, we'd recommend checking out our Premium plans at spotify.com/premium. If you've never had Premium before, you should be eligible for our trial."", ""repliedAt"": ""2026-07-02 16:35:33"", ""appVersion"": ""9.1.60.1970""}"
run5_day2_20260703_043957,3,Spotify,com.spotify.music,us,en,9a6075221a206b07e9923e25a471fe01e37e1bbe5e7853dcd8e22a4e0db0eb68,18b9e552-1cc1-4754-823a-a80f6f51650f,0,Preet Guri,5,0,2026-07-02T03:15:30+00:00,9.1.60.1970,,,best app ever to listen music,best app ever to listen music,b9f25e0701562fd56c7dcc70c23f949aee95e3d1f98c835228b58d5d92e6e794,b9f25e0701562fd56c7dcc70c23f949aee95e3d1f98c835228b58d5d92e6e794,"{""reviewId"": ""18b9e552-1cc1-4754-823a-a80f6f51650f"", ""userName"": ""Preet Guri"", ""userImage"": ""https://play-lh.googleusercontent.com/a-/ALV-UjXNpHJ29Beqzr_AkLIzzqtpODOqs5yBfNoWz2P2zlZu29acFkI"", ""content"": ""best app ever to listen music"", ""score"": 5, ""thumbsUpCount"": 0, ""reviewCreatedVersion"": ""9.1.60.1970"", ""at"": ""2026-07-02 03:15:30"", ""replyContent"": null, ""repliedAt"": null, ""appVersion"": ""9.1.60.1970""}"
run5_day2_20260703_043957,3,Spotify,com.spotify.music,us,en,a3a6d14159a57ac1937fd7960a366961d1c52ef501c207d9ffa17657c3f3e895,605bcab9-5345-431c-b5c0-fb4f3b63880f,0,Tylor Kniffen,5,0,2026-07-02T03:14:25+00:00,9.1.60.1970,,,best of the best,best of the best,43407cb2cae854fbc189bf9193648cec533ddde23c52ecb89a75edc296122022,43407cb2cae854fbc189bf9193648cec533ddde23c52ecb89a75edc296122022,"{""reviewId"": ""605bcab9-5345-431c-b5c0-fb4f3b63880f"", ""userName"": ""Tylor Kniffen"", ""userImage"": ""https://play-lh.googleusercontent.com/a/ACg8ocLe-e_6EQRGgE1Be31SVLs6V7oF8gtCh5kQiSU7cleT9kdtEw=mo"", ""content"": ""best of the best"", ""score"": 5, ""thumbsUpCount"": 0, ""reviewCreatedVersion"": ""9.1.60.1970"", ""at"": ""2026-07-02 03:14:25"", ""replyContent"": null, ""repliedAt"": null, ""appVersion"": ""9.1.60.1970""}"
run5_day2_20260703_043957,3,Spotify,com.spotify.music,us,en,91434a4856d7b7e357f495cf78d77749fe006d6e0189b5bfe3f8cfc049bc638b,9d456a20-47cb-44ac-93df-5b8eb4bf701c,0,Abi Winner,3,0,2026-07-02T03:13:03+00:00,9.1.60.1970,"Hi. Have you tried a clean reinstall? For the steps, just go to ""Reinstalling your Spotify app"" at support.spotify.com. If that doesn't help, you can reach out to our Customer Service by searching “Contact Us” at the same site, and they'll be happy to help.",2026-07-02T14:30:08+00:00,I don't know why but my Spotify sometimes becomes inaccessible like sometimes the app won't start and only show a black screen and then I have to delete all data and restart the app this just bugs out nowadays,I don't know why but my Spotify sometimes becomes inaccessible like sometimes the app won't start and only show a black screen and then I have to delete all data and restart the app this just bugs out nowadays,2f0248ebf690f593fec77cd2fd73ef254e066b100c13ee2bf272afa5c00e16ad,2f0248ebf690f593fec77cd2fd73ef254e066b100c13ee2bf272afa5c00e16ad,"{""reviewId"": ""9d456a20-47cb-44ac-93df-5b8eb4bf701c"", ""userName"": ""Abi Winner"", ""userImage"": ""https://play-lh.googleusercontent.com/a-/ALV-UjXZF70MzeocRKvS6qt_c1aXijdSB5FKwGslDm1XV6XTrdWLjw"", ""content"": ""I don't know why but my Spotify sometimes becomes inaccessible like sometimes the app won't start and only show a black screen and then I have to delete all data and restart the app this just bugs out nowadays"", ""score"": 3, ""thumbsUpCount"": 0, ""reviewCreatedVersion"": ""9.1.60.1970"", ""at"": ""2026-07-02 03:13:03"", ""replyContent"": ""Hi. Have you tried a clean reinstall? For the steps, just go to \""Reinstalling your Spotify app\"" at support.spotify.com. If that doesn't help, you can reach out to our Customer Service by searching “Contact Us” at the same site, and they'll be happy to help."", ""repliedAt"": ""2026-07-02 14:30:08"", ""appVersion"": ""9.1.60.1970""}"
run5_day2_20260703_043957,3,Spotify,com.spotify.music,us,en,657b75a5dec563c9a02e1a028604c227738c989e2d3ca8a29097e24076092ceb,4b272205-dc48-48aa-a7a7-683cbfbfe7be,0,Rami Ziv,1,0,2026-07-02T03:11:54+00:00,9.1.60.1970,,,"Old, junk, no real shufffle, limited, bad app","Old, junk, no real shufffle, limited, bad app",488d950aa080f4a05608cacad896e98acaf44638fd95877296f1614f8dfcfaee,488d950aa080f4a05608cacad896e98acaf44638fd95877296f1614f8dfcfaee,"{""reviewId"": ""4b272205-dc48-48aa-a7a7-683cbfbfe7be"", ""userName"": ""Rami Ziv"", ""userImage"": ""https://play-lh.googleusercontent.com/a-/ALV-UjXNqpSkqCPaXUvEfKSlQdXl1A0HRLIIv96wgbiK4bivwAP_q_FLmA"", ""content"": ""Old, junk, no real shufffle, limited, bad app"", ""score"": 1, ""thumbsUpCount"": 0, ""reviewCreatedVersion"": ""9.1.60.1970"", ""at"": ""2026-07-02 03:11:54"", ""replyContent"": null, ""repliedAt"": null, ""appVersion"": ""9.1.60.1970""}"
run5_day2_20260703_043957,3,Spotify,com.spotify.music,us,en,4c19fc5996e17fb56d9fe761964245a65761e573209a5dc61ff7bdd2173a1697,274ca33c-b4d8-4ae7-a695-7a3e5d6761aa,0,Jeffrey Thompson,4,0,2026-07-02T03:06:58+00:00,9.1.60.1970,,,"I love Spotify and its' over thousands of music songs, artists and albums files to choose from to make a fun listening playlist. Plus the sound quality and features are great!","I love Spotify and its' over thousands of music songs, artists and albums files to choose from to make a fun listening playlist. Plus the sound quality and features are great!",dcdcaefe9b14b469490971eb6c3eb6fccbdfa01fc47d85ee89a90ceca4671b64,dcdcaefe9b14b469490971eb6c3eb6fccbdfa01fc47d85ee89a90ceca4671b64,"{""reviewId"": ""274ca33c-b4d8-4ae7-a695-7a3e5d6761aa"", ""userName"": ""Jeffrey Thompson"", ""userImage"": ""https://play-lh.googleusercontent.com/a-/ALV-UjUTl8iN9WIyTOyhZbVxfZP8z2hrWRaZ9MJhq7DwUAKEyepFW7Ck"", ""content"": ""I love Spotify and its' over thousands of music songs, artists and albums files to choose from to make a fun listening playlist. Plus the sound quality and features are great!"", ""score"": 4, ""thumbsUpCount"": 0, ""reviewCreatedVersion"": ""9.1.60.1970"", ""at"": ""2026-07-02 03:06:58"", ""replyContent"": null, ""repliedAt"": null, ""appVersion"": ""9.1.60.1970""}"
run5_day2_20260703_043957,3,Spotify,com.spotify.music,us,en,41754f09fabeb6094ac34d00e1cef405e54fcf6807e65cf4ed8a8b5b0db52d0c,01a08cc8-56e3-4947-9eab-84fcede9206c,0,Paris Ford,5,0,2026-07-02T03:06:07+00:00,9.1.44.2120,,,"Once I got introduced to Spotify, Pandora was no longer needed. 🎧 Spotify is always on point—from my playlists, to my On Repeat, to my personalized recommendations. They just get my music taste every time. I just love Spotify!","Once I got introduced to Spotify, Pandora was no longer needed. 🎧 Spotify is always on point—from my playlists, to my On Repeat, to my personalized recommendations. They just get my music taste every time. I just love Spotify!",b8fdebb46759f043525452eec01ce28d2e54c3763abe83e0aba0ada29daad478,b8fdebb46759f043525452eec01ce28d2e54c3763abe83e0aba0ada29daad478,"{""reviewId"": ""01a08cc8-56e3-4947-9eab-84fcede9206c"", ""userName"": ""Paris Ford"", ""userImage"": ""https://play-lh.googleusercontent.com/a/ACg8ocIFzct3p7bOGfCsAjebYmfhjrig5J6WcvlckBrU5Sm5F7ZOjV6E=mo"", ""content"": ""Once I got introduced to Spotify, Pandora was no longer needed. 🎧 Spotify is always on point—from my playlists, to my On Repeat, to my personalized recommendations. They just get my music taste every time. I just love Spotify!"", ""score"": 5, ""thumbsUpCount"": 0, ""reviewCreatedVersion"": ""9.1.44.2120"", ""at"": ""2026-07-02 03:06:07"", ""replyContent"": null, ""repliedAt"": null, ""appVersion"": ""9.1.44.2120""}"
run5_day2_20260703_043957,3,Spotify,com.spotify.music,us,en,9e4451190ef83f30f63fbabd52ca4a82e89c0424bd0a01abf7366219e3199e20,277d1341-fc29-4217-982e-6a01d61c6aea,0,Chitra soni,1,0,2026-07-02T03:05:36+00:00,9.1.58.1567,,,worst app,worst app,84efa6ea862cd81f9adf9664b35279921d00ea86bdd789236cd98dcb9764424c,84efa6ea862cd81f9adf9664b35279921d00ea86bdd789236cd98dcb9764424c,"{""reviewId"": ""277d1341-fc29-4217-982e-6a01d61c6aea"", ""userName"": ""Chitra soni"", ""userImage"": ""https://play-lh.googleusercontent.com/a-/ALV-UjV9B-519T0Ezhfby5g7DSVd-izX8LG7ZDW8bllFcPrpVQLF3q_T"", ""content"": ""worst app"", ""score"": 1, ""thumbsUpCount"": 0, ""reviewCreatedVersion"": ""9.1.58.1567"", ""at"": ""2026-07-02 03:05:36"", ""replyContent"": null, ""repliedAt"": null, ""appVersion"": ""9.1.58.1567""}"
run5_day2_20260703_043957,3,Spotify,com.spotify.music,us,en,d7205dcf082515e2da28c8ceb1ddb98266c4e62050d254a95127011e4ddfa222,76aab7c5-f2d5-4ddf-bdc4-216828552c48,0,Sunanda Nayak,5,0,2026-07-02T03:03:25+00:00,9.1.58.1567,,,good,good,770e607624d689265ca6c44884d0807d9b054d23c473c106c72be9de08b7376c,770e607624d689265ca6c44884d0807d9b054d23c473c106c72be9de08b7376c,"{""reviewId"": ""76aab7c5-f2d5-4ddf-bdc4-216828552c48"", ""userName"": ""Sunanda Nayak"", ""userImage"": ""https://play-lh.googleusercontent.com/a-/ALV-UjWQlUSg8yZLnvJSQNvGg-o4pS34q5H7nnddKZNolm7XtIYW-hj9ow"", ""content"": ""good"", ""score"": 5, ""thumbsUpCount"": 0, ""reviewCreatedVersion"": ""9.1.58.1567"", ""at"": ""2026-07-02 03:03:25"", ""replyContent"": null, ""repliedAt"": null, ""appVersion"": ""9.1.58.1567""}"
run5_day2_20260703_043957,3,Spotify,com.spotify.music,us,en,407540fc4d3504773afdc4ad099af793fc65c93ed39d14358351c288c3f142e1,95c5703a-9ddc-473c-94a7-d7a2080cc53a,0,alia,5,0,2026-07-02T03:02:37+00:00,,,,"my favorite apps!! fiturnya sekarang lengkap, lagunya juga lengkap dari berbagai genre, rasanya kayak ada yang kurang kalo ga open spotify dimanapun dan kapanpun!!","my favorite apps!! fiturnya sekarang lengkap, lagunya juga lengkap dari berbagai genre, rasanya kayak ada yang kurang kalo ga open spotify dimanapun dan kapanpun!!",217d2b9dd8641ebd6e788233f057180d5b02ec8c708070b669db3d4ba9b16482,217d2b9dd8641ebd6e788233f057180d5b02ec8c708070b669db3d4ba9b16482,"{""reviewId"": ""95c5703a-9ddc-473c-94a7-d7a2080cc53a"", ""userName"": ""alia"", ""userImage"": ""https://play-lh.googleusercontent.com/a/ACg8ocLEhVHQ23S4YkBEa0fwKKqwBzNtdBsZ0P4WUTn3oVbhUt2OzA=mo"", ""content"": ""my favorite apps!! fiturnya sekarang lengkap, lagunya juga lengkap dari berbagai genre, rasanya kayak ada yang kurang kalo ga open spotify dimanapun dan kapanpun!!"", ""score"": 5, ""thumbsUpCount"": 0, ""reviewCreatedVersion"": null, ""at"": ""2026-07-02 03:02:37"", ""replyContent"": null, ""repliedAt"": null, ""appVersion"": null}"
run5_day2_20260703_043957,3,Spotify,com.spotify.music,us,en,a6e609af2cf1025f8671adf872120bc04abf11bcf4f1c136f92a71996a81556b,c433b118-6ee4-4d5a-b555-e386005214ba,0,Gabriela Fernandez,1,0,2026-07-02T02:59:42+00:00,9.1.60.1970,"Hi Gabriela. If you’re on our free service, Smart Shuffle is on by default and adds songs to keep your queue fresh. For full control, check out our Premium plans at spotify.com/premium. If you've never had Premium before, you should be eligible for our trial.",2026-07-02T14:31:48+00:00,I dont like shuffling. I can't even control it! it just plays songs that I don't like.,I dont like shuffling. I can't even control it! it just plays songs that I don't like.,6e376141fb2a1730433c62a108681fb8c4d122819993aae623b18c0fcbf8c183,6e376141fb2a1730433c62a108681fb8c4d122819993aae623b18c0fcbf8c183,"{""reviewId"": ""c433b118-6ee4-4d5a-b555-e386005214ba"", ""userName"": ""Gabriela Fernandez"", ""userImage"": ""https://play-lh.googleusercontent.com/a-/ALV-UjXp6_Bm-MYZQ5f8LCMwp1zdm4rf5sUpjqY7G1DAG-PWUeYxyG8K"", ""content"": ""I dont like shuffling. I can't even control it! it just plays songs that I don't like."", ""score"": 1, ""thumbsUpCount"": 0, ""reviewCreatedVersion"": ""9.1.60.1970"", ""at"": ""2026-07-02 02:59:42"", ""replyContent"": ""Hi Gabriela. If you’re on our free service, Smart Shuffle is on by default and adds songs to keep your queue fresh. For full control, check out our Premium plans at spotify.com/premium. If you've never had Premium before, you should be eligible for our trial."", ""repliedAt"": ""2026-07-02 14:31:48"", ""appVersion"": ""9.1.60.1970""}"
run5_day2_20260703_043957,3,Spotify,com.spotify.music,us,en,cf01db36f26d4cfe7e1adf9b9259cc451205faae5d808b0d0bd59a51b67042c7,50d8e9e1-b44e-47af-ba0e-6c299668f808,0,Camden Smith,2,2,2026-07-02T02:59:22+00:00,9.1.60.1970,,,"Although they have lots of music choices to pick from, if you don't have Premium, they treat you like HELL. Like the advertisement lengths and the fact that you can only pick what you want to like 5 times.","Although they have lots of music choices to pick from, if you don't have Premium, they treat you like HELL. Like the advertisement lengths and the fact that you can only pick what you want to like 5 times.",30470bdd355df6a0c7ac0f759d4bb4dd1046d46d7f0bc8094f411437bfea1372,30470bdd355df6a0c7ac0f759d4bb4dd1046d46d7f0bc8094f411437bfea1372,"{""reviewId"": ""50d8e9e1-b44e-47af-ba0e-6c299668f808"", ""userName"": ""Camden Smith"", ""userImage"": ""https://play-lh.googleusercontent.com/a-/ALV-UjVcUYzzKhQtcXs5L5mZ3sA_RqJLKuPk82AfDzPjQhAD4fJoNDUa"", ""content"": ""Although they have lots of music choices to pick from, if you don't have Premium, they treat you like HELL. Like the advertisement lengths and the fact that you can only pick what you want to like 5 times."", ""score"": 2, ""thumbsUpCount"": 2, ""reviewCreatedVersion"": ""9.1.60.1970"", ""at"": ""2026-07-02 02:59:22"", ""replyContent"": null, ""repliedAt"": null, ""appVersion"": ""9.1.60.1970""}"
run5_day2_20260703_043957,3,Spotify,com.spotify.music,us,en,a704af9a636c3f8058d77dc573683d8bfa4dae2c8e0c9e91756b05feae630acd,4a361904-f8fc-4676-8a67-9a56025f7360,0,Annamaria Fruean,3,0,2026-07-02T02:54:41+00:00,9.1.60.1970,"Hey! We hear you and we'll pass your feedback along to the Ads team. For an ad-free experience, we'd recommend checking out our Premium plans at spotify.com/premium. If you've never had Premium before, you should be eligible for our trial.",2026-07-02T14:32:03+00:00,Spotify in the earlier years was the best. I could play 10 songs before an ad. And there were only 2 to 1 ad breaks but now I just played 3 songs in a row and 3 ads pop up. sometimes I just played 2 song and an ad pops up. I hope you guys fix this issue. I really love music and play it daily. now I just have to wait until all 3 ads finish to be able to play my songs,Spotify in the earlier years was the best. I could play 10 songs before an ad. And there were only 2 to 1 ad breaks but now I just played 3 songs in a row and 3 ads pop up. sometimes I just played 2 song and an ad pops up. I hope you guys fix this issue. I really love music and play it daily. now I just have to wait until all 3 ads finish to be able to play my songs,8c766131349b9f5699a7f7d7ebacbf2e4fe9b9901163128f37b451e0a4926afd,8c766131349b9f5699a7f7d7ebacbf2e4fe9b9901163128f37b451e0a4926afd,"{""reviewId"": ""4a361904-f8fc-4676-8a67-9a56025f7360"", ""userName"": ""Annamaria Fruean"", ""userImage"": ""https://play-lh.googleusercontent.com/a-/ALV-UjWIi7NvdHDIPzoImW4Rs_Hh4WGntYcSXkhi-vzqOiGzCti9JhY"", ""content"": ""Spotify in the earlier years was the best. I could play 10 songs before an ad. And there were only 2 to 1 ad breaks but now I just played 3 songs in a row and 3 ads pop up. sometimes I just played 2 song and an ad pops up. I hope you guys fix this issue. I really love music and play it daily. now I just have to wait until all 3 ads finish to be able to play my songs"", ""score"": 3, ""thumbsUpCount"": 0, ""reviewCreatedVersion"": ""9.1.60.1970"", ""at"": ""2026-07-02 02:54:41"", ""replyContent"": ""Hey! We hear you and we'll pass your feedback along to the Ads team. For an ad-free experience, we'd recommend checking out our Premium plans at spotify.com/premium. If you've never had Premium before, you should be eligible for our trial."", ""repliedAt"": ""2026-07-02 14:32:03"", ""appVersion"": ""9.1.60.1970""}"
run5_day2_20260703_043957,3,Spotify,com.spotify.music,us,en,0bd537ccbf6843b944bcb30f246bb15d7b1d8a88877c5012094e7ad34aa5084d,c5dd3b93-31e4-4b0a-b074-a75e4324bfb6,0,G.Poopal,4,0,2026-07-02T02:52:11+00:00,9.1.60.1970,,,super 👍,super 👍,44f48336e77d102cbd60eb2a5c63df8f20d7a78f8f4e5db7a1607020ca0a59cd,44f48336e77d102cbd60eb2a5c63df8f20d7a78f8f4e5db7a1607020ca0a59cd,"{""reviewId"": ""c5dd3b93-31e4-4b0a-b074-a75e4324bfb6"", ""userName"": ""G.Poopal"", ""userImage"": ""https://play-lh.googleusercontent.com/a-/ALV-UjWFUFuIybkBxwytEPw-A0hXt3fJZVk_pxIzKGIqLO-xooTpdx9Y"", ""content"": ""super 👍"", ""score"": 4, ""thumbsUpCount"": 0, ""reviewCreatedVersion"": ""9.1.60.1970"", ""at"": ""2026-07-02 02:52:11"", ""replyContent"": null, ""repliedAt"": null, ""appVersion"": ""9.1.60.1970""}"
run5_day2_20260703_043957,3,Spotify,com.spotify.music,us,en,719073c65f6e221ff3da886eb30c78c6a2512a8b8e27b27ab70d1d87767ddfcb,93b97e94-088f-47c1-bd10-b03ca02bdcb4,0,Tash Hamora,5,0,2026-07-02T02:51:25+00:00,,,,one of a kind 🌟,one of a kind 🌟,901d9753f54399d4f3a99b7a15df07168b9261b8f4fc76f795598043671f8b73,901d9753f54399d4f3a99b7a15df07168b9261b8f4fc76f795598043671f8b73,"{""reviewId"": ""93b97e94-088f-47c1-bd10-b03ca02bdcb4"", ""userName"": ""Tash Hamora"", ""userImage"": ""https://play-lh.googleusercontent.com/a-/ALV-UjXmK5rQiBY-GDZ0TbXWvGQsRvQRD9RYPV7IrIAx2cv37k_2KCw"", ""content"": ""one of a kind 🌟"", ""score"": 5, ""thumbsUpCount"": 0, ""reviewCreatedVersion"": null, ""at"": ""2026-07-02 02:51:25"", ""replyContent"": null, ""repliedAt"": null, ""appVersion"": null}"
run5_day2_20260703_043957,3,Spotify,com.spotify.music,us,en,30cb03b753fed3cdf5f58b4211ec59ef86c6acc5965b54ecbcfea498efdf1941,0623e96b-b14f-4e18-b51b-d0c9804dfdc6,0,Marilyn,5,0,2026-07-02T02:44:28+00:00,9.1.60.1970,,,"No matter what mood I am in, I can find a song quickly! When you love music you don't care who it is on the cover. Right??","No matter what mood I am in, I can find a song quickly! When you love music you don't care who it is on the cover. Right??",5cfc6bb9f19e6690d6b45b607f2c560127b9420e51568d5b2251545e3cf0c82b,5cfc6bb9f19e6690d6b45b607f2c560127b9420e51568d5b2251545e3cf0c82b,"{""reviewId"": ""0623e96b-b14f-4e18-b51b-d0c9804dfdc6"", ""userName"": ""Marilyn"", ""userImage"": ""https://play-lh.googleusercontent.com/a/ACg8ocJzFS5qJLoZBmA9ojiFbH8sRFOlVgL25z4DL6VX8-0oArETnA=mo"", ""content"": ""No matter what mood I am in, I can find a song quickly! When you love music you don't care who it is on the cover. Right??"", ""score"": 5, ""thumbsUpCount"": 0, ""reviewCreatedVersion"": ""9.1.60.1970"", ""at"": ""2026-07-02 02:44:28"", ""replyContent"": null, ""repliedAt"": null, ""appVersion"": ""9.1.60.1970""}"
run5_day2_20260703_043957,3,Spotify,com.spotify.music,us,en,8ea8433f4509855e8dc479e66e799ef84b3961ecf7f1503734a5c45bc9d0b871,1ad204d6-d235-4ab3-8ac6-d267e33823c8,0,Chris “Chef” Cline,1,0,2026-07-02T02:44:02+00:00,9.1.60.1970,"Hi! We really appreciate you bringing this up. We do have an option for fewer repeats available to Premium users, but we'll let our team backstage know your thoughts. For further assistance, you can give Customer Service a shout at support.spotify.com by searching ""Contact us"".",2026-07-02T14:28:52+00:00,"My main point of discontentment with Spotify would be the ""shuffle"" setting. It seems to select a small group of songs and artists to play despite the fact that I have a library of thousands of songs. Somehow my shuffle setting frequently plays the same ""popular"" songs/artists. Not a true shuffle, selective playtime for certain artists. It's pretty obvious Spotify presents us with certain content by design regardless of shuffle setting. App freezes and crashes often as well. Boo!!!","My main point of discontentment with Spotify would be the ""shuffle"" setting. It seems to select a small group of songs and artists to play despite the fact that I have a library of thousands of songs. Somehow my shuffle setting frequently plays the same ""popular"" songs/artists. Not a true shuffle, selective playtime for certain artists. It's pretty obvious Spotify presents us with certain content by design regardless of shuffle setting. App freezes and crashes often as well. Boo!!!",cfa66bef44a486d3e6c1ca104c4cc104dc736b4113440a3b9f5adc0ce260574b,cfa66bef44a486d3e6c1ca104c4cc104dc736b4113440a3b9f5adc0ce260574b,"{""reviewId"": ""1ad204d6-d235-4ab3-8ac6-d267e33823c8"", ""userName"": ""Chris “Chef” Cline"", ""userImage"": ""https://play-lh.googleusercontent.com/a-/ALV-UjUaOWhz6t2TI-k8RHg-T24IvB_Ih2sh2Yhac4ohlICBloa00XmT"", ""content"": ""My main point of discontentment with Spotify would be the \""shuffle\"" setting. It seems to select a small group of songs and artists to play despite the fact that I have a library of thousands of songs. Somehow my shuffle setting frequently plays the same \""popular\"" songs/artists. Not a true shuffle, selective playtime for certain artists. It's pretty obvious Spotify presents us with certain content by design regardless of shuffle setting. App freezes and crashes often as well. Boo!!!"", ""score"": 1, ""thumbsUpCount"": 0, ""reviewCreatedVersion"": ""9.1.60.1970"", ""at"": ""2026-07-02 02:44:02"", ""replyContent"": ""Hi! We really appreciate you bringing this up. We do have an option for fewer repeats available to Premium users, but we'll let our team backstage know your thoughts. For further assistance, you can give Customer Service a shout at support.spotify.com by searching \""Contact us\""."", ""repliedAt"": ""2026-07-02 14:28:52"", ""appVersion"": ""9.1.60.1970""}"
run5_day2_20260703_043957,3,Spotify,com.spotify.music,us,en,b4d99979d154cb1973b09230c964f47e29ae65bf5bf57219f5a54bc3ab454b9e,d3db048d-35ed-4919-99c4-c96fe3cfa8eb,0,Michelle Moreno,4,0,2026-07-02T02:43:54+00:00,,,,Music good but too many of the same ads. Premium prices cost a bit to high.,Music good but too many of the same ads. Premium prices cost a bit to high.,fb7537460dba202e8907825720d025ae90c409cef6747e3003a40aa6beb19315,fb7537460dba202e8907825720d025ae90c409cef6747e3003a40aa6beb19315,"{""reviewId"": ""d3db048d-35ed-4919-99c4-c96fe3cfa8eb"", ""userName"": ""Michelle Moreno"", ""userImage"": ""https://play-lh.googleusercontent.com/a-/ALV-UjXrQG0Ddw1aVrwOZOZMBzxsbrDBURZbee2Kgmf99thbO-aQy-A"", ""content"": ""Music good but too many of the same ads. Premium prices cost a bit to high."", ""score"": 4, ""thumbsUpCount"": 0, ""reviewCreatedVersion"": null, ""at"": ""2026-07-02 02:43:54"", ""replyContent"": null, ""repliedAt"": null, ""appVersion"": null}"
run5_day2_20260703_043957,3,Spotify,com.spotify.music,us,en,13836412d286b69ab767317a4594240b15a505fd6de1b790399e0f04e12dc47a,34cc544f-79b0-4284-b904-18751e60a100,0,Damilola Ologoara,5,0,2026-07-02T02:43:02+00:00,9.1.52.1394,,,great 👍,great 👍,fce2a5603c60fb223a7bb1044815167cd6d92c1a1e4104fb85b8514b05c46641,fce2a5603c60fb223a7bb1044815167cd6d92c1a1e4104fb85b8514b05c46641,"{""reviewId"": ""34cc544f-79b0-4284-b904-18751e60a100"", ""userName"": ""Damilola Ologoara"", ""userImage"": ""https://play-lh.googleusercontent.com/a-/ALV-UjVQBAuMiuZWOOiJLe1bhwzEaboQ9hOwzChRb7jD_GnU-dOnilw"", ""content"": ""great 👍"", ""score"": 5, ""thumbsUpCount"": 0, ""reviewCreatedVersion"": ""9.1.52.1394"", ""at"": ""2026-07-02 02:43:02"", ""replyContent"": null, ""repliedAt"": null, ""appVersion"": ""9.1.52.1394""}"
run5_day2_20260703_043957,3,Spotify,com.spotify.music,us,en,1db739716c1a5916b30850015541d86914be2d52934e055e3707c3d002c19598,01679271-faa2-4c29-b02c-28bb9fd78212,0,Xander Smith,5,0,2026-07-02T02:26:26+00:00,9.1.60.1970,,,great app however sometimes when I click the app it's a black screen and won't load me into the app. I have good Internet but the screen is dark when I open the app sometimes.,great app however sometimes when I click the app it's a black screen and won't load me into the app. I have good Internet but the screen is dark when I open the app sometimes.,9a9141906b5312d75473263c1efec8d28289dca2d844965fd1ffdf436fba07f2,9a9141906b5312d75473263c1efec8d28289dca2d844965fd1ffdf436fba07f2,"{""reviewId"": ""01679271-faa2-4c29-b02c-28bb9fd78212"", ""userName"": ""Xander Smith"", ""userImage"": ""https://play-lh.googleusercontent.com/a/ACg8ocJV6epLb7n8rLewTDYPdQZQT01Dc2nrDo_T6BpdIWucnAjLkA=mo"", ""content"": ""great app however sometimes when I click the app it's a black screen and won't load me into the app. I have good Internet but the screen is dark when I open the app sometimes."", ""score"": 5, ""thumbsUpCount"": 0, ""reviewCreatedVersion"": ""9.1.60.1970"", ""at"": ""2026-07-02 02:26:26"", ""replyContent"": null, ""repliedAt"": null, ""appVersion"": ""9.1.60.1970""}"
run5_day2_20260703_043957,3,Spotify,com.spotify.music,us,en,602fed69c34c9c831dec0c42f348b99963431a9418e413a9e15532628e8f755d,5d5a8bb1-3fe3-4670-aa8d-36fa9669f489,0,Juan Marin,5,0,2026-07-02T02:23:55+00:00,9.1.60.1970,,,excellent,excellent,6d785acc7d4ce49fe4e4bbf276dc73f1cf7c20094d3e96fe84ef79fbebcaf88a,6d785acc7d4ce49fe4e4bbf276dc73f1cf7c20094d3e96fe84ef79fbebcaf88a,"{""reviewId"": ""5d5a8bb1-3fe3-4670-aa8d-36fa9669f489"", ""userName"": ""Juan Marin"", ""userImage"": ""https://play-lh.googleusercontent.com/a-/ALV-UjXLXUcVda15UNT95YEGD5yskm9C4VdHXiylLcUkWSQ4bylVrjoC"", ""content"": ""excellent"", ""score"": 5, ""thumbsUpCount"": 0, ""reviewCreatedVersion"": ""9.1.60.1970"", ""at"": ""2026-07-02 02:23:55"", ""replyContent"": null, ""repliedAt"": null, ""appVersion"": ""9.1.60.1970""}"
run5_day2_20260703_043957,3,Spotify,com.spotify.music,us,en,7168503b652af47a7a783d6547f1e82331a852b568936d104646add88e8bccc8,b6c3c9d0-29f0-41af-b4db-08960e7ef8f6,0,isa johnny,5,0,2026-07-02T02:23:01+00:00,9.1.58.1567,,,AWESOMMMEEEE!! I used this app 24/7 and it's FIREE!! maybe because I have premium but it's okay!,AWESOMMMEEEE!! I used this app 24/7 and it's FIREE!! maybe because I have premium but it's okay!,f828cf0807884cfbb3a6264e6278c269b89d8702fcbb3927538bc0c577eb2c71,f828cf0807884cfbb3a6264e6278c269b89d8702fcbb3927538bc0c577eb2c71,"{""reviewId"": ""b6c3c9d0-29f0-41af-b4db-08960e7ef8f6"", ""userName"": ""isa johnny"", ""userImage"": ""https://play-lh.googleusercontent.com/a-/ALV-UjXXVckk-xG6OhIdfVKwN2reJfwGctgKmmLUOSptrdq10s-cKR8N"", ""content"": ""AWESOMMMEEEE!! I used this app 24/7 and it's FIREE!! maybe because I have premium but it's okay!"", ""score"": 5, ""thumbsUpCount"": 0, ""reviewCreatedVersion"": ""9.1.58.1567"", ""at"": ""2026-07-02 02:23:01"", ""replyContent"": null, ""repliedAt"": null, ""appVersion"": ""9.1.58.1567""}"
run5_day2_20260703_043957,3,Spotify,com.spotify.music,us,en,35be69cfc6acb3207e0d1ecf498babb739f4fbe2b2f1d83a0921b8cda50eca0f,e14bf06f-82c6-4e15-a357-41597a5e03d5,0,Saad Khan,2,0,2026-07-02T02:23:00+00:00,9.1.60.1970,,,very bad,very bad,81f1a179149981cbd4410cbce0485b03a74054a0ca72b843c45f957577e56c39,81f1a179149981cbd4410cbce0485b03a74054a0ca72b843c45f957577e56c39,"{""reviewId"": ""e14bf06f-82c6-4e15-a357-41597a5e03d5"", ""userName"": ""Saad Khan"", ""userImage"": ""https://play-lh.googleusercontent.com/a/ACg8ocIfDooGV5MHlSxQAK23HOCmnnx1qHeI-LS1Jei76Or4pUDcGQ=mo"", ""content"": ""very bad"", ""score"": 2, ""thumbsUpCount"": 0, ""reviewCreatedVersion"": ""9.1.60.1970"", ""at"": ""2026-07-02 02:23:00"", ""replyContent"": null, ""repliedAt"": null, ""appVersion"": ""9.1.60.1970""}"
run5_day2_20260703_043957,3,Spotify,com.spotify.music,us,en,1b24846fa2fed702b936230563e79d242fe2cf5c63a1ec23b5a7597f7953f7cc,7974e05f-194f-4005-8ce5-2e98cbe6f6f5,0,Terence Molloy (tel.),5,0,2026-07-02T02:21:15+00:00,9.1.52.1394,,,"If is a song I use to sing when gigging, retired now but a really nice song, that's was many years ago,","If is a song I use to sing when gigging, retired now but a really nice song, that's was many years ago,",3fcbcbdf2a4ed7c785f783ed388d138219e250af2411d152b8bb59e1723986fd,3fcbcbdf2a4ed7c785f783ed388d138219e250af2411d152b8bb59e1723986fd,"{""reviewId"": ""7974e05f-194f-4005-8ce5-2e98cbe6f6f5"", ""userName"": ""Terence Molloy (tel.)"", ""userImage"": ""https://play-lh.googleusercontent.com/a-/ALV-UjWIY_0rW6MQxgFkxT1R93jydnqNpZiJw05BHN02VeBV6VxXDDIF"", ""content"": ""If is a song I use to sing when gigging, retired now but a really nice song, that's was many years ago,"", ""score"": 5, ""thumbsUpCount"": 0, ""reviewCreatedVersion"": ""9.1.52.1394"", ""at"": ""2026-07-02 02:21:15"", ""replyContent"": null, ""repliedAt"": null, ""appVersion"": ""9.1.52.1394""}"
run5_day2_20260703_043957,3,Spotify,com.spotify.music,us,en,a7f6526b16cef9d108f09d620decc68bebb62f02a68a6f61bcee314a47c84f90,cae7a10e-f10d-4cde-a5b1-a4dde10ae7c8,0,Frank Chisom,2,0,2026-07-02T02:20:03+00:00,9.1.52.1394,"Hi. Have you tried a quick reinstall? If that doesn't help, we'd recommend reaching out to our Customer Service at support.spotify.com. Just search “Contact Us”, and they'll be happy to help.",2026-07-02T14:29:47+00:00,lately music on playlist would just stop and would play anymore for no reason,lately music on playlist would just stop and would play anymore for no reason,879f782a6d01760646177f3730215bae6d3ded906e42e2bd5417c9a5e032c95c,879f782a6d01760646177f3730215bae6d3ded906e42e2bd5417c9a5e032c95c,"{""reviewId"": ""cae7a10e-f10d-4cde-a5b1-a4dde10ae7c8"", ""userName"": ""Frank Chisom"", ""userImage"": ""https://play-lh.googleusercontent.com/a-/ALV-UjXqqzeOyPWX-u6qV3faegPFPxElL86pS4MjJUjn4XX63bw4V3s"", ""content"": ""lately music on playlist would just stop and would play anymore for no reason"", ""score"": 2, ""thumbsUpCount"": 0, ""reviewCreatedVersion"": ""9.1.52.1394"", ""at"": ""2026-07-02 02:20:03"", ""replyContent"": ""Hi. Have you tried a quick reinstall? If that doesn't help, we'd recommend reaching out to our Customer Service at support.spotify.com. Just search “Contact Us”, and they'll be happy to help."", ""repliedAt"": ""2026-07-02 14:29:47"", ""appVersion"": ""9.1.52.1394""}"
run5_day2_20260703_043957,3,Spotify,com.spotify.music,us,en,0c0bd3df58210416d2139e41c061c5f8f363d038001f5e72fa2936db51e6e224,2ce0e9d6-a528-4230-8767-5bfc787ecfaa,0,Jason Kontur,1,0,2026-07-02T02:19:05+00:00,9.1.60.1970,,,The new Spotify widget is trash. I could at least count on basic functionality with the old one. Tip- don't force something new until it's ready. I actually tried Pandora last week because of this. The only reason I have to stick around is because Pandora is even worse than Spotify. Get it together please,The new Spotify widget is trash. I could at least count on basic functionality with the old one. Tip- don't force something new until it's ready. I actually tried Pandora last week because of this. The only reason I have to stick around is because Pandora is even worse than Spotify. Get it together please,900b04b60551e788c9fc8005a2f0f921de2537dfcdcccc3995df62c5e4d1a71c,900b04b60551e788c9fc8005a2f0f921de2537dfcdcccc3995df62c5e4d1a71c,"{""reviewId"": ""2ce0e9d6-a528-4230-8767-5bfc787ecfaa"", ""userName"": ""Jason Kontur"", ""userImage"": ""https://play-lh.googleusercontent.com/a/ACg8ocIY6W696WGsQdb0LStPrnFTBb6DHeciTvhdUqgYA5k3RZnySQ=mo"", ""content"": ""The new Spotify widget is trash. I could at least count on basic functionality with the old one. Tip- don't force something new until it's ready. I actually tried Pandora last week because of this. The only reason I have to stick around is because Pandora is even worse than Spotify. Get it together please"", ""score"": 1, ""thumbsUpCount"": 0, ""reviewCreatedVersion"": ""9.1.60.1970"", ""at"": ""2026-07-02 02:19:05"", ""replyContent"": null, ""repliedAt"": null, ""appVersion"": ""9.1.60.1970""}"
run5_day2_20260703_043957,3,Spotify,com.spotify.music,us,en,d56d22d9176e0e01580fc3635695603efa6f85c2f8fe2123ec6f7ef82a0293b4,3b578e7f-01bc-4aa1-9e71-650fc6bd0b74,0,Zachary Dane Tan,1,0,2026-07-02T02:16:45+00:00,,,,They become so greedy on money,They become so greedy on money,66a812d16b74780f7414f960ff0933823d3788da00d3b4e82502e1f865a08e15,66a812d16b74780f7414f960ff0933823d3788da00d3b4e82502e1f865a08e15,"{""reviewId"": ""3b578e7f-01bc-4aa1-9e71-650fc6bd0b74"", ""userName"": ""Zachary Dane Tan"", ""userImage"": ""https://play-lh.googleusercontent.com/a-/ALV-UjVJyQ8o89hC4W8vnakrtEu_xa4oVHl7rP8x4iQI5hukJnJeIqg"", ""content"": ""They become so greedy on money"", ""score"": 1, ""thumbsUpCount"": 0, ""reviewCreatedVersion"": null, ""at"": ""2026-07-02 02:16:45"", ""replyContent"": null, ""repliedAt"": null, ""appVersion"": null}"
run5_day2_20260703_043957,3,Spotify,com.spotify.music,us,en,5888a17ba90c979271bcb9eac874f0ee4e430c3cfbd3e656de4d5295ce1a2d12,45f35945-fabc-4e67-82a3-477187a42cfb,0,Walker,5,0,2026-07-02T02:16:10+00:00,9.1.60.1970,,,love it,love it,a2f1c846b4f1867b0ee4769a44954de5b940f8ef2f5a967523bc23f340aed646,a2f1c846b4f1867b0ee4769a44954de5b940f8ef2f5a967523bc23f340aed646,"{""reviewId"": ""45f35945-fabc-4e67-82a3-477187a42cfb"", ""userName"": ""Walker"", ""userImage"": ""https://play-lh.googleusercontent.com/a/ACg8ocKxxBOKt8XEpbDBgRmDToM0IvR6M-QFZ2H4Lx-9C87UW-omJQ=mo"", ""content"": ""love it"", ""score"": 5, ""thumbsUpCount"": 0, ""reviewCreatedVersion"": ""9.1.60.1970"", ""at"": ""2026-07-02 02:16:10"", ""replyContent"": null, ""repliedAt"": null, ""appVersion"": ""9.1.60.1970""}"
run5_day2_20260703_043957,3,Spotify,com.spotify.music,us,en,077eaebe0f8dfa4d71681e23eb9f5c23fdf294da290a5f80d9a235a4e697aa96,b6004395-e16e-4349-ab34-c1b41065b610,0,Samuel,1,0,2026-07-02T02:13:03+00:00,9.1.60.1970,"Hi. Thanks for reporting this to us. Have you tried a quick reinstall? If that doesn't help, we'd recommend reaching out to our Customer Service at support.spotify.com. Just search “Contact Us”, and they'll be happy to help.",2026-07-02T14:27:22+00:00,love the app but it keeps freezing and closing itself. it's to the point I can only listen to one song and then it goes dark and closes saying an error occurred.,love the app but it keeps freezing and closing itself. it's to the point I can only listen to one song and then it goes dark and closes saying an error occurred.,b88bf0b12e9cedf07771a86234c233bb8167ce52435ef0ac7e0af0d182c626a4,b88bf0b12e9cedf07771a86234c233bb8167ce52435ef0ac7e0af0d182c626a4,"{""reviewId"": ""b6004395-e16e-4349-ab34-c1b41065b610"", ""userName"": ""Samuel"", ""userImage"": ""https://play-lh.googleusercontent.com/a-/ALV-UjX9hQ-1BMvs1Sh-BE1aqCG0-U42Hj8Fi7iaBrVtecaWLmbcWqyZqg"", ""content"": ""love the app but it keeps freezing and closing itself. it's to the point I can only listen to one song and then it goes dark and closes saying an error occurred."", ""score"": 1, ""thumbsUpCount"": 0, ""reviewCreatedVersion"": ""9.1.60.1970"", ""at"": ""2026-07-02 02:13:03"", ""replyContent"": ""Hi. Thanks for reporting this to us. Have you tried a quick reinstall? If that doesn't help, we'd recommend reaching out to our Customer Service at support.spotify.com. Just search “Contact Us”, and they'll be happy to help."", ""repliedAt"": ""2026-07-02 14:27:22"", ""appVersion"": ""9.1.60.1970""}"
run5_day2_20260703_043957,3,Spotify,com.spotify.music,us,en,f788561f1bcf5ef08426d9b4a8b44d45a5db957744cb973d87d0e02ef018dfff,7da66a10-3e07-4c76-892d-7de2a227a9b9,0,Krishan Krishan,5,0,2026-07-02T02:11:09+00:00,9.1.60.1970,,,nice,nice,e186022d0931afe9fe0690857e32f85e50165e7fbe0966d49609ef1981f920c6,e186022d0931afe9fe0690857e32f85e50165e7fbe0966d49609ef1981f920c6,"{""reviewId"": ""7da66a10-3e07-4c76-892d-7de2a227a9b9"", ""userName"": ""Krishan Krishan"", ""userImage"": ""https://play-lh.googleusercontent.com/a/ACg8ocKz7KYK0jcZnEtwMpCpWITw4IkUAUsorgyz_No3XtcBp8fttA=mo"", ""content"": ""nice"", ""score"": 5, ""thumbsUpCount"": 0, ""reviewCreatedVersion"": ""9.1.60.1970"", ""at"": ""2026-07-02 02:11:09"", ""replyContent"": null, ""repliedAt"": null, ""appVersion"": ""9.1.60.1970""}"
run5_day2_20260703_043957,3,Spotify,com.spotify.music,us,en,7773133cc04429b2fabfb71cc85e1957fee527181619b4f7972a69d48366a88b,08e916ab-93f0-485c-9ebd-c486fca25d56,0,Parth Kumar,5,0,2026-07-02T02:05:46+00:00,9.1.56.574,,,very nice app,very nice app,6ae989a3370c3d51b6df1fb374e4bb90f65ed0b043e62354ab4b5ff923c4fbd6,6ae989a3370c3d51b6df1fb374e4bb90f65ed0b043e62354ab4b5ff923c4fbd6,"{""reviewId"": ""08e916ab-93f0-485c-9ebd-c486fca25d56"", ""userName"": ""Parth Kumar"", ""userImage"": ""https://play-lh.googleusercontent.com/a/ACg8ocILcC0Aqxp00W_8SvZxM8dV9-YOyCVg0gmKUD9CZ-ig_bdLqg=mo"", ""content"": ""very nice app"", ""score"": 5, ""thumbsUpCount"": 0, ""reviewCreatedVersion"": ""9.1.56.574"", ""at"": ""2026-07-02 02:05:46"", ""replyContent"": null, ""repliedAt"": null, ""appVersion"": ""9.1.56.574""}"
run5_day2_20260703_043957,3,Spotify,com.spotify.music,us,en,8e512f786eb14f05dc7972a9439386595a3435a502fc38cb11204ac5d8a9d0a6,8e6ee7b4-f557-42c9-b594-04b2e7d7cb5c,0,shourya,1,0,2026-07-02T02:05:23+00:00,9.1.60.1970,,,app is now not good because everything isfor premium later the app ki good but not only premium,app is now not good because everything isfor premium later the app ki good but not only premium,71eb813e3ebe6e0c45856fbad567bbcd30310a45e4e891817f20b9d651a4d7a3,71eb813e3ebe6e0c45856fbad567bbcd30310a45e4e891817f20b9d651a4d7a3,"{""reviewId"": ""8e6ee7b4-f557-42c9-b594-04b2e7d7cb5c"", ""userName"": ""shourya"", ""userImage"": ""https://play-lh.googleusercontent.com/a-/ALV-UjWZBLy9z0JsZJjnbADpDcMonB5baEoj05skTiPK6jJlRy9yyjm3"", ""content"": ""app is now not good because everything isfor premium later the app ki good but not only premium"", ""score"": 1, ""thumbsUpCount"": 0, ""reviewCreatedVersion"": ""9.1.60.1970"", ""at"": ""2026-07-02 02:05:23"", ""replyContent"": null, ""repliedAt"": null, ""appVersion"": ""9.1.60.1970""}"
run5_day2_20260703_043957,3,Spotify,com.spotify.music,us,en,1d54d78c392468a870eb28930dd6fb8a33a85822a60335586e606fc62ba7fe52,b50f9fa6-b407-4618-a2b8-1d55328e3a93,0,Melanie Dearinger,2,0,2026-07-02T02:03:48+00:00,9.1.60.1970,,,"I've been using Spotify since 2018 and this year it's just gone downhill. I love Spotify but now I'm getting ad breaks that are around 3 mins long, the app keeps closing with no crash report, and it barely works when you try to play it in the background. I've had to uninstall and reinstall the app multiple times just to get it working again, honestly, if you're thinking about getting this app as a new user I'd suggest against it unless you want to pay for premium & want to deal with buggieness.","I've been using Spotify since 2018 and this year it's just gone downhill. I love Spotify but now I'm getting ad breaks that are around 3 mins long, the app keeps closing with no crash report, and it barely works when you try to play it in the background. I've had to uninstall and reinstall the app multiple times just to get it working again, honestly, if you're thinking about getting this app as a new user I'd suggest against it unless you want to pay for premium & want to deal with buggieness.",43b836c12c496bc83f9b5bf8e94e5cf23f29673d4fc7851c70303d271db1dd61,43b836c12c496bc83f9b5bf8e94e5cf23f29673d4fc7851c70303d271db1dd61,"{""reviewId"": ""b50f9fa6-b407-4618-a2b8-1d55328e3a93"", ""userName"": ""Melanie Dearinger"", ""userImage"": ""https://play-lh.googleusercontent.com/a/ACg8ocKn7ow1KY0wNWIc4d_bFLkrmbRpATBe9cSLRzSsXsi0g8hDZoc=mo"", ""content"": ""I've been using Spotify since 2018 and this year it's just gone downhill. I love Spotify but now I'm getting ad breaks that are around 3 mins long, the app keeps closing with no crash report, and it barely works when you try to play it in the background. I've had to uninstall and reinstall the app multiple times just to get it working again, honestly, if you're thinking about getting this app as a new user I'd suggest against it unless you want to pay for premium & want to deal with buggieness."", ""score"": 2, ""thumbsUpCount"": 0, ""reviewCreatedVersion"": ""9.1.60.1970"", ""at"": ""2026-07-02 02:03:48"", ""replyContent"": null, ""repliedAt"": null, ""appVersion"": ""9.1.60.1970""}"
run5_day2_20260703_043957,3,Spotify,com.spotify.music,us,en,c7041f3a7613df486ab99bef8cbaf0ded884397da7fb2ced6a614dd6df191985,42789562-fb59-4f76-af41-9675fb0193ff,0,Riles,4,0,2026-07-02T02:00:44+00:00,9.1.60.1970,,,"Pretty much good, but the adds are just too overwhelming, and I'm not paying for a membership.","Pretty much good, but the adds are just too overwhelming, and I'm not paying for a membership.",3cd27122749b1005aace8eb6e295c5934f33ccb782b7962e1939f395b1762208,3cd27122749b1005aace8eb6e295c5934f33ccb782b7962e1939f395b1762208,"{""reviewId"": ""42789562-fb59-4f76-af41-9675fb0193ff"", ""userName"": ""Riles"", ""userImage"": ""https://play-lh.googleusercontent.com/a-/ALV-UjWKiOYAk9z-MFw3FV6Hy9SvYTrWEDPt2QbLEWp8DaMDUTGXTc2L"", ""content"": ""Pretty much good, but the adds are just too overwhelming, and I'm not paying for a membership."", ""score"": 4, ""thumbsUpCount"": 0, ""reviewCreatedVersion"": ""9.1.60.1970"", ""at"": ""2026-07-02 02:00:44"", ""replyContent"": null, ""repliedAt"": null, ""appVersion"": ""9.1.60.1970""}"
run5_day2_20260703_043957,3,Spotify,com.spotify.music,us,en,0ef9846029613e7bf0a6ad9c7911ef5ce50ba2fcbb7d5f5773bec0ef399a1036,d7fbd8b8-2aca-4148-88dd-73fd28939572,0,Joe,1,0,2026-07-02T01:57:47+00:00,9.1.60.1970,,,"I don't want AI everything. it's annoying. it's not helpful. I don't want it ""improved"". I want it gone.","I don't want AI everything. it's annoying. it's not helpful. I don't want it ""improved"". I want it gone.",890214192547bb9e5da5550f15351e7fed83eae187c45b27750644ce2a5f7e44,890214192547bb9e5da5550f15351e7fed83eae187c45b27750644ce2a5f7e44,"{""reviewId"": ""d7fbd8b8-2aca-4148-88dd-73fd28939572"", ""userName"": ""Joe"", ""userImage"": ""https://play-lh.googleusercontent.com/a/ACg8ocJjH91j7LvrTdsCOzD22O9ZUb9RAnAPMOWIuolk69nhFg68mg=mo"", ""content"": ""I don't want AI everything. it's annoying. it's not helpful. I don't want it \""improved\"". I want it gone."", ""score"": 1, ""thumbsUpCount"": 0, ""reviewCreatedVersion"": ""9.1.60.1970"", ""at"": ""2026-07-02 01:57:47"", ""replyContent"": null, ""repliedAt"": null, ""appVersion"": ""9.1.60.1970""}"
run5_day2_20260703_043957,3,Spotify,com.spotify.music,us,en,2e2b4929dbe029fff57c71451551fb734b91797068accf7d2d18469b58b332b2,da70bf01-49c7-4d39-809f-4f775626d2a8,0,Tiger Koola,5,0,2026-07-02T01:56:30+00:00,9.0.42.529,,,"The new releas was my first time hearing and I instantly fell for it. Recommended to all my friends and associates. I'm definitely buying if I can for Grand boys.Its fresh,thought provoking. I think all could benefit plus enjoy. I love ❤️ 😍.","The new releas was my first time hearing and I instantly fell for it. Recommended to all my friends and associates. I'm definitely buying if I can for Grand boys.Its fresh,thought provoking. I think all could benefit plus enjoy. I love ❤️ 😍.",8dc2c6cf3262c5dacc704f54dc9c5849b50d8ad673b6ceead49b9aaa6f9f86b8,8dc2c6cf3262c5dacc704f54dc9c5849b50d8ad673b6ceead49b9aaa6f9f86b8,"{""reviewId"": ""da70bf01-49c7-4d39-809f-4f775626d2a8"", ""userName"": ""Tiger Koola"", ""userImage"": ""https://play-lh.googleusercontent.com/a-/ALV-UjUYYh9sxB1pGTcWgGMBlOlj8aF-pqedyh6uT3KTT9BUIj9FNClS"", ""content"": ""The new releas was my first time hearing and I instantly fell for it. Recommended to all my friends and associates. I'm definitely buying if I can for Grand boys.Its fresh,thought provoking. I think all could benefit plus enjoy. I love ❤️ 😍."", ""score"": 5, ""thumbsUpCount"": 0, ""reviewCreatedVersion"": ""9.0.42.529"", ""at"": ""2026-07-02 01:56:30"", ""replyContent"": null, ""repliedAt"": null, ""appVersion"": ""9.0.42.529""}"
run5_day2_20260703_043957,3,Spotify,com.spotify.music,us,en,51f04cb28e14ebdab62d77e8ea2f8c919ad51e33b0084065154a79c40c19699b,876b7322-5276-4651-9fcd-0e0667e2b519,0,Killua Zoldyak,1,0,2026-07-02T01:53:25+00:00,,,,Just make it pay to use only And make it ad free. (Just like apple music ) cut this freemium option cause it's unusable anyways.,Just make it pay to use only And make it ad free. (Just like apple music ) cut this freemium option cause it's unusable anyways.,20bc3049ffb5e0a07991729f5b3111ce4e612780cf48c3a701fd26ff2227f0f8,20bc3049ffb5e0a07991729f5b3111ce4e612780cf48c3a701fd26ff2227f0f8,"{""reviewId"": ""876b7322-5276-4651-9fcd-0e0667e2b519"", ""userName"": ""Killua Zoldyak"", ""userImage"": ""https://play-lh.googleusercontent.com/a-/ALV-UjXV8jcAfnR1FkpXu8YJKiXKQrU56DMSW70xTaL70Mqz31M68XTV"", ""content"": ""Just make it pay to use only And make it ad free. (Just like apple music ) cut this freemium option cause it's unusable anyways."", ""score"": 1, ""thumbsUpCount"": 0, ""reviewCreatedVersion"": null, ""at"": ""2026-07-02 01:53:25"", ""replyContent"": null, ""repliedAt"": null, ""appVersion"": null}"
run5_day2_20260703_043957,3,Spotify,com.spotify.music,us,en,6a9f0cbd75be26de91e89fef75c71b04d1f5edb1b7c1105df61650451ef257ad,eb9b200d-3016-4d86-9ee7-d6db592f4113,0,Gabriela Vargas,5,0,2026-07-02T01:52:01+00:00,9.1.60.1970,,,👍,👍,5d57d39e6b7d8ea050980e6665bb1da357db14249d74e122f7d4e8cc2253beff,5d57d39e6b7d8ea050980e6665bb1da357db14249d74e122f7d4e8cc2253beff,"{""reviewId"": ""eb9b200d-3016-4d86-9ee7-d6db592f4113"", ""userName"": ""Gabriela Vargas"", ""userImage"": ""https://play-lh.googleusercontent.com/a-/ALV-UjUwNQ0YmK1-QzxbZrJrN-tiFpWh9MIm_rMQVzYPT3UhQOU5OP8"", ""content"": ""👍"", ""score"": 5, ""thumbsUpCount"": 0, ""reviewCreatedVersion"": ""9.1.60.1970"", ""at"": ""2026-07-02 01:52:01"", ""replyContent"": null, ""repliedAt"": null, ""appVersion"": ""9.1.60.1970""}"
run5_day2_20260703_043957,3,Spotify,com.spotify.music,us,en,01556ac03f9b5efc95a09c837e53f4884f81d953cb1190e835d121f8cdc531f4,17e02deb-1a42-473e-9eb0-a7dff2b3165f,0,Monnye Kobe,5,0,2026-07-02T01:48:06+00:00,9.1.52.1394,,,Good,Good,c939327ca16dcf97ca32521d8b834bf1de16573d21deda3bb2a337cf403787a6,c939327ca16dcf97ca32521d8b834bf1de16573d21deda3bb2a337cf403787a6,"{""reviewId"": ""17e02deb-1a42-473e-9eb0-a7dff2b3165f"", ""userName"": ""Monnye Kobe"", ""userImage"": ""https://play-lh.googleusercontent.com/a-/ALV-UjUbwsFK05xau0X3vq33p_dQtAgybx-9pdPDjZ9OCYHSUGLIz_A"", ""content"": ""Good"", ""score"": 5, ""thumbsUpCount"": 0, ""reviewCreatedVersion"": ""9.1.52.1394"", ""at"": ""2026-07-02 01:48:06"", ""replyContent"": null, ""repliedAt"": null, ""appVersion"": ""9.1.52.1394""}"
run5_day2_20260703_043957,3,Spotify,com.spotify.music,us,en,917e424092919bf4fac3221134855bfbfa0bb0b5512084fd78d5d8599358f65b,8b10c0e1-e681-4610-938a-92cb9ae87848,0,Chris W,3,1,2026-07-02T01:42:57+00:00,9.1.60.1970,"Hi! If you're experiencing issues with the app, we recommend trying a clean reinstall, as this process is thorough. You can find step-by-step instructions for your specific device at support.spotify.com by searching for ""Reinstall."" If that doesn't help, reach out to our Customer Support team through the ""Contact Us"" section on the same site.",2026-07-02T14:21:10+00:00,Been working great for years. But now it just randomly pauses on phone car etc. It's quite annoying.,Been working great for years. But now it just randomly pauses on phone car etc. It's quite annoying.,dfa25139f33640a19a8e85d29693b2eca3d492cf8d1ca1e6fc33f401ef86817e,dfa25139f33640a19a8e85d29693b2eca3d492cf8d1ca1e6fc33f401ef86817e,"{""reviewId"": ""8b10c0e1-e681-4610-938a-92cb9ae87848"", ""userName"": ""Chris W"", ""userImage"": ""https://play-lh.googleusercontent.com/a-/ALV-UjXoSNtfKAFxmGKpzkLNF8V-J96jL9Hv5X44NXoGE-HzY7QbVwDE"", ""content"": ""Been working great for years. But now it just randomly pauses on phone car etc. It's quite annoying."", ""score"": 3, ""thumbsUpCount"": 1, ""reviewCreatedVersion"": ""9.1.60.1970"", ""at"": ""2026-07-02 01:42:57"", ""replyContent"": ""Hi! If you're experiencing issues with the app, we recommend trying a clean reinstall, as this process is thorough. You can find step-by-step instructions for your specific device at support.spotify.com by searching for \""Reinstall.\"" If that doesn't help, reach out to our Customer Support team through the \""Contact Us\"" section on the same site."", ""repliedAt"": ""2026-07-02 14:21:10"", ""appVersion"": ""9.1.60.1970""}"
run5_day2_20260703_043957,3,Spotify,com.spotify.music,us,en,9033bf09308e1b0ff9afc138fe26ea74d407e47cd3803cd23ee2cc50d6164a67,152fc2c8-2df3-42a7-9635-20827dd260c2,0,M.FAISUL SHARIEF,1,1,2026-07-02T01:40:54+00:00,9.1.60.1970,"Hi. Thanks for reporting this to us. We'll pass this on to our ads team. Since you're hearing more ads than usual, have you tried a quick reinstall? If that doesn't help, you should give our Customer Service a shout by heading to support.spotify.com and searching ""Contact us"". They'll help you report this.",2026-07-02T14:19:42+00:00,this is very worst the reason for 30sec advertisement per song,this is very worst the reason for 30sec advertisement per song,d1e6b375fc91ed73984dbda661c9c98f6fd332ddc15de83794b5ce595e29f1da,d1e6b375fc91ed73984dbda661c9c98f6fd332ddc15de83794b5ce595e29f1da,"{""reviewId"": ""152fc2c8-2df3-42a7-9635-20827dd260c2"", ""userName"": ""M.FAISUL SHARIEF"", ""userImage"": ""https://play-lh.googleusercontent.com/a/ACg8ocJ6xvfCGANIY2RBb-1ttPqzEsBV4yQw6GGDMxk3OHRoYsIpGbo=mo"", ""content"": ""this is very worst the reason for 30sec advertisement per song"", ""score"": 1, ""thumbsUpCount"": 1, ""reviewCreatedVersion"": ""9.1.60.1970"", ""at"": ""2026-07-02 01:40:54"", ""replyContent"": ""Hi. Thanks for reporting this to us. We'll pass this on to our ads team. Since you're hearing more ads than usual, have you tried a quick reinstall? If that doesn't help, you should give our Customer Service a shout by heading to support.spotify.com and searching \""Contact us\"". They'll help you report this."", ""repliedAt"": ""2026-07-02 14:19:42"", ""appVersion"": ""9.1.60.1970""}"
run5_day2_20260703_043957,3,Spotify,com.spotify.music,us,en,45ec37b221836336cc4f65acd60422e197db0fa78ec56350718ea66ca2c599ed,457e0d01-28e0-49df-a237-b6b7b4e33780,0,Kruthi Mayur,5,0,2026-07-02T01:38:32+00:00,,,,It is very good!!!!!👍,It is very good!!!!!👍,6ebc30e37f24c5515eaefe5fd74093a7ae6aa5053e44d25de249d88c408081af,6ebc30e37f24c5515eaefe5fd74093a7ae6aa5053e44d25de249d88c408081af,"{""reviewId"": ""457e0d01-28e0-49df-a237-b6b7b4e33780"", ""userName"": ""Kruthi Mayur"", ""userImage"": ""https://play-lh.googleusercontent.com/a/ACg8ocIDLxsZp3__ymTH1NckCoDdBUnUWtRAI0BdTZK-CGCrlhEoiw=mo"", ""content"": ""It is very good!!!!!👍"", ""score"": 5, ""thumbsUpCount"": 0, ""reviewCreatedVersion"": null, ""at"": ""2026-07-02 01:38:32"", ""replyContent"": null, ""repliedAt"": null, ""appVersion"": null}"
run5_day2_20260703_043957,3,Spotify,com.spotify.music,us,en,b9a001ced4c07bfac99c1e53ca378cdcc08a33a68fa39f1dd18006fd20624bdd,0aa810b7-284c-4b64-9cff-6a28bdd719f8,0,Chelluboina Manikanta swamy,5,0,2026-07-02T01:37:46+00:00,9.1.56.574,,,very good💯,very good💯,aaca4c35c2632dc543b309f040ed94ccb9832a1f226904db4eb6c6a061ae14af,aaca4c35c2632dc543b309f040ed94ccb9832a1f226904db4eb6c6a061ae14af,"{""reviewId"": ""0aa810b7-284c-4b64-9cff-6a28bdd719f8"", ""userName"": ""Chelluboina Manikanta swamy"", ""userImage"": ""https://play-lh.googleusercontent.com/a-/ALV-UjUDOFwx6TBBHbfHKlQhiklYSVt1mj9yGPveNepyTqddGCuAT5O_"", ""content"": ""very good💯"", ""score"": 5, ""thumbsUpCount"": 0, ""reviewCreatedVersion"": ""9.1.56.574"", ""at"": ""2026-07-02 01:37:46"", ""replyContent"": null, ""repliedAt"": null, ""appVersion"": ""9.1.56.574""}"
run5_day2_20260703_043957,3,Spotify,com.spotify.music,us,en,7a44a406d722dfed5239fc919170440638810c4fca2bbddda47943a6bed0e7b4,293a1632-bd3d-4004-8100-0113ff7c7dbf,0,Gregory Wayde Matlock,5,0,2026-07-02T01:34:51+00:00,9.1.60.1970,,,"Less ads, more music...and it continues even if I'm doing something else on the same device! ...no other music app does that totally free, fricken AWESOME!!! More Bang for your buck, Thank You Spotify...","Less ads, more music...and it continues even if I'm doing something else on the same device! ...no other music app does that totally free, fricken AWESOME!!! More Bang for your buck, Thank You Spotify...",d2a216169f8c7eefaaf3732fca67caf41dae4882cb2fc64cc73e9cde030b0751,d2a216169f8c7eefaaf3732fca67caf41dae4882cb2fc64cc73e9cde030b0751,"{""reviewId"": ""293a1632-bd3d-4004-8100-0113ff7c7dbf"", ""userName"": ""Gregory Wayde Matlock"", ""userImage"": ""https://play-lh.googleusercontent.com/a-/ALV-UjXuMElPKov3tZYvvFYhlaHpXCYeFcLvOMtzfD9MhcKO_qYlIa_B"", ""content"": ""Less ads, more music...and it continues even if I'm doing something else on the same device! ...no other music app does that totally free, fricken AWESOME!!! More Bang for your buck, Thank You Spotify..."", ""score"": 5, ""thumbsUpCount"": 0, ""reviewCreatedVersion"": ""9.1.60.1970"", ""at"": ""2026-07-02 01:34:51"", ""replyContent"": null, ""repliedAt"": null, ""appVersion"": ""9.1.60.1970""}"
run5_day2_20260703_043957,3,Spotify,com.spotify.music,us,en,3d854dcc78073f26dee77e5dfd0ec4a29f15d257fc42c55dde73bf6c9035521d,d49d6e84-29e4-42d2-8890-8cf9e83be432,0,Kirk AllenMcLouth,5,0,2026-07-02T01:33:14+00:00,9.1.60.1970,,,"Great, Better than Amazon music ,public playlists that last hours and hours, are awesome for lake parties!","Great, Better than Amazon music ,public playlists that last hours and hours, are awesome for lake parties!",dc4b7aedd78138bc12ef182a4add4fbc877b3574ab6cd6cdaac89a0a25997740,dc4b7aedd78138bc12ef182a4add4fbc877b3574ab6cd6cdaac89a0a25997740,"{""reviewId"": ""d49d6e84-29e4-42d2-8890-8cf9e83be432"", ""userName"": ""Kirk AllenMcLouth"", ""userImage"": ""https://play-lh.googleusercontent.com/a-/ALV-UjUP64DoRghJZWRdDAu1h9f-r2yT-Zfl9cKHE-LFlSvvheTkJqNX"", ""content"": ""Great, Better than Amazon music ,public playlists that last hours and hours, are awesome for lake parties!"", ""score"": 5, ""thumbsUpCount"": 0, ""reviewCreatedVersion"": ""9.1.60.1970"", ""at"": ""2026-07-02 01:33:14"", ""replyContent"": null, ""repliedAt"": null, ""appVersion"": ""9.1.60.1970""}"
run5_day2_20260703_043957,3,Spotify,com.spotify.music,us,en,2bd0a103701d51007001d6e6100a9b472f4db29103c099a33a8de4146a0976e1,6a246945-9aa9-499d-b00a-1a543a1ae48b,0,Erica DeRosier,5,0,2026-07-02T01:31:32+00:00,9.1.60.1970,,,I love being able to listen to what I want.,I love being able to listen to what I want.,90bc9427659dfb3730e7cb0f519838373679dcd970b4f976be2d6df201970278,90bc9427659dfb3730e7cb0f519838373679dcd970b4f976be2d6df201970278,"{""reviewId"": ""6a246945-9aa9-499d-b00a-1a543a1ae48b"", ""userName"": ""Erica DeRosier"", ""userImage"": ""https://play-lh.googleusercontent.com/a-/ALV-UjU84H4zGGsLIQbkN9Ky91VNtiIF2FExKC2269GRxbljq0MVF4c"", ""content"": ""I love being able to listen to what I want."", ""score"": 5, ""thumbsUpCount"": 0, ""reviewCreatedVersion"": ""9.1.60.1970"", ""at"": ""2026-07-02 01:31:32"", ""replyContent"": null, ""repliedAt"": null, ""appVersion"": ""9.1.60.1970""}"
run5_day2_20260703_043957,3,Spotify,com.spotify.music,us,en,19f6fca7989f42ee3d55b62fc3ff49ade5681b9aae87c84685d1eb0649c7d64a,2181da77-2b1d-4a6a-a47a-54b2640ed338,0,Elaina Creevan,2,0,2026-07-02T01:31:29+00:00,9.1.60.1970,,,"amazing, has all the songs I love, but why tf do I need to have premium to skip or change a song!? it's stupid asf, and not to mention it forces you to have your playlists shuffled, I can't even listen to epic the musical on order because of this","amazing, has all the songs I love, but why tf do I need to have premium to skip or change a song!? it's stupid asf, and not to mention it forces you to have your playlists shuffled, I can't even listen to epic the musical on order because of this",eb7ef2e3850745665137ae94ace639ff4d260b267a74caeaf1ba746cecbf1048,eb7ef2e3850745665137ae94ace639ff4d260b267a74caeaf1ba746cecbf1048,"{""reviewId"": ""2181da77-2b1d-4a6a-a47a-54b2640ed338"", ""userName"": ""Elaina Creevan"", ""userImage"": ""https://play-lh.googleusercontent.com/a-/ALV-UjWrOWt32cg4nRk3lPhRoSZYXT_8Opqki_A59NAMLPs9gGnFDWeU"", ""content"": ""amazing, has all the songs I love, but why tf do I need to have premium to skip or change a song!? it's stupid asf, and not to mention it forces you to have your playlists shuffled, I can't even listen to epic the musical on order because of this"", ""score"": 2, ""thumbsUpCount"": 0, ""reviewCreatedVersion"": ""9.1.60.1970"", ""at"": ""2026-07-02 01:31:29"", ""replyContent"": null, ""repliedAt"": null, ""appVersion"": ""9.1.60.1970""}"
run5_day2_20260703_043957,3,Spotify,com.spotify.music,us,en,ec111b097927c0adc857ffed54aef7cce5b4721f28b205f132c30660588e658a,95b82972-a790-4f34-ae09-077b6cb1f0ce,0,Rory Emnace,1,0,2026-07-02T01:29:35+00:00,9.1.60.1970,,,"It's seriously ridiculous limiting skips and song selection to just a few per day, just to put unlimited behind a pay wall, on mobile. Those functions aren't worth a subscription when i can listen on my PC without those limitations. also, I don't like that Spotify continues showing me ads that I've downvoted/disliked. It just shows that Downvoting/Disliking is an illusion of choice.","It's seriously ridiculous limiting skips and song selection to just a few per day, just to put unlimited behind a pay wall, on mobile. Those functions aren't worth a subscription when i can listen on my PC without those limitations. also, I don't like that Spotify continues showing me ads that I've downvoted/disliked. It just shows that Downvoting/Disliking is an illusion of choice.",10980f47db13227982db99ff3edcc90119841ee170aab933d80681e66a1587e1,10980f47db13227982db99ff3edcc90119841ee170aab933d80681e66a1587e1,"{""reviewId"": ""95b82972-a790-4f34-ae09-077b6cb1f0ce"", ""userName"": ""Rory Emnace"", ""userImage"": ""https://play-lh.googleusercontent.com/a/ACg8ocIeW3kK4c9nqcblv6I_kziCz2_qJCnXFMhdW8gCsMi8G1v3og=mo"", ""content"": ""It's seriously ridiculous limiting skips and song selection to just a few per day, just to put unlimited behind a pay wall, on mobile. Those functions aren't worth a subscription when i can listen on my PC without those limitations. also, I don't like that Spotify continues showing me ads that I've downvoted/disliked. It just shows that Downvoting/Disliking is an illusion of choice."", ""score"": 1, ""thumbsUpCount"": 0, ""reviewCreatedVersion"": ""9.1.60.1970"", ""at"": ""2026-07-02 01:29:35"", ""replyContent"": null, ""repliedAt"": null, ""appVersion"": ""9.1.60.1970""}"
run5_day2_20260703_043957,3,Spotify,com.spotify.music,us,en,4b85c6f4938e21e43073c09209758e34f694992036e9625010946d7ccceee723,19a3c17d-4ec3-4e27-8494-e79dcd96a86e,0,Josephine Grogan,5,0,2026-07-02T01:29:29+00:00,9.1.60.1970,,,top 5,top 5,3a861be8ee7dd5724e2c38ccb6168aa8c95d28be315c83b3dd97599531e8a881,3a861be8ee7dd5724e2c38ccb6168aa8c95d28be315c83b3dd97599531e8a881,"{""reviewId"": ""19a3c17d-4ec3-4e27-8494-e79dcd96a86e"", ""userName"": ""Josephine Grogan"", ""userImage"": ""https://play-lh.googleusercontent.com/a-/ALV-UjX5jFKgeUI7vwrw2MYhk_HTzduKpSKCQAguZzDO2uMS7kTerEH28w"", ""content"": ""top 5"", ""score"": 5, ""thumbsUpCount"": 0, ""reviewCreatedVersion"": ""9.1.60.1970"", ""at"": ""2026-07-02 01:29:29"", ""replyContent"": null, ""repliedAt"": null, ""appVersion"": ""9.1.60.1970""}"
run5_day2_20260703_043957,3,Spotify,com.spotify.music,us,en,787f1c2335c2ff6b1a02cdf27f8dd87e82f0e282b350297c3430500061bf6380,6dc17ea3-3ef5-44ab-b1b9-cf7aec384fca,0,Big Bad Kevin,1,0,2026-07-02T01:29:17+00:00,9.1.40.1486,"Hi. Have you tried a quick reinstall? If that doesn't help, we'd recommend reaching out to our Customer Service at support.spotify.com. Just search “Contact Us”, and they'll be happy to help.",2026-07-02T14:16:18+00:00,This app has stopped working,This app has stopped working,1817f12721ecf8995ab936ed9fa0e36068ab9c85b3c8b58087c9e1b6f7a45282,1817f12721ecf8995ab936ed9fa0e36068ab9c85b3c8b58087c9e1b6f7a45282,"{""reviewId"": ""6dc17ea3-3ef5-44ab-b1b9-cf7aec384fca"", ""userName"": ""Big Bad Kevin"", ""userImage"": ""https://play-lh.googleusercontent.com/a-/ALV-UjUzIV_lCFZYnU3UeDVsCgyk3Pe4nEJk1VNYRWPGlqiucNb1_QI7"", ""content"": ""This app has stopped working"", ""score"": 1, ""thumbsUpCount"": 0, ""reviewCreatedVersion"": ""9.1.40.1486"", ""at"": ""2026-07-02 01:29:17"", ""replyContent"": ""Hi. Have you tried a quick reinstall? If that doesn't help, we'd recommend reaching out to our Customer Service at support.spotify.com. Just search “Contact Us”, and they'll be happy to help."", ""repliedAt"": ""2026-07-02 14:16:18"", ""appVersion"": ""9.1.40.1486""}"
run5_day2_20260703_043957,3,Spotify,com.spotify.music,us,en,c56c6e6bd1015942418485061603518c40d2cccc8089327eba55fad82a712313,92dbd3a2-9d8d-484d-8de4-b661d67c9f56,0,judith merrifield,5,0,2026-07-02T01:28:42+00:00,9.1.60.1970,,,wonderful music and talent!,wonderful music and talent!,24b22ed9fdb172e140eeb8b29aa110005c47c1f5b1945789e52ebc379742d6bf,24b22ed9fdb172e140eeb8b29aa110005c47c1f5b1945789e52ebc379742d6bf,"{""reviewId"": ""92dbd3a2-9d8d-484d-8de4-b661d67c9f56"", ""userName"": ""judith merrifield"", ""userImage"": ""https://play-lh.googleusercontent.com/a-/ALV-UjWI8pX6GIemez0fOFELFdhv0TrRnZxEokhfCX_ha3uktS7Vq9HM"", ""content"": ""wonderful music and talent!"", ""score"": 5, ""thumbsUpCount"": 0, ""reviewCreatedVersion"": ""9.1.60.1970"", ""at"": ""2026-07-02 01:28:42"", ""replyContent"": null, ""repliedAt"": null, ""appVersion"": ""9.1.60.1970""}"
run5_day2_20260703_043957,3,Spotify,com.spotify.music,us,en,5cf5cd5390bbd1e29daa5581078b1f3e6e21f387172d6b0317292e7c1660fab4,ec5faf8d-1957-43fa-9ceb-55c4c8d45316,0,Je R.,5,0,2026-07-02T01:24:51+00:00,9.1.60.1970,,,Enjoying driving while listening 🤟,Enjoying driving while listening 🤟,dd05a7a539feb9686339fb5cbf5f7db99e399d7369d87ebd3360f22ed3817a6a,dd05a7a539feb9686339fb5cbf5f7db99e399d7369d87ebd3360f22ed3817a6a,"{""reviewId"": ""ec5faf8d-1957-43fa-9ceb-55c4c8d45316"", ""userName"": ""Je R."", ""userImage"": ""https://play-lh.googleusercontent.com/a-/ALV-UjU5phYkC32weD8BN80L-NQOaUibdDR_3rKMd6vSXa-FbsLUcNK3"", ""content"": ""Enjoying driving while listening 🤟"", ""score"": 5, ""thumbsUpCount"": 0, ""reviewCreatedVersion"": ""9.1.60.1970"", ""at"": ""2026-07-02 01:24:51"", ""replyContent"": null, ""repliedAt"": null, ""appVersion"": ""9.1.60.1970""}"
run5_day2_20260703_043957,3,Spotify,com.spotify.music,us,en,f1acd32e6213306200a66eda1c32983df04aab8f8595adcc8ccaa7e54c58120c,4da3bbc5-7188-4638-9f98-73d86fd1c40d,0,nettles,1,0,2026-07-02T01:24:30+00:00,9.1.60.1970,"Hi! Smart Shuffle is enabled by default on our free service and helps introduce new songs to your queue. If you’d like to turn it off and have complete control over your music, you can explore our Premium plans at spotify.com/premium. If you haven’t tried Premium before, you may be eligible for a trial.",2026-06-24T13:38:34+00:00,man let us listen to our playlist in peace stop adding songs,man let us listen to our playlist in peace stop adding songs,100936f3eb45f9302bb693974e2485e29a3c448ab37ab0d86e00c5770ae5d6ef,100936f3eb45f9302bb693974e2485e29a3c448ab37ab0d86e00c5770ae5d6ef,"{""reviewId"": ""4da3bbc5-7188-4638-9f98-73d86fd1c40d"", ""userName"": ""nettles"", ""userImage"": ""https://play-lh.googleusercontent.com/a-/ALV-UjUkTeMDgDwnt42SVQlxx9boObhYK1eymUpJsrjgsfqLVM_frAdACg"", ""content"": ""man let us listen to our playlist in peace stop adding songs"", ""score"": 1, ""thumbsUpCount"": 0, ""reviewCreatedVersion"": ""9.1.60.1970"", ""at"": ""2026-07-02 01:24:30"", ""replyContent"": ""Hi! Smart Shuffle is enabled by default on our free service and helps introduce new songs to your queue. If you’d like to turn it off and have complete control over your music, you can explore our Premium plans at spotify.com/premium. If you haven’t tried Premium before, you may be eligible for a trial."", ""repliedAt"": ""2026-06-24 13:38:34"", ""appVersion"": ""9.1.60.1970""}"
run5_day2_20260703_043957,3,Spotify,com.spotify.music,us,en,18863988efca11ebf5e02794a1bf19c02f6156c39daf568290f5e161875c880d,6000a762-923f-4aab-9d76-87381a7b509c,0,Rio Florida,5,0,2026-07-02T01:22:21+00:00,8.7.56.421,,,good,good,770e607624d689265ca6c44884d0807d9b054d23c473c106c72be9de08b7376c,770e607624d689265ca6c44884d0807d9b054d23c473c106c72be9de08b7376c,"{""reviewId"": ""6000a762-923f-4aab-9d76-87381a7b509c"", ""userName"": ""Rio Florida"", ""userImage"": ""https://play-lh.googleusercontent.com/a/ACg8ocLsJektCZ-4YcqlphRVR7TAK_EkWgDjLeJdGVin9Nz29lLPlw=mo"", ""content"": ""good"", ""score"": 5, ""thumbsUpCount"": 0, ""reviewCreatedVersion"": ""8.7.56.421"", ""at"": ""2026-07-02 01:22:21"", ""replyContent"": null, ""repliedAt"": null, ""appVersion"": ""8.7.56.421""}"
run5_day2_20260703_043957,3,Spotify,com.spotify.music,us,en,88d0eb03690e6e4dd999e4ac5ccc75e8cd5bffa80dd3769a5d154c27607230dc,6a286f07-154d-4e69-9260-ca0a5107a317,0,Layna Avina,5,0,2026-07-02T01:18:57+00:00,,,,"the best app to listen to song, stories, and things that could teach you different languages","the best app to listen to song, stories, and things that could teach you different languages",6d49af8dc98a6ab3914586f2aac9eaa7eee3ed584c4b8aeaa131b05feeb1a77d,6d49af8dc98a6ab3914586f2aac9eaa7eee3ed584c4b8aeaa131b05feeb1a77d,"{""reviewId"": ""6a286f07-154d-4e69-9260-ca0a5107a317"", ""userName"": ""Layna Avina"", ""userImage"": ""https://play-lh.googleusercontent.com/a/ACg8ocI-LHH5k_ftvdt_PHmfD_LaB_IBrnRUeD2KbqEgThhxPhaYfw=mo"", ""content"": ""the best app to listen to song, stories, and things that could teach you different languages"", ""score"": 5, ""thumbsUpCount"": 0, ""reviewCreatedVersion"": null, ""at"": ""2026-07-02 01:18:57"", ""replyContent"": null, ""repliedAt"": null, ""appVersion"": null}"
run5_day2_20260703_043957,3,Spotify,com.spotify.music,us,en,71b050a1686fbacd674f3b166a2211b09870746d402742a0e166a2ff609e2e5a,a1141705-63fc-4151-9c77-ad9b49777d62,0,Victor N,5,0,2026-07-02T01:16:30+00:00,9.1.60.1970,,,"I wish it had more control on music bar on free version. Still, it's a great app. Thank you!","I wish it had more control on music bar on free version. Still, it's a great app. Thank you!",2383b7199584efa2fe59fb9b5b32cc352de324b6f94e7e7203ab2b023c5b6ab3,2383b7199584efa2fe59fb9b5b32cc352de324b6f94e7e7203ab2b023c5b6ab3,"{""reviewId"": ""a1141705-63fc-4151-9c77-ad9b49777d62"", ""userName"": ""Victor N"", ""userImage"": ""https://play-lh.googleusercontent.com/a-/ALV-UjV0fbZuOClgPSu8ank3f8BLSZVU4IhX-Eyqt3OFsCCNC1rLNmkAkA"", ""content"": ""I wish it had more control on music bar on free version. Still, it's a great app. Thank you!"", ""score"": 5, ""thumbsUpCount"": 0, ""reviewCreatedVersion"": ""9.1.60.1970"", ""at"": ""2026-07-02 01:16:30"", ""replyContent"": null, ""repliedAt"": null, ""appVersion"": ""9.1.60.1970""}"
run5_day2_20260703_043957,3,Spotify,com.spotify.music,us,en,959496d8a5d78b26441f92a42761790d297376c2b17e2fc5d37a3861bc76ade8,3cf3238d-38ba-4da5-a7ba-1f9ce3018e4f,0,james smith,2,4,2026-07-02T01:14:21+00:00,9.1.60.1970,,,"Bara för att jag spenderar en timme eller två med att bläddra igenom några album, har Spotify - tjänsten som jag betalar för ett Premium- abonnemang och konto hos - dolt och gjort det svårt att hitta musiken jag faktiskt tycker om, mina sanna långsiktiga lyssningsvanor och mina favoritartister och låtar. Spotify är djupt sammankopplat med mina lyssningsvanor, hela min musikkatalog och min data, och ändå sätter det upp barriär efter blockering gång på gång som hindrar min njutning av musik.Skäms","Bara för att jag spenderar en timme eller två med att bläddra igenom några album, har Spotify - tjänsten som jag betalar för ett Premium- abonnemang och konto hos - dolt och gjort det svårt att hitta musiken jag faktiskt tycker om, mina sanna långsiktiga lyssningsvanor och mina favoritartister och låtar. Spotify är djupt sammankopplat med mina lyssningsvanor, hela min musikkatalog och min data, och ändå sätter det upp barriär efter blockering gång på gång som hindrar min njutning av musik.Skäms",47dca75f5ff35b4ef66fa300db58d9d78316f5ca5759f5447d450a602c36bf53,47dca75f5ff35b4ef66fa300db58d9d78316f5ca5759f5447d450a602c36bf53,"{""reviewId"": ""3cf3238d-38ba-4da5-a7ba-1f9ce3018e4f"", ""userName"": ""james smith"", ""userImage"": ""https://play-lh.googleusercontent.com/a/ACg8ocIYdz6dzL_UofHK4OIYrkhQqvznZB8QpbLx86yPUq7uCDUASA=mo"", ""content"": ""Bara för att jag spenderar en timme eller två med att bläddra igenom några album, har Spotify - tjänsten som jag betalar för ett Premium- abonnemang och konto hos - dolt och gjort det svårt att hitta musiken jag faktiskt tycker om, mina sanna långsiktiga lyssningsvanor och mina favoritartister och låtar. Spotify är djupt sammankopplat med mina lyssningsvanor, hela min musikkatalog och min data, och ändå sätter det upp barriär efter blockering gång på gång som hindrar min njutning av musik.Skäms"", ""score"": 2, ""thumbsUpCount"": 4, ""reviewCreatedVersion"": ""9.1.60.1970"", ""at"": ""2026-07-02 01:14:21"", ""replyContent"": null, ""repliedAt"": null, ""appVersion"": ""9.1.60.1970""}"
run5_day2_20260703_043957,3,Spotify,com.spotify.music,us,en,ed115c30376dfdf113e79671bc93543539aee28e03ec3081fea3a53584ef0730,f6156ebd-0c2c-47d9-8bd9-87dfa663f6be,0,Zane W,1,0,2026-07-02T01:13:44+00:00,9.1.60.1970,,,premium to repeat and choose songs greed,premium to repeat and choose songs greed,9726e7d7dccd4cd091c479ed5bf560715fddac2d63f783bd25ee11c33a8e9bc8,9726e7d7dccd4cd091c479ed5bf560715fddac2d63f783bd25ee11c33a8e9bc8,"{""reviewId"": ""f6156ebd-0c2c-47d9-8bd9-87dfa663f6be"", ""userName"": ""Zane W"", ""userImage"": ""https://play-lh.googleusercontent.com/a-/ALV-UjViS0oEJROT-VD7t2ls6dMM5WPuHe2U52ONBndxSQOlQVkTVg8"", ""content"": ""premium to repeat and choose songs greed"", ""score"": 1, ""thumbsUpCount"": 0, ""reviewCreatedVersion"": ""9.1.60.1970"", ""at"": ""2026-07-02 01:13:44"", ""replyContent"": null, ""repliedAt"": null, ""appVersion"": ""9.1.60.1970""}"
run5_day2_20260703_043957,3,Spotify,com.spotify.music,us,en,8cd89ed5f367de561eb2ac87188d1fbebc6ecaa06f2709215ee338092acd2d3f,015d2bf4-68d4-4979-b009-8741be8fb892,0,Lucky Lucky,5,0,2026-07-02T01:13:09+00:00,9.1.52.1394,,,loved it,loved it,7da23a1fb964df37b908e057352e32fb6903cf157f70cdea4734ebca1b0ae772,7da23a1fb964df37b908e057352e32fb6903cf157f70cdea4734ebca1b0ae772,"{""reviewId"": ""015d2bf4-68d4-4979-b009-8741be8fb892"", ""userName"": ""Lucky Lucky"", ""userImage"": ""https://play-lh.googleusercontent.com/a-/ALV-UjU7QtIT-3DZ4be8r-sVEK17PgpW-EZ2Fd8kGFnsAtVbkASm_-B2"", ""content"": ""loved it"", ""score"": 5, ""thumbsUpCount"": 0, ""reviewCreatedVersion"": ""9.1.52.1394"", ""at"": ""2026-07-02 01:13:09"", ""replyContent"": null, ""repliedAt"": null, ""appVersion"": ""9.1.52.1394""}"
run5_day2_20260703_043957,3,Spotify,com.spotify.music,us,en,46bcf42d4073d9b38746ccb43a79e6d3f881e47a45605fa758c7e7e3d1aef892,cd889ac4-ed80-45b7-b703-b58452a81010,0,ZIKE,1,0,2026-07-02T01:11:34+00:00,9.1.60.1970,,,like wdym 6 skips per hour man like premium and to play like song is premium and to play without WiFi is premium I'm not paying for skipping ads repeat the music and to play like song it's too much premium and the ads are so long,like wdym 6 skips per hour man like premium and to play like song is premium and to play without WiFi is premium I'm not paying for skipping ads repeat the music and to play like song it's too much premium and the ads are so long,8ff31562cf1ae49e3dbb0f5ffde59dfd06da1860340aa05441d5faccdc03b267,8ff31562cf1ae49e3dbb0f5ffde59dfd06da1860340aa05441d5faccdc03b267,"{""reviewId"": ""cd889ac4-ed80-45b7-b703-b58452a81010"", ""userName"": ""ZIKE"", ""userImage"": ""https://play-lh.googleusercontent.com/a-/ALV-UjXcIGnoOHKXYED2AQpWbHzrZdJacOpybYMfeJjSVwlC-a8tUhE"", ""content"": ""like wdym 6 skips per hour man like premium and to play like song is premium and to play without WiFi is premium I'm not paying for skipping ads repeat the music and to play like song it's too much premium and the ads are so long"", ""score"": 1, ""thumbsUpCount"": 0, ""reviewCreatedVersion"": ""9.1.60.1970"", ""at"": ""2026-07-02 01:11:34"", ""replyContent"": null, ""repliedAt"": null, ""appVersion"": ""9.1.60.1970""}"
run5_day2_20260703_043957,3,Spotify,com.spotify.music,us,en,24e931715cf7f1859ec5aa766ba619b4fc20334a1b28536d48124a5d368e6d8c,204d4ea8-ed47-4a23-9a17-ce8befdf2e5a,0,Ernest Gray,5,0,2026-07-02T01:08:55+00:00,9.1.58.1567,,,I Sincerely Love Spotify,I Sincerely Love Spotify,c6803d0950671ed50ba98d018415c0bc66c05a2a43ce1c40bd951df31ffe173e,c6803d0950671ed50ba98d018415c0bc66c05a2a43ce1c40bd951df31ffe173e,"{""reviewId"": ""204d4ea8-ed47-4a23-9a17-ce8befdf2e5a"", ""userName"": ""Ernest Gray"", ""userImage"": ""https://play-lh.googleusercontent.com/a/ACg8ocKL32d0ttwk4XDJ05u8PkRbGCjefdwX-HWBKf1YIHyBbpmYlA=mo"", ""content"": ""I Sincerely Love Spotify"", ""score"": 5, ""thumbsUpCount"": 0, ""reviewCreatedVersion"": ""9.1.58.1567"", ""at"": ""2026-07-02 01:08:55"", ""replyContent"": null, ""repliedAt"": null, ""appVersion"": ""9.1.58.1567""}"
run5_day2_20260703_043957,3,Spotify,com.spotify.music,us,en,2e8f1c3c97318e4d3c0fa91dd281d340ec0f2d942cd8e572c7b217a92eb7fe63,fe6f7734-4f28-4f55-90fe-0969f740b185,0,Rebecca S,4,0,2026-07-02T01:08:47+00:00,9.1.60.1970,,,👍🏻,👍🏻,309f927c1c7795eb79df06988bf48f8e8c627efa2f392c636fb80536166c9bd3,309f927c1c7795eb79df06988bf48f8e8c627efa2f392c636fb80536166c9bd3,"{""reviewId"": ""fe6f7734-4f28-4f55-90fe-0969f740b185"", ""userName"": ""Rebecca S"", ""userImage"": ""https://play-lh.googleusercontent.com/a-/ALV-UjUKaLPSSQ1eceDg5bPES__x2LpYbYtJlcrdPCLqXs8XATmKRXRQpg"", ""content"": ""👍🏻"", ""score"": 4, ""thumbsUpCount"": 0, ""reviewCreatedVersion"": ""9.1.60.1970"", ""at"": ""2026-07-02 01:08:47"", ""replyContent"": null, ""repliedAt"": null, ""appVersion"": ""9.1.60.1970""}"
run5_day2_20260703_043957,3,Spotify,com.spotify.music,us,en,07fbee55a792aa36bdfc9d458423c892c3023038fb7f1379948e422bab428dfc,37b3deb2-3957-4e25-b424-f3e5aba1395b,0,nargis jehan,4,0,2026-07-02T01:08:37+00:00,9.1.60.1970,,,the Best App to Listen to songs But Make premium free Plz,the Best App to Listen to songs But Make premium free Plz,36a04dd9280bf36f0e24670148c2b0615a554fabb81cf390e86c107257e397e2,36a04dd9280bf36f0e24670148c2b0615a554fabb81cf390e86c107257e397e2,"{""reviewId"": ""37b3deb2-3957-4e25-b424-f3e5aba1395b"", ""userName"": ""nargis jehan"", ""userImage"": ""https://play-lh.googleusercontent.com/a-/ALV-UjVjKQ8kqBlKTbFI63PMJ3y7CUqd5ixCZ8PCP6Y00_LjNh7aUTEX"", ""content"": ""the Best App to Listen to songs But Make premium free Plz"", ""score"": 4, ""thumbsUpCount"": 0, ""reviewCreatedVersion"": ""9.1.60.1970"", ""at"": ""2026-07-02 01:08:37"", ""replyContent"": null, ""repliedAt"": null, ""appVersion"": ""9.1.60.1970""}"
run5_day2_20260703_043957,3,Spotify,com.spotify.music,us,en,6c809c8690a07445894dd82d4222bf76853b62b8b05e460660e85c79f68bfa2a,2fc426b1-1d1b-4ace-8224-f98d3b20853b,0,Cherish Gumpert,5,0,2026-07-02T01:06:59+00:00,9.1.60.1970,,,I really love this app and its great songs its one of the best apps!,I really love this app and its great songs its one of the best apps!,b313c07620e5d25a5b5f0f2a02ea709a0b5c755c01433006069757d9ff2f2936,b313c07620e5d25a5b5f0f2a02ea709a0b5c755c01433006069757d9ff2f2936,"{""reviewId"": ""2fc426b1-1d1b-4ace-8224-f98d3b20853b"", ""userName"": ""Cherish Gumpert"", ""userImage"": ""https://play-lh.googleusercontent.com/a-/ALV-UjUwDbhRRsnRFEfvKCOp6G8CA9qigAGm8k2jHsf5WIwg8RTKKnc"", ""content"": ""I really love this app and its great songs its one of the best apps!"", ""score"": 5, ""thumbsUpCount"": 0, ""reviewCreatedVersion"": ""9.1.60.1970"", ""at"": ""2026-07-02 01:06:59"", ""replyContent"": null, ""repliedAt"": null, ""appVersion"": ""9.1.60.1970""}"
run5_day2_20260703_043957,3,Spotify,com.spotify.music,us,en,05aeb9304d0ed0cb7604d4d20b31c4d49cc52b4db1ffb0b37370d1516876a226,d83dacbd-49db-4d30-909b-de01b56cf0e6,0,Ernesto Espinoza,4,0,2026-07-02T01:02:27+00:00,9.1.60.1970,,,genial 😁,genial 😁,d22c132524e0a0f2df7225e257c032fdcff56f2d7369df4e28f8a4ba77e1d94f,d22c132524e0a0f2df7225e257c032fdcff56f2d7369df4e28f8a4ba77e1d94f,"{""reviewId"": ""d83dacbd-49db-4d30-909b-de01b56cf0e6"", ""userName"": ""Ernesto Espinoza"", ""userImage"": ""https://play-lh.googleusercontent.com/a-/ALV-UjVgr-mC3ongJ3jLoaJjNYMKPCoDr-up7rXCuHmaBPTdx3GSO8Em"", ""content"": ""genial 😁"", ""score"": 4, ""thumbsUpCount"": 0, ""reviewCreatedVersion"": ""9.1.60.1970"", ""at"": ""2026-07-02 01:02:27"", ""replyContent"": null, ""repliedAt"": null, ""appVersion"": ""9.1.60.1970""}"
run5_day2_20260703_043957,3,Spotify,com.spotify.music,us,en,5eaea801e2fb53427c0de19e325002e429f5c2b66102da70c7361c13f240eb9e,10e18028-02bc-47f0-86e4-be8bf0d082d7,0,Rob Elliott,4,0,2026-07-02T01:01:28+00:00,,,,Works great,Works great,aeeccbe41f90e57c13cebd44ab7e08608191b30f4e4d7a8fd1b608c384f4dde3,aeeccbe41f90e57c13cebd44ab7e08608191b30f4e4d7a8fd1b608c384f4dde3,"{""reviewId"": ""10e18028-02bc-47f0-86e4-be8bf0d082d7"", ""userName"": ""Rob Elliott"", ""userImage"": ""https://play-lh.googleusercontent.com/a-/ALV-UjWQtKhC2cApCd0gnP_OYM7p_mOe_IQiYSmp9cEJq-ESvgmJaP96Lg"", ""content"": ""Works great"", ""score"": 4, ""thumbsUpCount"": 0, ""reviewCreatedVersion"": null, ""at"": ""2026-07-02 01:01:28"", ""replyContent"": null, ""repliedAt"": null, ""appVersion"": null}"
run5_day2_20260703_043957,3,Spotify,com.spotify.music,us,en,ac41a8823c704b2eab01d584606a420d60f78733354e0f9a9f3e7d709a62b1a7,c87e872e-b1aa-4751-a0d4-5629e8f772e9,0,Cedric Abuiza,5,0,2026-07-02T00:57:56+00:00,9.1.60.1970,,,panalo,panalo,ef863efb9bb11dd89ee85828f448d4193e8b7a39f32565817b343b411853f187,ef863efb9bb11dd89ee85828f448d4193e8b7a39f32565817b343b411853f187,"{""reviewId"": ""c87e872e-b1aa-4751-a0d4-5629e8f772e9"", ""userName"": ""Cedric Abuiza"", ""userImage"": ""https://play-lh.googleusercontent.com/a/ACg8ocI0CIpLyXcPiJ3yBz-x8sp89gIoZo_5-VudMuN6KAsLPdQ08A=mo"", ""content"": ""panalo"", ""score"": 5, ""thumbsUpCount"": 0, ""reviewCreatedVersion"": ""9.1.60.1970"", ""at"": ""2026-07-02 00:57:56"", ""replyContent"": null, ""repliedAt"": null, ""appVersion"": ""9.1.60.1970""}"
